image_uid,file_name,facet,term_key,label,similarity_score,source,vocabulary_version
200af01154004118ae8397eb3fe5f15e,P7630236 (Large).jpg,site,base_a,"Base A, Port Lockroy",,directory_path,1.0
200af01154004118ae8397eb3fe5f15e,P7630236 (Large).jpg,scene_type,landscape,Landscape,0.281553,clip,1.0
200af01154004118ae8397eb3fe5f15e,P7630236 (Large).jpg,shot_type,wide,Wide view,0.264171,clip,1.0
200af01154004118ae8397eb3fe5f15e,P7630236 (Large).jpg,people,no_people,No people,,threshold_rule,1.0
5d9d6ca54cfb4308b7ca3ec6cd105dfb,P7630258 (Large).JPG,site,base_a,"Base A, Port Lockroy",,directory_path,1.0
5d9d6ca54cfb4308b7ca3ec6cd105dfb,P7630258 (Large).JPG,scene_type,interior,Interior,0.284672,clip,1.0
5d9d6ca54cfb4308b7ca3ec6cd105dfb,P7630258 (Large).JPG,shot_type,medium,Medium view,0.238746,clip,1.0
5d9d6ca54cfb4308b7ca3ec6cd105dfb,P7630258 (Large).JPG,people,no_people,No people,,threshold_rule,1.0
5d9d6ca54cfb4308b7ca3ec6cd105dfb,P7630258 (Large).JPG,room,kitchen,Kitchen,0.308938,clip,1.0
5d9d6ca54cfb4308b7ca3ec6cd105dfb,P7630258 (Large).JPG,condition,weathered_timber,Weathered timber,0.240171,clip,1.0
5d9d6ca54cfb4308b7ca3ec6cd105dfb,P7630258 (Large).JPG,condition,object_wear,Object wear,0.245154,clip,1.0
670ee9cd37b646358e8b1cd55fc22957,P7630259 (Large).JPG,site,base_a,"Base A, Port Lockroy",,directory_path,1.0
670ee9cd37b646358e8b1cd55fc22957,P7630259 (Large).JPG,scene_type,interior,Interior,0.27453,clip,1.0
670ee9cd37b646358e8b1cd55fc22957,P7630259 (Large).JPG,shot_type,medium,Medium view,0.25626,clip,1.0
670ee9cd37b646358e8b1cd55fc22957,P7630259 (Large).JPG,people,no_people,No people,,threshold_rule,1.0
670ee9cd37b646358e8b1cd55fc22957,P7630259 (Large).JPG,room,kitchen,Kitchen,0.316132,clip,1.0
670ee9cd37b646358e8b1cd55fc22957,P7630259 (Large).JPG,condition,object_wear,Object wear,0.252662,clip,1.0
bc173a734aaf4bfda01eb017594a2f6e,P7630260 (Large).JPG,site,base_a,"Base A, Port Lockroy",,directory_path,1.0
bc173a734aaf4bfda01eb017594a2f6e,P7630260 (Large).JPG,scene_type,interior,Interior,0.272645,clip,1.0
bc173a734aaf4bfda01eb017594a2f6e,P7630260 (Large).JPG,shot_type,medium,Medium view,0.248448,clip,1.0
bc173a734aaf4bfda01eb017594a2f6e,P7630260 (Large).JPG,people,no_people,No people,,threshold_rule,1.0
bc173a734aaf4bfda01eb017594a2f6e,P7630260 (Large).JPG,room,kitchen,Kitchen,0.35611,clip,1.0
bc173a734aaf4bfda01eb017594a2f6e,P7630260 (Large).JPG,condition,object_wear,Object wear,0.24074,clip,1.0
9937c64b77dc4232987c98f864d01132,P7630262 (Large).JPG,site,base_a,"Base A, Port Lockroy",,directory_path,1.0
9937c64b77dc4232987c98f864d01132,P7630262 (Large).JPG,scene_type,interior,Interior,0.272829,clip,1.0
9937c64b77dc4232987c98f864d01132,P7630262 (Large).JPG,shot_type,medium,Medium view,0.207532,clip,1.0
9937c64b77dc4232987c98f864d01132,P7630262 (Large).JPG,people,no_people,No people,,threshold_rule,1.0
9937c64b77dc4232987c98f864d01132,P7630262 (Large).JPG,room,living_room,Living room,0.289914,clip,1.0
4a364c61c595499283bd9b8123ffde34,P7630263 (Large).JPG,site,base_a,"Base A, Port Lockroy",,directory_path,1.0
4a364c61c595499283bd9b8123ffde34,P7630263 (Large).JPG,scene_type,interior,Interior,0.24631,clip,1.0
4a364c61c595499283bd9b8123ffde34,P7630263 (Large).JPG,shot_type,medium,Medium view,0.228303,clip,1.0
4a364c61c595499283bd9b8123ffde34,P7630263 (Large).JPG,people,no_people,No people,,threshold_rule,1.0
4a364c61c595499283bd9b8123ffde34,P7630263 (Large).JPG,room,radio_room,Radio room,0.30491,clip,1.0
4a364c61c595499283bd9b8123ffde34,P7630263 (Large).JPG,condition,object_wear,Object wear,0.248483,clip,1.0
3c02cda285564ef1823982848b393b9d,P7630264 (Large).JPG,site,base_a,"Base A, Port Lockroy",,directory_path,1.0
3c02cda285564ef1823982848b393b9d,P7630264 (Large).JPG,scene_type,interior,Interior,0.269915,clip,1.0
3c02cda285564ef1823982848b393b9d,P7630264 (Large).JPG,shot_type,medium,Medium view,0.21397,clip,1.0
3c02cda285564ef1823982848b393b9d,P7630264 (Large).JPG,people,no_people,No people,,threshold_rule,1.0
3c02cda285564ef1823982848b393b9d,P7630264 (Large).JPG,room,bunkroom,Bunkroom,0.285225,clip,1.0
c126d76ddd624a4b84f3d1924a85aba6,P7630265 (Large).JPG,site,base_a,"Base A, Port Lockroy",,directory_path,1.0
c126d76ddd624a4b84f3d1924a85aba6,P7630265 (Large).JPG,scene_type,object_study,Object study,0.238441,clip,1.0
c126d76ddd624a4b84f3d1924a85aba6,P7630265 (Large).JPG,shot_type,detail,Detail,0.260082,clip,1.0
c126d76ddd624a4b84f3d1924a85aba6,P7630265 (Large).JPG,people,no_people,No people,,threshold_rule,1.0
c126d76ddd624a4b84f3d1924a85aba6,P7630265 (Large).JPG,condition,weathered_timber,Weathered timber,0.250229,clip,1.0
c126d76ddd624a4b84f3d1924a85aba6,P7630265 (Large).JPG,condition,object_wear,Object wear,0.249692,clip,1.0
fb81dff770d24db5a73faaa93d5a0c8a,P7630266 (Large).JPG,site,base_a,"Base A, Port Lockroy",,directory_path,1.0
fb81dff770d24db5a73faaa93d5a0c8a,P7630266 (Large).JPG,scene_type,exterior,Exterior,0.255459,clip,1.0
fb81dff770d24db5a73faaa93d5a0c8a,P7630266 (Large).JPG,shot_type,wide,Wide view,0.236811,clip,1.0
fb81dff770d24db5a73faaa93d5a0c8a,P7630266 (Large).JPG,people,no_people,No people,,threshold_rule,1.0
fb81dff770d24db5a73faaa93d5a0c8a,P7630266 (Large).JPG,structure,main_hut,Main hut,0.282557,clip,1.0
fb81dff770d24db5a73faaa93d5a0c8a,P7630266 (Large).JPG,structure,outbuilding,Outbuilding,0.265468,clip,1.0
fb81dff770d24db5a73faaa93d5a0c8a,P7630266 (Large).JPG,condition,weathered_timber,Weathered timber,0.257469,clip,1.0
fb62451110a343288e8cdb2209dccc24,P7630267 (Large).JPG,site,base_a,"Base A, Port Lockroy",,directory_path,1.0
fb62451110a343288e8cdb2209dccc24,P7630267 (Large).JPG,scene_type,landscape,Landscape,0.266756,clip,1.0
fb62451110a343288e8cdb2209dccc24,P7630267 (Large).JPG,shot_type,wide,Wide view,0.23293,clip,1.0
fb62451110a343288e8cdb2209dccc24,P7630267 (Large).JPG,people,no_people,No people,,threshold_rule,1.0
fb62451110a343288e8cdb2209dccc24,P7630267 (Large).JPG,nature,snow,Snow,0.245589,clip,1.0
57e02a40a424473589ca195bb2ec3e93,P7630268 (Large).JPG,site,base_a,"Base A, Port Lockroy",,directory_path,1.0
57e02a40a424473589ca195bb2ec3e93,P7630268 (Large).JPG,scene_type,landscape,Landscape,0.233191,clip,1.0
57e02a40a424473589ca195bb2ec3e93,P7630268 (Large).JPG,shot_type,wide,Wide view,0.213262,clip,1.0
57e02a40a424473589ca195bb2ec3e93,P7630268 (Large).JPG,people,no_people,No people,,threshold_rule,1.0
fe34bb2db9ba4f3cadc2954b0c0c0755,P7630273 (Large).jpg,site,base_a,"Base A, Port Lockroy",,directory_path,1.0
fe34bb2db9ba4f3cadc2954b0c0c0755,P7630273 (Large).jpg,scene_type,landscape,Landscape,0.221482,clip,1.0
fe34bb2db9ba4f3cadc2954b0c0c0755,P7630273 (Large).jpg,shot_type,wide,Wide view,0.188619,clip,1.0
fe34bb2db9ba4f3cadc2954b0c0c0755,P7630273 (Large).jpg,people,no_people,No people,,threshold_rule,1.0
fe34bb2db9ba4f3cadc2954b0c0c0755,P7630273 (Large).jpg,nature,penguin,Penguin,0.294374,clip,1.0
fe34bb2db9ba4f3cadc2954b0c0c0755,P7630273 (Large).jpg,nature,seal,Seal,0.240773,clip,1.0
0c273363d58540809461bdf6135c5204,P7630276 (Large).JPG,site,base_a,"Base A, Port Lockroy",,directory_path,1.0
0c273363d58540809461bdf6135c5204,P7630276 (Large).JPG,scene_type,landscape,Landscape,0.258853,clip,1.0
0c273363d58540809461bdf6135c5204,P7630276 (Large).JPG,shot_type,wide,Wide view,0.234823,clip,1.0
0c273363d58540809461bdf6135c5204,P7630276 (Large).JPG,people,no_people,No people,,threshold_rule,1.0
0c273363d58540809461bdf6135c5204,P7630276 (Large).JPG,nature,overcast,Overcast or storm,0.248507,clip,1.0
9c6380a93cde4ad892d317a58c13140a,Port Lockroy 24th April 2020 JNH (1) (Large).jpg,site,base_a,"Base A, Port Lockroy",,directory_path,1.0
9c6380a93cde4ad892d317a58c13140a,Port Lockroy 24th April 2020 JNH (1) (Large).jpg,scene_type,landscape,Landscape,0.254365,clip,1.0
9c6380a93cde4ad892d317a58c13140a,Port Lockroy 24th April 2020 JNH (1) (Large).jpg,shot_type,wide,Wide view,0.209529,clip,1.0
9c6380a93cde4ad892d317a58c13140a,Port Lockroy 24th April 2020 JNH (1) (Large).jpg,people,no_people,No people,,threshold_rule,1.0
9c6380a93cde4ad892d317a58c13140a,Port Lockroy 24th April 2020 JNH (1) (Large).jpg,nature,penguin,Penguin,0.240599,clip,1.0
9c6380a93cde4ad892d317a58c13140a,Port Lockroy 24th April 2020 JNH (1) (Large).jpg,nature,dog,Dog,0.240791,clip,1.0
9c6380a93cde4ad892d317a58c13140a,Port Lockroy 24th April 2020 JNH (1) (Large).jpg,nature,snow,Snow,0.246916,clip,1.0
9c6380a93cde4ad892d317a58c13140a,Port Lockroy 24th April 2020 JNH (1) (Large).jpg,condition,structural_damage,Structural damage,0.251559,clip,1.0
dab76884b75d4230b9960928e4465bed,Port Lockroy 24th April 2020 JNH (10) (Large).jpg,site,base_a,"Base A, Port Lockroy",,directory_path,1.0
dab76884b75d4230b9960928e4465bed,Port Lockroy 24th April 2020 JNH (10) (Large).jpg,scene_type,interior,Interior,0.244571,clip,1.0
dab76884b75d4230b9960928e4465bed,Port Lockroy 24th April 2020 JNH (10) (Large).jpg,shot_type,medium,Medium view,0.221072,clip,1.0
dab76884b75d4230b9960928e4465bed,Port Lockroy 24th April 2020 JNH (10) (Large).jpg,people,no_people,No people,,threshold_rule,1.0
dab76884b75d4230b9960928e4465bed,Port Lockroy 24th April 2020 JNH (10) (Large).jpg,room,kitchen,Kitchen,0.31697,clip,1.0
dab76884b75d4230b9960928e4465bed,Port Lockroy 24th April 2020 JNH (10) (Large).jpg,condition,object_wear,Object wear,0.274795,clip,1.0
1a4b67bd332d4483805df0ee0b2e4d85,Port Lockroy 24th April 2020 JNH (11) (Large).jpg,site,base_a,"Base A, Port Lockroy",,directory_path,1.0
1a4b67bd332d4483805df0ee0b2e4d85,Port Lockroy 24th April 2020 JNH (11) (Large).jpg,scene_type,interior,Interior,0.245943,clip,1.0
1a4b67bd332d4483805df0ee0b2e4d85,Port Lockroy 24th April 2020 JNH (11) (Large).jpg,shot_type,medium,Medium view,0.267529,clip,1.0
1a4b67bd332d4483805df0ee0b2e4d85,Port Lockroy 24th April 2020 JNH (11) (Large).jpg,people,no_people,No people,,threshold_rule,1.0
1a4b67bd332d4483805df0ee0b2e4d85,Port Lockroy 24th April 2020 JNH (11) (Large).jpg,room,kitchen,Kitchen,0.323602,clip,1.0
1a4b67bd332d4483805df0ee0b2e4d85,Port Lockroy 24th April 2020 JNH (11) (Large).jpg,condition,object_wear,Object wear,0.24003,clip,1.0
6986f22fa1c04ab9a3d6db65fda27ace,Port Lockroy 24th April 2020 JNH (12) (Large).jpg,site,base_a,"Base A, Port Lockroy",,directory_path,1.0
6986f22fa1c04ab9a3d6db65fda27ace,Port Lockroy 24th April 2020 JNH (12) (Large).jpg,scene_type,interior,Interior,0.253699,clip,1.0
6986f22fa1c04ab9a3d6db65fda27ace,Port Lockroy 24th April 2020 JNH (12) (Large).jpg,shot_type,medium,Medium view,0.261062,clip,1.0
6986f22fa1c04ab9a3d6db65fda27ace,Port Lockroy 24th April 2020 JNH (12) (Large).jpg,people,no_people,No people,,threshold_rule,1.0
6986f22fa1c04ab9a3d6db65fda27ace,Port Lockroy 24th April 2020 JNH (12) (Large).jpg,room,kitchen,Kitchen,0.350182,clip,1.0
53405c54172846748fec3f6aeb6edeb4,Port Lockroy 24th April 2020 JNH (13) (Large).jpg,site,base_a,"Base A, Port Lockroy",,directory_path,1.0
53405c54172846748fec3f6aeb6edeb4,Port Lockroy 24th April 2020 JNH (13) (Large).jpg,scene_type,interior,Interior,0.235142,clip,1.0
53405c54172846748fec3f6aeb6edeb4,Port Lockroy 24th April 2020 JNH (13) (Large).jpg,shot_type,medium,Medium view,0.24547,clip,1.0
53405c54172846748fec3f6aeb6edeb4,Port Lockroy 24th April 2020 JNH (13) (Large).jpg,people,no_people,No people,,threshold_rule,1.0
53405c54172846748fec3f6aeb6edeb4,Port Lockroy 24th April 2020 JNH (13) (Large).jpg,room,kitchen,Kitchen,0.327426,clip,1.0
21b9b3a1b7294793a76cc65df735591c,Port Lockroy 24th April 2020 JNH (14) (Large).jpg,site,base_a,"Base A, Port Lockroy",,directory_path,1.0
21b9b3a1b7294793a76cc65df735591c,Port Lockroy 24th April 2020 JNH (14) (Large).jpg,scene_type,interior,Interior,0.236178,clip,1.0
21b9b3a1b7294793a76cc65df735591c,Port Lockroy 24th April 2020 JNH (14) (Large).jpg,shot_type,medium,Medium view,0.231897,clip,1.0
21b9b3a1b7294793a76cc65df735591c,Port Lockroy 24th April 2020 JNH (14) (Large).jpg,people,no_people,No people,,threshold_rule,1.0
21b9b3a1b7294793a76cc65df735591c,Port Lockroy 24th April 2020 JNH (14) (Large).jpg,room,workshop,Workshop,0.255911,clip,1.0
21b9b3a1b7294793a76cc65df735591c,Port Lockroy 24th April 2020 JNH (14) (Large).jpg,condition,weathered_timber,Weathered timber,0.241552,clip,1.0
21b9b3a1b7294793a76cc65df735591c,Port Lockroy 24th April 2020 JNH (14) (Large).jpg,condition,object_wear,Object wear,0.275759,clip,1.0
619fe62e2ed5423e95ac36afd4bb7e2e,Port Lockroy 24th April 2020 JNH (16) (Large).jpg,site,base_a,"Base A, Port Lockroy",,directory_path,1.0
619fe62e2ed5423e95ac36afd4bb7e2e,Port Lockroy 24th April 2020 JNH (16) (Large).jpg,scene_type,interior,Interior,0.237716,clip,1.0
619fe62e2ed5423e95ac36afd4bb7e2e,Port Lockroy 24th April 2020 JNH (16) (Large).jpg,shot_type,medium,Medium view,0.234413,clip,1.0
619fe62e2ed5423e95ac36afd4bb7e2e,Port Lockroy 24th April 2020 JNH (16) (Large).jpg,people,no_people,No people,,threshold_rule,1.0
619fe62e2ed5423e95ac36afd4bb7e2e,Port Lockroy 24th April 2020 JNH (16) (Large).jpg,room,kitchen,Kitchen,0.329481,clip,1.0
e7f65c6c252545ea8cef06064ce2fdb2,Port Lockroy 24th April 2020 JNH (17) (Large).jpg,site,base_a,"Base A, Port Lockroy",,directory_path,1.0
e7f65c6c252545ea8cef06064ce2fdb2,Port Lockroy 24th April 2020 JNH (17) (Large).jpg,scene_type,interior,Interior,0.225135,clip,1.0
e7f65c6c252545ea8cef06064ce2fdb2,Port Lockroy 24th April 2020 JNH (17) (Large).jpg,shot_type,medium,Medium view,0.237403,clip,1.0
e7f65c6c252545ea8cef06064ce2fdb2,Port Lockroy 24th April 2020 JNH (17) (Large).jpg,people,no_people,No people,,threshold_rule,1.0
e7f65c6c252545ea8cef06064ce2fdb2,Port Lockroy 24th April 2020 JNH (17) (Large).jpg,room,storage,Storage,0.272482,clip,1.0
09d4c922817b4b5cb00ea8831b3f36cf,Port Lockroy 24th April 2020 JNH (18) (Large).jpg,site,base_a,"Base A, Port Lockroy",,directory_path,1.0
09d4c922817b4b5cb00ea8831b3f36cf,Port Lockroy 24th April 2020 JNH (18) (Large).jpg,scene_type,interior,Interior,0.234474,clip,1.0
09d4c922817b4b5cb00ea8831b3f36cf,Port Lockroy 24th April 2020 JNH (18) (Large).jpg,shot_type,medium,Medium view,0.243138,clip,1.0
09d4c922817b4b5cb00ea8831b3f36cf,Port Lockroy 24th April 2020 JNH (18) (Large).jpg,people,no_people,No people,,threshold_rule,1.0
09d4c922817b4b5cb00ea8831b3f36cf,Port Lockroy 24th April 2020 JNH (18) (Large).jpg,room,kitchen,Kitchen,0.273824,clip,1.0
eea67b611f824e82bdc8e52f498a10f1,Port Lockroy 24th April 2020 JNH (19) (Large).jpg,site,base_a,"Base A, Port Lockroy",,directory_path,1.0
eea67b611f824e82bdc8e52f498a10f1,Port Lockroy 24th April 2020 JNH (19) (Large).jpg,scene_type,interior,Interior,0.259129,clip,1.0
eea67b611f824e82bdc8e52f498a10f1,Port Lockroy 24th April 2020 JNH (19) (Large).jpg,shot_type,medium,Medium view,0.243465,clip,1.0
eea67b611f824e82bdc8e52f498a10f1,Port Lockroy 24th April 2020 JNH (19) (Large).jpg,people,no_people,No people,,threshold_rule,1.0
eea67b611f824e82bdc8e52f498a10f1,Port Lockroy 24th April 2020 JNH (19) (Large).jpg,room,kitchen,Kitchen,0.309419,clip,1.0
62b88133cd2647e59213f3238f35b76e,Port Lockroy 24th April 2020 JNH (2) (Large).jpg,site,base_a,"Base A, Port Lockroy",,directory_path,1.0
62b88133cd2647e59213f3238f35b76e,Port Lockroy 24th April 2020 JNH (2) (Large).jpg,scene_type,landscape,Landscape,0.248568,clip,1.0
62b88133cd2647e59213f3238f35b76e,Port Lockroy 24th April 2020 JNH (2) (Large).jpg,shot_type,wide,Wide view,0.201572,clip,1.0
62b88133cd2647e59213f3238f35b76e,Port Lockroy 24th April 2020 JNH (2) (Large).jpg,people,no_people,No people,,threshold_rule,1.0
62b88133cd2647e59213f3238f35b76e,Port Lockroy 24th April 2020 JNH (2) (Large).jpg,nature,penguin,Penguin,0.241217,clip,1.0
62b88133cd2647e59213f3238f35b76e,Port Lockroy 24th April 2020 JNH (2) (Large).jpg,nature,dog,Dog,0.243861,clip,1.0
62b88133cd2647e59213f3238f35b76e,Port Lockroy 24th April 2020 JNH (2) (Large).jpg,nature,seal,Seal,0.259179,clip,1.0
62b88133cd2647e59213f3238f35b76e,Port Lockroy 24th April 2020 JNH (2) (Large).jpg,nature,snow,Snow,0.241861,clip,1.0
62b88133cd2647e59213f3238f35b76e,Port Lockroy 24th April 2020 JNH (2) (Large).jpg,nature,sea_ice,Sea ice,0.241068,clip,1.0
62b88133cd2647e59213f3238f35b76e,Port Lockroy 24th April 2020 JNH (2) (Large).jpg,nature,glacier,Glacier or ice cliff,0.250486,clip,1.0
24109e2aa1294d86bdcfbd71e463b00d,Port Lockroy 24th April 2020 JNH (20) (Large).jpg,site,base_a,"Base A, Port Lockroy",,directory_path,1.0
24109e2aa1294d86bdcfbd71e463b00d,Port Lockroy 24th April 2020 JNH (20) (Large).jpg,scene_type,interior,Interior,0.244021,clip,1.0
24109e2aa1294d86bdcfbd71e463b00d,Port Lockroy 24th April 2020 JNH (20) (Large).jpg,shot_type,medium,Medium view,0.231195,clip,1.0
24109e2aa1294d86bdcfbd71e463b00d,Port Lockroy 24th April 2020 JNH (20) (Large).jpg,people,no_people,No people,,threshold_rule,1.0
24109e2aa1294d86bdcfbd71e463b00d,Port Lockroy 24th April 2020 JNH (20) (Large).jpg,room,kitchen,Kitchen,0.298682,clip,1.0
c75b3142e8c7402ca175ae51766d9219,Port Lockroy 24th April 2020 JNH (21) (Large).jpg,site,base_a,"Base A, Port Lockroy",,directory_path,1.0
c75b3142e8c7402ca175ae51766d9219,Port Lockroy 24th April 2020 JNH (21) (Large).jpg,scene_type,interior,Interior,0.24953,clip,1.0
c75b3142e8c7402ca175ae51766d9219,Port Lockroy 24th April 2020 JNH (21) (Large).jpg,shot_type,medium,Medium view,0.259273,clip,1.0
c75b3142e8c7402ca175ae51766d9219,Port Lockroy 24th April 2020 JNH (21) (Large).jpg,people,no_people,No people,,threshold_rule,1.0
c75b3142e8c7402ca175ae51766d9219,Port Lockroy 24th April 2020 JNH (21) (Large).jpg,room,kitchen,Kitchen,0.287025,clip,1.0
c75b3142e8c7402ca175ae51766d9219,Port Lockroy 24th April 2020 JNH (21) (Large).jpg,condition,object_wear,Object wear,0.24811,clip,1.0
b506c7d0d59043399268f93ff1b06ba5,Port Lockroy 24th April 2020 JNH (22) (Large).jpg,site,base_a,"Base A, Port Lockroy",,directory_path,1.0
b506c7d0d59043399268f93ff1b06ba5,Port Lockroy 24th April 2020 JNH (22) (Large).jpg,scene_type,interior,Interior,0.272085,clip,1.0
b506c7d0d59043399268f93ff1b06ba5,Port Lockroy 24th April 2020 JNH (22) (Large).jpg,shot_type,medium,Medium view,0.219403,clip,1.0
b506c7d0d59043399268f93ff1b06ba5,Port Lockroy 24th April 2020 JNH (22) (Large).jpg,people,no_people,No people,,threshold_rule,1.0
b506c7d0d59043399268f93ff1b06ba5,Port Lockroy 24th April 2020 JNH (22) (Large).jpg,room,radio_room,Radio room,0.326744,clip,1.0
b506c7d0d59043399268f93ff1b06ba5,Port Lockroy 24th April 2020 JNH (22) (Large).jpg,condition,object_wear,Object wear,0.25347,clip,1.0
9dc363e511da4f7bbf43c20b53e77811,Port Lockroy 24th April 2020 JNH (23) (Large).jpg,site,base_a,"Base A, Port Lockroy",,directory_path,1.0
9dc363e511da4f7bbf43c20b53e77811,Port Lockroy 24th April 2020 JNH (23) (Large).jpg,scene_type,interior,Interior,0.256164,clip,1.0
9dc363e511da4f7bbf43c20b53e77811,Port Lockroy 24th April 2020 JNH (23) (Large).jpg,shot_type,medium,Medium view,0.242781,clip,1.0
9dc363e511da4f7bbf43c20b53e77811,Port Lockroy 24th April 2020 JNH (23) (Large).jpg,people,no_people,No people,,threshold_rule,1.0
9dc363e511da4f7bbf43c20b53e77811,Port Lockroy 24th April 2020 JNH (23) (Large).jpg,room,radio_room,Radio room,0.286745,clip,1.0
9dc363e511da4f7bbf43c20b53e77811,Port Lockroy 24th April 2020 JNH (23) (Large).jpg,condition,object_wear,Object wear,0.255043,clip,1.0
bf47e0b0fb6c4e3588ea61dc1e8803b8,Port Lockroy 24th April 2020 JNH (24) (Large).jpg,site,base_a,"Base A, Port Lockroy",,directory_path,1.0
bf47e0b0fb6c4e3588ea61dc1e8803b8,Port Lockroy 24th April 2020 JNH (24) (Large).jpg,scene_type,interior,Interior,0.266008,clip,1.0
bf47e0b0fb6c4e3588ea61dc1e8803b8,Port Lockroy 24th April 2020 JNH (24) (Large).jpg,shot_type,medium,Medium view,0.212778,clip,1.0
bf47e0b0fb6c4e3588ea61dc1e8803b8,Port Lockroy 24th April 2020 JNH (24) (Large).jpg,people,no_people,No people,,threshold_rule,1.0
bf47e0b0fb6c4e3588ea61dc1e8803b8,Port Lockroy 24th April 2020 JNH (24) (Large).jpg,room,bunkroom,Bunkroom,0.284857,clip,1.0
205d65e906924e6fa9c4e7fc283c6cb5,Port Lockroy 24th April 2020 JNH (25) (Large).jpg,site,base_a,"Base A, Port Lockroy",,directory_path,1.0
205d65e906924e6fa9c4e7fc283c6cb5,Port Lockroy 24th April 2020 JNH (25) (Large).jpg,scene_type,interior,Interior,0.273689,clip,1.0
205d65e906924e6fa9c4e7fc283c6cb5,Port Lockroy 24th April 2020 JNH (25) (Large).jpg,shot_type,medium,Medium view,0.222486,clip,1.0
205d65e906924e6fa9c4e7fc283c6cb5,Port Lockroy 24th April 2020 JNH (25) (Large).jpg,people,no_people,No people,,threshold_rule,1.0
205d65e906924e6fa9c4e7fc283c6cb5,Port Lockroy 24th April 2020 JNH (25) (Large).jpg,room,museum_display,Museum display,0.282952,clip,1.0
322fedeada3f4776a6371852946cbd55,Port Lockroy 24th April 2020 JNH (26) (Large).jpg,site,base_a,"Base A, Port Lockroy",,directory_path,1.0
322fedeada3f4776a6371852946cbd55,Port Lockroy 24th April 2020 JNH (26) (Large).jpg,scene_type,interior,Interior,0.29987,clip,1.0
322fedeada3f4776a6371852946cbd55,Port Lockroy 24th April 2020 JNH (26) (Large).jpg,shot_type,medium,Medium view,0.218796,clip,1.0
322fedeada3f4776a6371852946cbd55,Port Lockroy 24th April 2020 JNH (26) (Large).jpg,people,no_people,No people,,threshold_rule,1.0
322fedeada3f4776a6371852946cbd55,Port Lockroy 24th April 2020 JNH (26) (Large).jpg,room,bunkroom,Bunkroom,0.294933,clip,1.0
b757e68e5cbc499594a29f2011cb3a0b,Port Lockroy 24th April 2020 JNH (27) (Large).jpg,site,base_a,"Base A, Port Lockroy",,directory_path,1.0
b757e68e5cbc499594a29f2011cb3a0b,Port Lockroy 24th April 2020 JNH (27) (Large).jpg,scene_type,interior,Interior,0.28537,clip,1.0
b757e68e5cbc499594a29f2011cb3a0b,Port Lockroy 24th April 2020 JNH (27) (Large).jpg,shot_type,medium,Medium view,0.247618,clip,1.0
b757e68e5cbc499594a29f2011cb3a0b,Port Lockroy 24th April 2020 JNH (27) (Large).jpg,people,partial_person,Part of a person,0.240234,clip,1.0
b757e68e5cbc499594a29f2011cb3a0b,Port Lockroy 24th April 2020 JNH (27) (Large).jpg,room,museum_display,Museum display,0.319444,clip,1.0
b757e68e5cbc499594a29f2011cb3a0b,Port Lockroy 24th April 2020 JNH (27) (Large).jpg,activity,sleeping,Sleeping,0.268608,clip,1.0
b757e68e5cbc499594a29f2011cb3a0b,Port Lockroy 24th April 2020 JNH (27) (Large).jpg,activity,reading_writing,Reading or writing,0.257041,clip,1.0
b757e68e5cbc499594a29f2011cb3a0b,Port Lockroy 24th April 2020 JNH (27) (Large).jpg,condition,structural_damage,Structural damage,0.244828,clip,1.0
b757e68e5cbc499594a29f2011cb3a0b,Port Lockroy 24th April 2020 JNH (27) (Large).jpg,condition,object_wear,Object wear,0.255048,clip,1.0
e8a4c080efc8422a8147bbf433bd554c,Port Lockroy 24th April 2020 JNH (28) (Large).jpg,site,base_a,"Base A, Port Lockroy",,directory_path,1.0
e8a4c080efc8422a8147bbf433bd554c,Port Lockroy 24th April 2020 JNH (28) (Large).jpg,scene_type,interior,Interior,0.251334,clip,1.0
e8a4c080efc8422a8147bbf433bd554c,Port Lockroy 24th April 2020 JNH (28) (Large).jpg,shot_type,detail,Detail,0.235275,clip,1.0
e8a4c080efc8422a8147bbf433bd554c,Port Lockroy 24th April 2020 JNH (28) (Large).jpg,people,partial_person,Part of a person,0.243573,clip,1.0
e8a4c080efc8422a8147bbf433bd554c,Port Lockroy 24th April 2020 JNH (28) (Large).jpg,room,radio_room,Radio room,0.247464,clip,1.0
e8a4c080efc8422a8147bbf433bd554c,Port Lockroy 24th April 2020 JNH (28) (Large).jpg,activity,sleeping,Sleeping,0.262336,clip,1.0
e8a4c080efc8422a8147bbf433bd554c,Port Lockroy 24th April 2020 JNH (28) (Large).jpg,condition,object_wear,Object wear,0.244355,clip,1.0
2c01621f943e4ffc9cd3878872b28ef0,Port Lockroy 24th April 2020 JNH (29) (Large).jpg,site,base_a,"Base A, Port Lockroy",,directory_path,1.0
2c01621f943e4ffc9cd3878872b28ef0,Port Lockroy 24th April 2020 JNH (29) (Large).jpg,scene_type,interior,Interior,0.267289,clip,1.0
2c01621f943e4ffc9cd3878872b28ef0,Port Lockroy 24th April 2020 JNH (29) (Large).jpg,shot_type,detail,Detail,0.233526,clip,1.0
2c01621f943e4ffc9cd3878872b28ef0,Port Lockroy 24th April 2020 JNH (29) (Large).jpg,people,no_people,No people,,threshold_rule,1.0
2c01621f943e4ffc9cd3878872b28ef0,Port Lockroy 24th April 2020 JNH (29) (Large).jpg,room,museum_display,Museum display,0.254488,clip,1.0
2c01621f943e4ffc9cd3878872b28ef0,Port Lockroy 24th April 2020 JNH (29) (Large).jpg,condition,object_wear,Object wear,0.240616,clip,1.0
48c8e65a85c041f48db9a9260f8f7fd1,Port Lockroy 24th April 2020 JNH (3) (Large).jpg,site,base_a,"Base A, Port Lockroy",,directory_path,1.0
48c8e65a85c041f48db9a9260f8f7fd1,Port Lockroy 24th April 2020 JNH (3) (Large).jpg,scene_type,landscape,Landscape,0.229633,clip,1.0
48c8e65a85c041f48db9a9260f8f7fd1,Port Lockroy 24th April 2020 JNH (3) (Large).jpg,shot_type,detail,Detail,0.236843,clip,1.0
48c8e65a85c041f48db9a9260f8f7fd1,Port Lockroy 24th April 2020 JNH (3) (Large).jpg,people,no_people,No people,,threshold_rule,1.0
48c8e65a85c041f48db9a9260f8f7fd1,Port Lockroy 24th April 2020 JNH (3) (Large).jpg,nature,penguin,Penguin,0.334956,clip,1.0
48c8e65a85c041f48db9a9260f8f7fd1,Port Lockroy 24th April 2020 JNH (3) (Large).jpg,nature,seal,Seal,0.255464,clip,1.0
48c8e65a85c041f48db9a9260f8f7fd1,Port Lockroy 24th April 2020 JNH (3) (Large).jpg,nature,sea_ice,Sea ice,0.244118,clip,1.0
48c8e65a85c041f48db9a9260f8f7fd1,Port Lockroy 24th April 2020 JNH (3) (Large).jpg,nature,glacier,Glacier or ice cliff,0.260848,clip,1.0
e62bf61e69224413997efe395a3f8ca3,Port Lockroy 24th April 2020 JNH (30) (Large).jpg,site,base_a,"Base A, Port Lockroy",,directory_path,1.0
e62bf61e69224413997efe395a3f8ca3,Port Lockroy 24th April 2020 JNH (30) (Large).jpg,scene_type,interior,Interior,0.243683,clip,1.0
e62bf61e69224413997efe395a3f8ca3,Port Lockroy 24th April 2020 JNH (30) (Large).jpg,shot_type,medium,Medium view,0.216866,clip,1.0
e62bf61e69224413997efe395a3f8ca3,Port Lockroy 24th April 2020 JNH (30) (Large).jpg,people,partial_person,Part of a person,0.241024,clip,1.0
e62bf61e69224413997efe395a3f8ca3,Port Lockroy 24th April 2020 JNH (30) (Large).jpg,room,radio_room,Radio room,0.243582,clip,1.0
e62bf61e69224413997efe395a3f8ca3,Port Lockroy 24th April 2020 JNH (30) (Large).jpg,activity,sleeping,Sleeping,0.262818,clip,1.0
e62bf61e69224413997efe395a3f8ca3,Port Lockroy 24th April 2020 JNH (30) (Large).jpg,condition,object_wear,Object wear,0.264929,clip,1.0
38eebcb1b63349dd93b7976f7587d1f7,Port Lockroy 24th April 2020 JNH (31) (Large).jpg,site,base_a,"Base A, Port Lockroy",,directory_path,1.0
38eebcb1b63349dd93b7976f7587d1f7,Port Lockroy 24th April 2020 JNH (31) (Large).jpg,scene_type,interior,Interior,0.230847,clip,1.0
38eebcb1b63349dd93b7976f7587d1f7,Port Lockroy 24th April 2020 JNH (31) (Large).jpg,shot_type,medium,Medium view,0.229118,clip,1.0
38eebcb1b63349dd93b7976f7587d1f7,Port Lockroy 24th April 2020 JNH (31) (Large).jpg,people,no_people,No people,,threshold_rule,1.0
38eebcb1b63349dd93b7976f7587d1f7,Port Lockroy 24th April 2020 JNH (31) (Large).jpg,room,museum_display,Museum display,0.294151,clip,1.0
38eebcb1b63349dd93b7976f7587d1f7,Port Lockroy 24th April 2020 JNH (31) (Large).jpg,condition,rust,Rust or corrosion,0.242004,clip,1.0
38eebcb1b63349dd93b7976f7587d1f7,Port Lockroy 24th April 2020 JNH (31) (Large).jpg,condition,object_wear,Object wear,0.250315,clip,1.0
bc7bdf1f70704816ab5e4adcd8e8351e,Port Lockroy 24th April 2020 JNH (32) (Large).jpg,site,base_a,"Base A, Port Lockroy",,directory_path,1.0
bc7bdf1f70704816ab5e4adcd8e8351e,Port Lockroy 24th April 2020 JNH (32) (Large).jpg,scene_type,interior,Interior,0.194413,clip,1.0
bc7bdf1f70704816ab5e4adcd8e8351e,Port Lockroy 24th April 2020 JNH (32) (Large).jpg,shot_type,detail,Detail,0.221277,clip,1.0
bc7bdf1f70704816ab5e4adcd8e8351e,Port Lockroy 24th April 2020 JNH (32) (Large).jpg,people,no_people,No people,,threshold_rule,1.0
bc7bdf1f70704816ab5e4adcd8e8351e,Port Lockroy 24th April 2020 JNH (32) (Large).jpg,room,museum_display,Museum display,0.282457,clip,1.0
efa7d2c553b643978ebfbdb1d04e4b06,Port Lockroy 24th April 2020 JNH (33) (Large).jpg,site,base_a,"Base A, Port Lockroy",,directory_path,1.0
efa7d2c553b643978ebfbdb1d04e4b06,Port Lockroy 24th April 2020 JNH (33) (Large).jpg,scene_type,interior,Interior,0.204901,clip,1.0
efa7d2c553b643978ebfbdb1d04e4b06,Port Lockroy 24th April 2020 JNH (33) (Large).jpg,shot_type,detail,Detail,0.219774,clip,1.0
efa7d2c553b643978ebfbdb1d04e4b06,Port Lockroy 24th April 2020 JNH (33) (Large).jpg,people,no_people,No people,,threshold_rule,1.0
efa7d2c553b643978ebfbdb1d04e4b06,Port Lockroy 24th April 2020 JNH (33) (Large).jpg,room,museum_display,Museum display,0.246778,clip,1.0
881eb4ef30ea4e91865e9ee079f8d3e8,Port Lockroy 24th April 2020 JNH (34) (Large).jpg,site,base_a,"Base A, Port Lockroy",,directory_path,1.0
881eb4ef30ea4e91865e9ee079f8d3e8,Port Lockroy 24th April 2020 JNH (34) (Large).jpg,scene_type,interior,Interior,0.231496,clip,1.0
881eb4ef30ea4e91865e9ee079f8d3e8,Port Lockroy 24th April 2020 JNH (34) (Large).jpg,shot_type,medium,Medium view,0.209603,clip,1.0
881eb4ef30ea4e91865e9ee079f8d3e8,Port Lockroy 24th April 2020 JNH (34) (Large).jpg,people,no_people,No people,,threshold_rule,1.0
881eb4ef30ea4e91865e9ee079f8d3e8,Port Lockroy 24th April 2020 JNH (34) (Large).jpg,room,museum_display,Museum display,0.252016,clip,1.0
1f4dd4388778447fa6f3ac2d843e1516,Port Lockroy 24th April 2020 JNH (36) (Large).jpg,site,base_a,"Base A, Port Lockroy",,directory_path,1.0
1f4dd4388778447fa6f3ac2d843e1516,Port Lockroy 24th April 2020 JNH (36) (Large).jpg,scene_type,interior,Interior,0.252498,clip,1.0
1f4dd4388778447fa6f3ac2d843e1516,Port Lockroy 24th April 2020 JNH (36) (Large).jpg,shot_type,medium,Medium view,0.25064,clip,1.0
1f4dd4388778447fa6f3ac2d843e1516,Port Lockroy 24th April 2020 JNH (36) (Large).jpg,people,no_people,No people,,threshold_rule,1.0
1f4dd4388778447fa6f3ac2d843e1516,Port Lockroy 24th April 2020 JNH (36) (Large).jpg,room,radio_room,Radio room,0.296337,clip,1.0
94890ba5ca9d41d3b0c353d0fe4b31cf,Port Lockroy 24th April 2020 JNH (37) (Large).jpg,site,base_a,"Base A, Port Lockroy",,directory_path,1.0
94890ba5ca9d41d3b0c353d0fe4b31cf,Port Lockroy 24th April 2020 JNH (37) (Large).jpg,scene_type,interior,Interior,0.221363,clip,1.0
94890ba5ca9d41d3b0c353d0fe4b31cf,Port Lockroy 24th April 2020 JNH (37) (Large).jpg,shot_type,medium,Medium view,0.236908,clip,1.0
94890ba5ca9d41d3b0c353d0fe4b31cf,Port Lockroy 24th April 2020 JNH (37) (Large).jpg,people,no_people,No people,,threshold_rule,1.0
94890ba5ca9d41d3b0c353d0fe4b31cf,Port Lockroy 24th April 2020 JNH (37) (Large).jpg,room,radio_room,Radio room,0.30119,clip,1.0
94890ba5ca9d41d3b0c353d0fe4b31cf,Port Lockroy 24th April 2020 JNH (37) (Large).jpg,condition,object_wear,Object wear,0.266848,clip,1.0
dde38f0ae5c949fe995c64d63b3437a1,Port Lockroy 24th April 2020 JNH (39) (Large).jpg,site,base_a,"Base A, Port Lockroy",,directory_path,1.0
dde38f0ae5c949fe995c64d63b3437a1,Port Lockroy 24th April 2020 JNH (39) (Large).jpg,scene_type,interior,Interior,0.250282,clip,1.0
dde38f0ae5c949fe995c64d63b3437a1,Port Lockroy 24th April 2020 JNH (39) (Large).jpg,shot_type,detail,Detail,0.20619,clip,1.0
dde38f0ae5c949fe995c64d63b3437a1,Port Lockroy 24th April 2020 JNH (39) (Large).jpg,people,no_people,No people,,threshold_rule,1.0
dde38f0ae5c949fe995c64d63b3437a1,Port Lockroy 24th April 2020 JNH (39) (Large).jpg,room,museum_display,Museum display,0.265256,clip,1.0
dde38f0ae5c949fe995c64d63b3437a1,Port Lockroy 24th April 2020 JNH (39) (Large).jpg,condition,object_wear,Object wear,0.266859,clip,1.0
b0eb77e43cdb4ccc96dd9c136f47e1b8,Port Lockroy 24th April 2020 JNH (4) (Large).jpg,site,base_a,"Base A, Port Lockroy",,directory_path,1.0
b0eb77e43cdb4ccc96dd9c136f47e1b8,Port Lockroy 24th April 2020 JNH (4) (Large).jpg,scene_type,landscape,Landscape,0.268105,clip,1.0
b0eb77e43cdb4ccc96dd9c136f47e1b8,Port Lockroy 24th April 2020 JNH (4) (Large).jpg,shot_type,wide,Wide view,0.259434,clip,1.0
b0eb77e43cdb4ccc96dd9c136f47e1b8,Port Lockroy 24th April 2020 JNH (4) (Large).jpg,people,no_people,No people,,threshold_rule,1.0
b2115b82ec784180889a256fe0e655db,Port Lockroy 24th April 2020 JNH (40) (Large).jpg,site,base_a,"Base A, Port Lockroy",,directory_path,1.0
b2115b82ec784180889a256fe0e655db,Port Lockroy 24th April 2020 JNH (40) (Large).jpg,scene_type,interior,Interior,0.263378,clip,1.0
b2115b82ec784180889a256fe0e655db,Port Lockroy 24th April 2020 JNH (40) (Large).jpg,shot_type,medium,Medium view,0.274692,clip,1.0
b2115b82ec784180889a256fe0e655db,Port Lockroy 24th April 2020 JNH (40) (Large).jpg,people,no_people,No people,,threshold_rule,1.0
b2115b82ec784180889a256fe0e655db,Port Lockroy 24th April 2020 JNH (40) (Large).jpg,room,radio_room,Radio room,0.305663,clip,1.0
80b5fdcfd2c044a2a12c91485107c6e1,Port Lockroy 24th April 2020 JNH (41) (Large).jpg,site,base_a,"Base A, Port Lockroy",,directory_path,1.0
80b5fdcfd2c044a2a12c91485107c6e1,Port Lockroy 24th April 2020 JNH (41) (Large).jpg,scene_type,interior,Interior,0.249884,clip,1.0
80b5fdcfd2c044a2a12c91485107c6e1,Port Lockroy 24th April 2020 JNH (41) (Large).jpg,shot_type,medium,Medium view,0.260393,clip,1.0
80b5fdcfd2c044a2a12c91485107c6e1,Port Lockroy 24th April 2020 JNH (41) (Large).jpg,people,no_people,No people,,threshold_rule,1.0
80b5fdcfd2c044a2a12c91485107c6e1,Port Lockroy 24th April 2020 JNH (41) (Large).jpg,room,kitchen,Kitchen,0.298861,clip,1.0
80b5fdcfd2c044a2a12c91485107c6e1,Port Lockroy 24th April 2020 JNH (41) (Large).jpg,condition,object_wear,Object wear,0.244233,clip,1.0
b55e292179bf4ff0ad3b1cc9021ca729,Port Lockroy 24th April 2020 JNH (42) (Large).jpg,site,base_a,"Base A, Port Lockroy",,directory_path,1.0
b55e292179bf4ff0ad3b1cc9021ca729,Port Lockroy 24th April 2020 JNH (42) (Large).jpg,scene_type,interior,Interior,0.244365,clip,1.0
b55e292179bf4ff0ad3b1cc9021ca729,Port Lockroy 24th April 2020 JNH (42) (Large).jpg,shot_type,medium,Medium view,0.249534,clip,1.0
b55e292179bf4ff0ad3b1cc9021ca729,Port Lockroy 24th April 2020 JNH (42) (Large).jpg,people,no_people,No people,,threshold_rule,1.0
b55e292179bf4ff0ad3b1cc9021ca729,Port Lockroy 24th April 2020 JNH (42) (Large).jpg,room,radio_room,Radio room,0.256197,clip,1.0
b55e292179bf4ff0ad3b1cc9021ca729,Port Lockroy 24th April 2020 JNH (42) (Large).jpg,condition,object_wear,Object wear,0.263826,clip,1.0
f4736b6aa30e4b4e81c6137186d4596e,Port Lockroy 24th April 2020 JNH (43) (Large).jpg,site,base_a,"Base A, Port Lockroy",,directory_path,1.0
f4736b6aa30e4b4e81c6137186d4596e,Port Lockroy 24th April 2020 JNH (43) (Large).jpg,scene_type,object_study,Object study,0.228268,clip,1.0
f4736b6aa30e4b4e81c6137186d4596e,Port Lockroy 24th April 2020 JNH (43) (Large).jpg,shot_type,detail,Detail,0.228888,clip,1.0
f4736b6aa30e4b4e81c6137186d4596e,Port Lockroy 24th April 2020 JNH (43) (Large).jpg,people,no_people,No people,,threshold_rule,1.0
f4736b6aa30e4b4e81c6137186d4596e,Port Lockroy 24th April 2020 JNH (43) (Large).jpg,condition,rust,Rust or corrosion,0.252096,clip,1.0
f4736b6aa30e4b4e81c6137186d4596e,Port Lockroy 24th April 2020 JNH (43) (Large).jpg,condition,object_wear,Object wear,0.287818,clip,1.0
3a5acbaeb0264619a6cffa1bce0b2d37,Port Lockroy 24th April 2020 JNH (44) (Large).jpg,site,base_a,"Base A, Port Lockroy",,directory_path,1.0
3a5acbaeb0264619a6cffa1bce0b2d37,Port Lockroy 24th April 2020 JNH (44) (Large).jpg,scene_type,interior,Interior,0.296477,clip,1.0
3a5acbaeb0264619a6cffa1bce0b2d37,Port Lockroy 24th April 2020 JNH (44) (Large).jpg,shot_type,medium,Medium view,0.267186,clip,1.0
3a5acbaeb0264619a6cffa1bce0b2d37,Port Lockroy 24th April 2020 JNH (44) (Large).jpg,people,no_people,No people,,threshold_rule,1.0
3a5acbaeb0264619a6cffa1bce0b2d37,Port Lockroy 24th April 2020 JNH (44) (Large).jpg,room,radio_room,Radio room,0.295176,clip,1.0
3a5acbaeb0264619a6cffa1bce0b2d37,Port Lockroy 24th April 2020 JNH (44) (Large).jpg,condition,object_wear,Object wear,0.257464,clip,1.0
3d18012b723142568224118ef2e0625b,Port Lockroy 24th April 2020 JNH (47) (Large).jpg,site,base_a,"Base A, Port Lockroy",,directory_path,1.0
3d18012b723142568224118ef2e0625b,Port Lockroy 24th April 2020 JNH (47) (Large).jpg,scene_type,interior,Interior,0.225668,clip,1.0
3d18012b723142568224118ef2e0625b,Port Lockroy 24th April 2020 JNH (47) (Large).jpg,shot_type,medium,Medium view,0.221064,clip,1.0
3d18012b723142568224118ef2e0625b,Port Lockroy 24th April 2020 JNH (47) (Large).jpg,people,no_people,No people,,threshold_rule,1.0
3d18012b723142568224118ef2e0625b,Port Lockroy 24th April 2020 JNH (47) (Large).jpg,room,workshop,Workshop,0.251383,clip,1.0
3d18012b723142568224118ef2e0625b,Port Lockroy 24th April 2020 JNH (47) (Large).jpg,condition,object_wear,Object wear,0.25332,clip,1.0
56f3fa183ede44e9a4228ef7955207cf,Port Lockroy 24th April 2020 JNH (48) (Large).jpg,site,base_a,"Base A, Port Lockroy",,directory_path,1.0
56f3fa183ede44e9a4228ef7955207cf,Port Lockroy 24th April 2020 JNH (48) (Large).jpg,scene_type,interior,Interior,0.216765,clip,1.0
56f3fa183ede44e9a4228ef7955207cf,Port Lockroy 24th April 2020 JNH (48) (Large).jpg,shot_type,medium,Medium view,0.217724,clip,1.0
56f3fa183ede44e9a4228ef7955207cf,Port Lockroy 24th April 2020 JNH (48) (Large).jpg,people,no_people,No people,,threshold_rule,1.0
56f3fa183ede44e9a4228ef7955207cf,Port Lockroy 24th April 2020 JNH (48) (Large).jpg,room,room_unknown,Room not determined,,threshold_rule,1.0
56f3fa183ede44e9a4228ef7955207cf,Port Lockroy 24th April 2020 JNH (48) (Large).jpg,condition,object_wear,Object wear,0.240204,clip,1.0
808f0c59ee3347f0a24874879a790356,Port Lockroy 24th April 2020 JNH (49) (Large).jpg,site,base_a,"Base A, Port Lockroy",,directory_path,1.0
808f0c59ee3347f0a24874879a790356,Port Lockroy 24th April 2020 JNH (49) (Large).jpg,scene_type,interior,Interior,0.247695,clip,1.0
808f0c59ee3347f0a24874879a790356,Port Lockroy 24th April 2020 JNH (49) (Large).jpg,shot_type,medium,Medium view,0.241248,clip,1.0
808f0c59ee3347f0a24874879a790356,Port Lockroy 24th April 2020 JNH (49) (Large).jpg,people,no_people,No people,,threshold_rule,1.0
808f0c59ee3347f0a24874879a790356,Port Lockroy 24th April 2020 JNH (49) (Large).jpg,room,room_unknown,Room not determined,,threshold_rule,1.0
808f0c59ee3347f0a24874879a790356,Port Lockroy 24th April 2020 JNH (49) (Large).jpg,condition,weathered_timber,Weathered timber,0.256406,clip,1.0
808f0c59ee3347f0a24874879a790356,Port Lockroy 24th April 2020 JNH (49) (Large).jpg,condition,paint_loss,Paint loss,0.251867,clip,1.0
808f0c59ee3347f0a24874879a790356,Port Lockroy 24th April 2020 JNH (49) (Large).jpg,condition,object_wear,Object wear,0.246676,clip,1.0
85690c9cf2214b019b2f23afa12b9bec,Port Lockroy 24th April 2020 JNH (5) (Large).jpg,site,base_a,"Base A, Port Lockroy",,directory_path,1.0
85690c9cf2214b019b2f23afa12b9bec,Port Lockroy 24th April 2020 JNH (5) (Large).jpg,scene_type,interior,Interior,0.254489,clip,1.0
85690c9cf2214b019b2f23afa12b9bec,Port Lockroy 24th April 2020 JNH (5) (Large).jpg,shot_type,medium,Medium view,0.258866,clip,1.0
85690c9cf2214b019b2f23afa12b9bec,Port Lockroy 24th April 2020 JNH (5) (Large).jpg,people,no_people,No people,,threshold_rule,1.0
85690c9cf2214b019b2f23afa12b9bec,Port Lockroy 24th April 2020 JNH (5) (Large).jpg,room,museum_display,Museum display,0.295587,clip,1.0
85690c9cf2214b019b2f23afa12b9bec,Port Lockroy 24th April 2020 JNH (5) (Large).jpg,condition,object_wear,Object wear,0.262496,clip,1.0
405a793161e8459187b39ca81e765a6a,Port Lockroy 24th April 2020 JNH (51) (Large).jpg,site,base_a,"Base A, Port Lockroy",,directory_path,1.0
405a793161e8459187b39ca81e765a6a,Port Lockroy 24th April 2020 JNH (51) (Large).jpg,scene_type,interior,Interior,0.273362,clip,1.0
405a793161e8459187b39ca81e765a6a,Port Lockroy 24th April 2020 JNH (51) (Large).jpg,shot_type,medium,Medium view,0.220698,clip,1.0
405a793161e8459187b39ca81e765a6a,Port Lockroy 24th April 2020 JNH (51) (Large).jpg,people,no_people,No people,,threshold_rule,1.0
405a793161e8459187b39ca81e765a6a,Port Lockroy 24th April 2020 JNH (51) (Large).jpg,room,kitchen,Kitchen,0.246042,clip,1.0
405a793161e8459187b39ca81e765a6a,Port Lockroy 24th April 2020 JNH (51) (Large).jpg,condition,object_wear,Object wear,0.256802,clip,1.0
beedd7812af9411eb791942690720fa6,Port Lockroy 24th April 2020 JNH (52) (Large).jpg,site,base_a,"Base A, Port Lockroy",,directory_path,1.0
beedd7812af9411eb791942690720fa6,Port Lockroy 24th April 2020 JNH (52) (Large).jpg,scene_type,landscape,Landscape,0.248973,clip,1.0
beedd7812af9411eb791942690720fa6,Port Lockroy 24th April 2020 JNH (52) (Large).jpg,shot_type,wide,Wide view,0.233714,clip,1.0
beedd7812af9411eb791942690720fa6,Port Lockroy 24th April 2020 JNH (52) (Large).jpg,people,no_people,No people,,threshold_rule,1.0
beedd7812af9411eb791942690720fa6,Port Lockroy 24th April 2020 JNH (52) (Large).jpg,nature,overcast,Overcast or storm,0.251475,clip,1.0
678f1a8cbe544efca4c8e2319b592008,Port Lockroy 24th April 2020 JNH (53) (Large).jpg,site,base_a,"Base A, Port Lockroy",,directory_path,1.0
678f1a8cbe544efca4c8e2319b592008,Port Lockroy 24th April 2020 JNH (53) (Large).jpg,scene_type,exterior,Exterior,0.224969,clip,1.0
678f1a8cbe544efca4c8e2319b592008,Port Lockroy 24th April 2020 JNH (53) (Large).jpg,shot_type,detail,Detail,0.242771,clip,1.0
678f1a8cbe544efca4c8e2319b592008,Port Lockroy 24th April 2020 JNH (53) (Large).jpg,people,no_people,No people,,threshold_rule,1.0
678f1a8cbe544efca4c8e2319b592008,Port Lockroy 24th April 2020 JNH (53) (Large).jpg,nature,dog,Dog,0.251436,clip,1.0
678f1a8cbe544efca4c8e2319b592008,Port Lockroy 24th April 2020 JNH (53) (Large).jpg,nature,snow,Snow,0.24492,clip,1.0
678f1a8cbe544efca4c8e2319b592008,Port Lockroy 24th April 2020 JNH (53) (Large).jpg,condition,object_wear,Object wear,0.248178,clip,1.0
afa0c05ed49a41b3a8834957eada108d,Port Lockroy 24th April 2020 JNH (54) (Large).jpg,site,base_a,"Base A, Port Lockroy",,directory_path,1.0
afa0c05ed49a41b3a8834957eada108d,Port Lockroy 24th April 2020 JNH (54) (Large).jpg,scene_type,object_study,Object study,0.236093,clip,1.0
afa0c05ed49a41b3a8834957eada108d,Port Lockroy 24th April 2020 JNH (54) (Large).jpg,shot_type,detail,Detail,0.251087,clip,1.0
afa0c05ed49a41b3a8834957eada108d,Port Lockroy 24th April 2020 JNH (54) (Large).jpg,people,no_people,No people,,threshold_rule,1.0
afa0c05ed49a41b3a8834957eada108d,Port Lockroy 24th April 2020 JNH (54) (Large).jpg,condition,weathered_timber,Weathered timber,0.262921,clip,1.0
afa0c05ed49a41b3a8834957eada108d,Port Lockroy 24th April 2020 JNH (54) (Large).jpg,condition,paint_loss,Paint loss,0.280003,clip,1.0
afa0c05ed49a41b3a8834957eada108d,Port Lockroy 24th April 2020 JNH (54) (Large).jpg,condition,structural_damage,Structural damage,0.247864,clip,1.0
afa0c05ed49a41b3a8834957eada108d,Port Lockroy 24th April 2020 JNH (54) (Large).jpg,condition,object_wear,Object wear,0.244416,clip,1.0
9d21448f3aef4f48b07e1897453c07fc,Port Lockroy 24th April 2020 JNH (55) (Large).jpg,site,base_a,"Base A, Port Lockroy",,directory_path,1.0
9d21448f3aef4f48b07e1897453c07fc,Port Lockroy 24th April 2020 JNH (55) (Large).jpg,scene_type,landscape,Landscape,0.241987,clip,1.0
9d21448f3aef4f48b07e1897453c07fc,Port Lockroy 24th April 2020 JNH (55) (Large).jpg,shot_type,wide,Wide view,0.231597,clip,1.0
9d21448f3aef4f48b07e1897453c07fc,Port Lockroy 24th April 2020 JNH (55) (Large).jpg,people,no_people,No people,,threshold_rule,1.0
9d21448f3aef4f48b07e1897453c07fc,Port Lockroy 24th April 2020 JNH (55) (Large).jpg,nature,sea_ice,Sea ice,0.254543,clip,1.0
9d21448f3aef4f48b07e1897453c07fc,Port Lockroy 24th April 2020 JNH (55) (Large).jpg,nature,glacier,Glacier or ice cliff,0.249952,clip,1.0
6d35ad96d5ae4f21b56973f9320d772d,Port Lockroy 24th April 2020 JNH (56) (Large).jpg,site,base_a,"Base A, Port Lockroy",,directory_path,1.0
6d35ad96d5ae4f21b56973f9320d772d,Port Lockroy 24th April 2020 JNH (56) (Large).jpg,scene_type,exterior,Exterior,0.215416,clip,1.0
6d35ad96d5ae4f21b56973f9320d772d,Port Lockroy 24th April 2020 JNH (56) (Large).jpg,shot_type,medium,Medium view,0.219848,clip,1.0
6d35ad96d5ae4f21b56973f9320d772d,Port Lockroy 24th April 2020 JNH (56) (Large).jpg,people,no_people,No people,,threshold_rule,1.0
6d35ad96d5ae4f21b56973f9320d772d,Port Lockroy 24th April 2020 JNH (56) (Large).jpg,structure,main_hut,Main hut,0.240934,clip,1.0
6d35ad96d5ae4f21b56973f9320d772d,Port Lockroy 24th April 2020 JNH (56) (Large).jpg,nature,sea_ice,Sea ice,0.248021,clip,1.0
6d35ad96d5ae4f21b56973f9320d772d,Port Lockroy 24th April 2020 JNH (56) (Large).jpg,nature,glacier,Glacier or ice cliff,0.25547,clip,1.0
ddc897edaea443898138a661785a1536,Port Lockroy 24th April 2020 JNH (6) (Large).jpg,site,base_a,"Base A, Port Lockroy",,directory_path,1.0
ddc897edaea443898138a661785a1536,Port Lockroy 24th April 2020 JNH (6) (Large).jpg,scene_type,interior,Interior,0.256454,clip,1.0
ddc897edaea443898138a661785a1536,Port Lockroy 24th April 2020 JNH (6) (Large).jpg,shot_type,medium,Medium view,0.248255,clip,1.0
ddc897edaea443898138a661785a1536,Port Lockroy 24th April 2020 JNH (6) (Large).jpg,people,no_people,No people,,threshold_rule,1.0
ddc897edaea443898138a661785a1536,Port Lockroy 24th April 2020 JNH (6) (Large).jpg,room,workshop,Workshop,0.277869,clip,1.0
ddc897edaea443898138a661785a1536,Port Lockroy 24th April 2020 JNH (6) (Large).jpg,condition,object_wear,Object wear,0.249516,clip,1.0
991cd5dbc6ee422b863c2136f1ddd5fd,Port Lockroy 24th April 2020 JNH (7) (Large).jpg,site,base_a,"Base A, Port Lockroy",,directory_path,1.0
991cd5dbc6ee422b863c2136f1ddd5fd,Port Lockroy 24th April 2020 JNH (7) (Large).jpg,scene_type,interior,Interior,0.230615,clip,1.0
991cd5dbc6ee422b863c2136f1ddd5fd,Port Lockroy 24th April 2020 JNH (7) (Large).jpg,shot_type,medium,Medium view,0.232274,clip,1.0
991cd5dbc6ee422b863c2136f1ddd5fd,Port Lockroy 24th April 2020 JNH (7) (Large).jpg,people,no_people,No people,,threshold_rule,1.0
991cd5dbc6ee422b863c2136f1ddd5fd,Port Lockroy 24th April 2020 JNH (7) (Large).jpg,room,workshop,Workshop,0.268342,clip,1.0
991cd5dbc6ee422b863c2136f1ddd5fd,Port Lockroy 24th April 2020 JNH (7) (Large).jpg,condition,weathered_timber,Weathered timber,0.260176,clip,1.0
991cd5dbc6ee422b863c2136f1ddd5fd,Port Lockroy 24th April 2020 JNH (7) (Large).jpg,condition,object_wear,Object wear,0.272636,clip,1.0
cb19e8cbd229498487543673fad443d3,Port Lockroy 24th April 2020 JNH (8) (Large).jpg,site,base_a,"Base A, Port Lockroy",,directory_path,1.0
cb19e8cbd229498487543673fad443d3,Port Lockroy 24th April 2020 JNH (8) (Large).jpg,scene_type,interior,Interior,0.265102,clip,1.0
cb19e8cbd229498487543673fad443d3,Port Lockroy 24th April 2020 JNH (8) (Large).jpg,shot_type,medium,Medium view,0.237071,clip,1.0
cb19e8cbd229498487543673fad443d3,Port Lockroy 24th April 2020 JNH (8) (Large).jpg,people,no_people,No people,,threshold_rule,1.0
cb19e8cbd229498487543673fad443d3,Port Lockroy 24th April 2020 JNH (8) (Large).jpg,room,kitchen,Kitchen,0.321549,clip,1.0
af508c9cc07443d5bbc870f4afd5eeba,Port Lockroy 24th April 2020 JNH (9) (Large).jpg,site,base_a,"Base A, Port Lockroy",,directory_path,1.0
af508c9cc07443d5bbc870f4afd5eeba,Port Lockroy 24th April 2020 JNH (9) (Large).jpg,scene_type,interior,Interior,0.264845,clip,1.0
af508c9cc07443d5bbc870f4afd5eeba,Port Lockroy 24th April 2020 JNH (9) (Large).jpg,shot_type,medium,Medium view,0.206418,clip,1.0
af508c9cc07443d5bbc870f4afd5eeba,Port Lockroy 24th April 2020 JNH (9) (Large).jpg,people,no_people,No people,,threshold_rule,1.0
af508c9cc07443d5bbc870f4afd5eeba,Port Lockroy 24th April 2020 JNH (9) (Large).jpg,room,kitchen,Kitchen,0.324072,clip,1.0
af508c9cc07443d5bbc870f4afd5eeba,Port Lockroy 24th April 2020 JNH (9) (Large).jpg,condition,rust,Rust or corrosion,0.252607,clip,1.0
af508c9cc07443d5bbc870f4afd5eeba,Port Lockroy 24th April 2020 JNH (9) (Large).jpg,condition,object_wear,Object wear,0.271764,clip,1.0
c7b0bc84d0e34425a9ed9512a885811e,A_1_h_16(1).jpg,site,base_a,"Base A, Port Lockroy",,directory_path,1.0
c7b0bc84d0e34425a9ed9512a885811e,A_1_h_16(1).jpg,scene_type,object_study,Object study,0.184946,clip,1.0
c7b0bc84d0e34425a9ed9512a885811e,A_1_h_16(1).jpg,shot_type,detail,Detail,0.199771,clip,1.0
c7b0bc84d0e34425a9ed9512a885811e,A_1_h_16(1).jpg,people,no_people,No people,,threshold_rule,1.0
13a723cdd6cd4bc281123b3d8de20fd5,A_1_h_16(10).JPG,site,base_a,"Base A, Port Lockroy",,directory_path,1.0
13a723cdd6cd4bc281123b3d8de20fd5,A_1_h_16(10).JPG,scene_type,interior,Interior,0.194644,clip,1.0
13a723cdd6cd4bc281123b3d8de20fd5,A_1_h_16(10).JPG,shot_type,detail,Detail,0.225987,clip,1.0
13a723cdd6cd4bc281123b3d8de20fd5,A_1_h_16(10).JPG,people,no_people,No people,,threshold_rule,1.0
13a723cdd6cd4bc281123b3d8de20fd5,A_1_h_16(10).JPG,room,museum_display,Museum display,0.259386,clip,1.0
189427807d90476bbe24f8ab05210a10,A_1_h_16(11).JPG,site,base_a,"Base A, Port Lockroy",,directory_path,1.0
189427807d90476bbe24f8ab05210a10,A_1_h_16(11).JPG,scene_type,object_study,Object study,0.232172,clip,1.0
189427807d90476bbe24f8ab05210a10,A_1_h_16(11).JPG,shot_type,detail,Detail,0.234445,clip,1.0
189427807d90476bbe24f8ab05210a10,A_1_h_16(11).JPG,people,no_people,No people,,threshold_rule,1.0
189427807d90476bbe24f8ab05210a10,A_1_h_16(11).JPG,condition,object_wear,Object wear,0.246493,clip,1.0
65f6365dd64e402398b1249cc32e4948,A_1_h_16(12).JPG,site,base_a,"Base A, Port Lockroy",,directory_path,1.0
65f6365dd64e402398b1249cc32e4948,A_1_h_16(12).JPG,scene_type,object_study,Object study,0.211434,clip,1.0
65f6365dd64e402398b1249cc32e4948,A_1_h_16(12).JPG,shot_type,detail,Detail,0.2234,clip,1.0
65f6365dd64e402398b1249cc32e4948,A_1_h_16(12).JPG,people,no_people,No people,,threshold_rule,1.0
99d57bccca8c4c52b39bf1f666c1f6ce,A_1_h_16(13).JPG,site,base_a,"Base A, Port Lockroy",,directory_path,1.0
99d57bccca8c4c52b39bf1f666c1f6ce,A_1_h_16(13).JPG,scene_type,object_study,Object study,0.214972,clip,1.0
99d57bccca8c4c52b39bf1f666c1f6ce,A_1_h_16(13).JPG,shot_type,detail,Detail,0.231849,clip,1.0
99d57bccca8c4c52b39bf1f666c1f6ce,A_1_h_16(13).JPG,people,no_people,No people,,threshold_rule,1.0
e47221720ee3451da44437a1cd04bc72,A_1_h_16(14).JPG,site,base_a,"Base A, Port Lockroy",,directory_path,1.0
e47221720ee3451da44437a1cd04bc72,A_1_h_16(14).JPG,scene_type,object_study,Object study,0.24705,clip,1.0
e47221720ee3451da44437a1cd04bc72,A_1_h_16(14).JPG,shot_type,detail,Detail,0.241011,clip,1.0
e47221720ee3451da44437a1cd04bc72,A_1_h_16(14).JPG,people,no_people,No people,,threshold_rule,1.0
4a6798f66f344ccd95d8f07cc1fd7410,A_1_h_16(2).jpg,site,base_a,"Base A, Port Lockroy",,directory_path,1.0
4a6798f66f344ccd95d8f07cc1fd7410,A_1_h_16(2).jpg,scene_type,object_study,Object study,0.23482,clip,1.0
4a6798f66f344ccd95d8f07cc1fd7410,A_1_h_16(2).jpg,shot_type,detail,Detail,0.204757,clip,1.0
4a6798f66f344ccd95d8f07cc1fd7410,A_1_h_16(2).jpg,people,no_people,No people,,threshold_rule,1.0
aeb3bfdae6b6487b8673707c22a1870b,A_1_h_16(3).jpg,site,base_a,"Base A, Port Lockroy",,directory_path,1.0
aeb3bfdae6b6487b8673707c22a1870b,A_1_h_16(3).jpg,scene_type,object_study,Object study,0.257544,clip,1.0
aeb3bfdae6b6487b8673707c22a1870b,A_1_h_16(3).jpg,shot_type,detail,Detail,0.225077,clip,1.0
aeb3bfdae6b6487b8673707c22a1870b,A_1_h_16(3).jpg,people,no_people,No people,,threshold_rule,1.0
727336bb2bd74d7789d0a3e0f5dfefd7,A_1_h_16(4).jpg,site,base_a,"Base A, Port Lockroy",,directory_path,1.0
727336bb2bd74d7789d0a3e0f5dfefd7,A_1_h_16(4).jpg,scene_type,object_study,Object study,0.2561,clip,1.0
727336bb2bd74d7789d0a3e0f5dfefd7,A_1_h_16(4).jpg,shot_type,detail,Detail,0.220801,clip,1.0
727336bb2bd74d7789d0a3e0f5dfefd7,A_1_h_16(4).jpg,people,no_people,No people,,threshold_rule,1.0
d1ef91fc3b1840bf8bc3ce2d1ef00d0e,A_1_h_16(5).JPG,site,base_a,"Base A, Port Lockroy",,directory_path,1.0
d1ef91fc3b1840bf8bc3ce2d1ef00d0e,A_1_h_16(5).JPG,scene_type,object_study,Object study,0.236424,clip,1.0
d1ef91fc3b1840bf8bc3ce2d1ef00d0e,A_1_h_16(5).JPG,shot_type,medium,Medium view,0.278808,clip,1.0
d1ef91fc3b1840bf8bc3ce2d1ef00d0e,A_1_h_16(5).JPG,people,no_people,No people,,threshold_rule,1.0
d1ef91fc3b1840bf8bc3ce2d1ef00d0e,A_1_h_16(5).JPG,condition,object_wear,Object wear,0.256169,clip,1.0
428f03f038954de2b1722f35f5eab66d,A_1_h_16(6).JPG,site,base_a,"Base A, Port Lockroy",,directory_path,1.0
428f03f038954de2b1722f35f5eab66d,A_1_h_16(6).JPG,scene_type,interior,Interior,0.170456,clip,1.0
428f03f038954de2b1722f35f5eab66d,A_1_h_16(6).JPG,shot_type,detail,Detail,0.174295,clip,1.0
428f03f038954de2b1722f35f5eab66d,A_1_h_16(6).JPG,people,no_people,No people,,threshold_rule,1.0
428f03f038954de2b1722f35f5eab66d,A_1_h_16(6).JPG,room,room_unknown,Room not determined,,threshold_rule,1.0
aa45bbbdd70e4dcca5c30d6e19519237,A_1_h_16(7).JPG,site,base_a,"Base A, Port Lockroy",,directory_path,1.0
aa45bbbdd70e4dcca5c30d6e19519237,A_1_h_16(7).JPG,scene_type,object_study,Object study,0.202148,clip,1.0
aa45bbbdd70e4dcca5c30d6e19519237,A_1_h_16(7).JPG,shot_type,detail,Detail,0.218947,clip,1.0
aa45bbbdd70e4dcca5c30d6e19519237,A_1_h_16(7).JPG,people,no_people,No people,,threshold_rule,1.0
aa45bbbdd70e4dcca5c30d6e19519237,A_1_h_16(7).JPG,condition,rust,Rust or corrosion,0.248289,clip,1.0
aa45bbbdd70e4dcca5c30d6e19519237,A_1_h_16(7).JPG,condition,object_wear,Object wear,0.253227,clip,1.0
4aad44f201c04a258ceb6699213accff,A_1_h_16(8).JPG,site,base_a,"Base A, Port Lockroy",,directory_path,1.0
4aad44f201c04a258ceb6699213accff,A_1_h_16(8).JPG,scene_type,interior,Interior,0.208471,clip,1.0
4aad44f201c04a258ceb6699213accff,A_1_h_16(8).JPG,shot_type,detail,Detail,0.226156,clip,1.0
4aad44f201c04a258ceb6699213accff,A_1_h_16(8).JPG,people,no_people,No people,,threshold_rule,1.0
4aad44f201c04a258ceb6699213accff,A_1_h_16(8).JPG,room,museum_display,Museum display,0.243905,clip,1.0
4aad44f201c04a258ceb6699213accff,A_1_h_16(8).JPG,condition,rust,Rust or corrosion,0.259112,clip,1.0
4aad44f201c04a258ceb6699213accff,A_1_h_16(8).JPG,condition,object_wear,Object wear,0.260743,clip,1.0
84ce231b832945c293521d1111a56538,A_1_h_16(9).JPG,site,base_a,"Base A, Port Lockroy",,directory_path,1.0
84ce231b832945c293521d1111a56538,A_1_h_16(9).JPG,scene_type,object_study,Object study,0.176846,clip,1.0
84ce231b832945c293521d1111a56538,A_1_h_16(9).JPG,shot_type,detail,Detail,0.178576,clip,1.0
84ce231b832945c293521d1111a56538,A_1_h_16(9).JPG,people,no_people,No people,,threshold_rule,1.0
7b4edbfd51774410a87807a711e6038f,HY9A2343.jpg,site,base_a,"Base A, Port Lockroy",,directory_path,1.0
7b4edbfd51774410a87807a711e6038f,HY9A2343.jpg,scene_type,object_study,Object study,0.184946,clip,1.0
7b4edbfd51774410a87807a711e6038f,HY9A2343.jpg,shot_type,detail,Detail,0.199771,clip,1.0
7b4edbfd51774410a87807a711e6038f,HY9A2343.jpg,people,no_people,No people,,threshold_rule,1.0
2cc36dd2d9b44c29b8f1b2507b265ea8,HY9A2344.jpg,site,base_a,"Base A, Port Lockroy",,directory_path,1.0
2cc36dd2d9b44c29b8f1b2507b265ea8,HY9A2344.jpg,scene_type,object_study,Object study,0.23482,clip,1.0
2cc36dd2d9b44c29b8f1b2507b265ea8,HY9A2344.jpg,shot_type,detail,Detail,0.204757,clip,1.0
2cc36dd2d9b44c29b8f1b2507b265ea8,HY9A2344.jpg,people,no_people,No people,,threshold_rule,1.0
9e365b5561094c538514aa4313b28142,HY9A2345.jpg,site,base_a,"Base A, Port Lockroy",,directory_path,1.0
9e365b5561094c538514aa4313b28142,HY9A2345.jpg,scene_type,object_study,Object study,0.257544,clip,1.0
9e365b5561094c538514aa4313b28142,HY9A2345.jpg,shot_type,detail,Detail,0.225077,clip,1.0
9e365b5561094c538514aa4313b28142,HY9A2345.jpg,people,no_people,No people,,threshold_rule,1.0
5d864d478bcd42feaaa7437a3b98db8e,HY9A2346.jpg,site,base_a,"Base A, Port Lockroy",,directory_path,1.0
5d864d478bcd42feaaa7437a3b98db8e,HY9A2346.jpg,scene_type,object_study,Object study,0.2561,clip,1.0
5d864d478bcd42feaaa7437a3b98db8e,HY9A2346.jpg,shot_type,detail,Detail,0.220801,clip,1.0
5d864d478bcd42feaaa7437a3b98db8e,HY9A2346.jpg,people,no_people,No people,,threshold_rule,1.0
63c65070acba4abfbdd67cbc180f54ec,P1010138.JPG,site,base_a,"Base A, Port Lockroy",,directory_path,1.0
63c65070acba4abfbdd67cbc180f54ec,P1010138.JPG,scene_type,object_study,Object study,0.236424,clip,1.0
63c65070acba4abfbdd67cbc180f54ec,P1010138.JPG,shot_type,medium,Medium view,0.278808,clip,1.0
63c65070acba4abfbdd67cbc180f54ec,P1010138.JPG,people,no_people,No people,,threshold_rule,1.0
63c65070acba4abfbdd67cbc180f54ec,P1010138.JPG,condition,object_wear,Object wear,0.256169,clip,1.0
42e30a08440c4804961d01acbdeb858f,P1010139.JPG,site,base_a,"Base A, Port Lockroy",,directory_path,1.0
42e30a08440c4804961d01acbdeb858f,P1010139.JPG,scene_type,interior,Interior,0.170456,clip,1.0
42e30a08440c4804961d01acbdeb858f,P1010139.JPG,shot_type,detail,Detail,0.174295,clip,1.0
42e30a08440c4804961d01acbdeb858f,P1010139.JPG,people,no_people,No people,,threshold_rule,1.0
42e30a08440c4804961d01acbdeb858f,P1010139.JPG,room,room_unknown,Room not determined,,threshold_rule,1.0
f9f26b012f7742918e312a2aed2c3bb3,P1010140.JPG,site,base_a,"Base A, Port Lockroy",,directory_path,1.0
f9f26b012f7742918e312a2aed2c3bb3,P1010140.JPG,scene_type,object_study,Object study,0.202148,clip,1.0
f9f26b012f7742918e312a2aed2c3bb3,P1010140.JPG,shot_type,detail,Detail,0.218947,clip,1.0
f9f26b012f7742918e312a2aed2c3bb3,P1010140.JPG,people,no_people,No people,,threshold_rule,1.0
f9f26b012f7742918e312a2aed2c3bb3,P1010140.JPG,condition,rust,Rust or corrosion,0.248289,clip,1.0
f9f26b012f7742918e312a2aed2c3bb3,P1010140.JPG,condition,object_wear,Object wear,0.253227,clip,1.0
1c95a15212c94900a78166e9e0439c54,P1010141.JPG,site,base_a,"Base A, Port Lockroy",,directory_path,1.0
1c95a15212c94900a78166e9e0439c54,P1010141.JPG,scene_type,interior,Interior,0.208471,clip,1.0
1c95a15212c94900a78166e9e0439c54,P1010141.JPG,shot_type,detail,Detail,0.226156,clip,1.0
1c95a15212c94900a78166e9e0439c54,P1010141.JPG,people,no_people,No people,,threshold_rule,1.0
1c95a15212c94900a78166e9e0439c54,P1010141.JPG,room,museum_display,Museum display,0.243905,clip,1.0
1c95a15212c94900a78166e9e0439c54,P1010141.JPG,condition,rust,Rust or corrosion,0.259112,clip,1.0
1c95a15212c94900a78166e9e0439c54,P1010141.JPG,condition,object_wear,Object wear,0.260743,clip,1.0
149ff7e2c94b4ed9bcdb87bf4c8f7be5,P1010143.JPG,site,base_a,"Base A, Port Lockroy",,directory_path,1.0
149ff7e2c94b4ed9bcdb87bf4c8f7be5,P1010143.JPG,scene_type,object_study,Object study,0.176846,clip,1.0
149ff7e2c94b4ed9bcdb87bf4c8f7be5,P1010143.JPG,shot_type,detail,Detail,0.178576,clip,1.0
149ff7e2c94b4ed9bcdb87bf4c8f7be5,P1010143.JPG,people,no_people,No people,,threshold_rule,1.0
f239dae325ea40878af383cbcab6c7f8,PC130169.JPG,site,base_a,"Base A, Port Lockroy",,directory_path,1.0
f239dae325ea40878af383cbcab6c7f8,PC130169.JPG,scene_type,interior,Interior,0.194644,clip,1.0
f239dae325ea40878af383cbcab6c7f8,PC130169.JPG,shot_type,detail,Detail,0.225987,clip,1.0
f239dae325ea40878af383cbcab6c7f8,PC130169.JPG,people,no_people,No people,,threshold_rule,1.0
f239dae325ea40878af383cbcab6c7f8,PC130169.JPG,room,museum_display,Museum display,0.259386,clip,1.0
dd508f4b9715421baea60e8634f4165c,PC130170.JPG,site,base_a,"Base A, Port Lockroy",,directory_path,1.0
dd508f4b9715421baea60e8634f4165c,PC130170.JPG,scene_type,object_study,Object study,0.232172,clip,1.0
dd508f4b9715421baea60e8634f4165c,PC130170.JPG,shot_type,detail,Detail,0.234445,clip,1.0
dd508f4b9715421baea60e8634f4165c,PC130170.JPG,people,no_people,No people,,threshold_rule,1.0
dd508f4b9715421baea60e8634f4165c,PC130170.JPG,condition,object_wear,Object wear,0.246493,clip,1.0
dfbc7890c436428280d5c4754ba341c1,PC130171.JPG,site,base_a,"Base A, Port Lockroy",,directory_path,1.0
dfbc7890c436428280d5c4754ba341c1,PC130171.JPG,scene_type,object_study,Object study,0.211434,clip,1.0
dfbc7890c436428280d5c4754ba341c1,PC130171.JPG,shot_type,detail,Detail,0.2234,clip,1.0
dfbc7890c436428280d5c4754ba341c1,PC130171.JPG,people,no_people,No people,,threshold_rule,1.0
382f3241aa4f47ac81ee343caed08840,PC130172.JPG,site,base_a,"Base A, Port Lockroy",,directory_path,1.0
382f3241aa4f47ac81ee343caed08840,PC130172.JPG,scene_type,object_study,Object study,0.214972,clip,1.0
382f3241aa4f47ac81ee343caed08840,PC130172.JPG,shot_type,detail,Detail,0.231849,clip,1.0
382f3241aa4f47ac81ee343caed08840,PC130172.JPG,people,no_people,No people,,threshold_rule,1.0
5d6e7a72ca3a43dabdb197f9a2e7ea48,PC130173.JPG,site,base_a,"Base A, Port Lockroy",,directory_path,1.0
5d6e7a72ca3a43dabdb197f9a2e7ea48,PC130173.JPG,scene_type,object_study,Object study,0.24705,clip,1.0
5d6e7a72ca3a43dabdb197f9a2e7ea48,PC130173.JPG,shot_type,detail,Detail,0.241011,clip,1.0
5d6e7a72ca3a43dabdb197f9a2e7ea48,PC130173.JPG,people,no_people,No people,,threshold_rule,1.0
86084f56ee8f4ae492565d5cf7d6fb7a,A1a60a.JPG,site,base_a,"Base A, Port Lockroy",,directory_path,1.0
86084f56ee8f4ae492565d5cf7d6fb7a,A1a60a.JPG,scene_type,object_study,Object study,0.251334,clip,1.0
86084f56ee8f4ae492565d5cf7d6fb7a,A1a60a.JPG,shot_type,detail,Detail,0.218161,clip,1.0
86084f56ee8f4ae492565d5cf7d6fb7a,A1a60a.JPG,people,no_people,No people,,threshold_rule,1.0
86084f56ee8f4ae492565d5cf7d6fb7a,A1a60a.JPG,condition,rust,Rust or corrosion,0.250009,clip,1.0
86084f56ee8f4ae492565d5cf7d6fb7a,A1a60a.JPG,condition,object_wear,Object wear,0.264488,clip,1.0
ac89fb8c6389431e9c904866b556286b,A1a60b.JPG,site,base_a,"Base A, Port Lockroy",,directory_path,1.0
ac89fb8c6389431e9c904866b556286b,A1a60b.JPG,scene_type,object_study,Object study,0.251762,clip,1.0
ac89fb8c6389431e9c904866b556286b,A1a60b.JPG,shot_type,detail,Detail,0.235656,clip,1.0
ac89fb8c6389431e9c904866b556286b,A1a60b.JPG,people,no_people,No people,,threshold_rule,1.0
ac89fb8c6389431e9c904866b556286b,A1a60b.JPG,condition,object_wear,Object wear,0.259606,clip,1.0
ef9337a70ce846d786fadcdb9fadc750,A1a60c.JPG,site,base_a,"Base A, Port Lockroy",,directory_path,1.0
ef9337a70ce846d786fadcdb9fadc750,A1a60c.JPG,scene_type,object_study,Object study,0.249574,clip,1.0
ef9337a70ce846d786fadcdb9fadc750,A1a60c.JPG,shot_type,detail,Detail,0.21974,clip,1.0
ef9337a70ce846d786fadcdb9fadc750,A1a60c.JPG,people,no_people,No people,,threshold_rule,1.0
ef9337a70ce846d786fadcdb9fadc750,A1a60c.JPG,condition,object_wear,Object wear,0.257136,clip,1.0
58d4e267566b42fda24081b5c6967eb1,A1a60d.JPG,site,base_a,"Base A, Port Lockroy",,directory_path,1.0
58d4e267566b42fda24081b5c6967eb1,A1a60d.JPG,scene_type,object_study,Object study,0.232295,clip,1.0
58d4e267566b42fda24081b5c6967eb1,A1a60d.JPG,shot_type,detail,Detail,0.258073,clip,1.0
58d4e267566b42fda24081b5c6967eb1,A1a60d.JPG,people,no_people,No people,,threshold_rule,1.0
58d4e267566b42fda24081b5c6967eb1,A1a60d.JPG,condition,rust,Rust or corrosion,0.24996,clip,1.0
58d4e267566b42fda24081b5c6967eb1,A1a60d.JPG,condition,object_wear,Object wear,0.258535,clip,1.0
8ae240ea8a4e40f7a95ff200149acc5c,A1a61a.JPG,site,base_a,"Base A, Port Lockroy",,directory_path,1.0
8ae240ea8a4e40f7a95ff200149acc5c,A1a61a.JPG,scene_type,object_study,Object study,0.26,clip,1.0
8ae240ea8a4e40f7a95ff200149acc5c,A1a61a.JPG,shot_type,detail,Detail,0.225156,clip,1.0
8ae240ea8a4e40f7a95ff200149acc5c,A1a61a.JPG,people,no_people,No people,,threshold_rule,1.0
8ae240ea8a4e40f7a95ff200149acc5c,A1a61a.JPG,condition,object_wear,Object wear,0.260778,clip,1.0
68bac55734da4c359741d93f6b5b0b09,A1a61b.JPG,site,base_a,"Base A, Port Lockroy",,directory_path,1.0
68bac55734da4c359741d93f6b5b0b09,A1a61b.JPG,scene_type,object_study,Object study,0.236255,clip,1.0
68bac55734da4c359741d93f6b5b0b09,A1a61b.JPG,shot_type,detail,Detail,0.221226,clip,1.0
68bac55734da4c359741d93f6b5b0b09,A1a61b.JPG,people,no_people,No people,,threshold_rule,1.0
68bac55734da4c359741d93f6b5b0b09,A1a61b.JPG,condition,object_wear,Object wear,0.253159,clip,1.0
19669de726d7483496d47a333e0cb520,A1a61c.JPG,site,base_a,"Base A, Port Lockroy",,directory_path,1.0
19669de726d7483496d47a333e0cb520,A1a61c.JPG,scene_type,object_study,Object study,0.260769,clip,1.0
19669de726d7483496d47a333e0cb520,A1a61c.JPG,shot_type,detail,Detail,0.239142,clip,1.0
19669de726d7483496d47a333e0cb520,A1a61c.JPG,people,no_people,No people,,threshold_rule,1.0
19669de726d7483496d47a333e0cb520,A1a61c.JPG,condition,rust,Rust or corrosion,0.253387,clip,1.0
19669de726d7483496d47a333e0cb520,A1a61c.JPG,condition,object_wear,Object wear,0.274086,clip,1.0
cf4c5e65419b49e6b7dd1a3e35c1ffe8,A1a61d.JPG,site,base_a,"Base A, Port Lockroy",,directory_path,1.0
cf4c5e65419b49e6b7dd1a3e35c1ffe8,A1a61d.JPG,scene_type,object_study,Object study,0.242799,clip,1.0
cf4c5e65419b49e6b7dd1a3e35c1ffe8,A1a61d.JPG,shot_type,detail,Detail,0.222195,clip,1.0
cf4c5e65419b49e6b7dd1a3e35c1ffe8,A1a61d.JPG,people,no_people,No people,,threshold_rule,1.0
cf4c5e65419b49e6b7dd1a3e35c1ffe8,A1a61d.JPG,condition,weathered_timber,Weathered timber,0.241709,clip,1.0
cf4c5e65419b49e6b7dd1a3e35c1ffe8,A1a61d.JPG,condition,rust,Rust or corrosion,0.268366,clip,1.0
cf4c5e65419b49e6b7dd1a3e35c1ffe8,A1a61d.JPG,condition,object_wear,Object wear,0.262982,clip,1.0
291a88a0a5994352ac28e7ecf21723ae,A1h164a.JPG,site,base_a,"Base A, Port Lockroy",,directory_path,1.0
291a88a0a5994352ac28e7ecf21723ae,A1h164a.JPG,scene_type,object_study,Object study,0.235606,clip,1.0
291a88a0a5994352ac28e7ecf21723ae,A1h164a.JPG,shot_type,detail,Detail,0.224014,clip,1.0
291a88a0a5994352ac28e7ecf21723ae,A1h164a.JPG,people,no_people,No people,,threshold_rule,1.0
291a88a0a5994352ac28e7ecf21723ae,A1h164a.JPG,condition,object_wear,Object wear,0.245125,clip,1.0
8207c89bbf764f57a2e0045eb9247b2a,A1h164b.JPG,site,base_a,"Base A, Port Lockroy",,directory_path,1.0
8207c89bbf764f57a2e0045eb9247b2a,A1h164b.JPG,scene_type,object_study,Object study,0.243228,clip,1.0
8207c89bbf764f57a2e0045eb9247b2a,A1h164b.JPG,shot_type,medium,Medium view,0.25415,clip,1.0
8207c89bbf764f57a2e0045eb9247b2a,A1h164b.JPG,people,no_people,No people,,threshold_rule,1.0
64fc1fbf1b6840948863fee2a4215a53,A1h164c.JPG,site,base_a,"Base A, Port Lockroy",,directory_path,1.0
64fc1fbf1b6840948863fee2a4215a53,A1h164c.JPG,scene_type,object_study,Object study,0.249507,clip,1.0
64fc1fbf1b6840948863fee2a4215a53,A1h164c.JPG,shot_type,detail,Detail,0.23717,clip,1.0
64fc1fbf1b6840948863fee2a4215a53,A1h164c.JPG,people,no_people,No people,,threshold_rule,1.0
64fc1fbf1b6840948863fee2a4215a53,A1h164c.JPG,condition,object_wear,Object wear,0.241565,clip,1.0
1c9bdc84bf3149c386f297071cd08531,A1h164d.JPG,site,base_a,"Base A, Port Lockroy",,directory_path,1.0
1c9bdc84bf3149c386f297071cd08531,A1h164d.JPG,scene_type,object_study,Object study,0.250765,clip,1.0
1c9bdc84bf3149c386f297071cd08531,A1h164d.JPG,shot_type,medium,Medium view,0.274391,clip,1.0
1c9bdc84bf3149c386f297071cd08531,A1h164d.JPG,people,no_people,No people,,threshold_rule,1.0
f63b4c9e8821430180b986feb3c5ee3a,A1h165.JPG,site,base_a,"Base A, Port Lockroy",,directory_path,1.0
f63b4c9e8821430180b986feb3c5ee3a,A1h165.JPG,scene_type,object_study,Object study,0.245424,clip,1.0
f63b4c9e8821430180b986feb3c5ee3a,A1h165.JPG,shot_type,detail,Detail,0.201406,clip,1.0
f63b4c9e8821430180b986feb3c5ee3a,A1h165.JPG,people,no_people,No people,,threshold_rule,1.0
94a534e0540a4a4b8a84ac4128cf250b,A1h165a.JPG,site,base_a,"Base A, Port Lockroy",,directory_path,1.0
94a534e0540a4a4b8a84ac4128cf250b,A1h165a.JPG,scene_type,object_study,Object study,0.265663,clip,1.0
94a534e0540a4a4b8a84ac4128cf250b,A1h165a.JPG,shot_type,detail,Detail,0.258151,clip,1.0
94a534e0540a4a4b8a84ac4128cf250b,A1h165a.JPG,people,no_people,No people,,threshold_rule,1.0
94a534e0540a4a4b8a84ac4128cf250b,A1h165a.JPG,condition,object_wear,Object wear,0.246206,clip,1.0
ee8910a650cf4d9c9b27eaa80263f098,A1h165b.JPG,site,base_a,"Base A, Port Lockroy",,directory_path,1.0
ee8910a650cf4d9c9b27eaa80263f098,A1h165b.JPG,scene_type,object_study,Object study,0.256086,clip,1.0
ee8910a650cf4d9c9b27eaa80263f098,A1h165b.JPG,shot_type,detail,Detail,0.220812,clip,1.0
ee8910a650cf4d9c9b27eaa80263f098,A1h165b.JPG,people,no_people,No people,,threshold_rule,1.0
d292cc40b4134b45a6d869fe5805a330,A1h165c.JPG,site,base_a,"Base A, Port Lockroy",,directory_path,1.0
d292cc40b4134b45a6d869fe5805a330,A1h165c.JPG,scene_type,object_study,Object study,0.275886,clip,1.0
d292cc40b4134b45a6d869fe5805a330,A1h165c.JPG,shot_type,detail,Detail,0.247082,clip,1.0
d292cc40b4134b45a6d869fe5805a330,A1h165c.JPG,people,no_people,No people,,threshold_rule,1.0
9a54d451d6e94eafa23c6cf634c83861,A1h166.JPG,site,base_a,"Base A, Port Lockroy",,directory_path,1.0
9a54d451d6e94eafa23c6cf634c83861,A1h166.JPG,scene_type,object_study,Object study,0.24869,clip,1.0
9a54d451d6e94eafa23c6cf634c83861,A1h166.JPG,shot_type,detail,Detail,0.22184,clip,1.0
9a54d451d6e94eafa23c6cf634c83861,A1h166.JPG,people,no_people,No people,,threshold_rule,1.0
41757429df7b42999622c65a60fb271c,A1h167.JPG,site,base_a,"Base A, Port Lockroy",,directory_path,1.0
41757429df7b42999622c65a60fb271c,A1h167.JPG,scene_type,object_study,Object study,0.250366,clip,1.0
41757429df7b42999622c65a60fb271c,A1h167.JPG,shot_type,medium,Medium view,0.241097,clip,1.0
41757429df7b42999622c65a60fb271c,A1h167.JPG,people,no_people,No people,,threshold_rule,1.0
41757429df7b42999622c65a60fb271c,A1h167.JPG,condition,object_wear,Object wear,0.263356,clip,1.0
15132c6aaa024b04aea110881230f08f,A1h167a.JPG,site,base_a,"Base A, Port Lockroy",,directory_path,1.0
15132c6aaa024b04aea110881230f08f,A1h167a.JPG,scene_type,object_study,Object study,0.27544,clip,1.0
15132c6aaa024b04aea110881230f08f,A1h167a.JPG,shot_type,detail,Detail,0.26073,clip,1.0
15132c6aaa024b04aea110881230f08f,A1h167a.JPG,people,no_people,No people,,threshold_rule,1.0
15132c6aaa024b04aea110881230f08f,A1h167a.JPG,condition,object_wear,Object wear,0.247196,clip,1.0
db4e93713afe4aac84149c0b0073d9a0,DSC03189.JPG,site,base_a,"Base A, Port Lockroy",,directory_path,1.0
db4e93713afe4aac84149c0b0073d9a0,DSC03189.JPG,scene_type,object_study,Object study,0.255111,clip,1.0
db4e93713afe4aac84149c0b0073d9a0,DSC03189.JPG,shot_type,medium,Medium view,0.24875,clip,1.0
db4e93713afe4aac84149c0b0073d9a0,DSC03189.JPG,people,no_people,No people,,threshold_rule,1.0
db4e93713afe4aac84149c0b0073d9a0,DSC03189.JPG,condition,weathered_timber,Weathered timber,0.24231,clip,1.0
db4e93713afe4aac84149c0b0073d9a0,DSC03189.JPG,condition,object_wear,Object wear,0.244554,clip,1.0
eceb12b52c954e37ac759ae3500ed9e2,DSC03193.JPG,site,base_a,"Base A, Port Lockroy",,directory_path,1.0
eceb12b52c954e37ac759ae3500ed9e2,DSC03193.JPG,scene_type,object_study,Object study,0.25726,clip,1.0
eceb12b52c954e37ac759ae3500ed9e2,DSC03193.JPG,shot_type,medium,Medium view,0.234825,clip,1.0
eceb12b52c954e37ac759ae3500ed9e2,DSC03193.JPG,people,no_people,No people,,threshold_rule,1.0
aecdd1b983e3488cbf33cebea1d0e98d,DSC03194.JPG,site,base_a,"Base A, Port Lockroy",,directory_path,1.0
aecdd1b983e3488cbf33cebea1d0e98d,DSC03194.JPG,scene_type,object_study,Object study,0.245021,clip,1.0
aecdd1b983e3488cbf33cebea1d0e98d,DSC03194.JPG,shot_type,medium,Medium view,0.216523,clip,1.0
aecdd1b983e3488cbf33cebea1d0e98d,DSC03194.JPG,people,no_people,No people,,threshold_rule,1.0
a4bf7e2323714298832aa0cdf983068d,DSC03198.JPG,site,base_a,"Base A, Port Lockroy",,directory_path,1.0
a4bf7e2323714298832aa0cdf983068d,DSC03198.JPG,scene_type,object_study,Object study,0.248117,clip,1.0
a4bf7e2323714298832aa0cdf983068d,DSC03198.JPG,shot_type,detail,Detail,0.26888,clip,1.0
a4bf7e2323714298832aa0cdf983068d,DSC03198.JPG,people,no_people,No people,,threshold_rule,1.0
345cc00f9fba4c5ea58beafc1aa49aa4,DSC03199.JPG,site,base_a,"Base A, Port Lockroy",,directory_path,1.0
345cc00f9fba4c5ea58beafc1aa49aa4,DSC03199.JPG,scene_type,object_study,Object study,0.257108,clip,1.0
345cc00f9fba4c5ea58beafc1aa49aa4,DSC03199.JPG,shot_type,detail,Detail,0.260445,clip,1.0
345cc00f9fba4c5ea58beafc1aa49aa4,DSC03199.JPG,people,no_people,No people,,threshold_rule,1.0
345cc00f9fba4c5ea58beafc1aa49aa4,DSC03199.JPG,condition,object_wear,Object wear,0.273828,clip,1.0
3a0bdc4383454b839a4ac86a737d02e5,DSC03200.JPG,site,base_a,"Base A, Port Lockroy",,directory_path,1.0
3a0bdc4383454b839a4ac86a737d02e5,DSC03200.JPG,scene_type,object_study,Object study,0.25907,clip,1.0
3a0bdc4383454b839a4ac86a737d02e5,DSC03200.JPG,shot_type,detail,Detail,0.2751,clip,1.0
3a0bdc4383454b839a4ac86a737d02e5,DSC03200.JPG,people,no_people,No people,,threshold_rule,1.0
3a0bdc4383454b839a4ac86a737d02e5,DSC03200.JPG,condition,object_wear,Object wear,0.262162,clip,1.0
a867eba7b48d435bb4ef161f092f87f0,DSC03204.JPG,site,base_a,"Base A, Port Lockroy",,directory_path,1.0
a867eba7b48d435bb4ef161f092f87f0,DSC03204.JPG,scene_type,object_study,Object study,0.260894,clip,1.0
a867eba7b48d435bb4ef161f092f87f0,DSC03204.JPG,shot_type,medium,Medium view,0.24062,clip,1.0
a867eba7b48d435bb4ef161f092f87f0,DSC03204.JPG,people,no_people,No people,,threshold_rule,1.0
a867eba7b48d435bb4ef161f092f87f0,DSC03204.JPG,condition,object_wear,Object wear,0.256575,clip,1.0
3e0d326e044749b18fc05233b2f267b5,DSC03205.JPG,site,base_a,"Base A, Port Lockroy",,directory_path,1.0
3e0d326e044749b18fc05233b2f267b5,DSC03205.JPG,scene_type,object_study,Object study,0.283488,clip,1.0
3e0d326e044749b18fc05233b2f267b5,DSC03205.JPG,shot_type,medium,Medium view,0.253484,clip,1.0
3e0d326e044749b18fc05233b2f267b5,DSC03205.JPG,people,no_people,No people,,threshold_rule,1.0
3e0d326e044749b18fc05233b2f267b5,DSC03205.JPG,condition,object_wear,Object wear,0.250037,clip,1.0
96623c378f6340b9a42e17b4bdebab20,DSC03206.JPG,site,base_a,"Base A, Port Lockroy",,directory_path,1.0
96623c378f6340b9a42e17b4bdebab20,DSC03206.JPG,scene_type,object_study,Object study,0.269877,clip,1.0
96623c378f6340b9a42e17b4bdebab20,DSC03206.JPG,shot_type,detail,Detail,0.246694,clip,1.0
96623c378f6340b9a42e17b4bdebab20,DSC03206.JPG,people,no_people,No people,,threshold_rule,1.0
96623c378f6340b9a42e17b4bdebab20,DSC03206.JPG,condition,object_wear,Object wear,0.256563,clip,1.0
aad0867285844bf8963d914ff4f55279,DSC03217.JPG,site,base_a,"Base A, Port Lockroy",,directory_path,1.0
aad0867285844bf8963d914ff4f55279,DSC03217.JPG,scene_type,object_study,Object study,0.263141,clip,1.0
aad0867285844bf8963d914ff4f55279,DSC03217.JPG,shot_type,detail,Detail,0.24459,clip,1.0
aad0867285844bf8963d914ff4f55279,DSC03217.JPG,people,no_people,No people,,threshold_rule,1.0
aad0867285844bf8963d914ff4f55279,DSC03217.JPG,condition,weathered_timber,Weathered timber,0.241724,clip,1.0
aad0867285844bf8963d914ff4f55279,DSC03217.JPG,condition,object_wear,Object wear,0.275859,clip,1.0
48a25a6b741e4b408dcdd9f43b835b6b,DSC03221.JPG,site,base_a,"Base A, Port Lockroy",,directory_path,1.0
48a25a6b741e4b408dcdd9f43b835b6b,DSC03221.JPG,scene_type,object_study,Object study,0.241121,clip,1.0
48a25a6b741e4b408dcdd9f43b835b6b,DSC03221.JPG,shot_type,detail,Detail,0.225753,clip,1.0
48a25a6b741e4b408dcdd9f43b835b6b,DSC03221.JPG,people,no_people,No people,,threshold_rule,1.0
48a25a6b741e4b408dcdd9f43b835b6b,DSC03221.JPG,condition,object_wear,Object wear,0.271091,clip,1.0
95e5d11bca2d49cd8f5ba041c5e1a6a9,DSC03222.JPG,site,base_a,"Base A, Port Lockroy",,directory_path,1.0
95e5d11bca2d49cd8f5ba041c5e1a6a9,DSC03222.JPG,scene_type,object_study,Object study,0.269685,clip,1.0
95e5d11bca2d49cd8f5ba041c5e1a6a9,DSC03222.JPG,shot_type,detail,Detail,0.267318,clip,1.0
95e5d11bca2d49cd8f5ba041c5e1a6a9,DSC03222.JPG,people,partial_person,Part of a person,0.247069,clip,1.0
95e5d11bca2d49cd8f5ba041c5e1a6a9,DSC03222.JPG,orientation,facing_camera,Facing the camera,0.242391,clip,1.0
95e5d11bca2d49cd8f5ba041c5e1a6a9,DSC03222.JPG,orientation,back_to_camera,Back to the camera,0.283426,clip,1.0
95e5d11bca2d49cd8f5ba041c5e1a6a9,DSC03222.JPG,orientation,side_on,Side on,0.281307,clip,1.0
95e5d11bca2d49cd8f5ba041c5e1a6a9,DSC03222.JPG,activity,working,Working,0.242553,clip,1.0
95e5d11bca2d49cd8f5ba041c5e1a6a9,DSC03222.JPG,activity,posing,Standing or posing,0.248083,clip,1.0
95e5d11bca2d49cd8f5ba041c5e1a6a9,DSC03222.JPG,condition,object_wear,Object wear,0.279091,clip,1.0
d85a03434d744493bdb932f93c028699,DSC03227.JPG,site,base_a,"Base A, Port Lockroy",,directory_path,1.0
d85a03434d744493bdb932f93c028699,DSC03227.JPG,scene_type,object_study,Object study,0.21569,clip,1.0
d85a03434d744493bdb932f93c028699,DSC03227.JPG,shot_type,detail,Detail,0.234534,clip,1.0
d85a03434d744493bdb932f93c028699,DSC03227.JPG,people,no_people,No people,,threshold_rule,1.0
d85a03434d744493bdb932f93c028699,DSC03227.JPG,condition,object_wear,Object wear,0.2762,clip,1.0
33ec276be664464db414740d4d703ffc,F2011-1a.JPG,site,base_a,"Base A, Port Lockroy",,directory_path,1.0
33ec276be664464db414740d4d703ffc,F2011-1a.JPG,scene_type,object_study,Object study,0.23258,clip,1.0
33ec276be664464db414740d4d703ffc,F2011-1a.JPG,shot_type,detail,Detail,0.21226,clip,1.0
33ec276be664464db414740d4d703ffc,F2011-1a.JPG,people,no_people,No people,,threshold_rule,1.0
33ec276be664464db414740d4d703ffc,F2011-1a.JPG,condition,object_wear,Object wear,0.262925,clip,1.0
61cf52f21fe34015b8ed30887736aa43,F2011-1b.JPG,site,base_a,"Base A, Port Lockroy",,directory_path,1.0
61cf52f21fe34015b8ed30887736aa43,F2011-1b.JPG,scene_type,object_study,Object study,0.251859,clip,1.0
61cf52f21fe34015b8ed30887736aa43,F2011-1b.JPG,shot_type,detail,Detail,0.248721,clip,1.0
61cf52f21fe34015b8ed30887736aa43,F2011-1b.JPG,people,no_people,No people,,threshold_rule,1.0
61cf52f21fe34015b8ed30887736aa43,F2011-1b.JPG,condition,object_wear,Object wear,0.268586,clip,1.0
ead3133bed854912b46704dc944e0314,F2011-2a.JPG,site,base_a,"Base A, Port Lockroy",,directory_path,1.0
ead3133bed854912b46704dc944e0314,F2011-2a.JPG,scene_type,object_study,Object study,0.221581,clip,1.0
ead3133bed854912b46704dc944e0314,F2011-2a.JPG,shot_type,detail,Detail,0.232096,clip,1.0
ead3133bed854912b46704dc944e0314,F2011-2a.JPG,people,no_people,No people,,threshold_rule,1.0
ead3133bed854912b46704dc944e0314,F2011-2a.JPG,condition,object_wear,Object wear,0.278929,clip,1.0
7b75ecdb7def4f3e8faa1da62667c4c5,F2011-2b.JPG,site,base_a,"Base A, Port Lockroy",,directory_path,1.0
7b75ecdb7def4f3e8faa1da62667c4c5,F2011-2b.JPG,scene_type,object_study,Object study,0.216322,clip,1.0
7b75ecdb7def4f3e8faa1da62667c4c5,F2011-2b.JPG,shot_type,detail,Detail,0.265187,clip,1.0
7b75ecdb7def4f3e8faa1da62667c4c5,F2011-2b.JPG,people,no_people,No people,,threshold_rule,1.0
7b75ecdb7def4f3e8faa1da62667c4c5,F2011-2b.JPG,condition,weathered_timber,Weathered timber,0.243694,clip,1.0
7b75ecdb7def4f3e8faa1da62667c4c5,F2011-2b.JPG,condition,rust,Rust or corrosion,0.252322,clip,1.0
7b75ecdb7def4f3e8faa1da62667c4c5,F2011-2b.JPG,condition,object_wear,Object wear,0.266085,clip,1.0
6a0556b030844e5e986e6c14b0c5dbf1,F2011-2c.JPG,site,base_a,"Base A, Port Lockroy",,directory_path,1.0
6a0556b030844e5e986e6c14b0c5dbf1,F2011-2c.JPG,scene_type,object_study,Object study,0.21987,clip,1.0
6a0556b030844e5e986e6c14b0c5dbf1,F2011-2c.JPG,shot_type,detail,Detail,0.222345,clip,1.0
6a0556b030844e5e986e6c14b0c5dbf1,F2011-2c.JPG,people,no_people,No people,,threshold_rule,1.0
6a0556b030844e5e986e6c14b0c5dbf1,F2011-2c.JPG,condition,rust,Rust or corrosion,0.247817,clip,1.0
6a0556b030844e5e986e6c14b0c5dbf1,F2011-2c.JPG,condition,object_wear,Object wear,0.285672,clip,1.0
6a410cf9ffff41299c6798bfa2c07cfe,(2).jpg,site,base_a,"Base A, Port Lockroy",,directory_path,1.0
6a410cf9ffff41299c6798bfa2c07cfe,(2).jpg,scene_type,object_study,Object study,0.258903,clip,1.0
6a410cf9ffff41299c6798bfa2c07cfe,(2).jpg,shot_type,detail,Detail,0.274578,clip,1.0
6a410cf9ffff41299c6798bfa2c07cfe,(2).jpg,people,no_people,No people,,threshold_rule,1.0
6a410cf9ffff41299c6798bfa2c07cfe,(2).jpg,condition,rust,Rust or corrosion,0.2746,clip,1.0
6a410cf9ffff41299c6798bfa2c07cfe,(2).jpg,condition,object_wear,Object wear,0.262511,clip,1.0
6b12968624ab413cbdca5e1849f606b7,(3).jpg,site,base_a,"Base A, Port Lockroy",,directory_path,1.0
6b12968624ab413cbdca5e1849f606b7,(3).jpg,scene_type,object_study,Object study,0.237303,clip,1.0
6b12968624ab413cbdca5e1849f606b7,(3).jpg,shot_type,detail,Detail,0.23736,clip,1.0
6b12968624ab413cbdca5e1849f606b7,(3).jpg,people,no_people,No people,,threshold_rule,1.0
6b12968624ab413cbdca5e1849f606b7,(3).jpg,condition,object_wear,Object wear,0.254177,clip,1.0
326928728840465b8d3853fe14b426ca,A1a10a.jpg,site,base_a,"Base A, Port Lockroy",,directory_path,1.0
326928728840465b8d3853fe14b426ca,A1a10a.jpg,scene_type,interior,Interior,0.280315,clip,1.0
326928728840465b8d3853fe14b426ca,A1a10a.jpg,shot_type,detail,Detail,0.248701,clip,1.0
326928728840465b8d3853fe14b426ca,A1a10a.jpg,people,person_alone,Person alone,0.240038,clip,1.0
326928728840465b8d3853fe14b426ca,A1a10a.jpg,room,room_unknown,Room not determined,,threshold_rule,1.0
326928728840465b8d3853fe14b426ca,A1a10a.jpg,orientation,back_to_camera,Back to the camera,0.25243,clip,1.0
326928728840465b8d3853fe14b426ca,A1a10a.jpg,activity,sleeping,Sleeping,0.27143,clip,1.0
326928728840465b8d3853fe14b426ca,A1a10a.jpg,activity,posing,Standing or posing,0.241827,clip,1.0
326928728840465b8d3853fe14b426ca,A1a10a.jpg,condition,object_wear,Object wear,0.248914,clip,1.0
60f3037e6e8e426eb773f8b8050f1e4e,A1a10b.jpg,site,base_a,"Base A, Port Lockroy",,directory_path,1.0
60f3037e6e8e426eb773f8b8050f1e4e,A1a10b.jpg,scene_type,interior,Interior,0.266189,clip,1.0
60f3037e6e8e426eb773f8b8050f1e4e,A1a10b.jpg,shot_type,detail,Detail,0.245852,clip,1.0
60f3037e6e8e426eb773f8b8050f1e4e,A1a10b.jpg,people,no_people,No people,,threshold_rule,1.0
60f3037e6e8e426eb773f8b8050f1e4e,A1a10b.jpg,room,room_unknown,Room not determined,,threshold_rule,1.0
60f3037e6e8e426eb773f8b8050f1e4e,A1a10b.jpg,nature,overcast,Overcast or storm,0.258478,clip,1.0
60f3037e6e8e426eb773f8b8050f1e4e,A1a10b.jpg,condition,object_wear,Object wear,0.240968,clip,1.0
3a92f526b9d44eb5bc84e3fe9cf2f235,A1a12.jpg,site,base_a,"Base A, Port Lockroy",,directory_path,1.0
3a92f526b9d44eb5bc84e3fe9cf2f235,A1a12.jpg,scene_type,interior,Interior,0.278834,clip,1.0
3a92f526b9d44eb5bc84e3fe9cf2f235,A1a12.jpg,shot_type,medium,Medium view,0.236989,clip,1.0
3a92f526b9d44eb5bc84e3fe9cf2f235,A1a12.jpg,people,person_alone,Person alone,0.2424,clip,1.0
3a92f526b9d44eb5bc84e3fe9cf2f235,A1a12.jpg,room,kitchen,Kitchen,0.269056,clip,1.0
3a92f526b9d44eb5bc84e3fe9cf2f235,A1a12.jpg,orientation,back_to_camera,Back to the camera,0.24166,clip,1.0
3a92f526b9d44eb5bc84e3fe9cf2f235,A1a12.jpg,activity,cooking,Cooking,0.243721,clip,1.0
3a92f526b9d44eb5bc84e3fe9cf2f235,A1a12.jpg,activity,sleeping,Sleeping,0.244885,clip,1.0
3a92f526b9d44eb5bc84e3fe9cf2f235,A1a12.jpg,activity,reading_writing,Reading or writing,0.273902,clip,1.0
3a92f526b9d44eb5bc84e3fe9cf2f235,A1a12.jpg,condition,object_wear,Object wear,0.258168,clip,1.0
b02c5da17f5d4939a7d7442ffb603e68,A1b10a.jpg,site,base_a,"Base A, Port Lockroy",,directory_path,1.0
b02c5da17f5d4939a7d7442ffb603e68,A1b10a.jpg,scene_type,object_study,Object study,0.271917,clip,1.0
b02c5da17f5d4939a7d7442ffb603e68,A1b10a.jpg,shot_type,detail,Detail,0.25026,clip,1.0
b02c5da17f5d4939a7d7442ffb603e68,A1b10a.jpg,people,no_people,No people,,threshold_rule,1.0
b02c5da17f5d4939a7d7442ffb603e68,A1b10a.jpg,condition,rust,Rust or corrosion,0.260689,clip,1.0
b02c5da17f5d4939a7d7442ffb603e68,A1b10a.jpg,condition,object_wear,Object wear,0.284386,clip,1.0
6a99cc8931aa46b5a5425f38151a2cc3,A1b10b.jpg,site,base_a,"Base A, Port Lockroy",,directory_path,1.0
6a99cc8931aa46b5a5425f38151a2cc3,A1b10b.jpg,scene_type,object_study,Object study,0.267086,clip,1.0
6a99cc8931aa46b5a5425f38151a2cc3,A1b10b.jpg,shot_type,detail,Detail,0.254059,clip,1.0
6a99cc8931aa46b5a5425f38151a2cc3,A1b10b.jpg,people,no_people,No people,,threshold_rule,1.0
6a99cc8931aa46b5a5425f38151a2cc3,A1b10b.jpg,condition,rust,Rust or corrosion,0.265545,clip,1.0
6a99cc8931aa46b5a5425f38151a2cc3,A1b10b.jpg,condition,object_wear,Object wear,0.275414,clip,1.0
0fc8e5ece1dd4140852c21de4c37099d,A1b11y.jpg,site,base_a,"Base A, Port Lockroy",,directory_path,1.0
0fc8e5ece1dd4140852c21de4c37099d,A1b11y.jpg,scene_type,object_study,Object study,0.268234,clip,1.0
0fc8e5ece1dd4140852c21de4c37099d,A1b11y.jpg,shot_type,detail,Detail,0.233831,clip,1.0
0fc8e5ece1dd4140852c21de4c37099d,A1b11y.jpg,people,no_people,No people,,threshold_rule,1.0
0fc8e5ece1dd4140852c21de4c37099d,A1b11y.jpg,condition,object_wear,Object wear,0.254695,clip,1.0
8254b7ddf6c343628407426c22210b13,A1b11z.jpg,site,base_a,"Base A, Port Lockroy",,directory_path,1.0
8254b7ddf6c343628407426c22210b13,A1b11z.jpg,scene_type,object_study,Object study,0.273356,clip,1.0
8254b7ddf6c343628407426c22210b13,A1b11z.jpg,shot_type,detail,Detail,0.257138,clip,1.0
8254b7ddf6c343628407426c22210b13,A1b11z.jpg,people,no_people,No people,,threshold_rule,1.0
8254b7ddf6c343628407426c22210b13,A1b11z.jpg,condition,object_wear,Object wear,0.275354,clip,1.0
c67370214b6548b488385cbe70a29b40,A1b14a.jpg,site,base_a,"Base A, Port Lockroy",,directory_path,1.0
c67370214b6548b488385cbe70a29b40,A1b14a.jpg,scene_type,object_study,Object study,0.258778,clip,1.0
c67370214b6548b488385cbe70a29b40,A1b14a.jpg,shot_type,detail,Detail,0.243023,clip,1.0
c67370214b6548b488385cbe70a29b40,A1b14a.jpg,people,no_people,No people,,threshold_rule,1.0
c67370214b6548b488385cbe70a29b40,A1b14a.jpg,condition,rust,Rust or corrosion,0.273114,clip,1.0
c67370214b6548b488385cbe70a29b40,A1b14a.jpg,condition,object_wear,Object wear,0.285275,clip,1.0
e42d1b1d74c94d54bb5971df60996e4c,A1b14b.jpg,site,base_a,"Base A, Port Lockroy",,directory_path,1.0
e42d1b1d74c94d54bb5971df60996e4c,A1b14b.jpg,scene_type,object_study,Object study,0.276324,clip,1.0
e42d1b1d74c94d54bb5971df60996e4c,A1b14b.jpg,shot_type,detail,Detail,0.264573,clip,1.0
e42d1b1d74c94d54bb5971df60996e4c,A1b14b.jpg,people,partial_person,Part of a person,0.241182,clip,1.0
e42d1b1d74c94d54bb5971df60996e4c,A1b14b.jpg,activity,working,Working,0.248529,clip,1.0
e42d1b1d74c94d54bb5971df60996e4c,A1b14b.jpg,condition,rust,Rust or corrosion,0.279122,clip,1.0
e42d1b1d74c94d54bb5971df60996e4c,A1b14b.jpg,condition,object_wear,Object wear,0.289641,clip,1.0
76b1622848bc4d569f6a003e1480717a,A1b19.jpg,site,base_a,"Base A, Port Lockroy",,directory_path,1.0
76b1622848bc4d569f6a003e1480717a,A1b19.jpg,scene_type,object_study,Object study,0.257423,clip,1.0
76b1622848bc4d569f6a003e1480717a,A1b19.jpg,shot_type,detail,Detail,0.274353,clip,1.0
76b1622848bc4d569f6a003e1480717a,A1b19.jpg,people,partial_person,Part of a person,0.245482,clip,1.0
76b1622848bc4d569f6a003e1480717a,A1b19.jpg,activity,working,Working,0.257075,clip,1.0
76b1622848bc4d569f6a003e1480717a,A1b19.jpg,condition,rust,Rust or corrosion,0.283358,clip,1.0
76b1622848bc4d569f6a003e1480717a,A1b19.jpg,condition,object_wear,Object wear,0.306172,clip,1.0
732217b1f530494f926f5e153e926ab0,A1b19a.jpg,site,base_a,"Base A, Port Lockroy",,directory_path,1.0
732217b1f530494f926f5e153e926ab0,A1b19a.jpg,scene_type,object_study,Object study,0.257852,clip,1.0
732217b1f530494f926f5e153e926ab0,A1b19a.jpg,shot_type,medium,Medium view,0.261742,clip,1.0
732217b1f530494f926f5e153e926ab0,A1b19a.jpg,people,no_people,No people,,threshold_rule,1.0
732217b1f530494f926f5e153e926ab0,A1b19a.jpg,condition,object_wear,Object wear,0.267711,clip,1.0
9b1cdaedeb11482e8124a408796ce11c,A1b28a.jpg,site,base_a,"Base A, Port Lockroy",,directory_path,1.0
9b1cdaedeb11482e8124a408796ce11c,A1b28a.jpg,scene_type,object_study,Object study,0.2575,clip,1.0
9b1cdaedeb11482e8124a408796ce11c,A1b28a.jpg,shot_type,detail,Detail,0.259074,clip,1.0
9b1cdaedeb11482e8124a408796ce11c,A1b28a.jpg,people,no_people,No people,,threshold_rule,1.0
9b1cdaedeb11482e8124a408796ce11c,A1b28a.jpg,condition,rust,Rust or corrosion,0.244142,clip,1.0
9b1cdaedeb11482e8124a408796ce11c,A1b28a.jpg,condition,object_wear,Object wear,0.282886,clip,1.0
5932b03de40d43ea8160d14114790d7a,A1b28b.jpg,site,base_a,"Base A, Port Lockroy",,directory_path,1.0
5932b03de40d43ea8160d14114790d7a,A1b28b.jpg,scene_type,object_study,Object study,0.256359,clip,1.0
5932b03de40d43ea8160d14114790d7a,A1b28b.jpg,shot_type,detail,Detail,0.287524,clip,1.0
5932b03de40d43ea8160d14114790d7a,A1b28b.jpg,people,no_people,No people,,threshold_rule,1.0
5932b03de40d43ea8160d14114790d7a,A1b28b.jpg,condition,rust,Rust or corrosion,0.247184,clip,1.0
5932b03de40d43ea8160d14114790d7a,A1b28b.jpg,condition,object_wear,Object wear,0.276306,clip,1.0
4b57126e43b94d1eac901392c33ef2b1,A1b29.jpg,site,base_a,"Base A, Port Lockroy",,directory_path,1.0
4b57126e43b94d1eac901392c33ef2b1,A1b29.jpg,scene_type,object_study,Object study,0.230205,clip,1.0
4b57126e43b94d1eac901392c33ef2b1,A1b29.jpg,shot_type,medium,Medium view,0.223805,clip,1.0
4b57126e43b94d1eac901392c33ef2b1,A1b29.jpg,people,no_people,No people,,threshold_rule,1.0
4b57126e43b94d1eac901392c33ef2b1,A1b29.jpg,condition,rust,Rust or corrosion,0.265066,clip,1.0
4b57126e43b94d1eac901392c33ef2b1,A1b29.jpg,condition,object_wear,Object wear,0.256879,clip,1.0
185f7028f0c64a3fb5523e9c8f25cb93,A1b31a.jpg,site,base_a,"Base A, Port Lockroy",,directory_path,1.0
185f7028f0c64a3fb5523e9c8f25cb93,A1b31a.jpg,scene_type,object_study,Object study,0.237107,clip,1.0
185f7028f0c64a3fb5523e9c8f25cb93,A1b31a.jpg,shot_type,detail,Detail,0.239519,clip,1.0
185f7028f0c64a3fb5523e9c8f25cb93,A1b31a.jpg,people,no_people,No people,,threshold_rule,1.0
cc4b724ad51d4e71a425764d59d68626,A1b31b.jpg,site,base_a,"Base A, Port Lockroy",,directory_path,1.0
cc4b724ad51d4e71a425764d59d68626,A1b31b.jpg,scene_type,object_study,Object study,0.273238,clip,1.0
cc4b724ad51d4e71a425764d59d68626,A1b31b.jpg,shot_type,medium,Medium view,0.23144,clip,1.0
cc4b724ad51d4e71a425764d59d68626,A1b31b.jpg,people,no_people,No people,,threshold_rule,1.0
cc4b724ad51d4e71a425764d59d68626,A1b31b.jpg,condition,rust,Rust or corrosion,0.240191,clip,1.0
cc4b724ad51d4e71a425764d59d68626,A1b31b.jpg,condition,object_wear,Object wear,0.263386,clip,1.0
5bf69d0ee8674a2f99f6611fc91687e4,A1b32.jpg,site,base_a,"Base A, Port Lockroy",,directory_path,1.0
5bf69d0ee8674a2f99f6611fc91687e4,A1b32.jpg,scene_type,object_study,Object study,0.231486,clip,1.0
5bf69d0ee8674a2f99f6611fc91687e4,A1b32.jpg,shot_type,detail,Detail,0.216792,clip,1.0
5bf69d0ee8674a2f99f6611fc91687e4,A1b32.jpg,people,no_people,No people,,threshold_rule,1.0
5bf69d0ee8674a2f99f6611fc91687e4,A1b32.jpg,condition,rust,Rust or corrosion,0.250921,clip,1.0
5bf69d0ee8674a2f99f6611fc91687e4,A1b32.jpg,condition,object_wear,Object wear,0.273916,clip,1.0
e45803f6135e40b88a481d00fa313b29,A1b34.jpg,site,base_a,"Base A, Port Lockroy",,directory_path,1.0
e45803f6135e40b88a481d00fa313b29,A1b34.jpg,scene_type,object_study,Object study,0.279896,clip,1.0
e45803f6135e40b88a481d00fa313b29,A1b34.jpg,shot_type,detail,Detail,0.271656,clip,1.0
e45803f6135e40b88a481d00fa313b29,A1b34.jpg,people,partial_person,Part of a person,0.244173,clip,1.0
e45803f6135e40b88a481d00fa313b29,A1b34.jpg,activity,working,Working,0.25218,clip,1.0
e45803f6135e40b88a481d00fa313b29,A1b34.jpg,condition,rust,Rust or corrosion,0.258118,clip,1.0
e45803f6135e40b88a481d00fa313b29,A1b34.jpg,condition,object_wear,Object wear,0.272374,clip,1.0
88f02814c3b94574b3a40c4b5a3f060b,A1b34a.jpg,site,base_a,"Base A, Port Lockroy",,directory_path,1.0
88f02814c3b94574b3a40c4b5a3f060b,A1b34a.jpg,scene_type,object_study,Object study,0.272902,clip,1.0
88f02814c3b94574b3a40c4b5a3f060b,A1b34a.jpg,shot_type,detail,Detail,0.286768,clip,1.0
88f02814c3b94574b3a40c4b5a3f060b,A1b34a.jpg,people,partial_person,Part of a person,0.242757,clip,1.0
88f02814c3b94574b3a40c4b5a3f060b,A1b34a.jpg,orientation,mixed_orientation,Mixed orientation,0.248439,clip,1.0
88f02814c3b94574b3a40c4b5a3f060b,A1b34a.jpg,activity,working,Working,0.258588,clip,1.0
88f02814c3b94574b3a40c4b5a3f060b,A1b34a.jpg,condition,weathered_timber,Weathered timber,0.26473,clip,1.0
88f02814c3b94574b3a40c4b5a3f060b,A1b34a.jpg,condition,rust,Rust or corrosion,0.270506,clip,1.0
88f02814c3b94574b3a40c4b5a3f060b,A1b34a.jpg,condition,structural_damage,Structural damage,0.248601,clip,1.0
88f02814c3b94574b3a40c4b5a3f060b,A1b34a.jpg,condition,object_wear,Object wear,0.282339,clip,1.0
8952d1825f7c45ec8c3b259ac0482421,A1b35.jpg,site,base_a,"Base A, Port Lockroy",,directory_path,1.0
8952d1825f7c45ec8c3b259ac0482421,A1b35.jpg,scene_type,object_study,Object study,0.294645,clip,1.0
8952d1825f7c45ec8c3b259ac0482421,A1b35.jpg,shot_type,detail,Detail,0.287347,clip,1.0
8952d1825f7c45ec8c3b259ac0482421,A1b35.jpg,people,partial_person,Part of a person,0.255761,clip,1.0
8952d1825f7c45ec8c3b259ac0482421,A1b35.jpg,activity,working,Working,0.257295,clip,1.0
8952d1825f7c45ec8c3b259ac0482421,A1b35.jpg,condition,weathered_timber,Weathered timber,0.248063,clip,1.0
8952d1825f7c45ec8c3b259ac0482421,A1b35.jpg,condition,rust,Rust or corrosion,0.256566,clip,1.0
8952d1825f7c45ec8c3b259ac0482421,A1b35.jpg,condition,object_wear,Object wear,0.304648,clip,1.0
35f25236570f4a269af2f614488e4be9,A1b36&37.jpg,site,base_a,"Base A, Port Lockroy",,directory_path,1.0
35f25236570f4a269af2f614488e4be9,A1b36&37.jpg,scene_type,interior,Interior,0.251702,clip,1.0
35f25236570f4a269af2f614488e4be9,A1b36&37.jpg,shot_type,medium,Medium view,0.259175,clip,1.0
35f25236570f4a269af2f614488e4be9,A1b36&37.jpg,people,no_people,No people,,threshold_rule,1.0
35f25236570f4a269af2f614488e4be9,A1b36&37.jpg,room,radio_room,Radio room,0.311073,clip,1.0
35f25236570f4a269af2f614488e4be9,A1b36&37.jpg,condition,object_wear,Object wear,0.269968,clip,1.0
309435a1445c47678fcef465bdf32cc6,A1b41.jpg,site,base_a,"Base A, Port Lockroy",,directory_path,1.0
309435a1445c47678fcef465bdf32cc6,A1b41.jpg,scene_type,object_study,Object study,0.281121,clip,1.0
309435a1445c47678fcef465bdf32cc6,A1b41.jpg,shot_type,detail,Detail,0.249762,clip,1.0
309435a1445c47678fcef465bdf32cc6,A1b41.jpg,people,no_people,No people,,threshold_rule,1.0
309435a1445c47678fcef465bdf32cc6,A1b41.jpg,condition,object_wear,Object wear,0.285692,clip,1.0
7a5039499e0c477f947d0c30cf3229a4,A1b42a.jpg,site,base_a,"Base A, Port Lockroy",,directory_path,1.0
7a5039499e0c477f947d0c30cf3229a4,A1b42a.jpg,scene_type,object_study,Object study,0.268455,clip,1.0
7a5039499e0c477f947d0c30cf3229a4,A1b42a.jpg,shot_type,detail,Detail,0.257018,clip,1.0
7a5039499e0c477f947d0c30cf3229a4,A1b42a.jpg,people,no_people,No people,,threshold_rule,1.0
7a5039499e0c477f947d0c30cf3229a4,A1b42a.jpg,condition,object_wear,Object wear,0.279047,clip,1.0
782fc614f3a74100b44f3324a8f0ac2d,A1b42b.jpg,site,base_a,"Base A, Port Lockroy",,directory_path,1.0
782fc614f3a74100b44f3324a8f0ac2d,A1b42b.jpg,scene_type,object_study,Object study,0.277561,clip,1.0
782fc614f3a74100b44f3324a8f0ac2d,A1b42b.jpg,shot_type,detail,Detail,0.267581,clip,1.0
782fc614f3a74100b44f3324a8f0ac2d,A1b42b.jpg,people,no_people,No people,,threshold_rule,1.0
782fc614f3a74100b44f3324a8f0ac2d,A1b42b.jpg,condition,object_wear,Object wear,0.283346,clip,1.0
325cb917d04e408f9d72b39fbef521ae,A1b42c.jpg,site,base_a,"Base A, Port Lockroy",,directory_path,1.0
325cb917d04e408f9d72b39fbef521ae,A1b42c.jpg,scene_type,object_study,Object study,0.276211,clip,1.0
325cb917d04e408f9d72b39fbef521ae,A1b42c.jpg,shot_type,detail,Detail,0.266469,clip,1.0
325cb917d04e408f9d72b39fbef521ae,A1b42c.jpg,people,no_people,No people,,threshold_rule,1.0
325cb917d04e408f9d72b39fbef521ae,A1b42c.jpg,condition,object_wear,Object wear,0.260653,clip,1.0
0ad3702e17744fb3bf9217cf70521d3d,A1b43.jpg,site,base_a,"Base A, Port Lockroy",,directory_path,1.0
0ad3702e17744fb3bf9217cf70521d3d,A1b43.jpg,scene_type,object_study,Object study,0.247278,clip,1.0
0ad3702e17744fb3bf9217cf70521d3d,A1b43.jpg,shot_type,medium,Medium view,0.248855,clip,1.0
0ad3702e17744fb3bf9217cf70521d3d,A1b43.jpg,people,no_people,No people,,threshold_rule,1.0
0ad3702e17744fb3bf9217cf70521d3d,A1b43.jpg,condition,object_wear,Object wear,0.254883,clip,1.0
8b1bbd9a55444f8e9607b0487f1fa0a4,A1b44a.jpg,site,base_a,"Base A, Port Lockroy",,directory_path,1.0
8b1bbd9a55444f8e9607b0487f1fa0a4,A1b44a.jpg,scene_type,object_study,Object study,0.248545,clip,1.0
8b1bbd9a55444f8e9607b0487f1fa0a4,A1b44a.jpg,shot_type,detail,Detail,0.250507,clip,1.0
8b1bbd9a55444f8e9607b0487f1fa0a4,A1b44a.jpg,people,partial_person,Part of a person,0.24177,clip,1.0
8b1bbd9a55444f8e9607b0487f1fa0a4,A1b44a.jpg,activity,working,Working,0.247141,clip,1.0
8b1bbd9a55444f8e9607b0487f1fa0a4,A1b44a.jpg,condition,rust,Rust or corrosion,0.266633,clip,1.0
8b1bbd9a55444f8e9607b0487f1fa0a4,A1b44a.jpg,condition,object_wear,Object wear,0.276338,clip,1.0
b01507dd95fa493397cba73b68d71db6,A1b44b.jpg,site,base_a,"Base A, Port Lockroy",,directory_path,1.0
b01507dd95fa493397cba73b68d71db6,A1b44b.jpg,scene_type,object_study,Object study,0.278745,clip,1.0
b01507dd95fa493397cba73b68d71db6,A1b44b.jpg,shot_type,detail,Detail,0.257423,clip,1.0
b01507dd95fa493397cba73b68d71db6,A1b44b.jpg,people,partial_person,Part of a person,0.247575,clip,1.0
b01507dd95fa493397cba73b68d71db6,A1b44b.jpg,activity,working,Working,0.250608,clip,1.0
b01507dd95fa493397cba73b68d71db6,A1b44b.jpg,condition,rust,Rust or corrosion,0.259464,clip,1.0
b01507dd95fa493397cba73b68d71db6,A1b44b.jpg,condition,object_wear,Object wear,0.30466,clip,1.0
27fa5b1920f54afda7cdf8209e0ef1b9,A1b46.jpg,site,base_a,"Base A, Port Lockroy",,directory_path,1.0
27fa5b1920f54afda7cdf8209e0ef1b9,A1b46.jpg,scene_type,object_study,Object study,0.27459,clip,1.0
27fa5b1920f54afda7cdf8209e0ef1b9,A1b46.jpg,shot_type,detail,Detail,0.264856,clip,1.0
27fa5b1920f54afda7cdf8209e0ef1b9,A1b46.jpg,people,partial_person,Part of a person,0.244456,clip,1.0
27fa5b1920f54afda7cdf8209e0ef1b9,A1b46.jpg,activity,working,Working,0.259651,clip,1.0
27fa5b1920f54afda7cdf8209e0ef1b9,A1b46.jpg,condition,rust,Rust or corrosion,0.277715,clip,1.0
27fa5b1920f54afda7cdf8209e0ef1b9,A1b46.jpg,condition,object_wear,Object wear,0.294041,clip,1.0
ef11c8c315d04e97a9a1ba91e9de9033,A1b48.jpg,site,base_a,"Base A, Port Lockroy",,directory_path,1.0
ef11c8c315d04e97a9a1ba91e9de9033,A1b48.jpg,scene_type,object_study,Object study,0.257851,clip,1.0
ef11c8c315d04e97a9a1ba91e9de9033,A1b48.jpg,shot_type,medium,Medium view,0.276632,clip,1.0
ef11c8c315d04e97a9a1ba91e9de9033,A1b48.jpg,people,no_people,No people,,threshold_rule,1.0
ef11c8c315d04e97a9a1ba91e9de9033,A1b48.jpg,condition,rust,Rust or corrosion,0.275217,clip,1.0
ef11c8c315d04e97a9a1ba91e9de9033,A1b48.jpg,condition,object_wear,Object wear,0.286253,clip,1.0
1e6a1bd369c84ff79379afbd76768a4a,A1b5.jpg,site,base_a,"Base A, Port Lockroy",,directory_path,1.0
1e6a1bd369c84ff79379afbd76768a4a,A1b5.jpg,scene_type,object_study,Object study,0.271283,clip,1.0
1e6a1bd369c84ff79379afbd76768a4a,A1b5.jpg,shot_type,detail,Detail,0.264245,clip,1.0
1e6a1bd369c84ff79379afbd76768a4a,A1b5.jpg,people,no_people,No people,,threshold_rule,1.0
1e6a1bd369c84ff79379afbd76768a4a,A1b5.jpg,condition,rust,Rust or corrosion,0.260163,clip,1.0
1e6a1bd369c84ff79379afbd76768a4a,A1b5.jpg,condition,object_wear,Object wear,0.294123,clip,1.0
6e9bde8ac6c649fc9367137f8d6c3f8c,A1b52.jpg,site,base_a,"Base A, Port Lockroy",,directory_path,1.0
6e9bde8ac6c649fc9367137f8d6c3f8c,A1b52.jpg,scene_type,object_study,Object study,0.240371,clip,1.0
6e9bde8ac6c649fc9367137f8d6c3f8c,A1b52.jpg,shot_type,detail,Detail,0.258417,clip,1.0
6e9bde8ac6c649fc9367137f8d6c3f8c,A1b52.jpg,people,no_people,No people,,threshold_rule,1.0
6e9bde8ac6c649fc9367137f8d6c3f8c,A1b52.jpg,condition,weathered_timber,Weathered timber,0.273439,clip,1.0
6e9bde8ac6c649fc9367137f8d6c3f8c,A1b52.jpg,condition,paint_loss,Paint loss,0.242623,clip,1.0
6e9bde8ac6c649fc9367137f8d6c3f8c,A1b52.jpg,condition,rust,Rust or corrosion,0.288167,clip,1.0
6e9bde8ac6c649fc9367137f8d6c3f8c,A1b52.jpg,condition,structural_damage,Structural damage,0.243544,clip,1.0
6e9bde8ac6c649fc9367137f8d6c3f8c,A1b52.jpg,condition,object_wear,Object wear,0.295333,clip,1.0
4e0b337815c7414eb2aecd707d19e6a6,A1b53.jpg,site,base_a,"Base A, Port Lockroy",,directory_path,1.0
4e0b337815c7414eb2aecd707d19e6a6,A1b53.jpg,scene_type,object_study,Object study,0.290924,clip,1.0
4e0b337815c7414eb2aecd707d19e6a6,A1b53.jpg,shot_type,medium,Medium view,0.264939,clip,1.0
4e0b337815c7414eb2aecd707d19e6a6,A1b53.jpg,people,partial_person,Part of a person,0.249982,clip,1.0
4e0b337815c7414eb2aecd707d19e6a6,A1b53.jpg,orientation,back_to_camera,Back to the camera,0.253022,clip,1.0
4e0b337815c7414eb2aecd707d19e6a6,A1b53.jpg,orientation,side_on,Side on,0.251498,clip,1.0
4e0b337815c7414eb2aecd707d19e6a6,A1b53.jpg,activity,working,Working,0.256633,clip,1.0
4e0b337815c7414eb2aecd707d19e6a6,A1b53.jpg,activity,music,Playing music,0.257392,clip,1.0
4e0b337815c7414eb2aecd707d19e6a6,A1b53.jpg,activity,posing,Standing or posing,0.256138,clip,1.0
4e0b337815c7414eb2aecd707d19e6a6,A1b53.jpg,condition,object_wear,Object wear,0.283771,clip,1.0
7c6d64434179404bab6d882c306cfd60,A1b55.jpg,site,base_a,"Base A, Port Lockroy",,directory_path,1.0
7c6d64434179404bab6d882c306cfd60,A1b55.jpg,scene_type,object_study,Object study,0.258088,clip,1.0
7c6d64434179404bab6d882c306cfd60,A1b55.jpg,shot_type,detail,Detail,0.225162,clip,1.0
7c6d64434179404bab6d882c306cfd60,A1b55.jpg,people,no_people,No people,,threshold_rule,1.0
7c6d64434179404bab6d882c306cfd60,A1b55.jpg,condition,object_wear,Object wear,0.280357,clip,1.0
882a202e05ed498f9a18ab57e9198f22,A1b59a.jpg,site,base_a,"Base A, Port Lockroy",,directory_path,1.0
882a202e05ed498f9a18ab57e9198f22,A1b59a.jpg,scene_type,object_study,Object study,0.258992,clip,1.0
882a202e05ed498f9a18ab57e9198f22,A1b59a.jpg,shot_type,detail,Detail,0.244164,clip,1.0
882a202e05ed498f9a18ab57e9198f22,A1b59a.jpg,people,no_people,No people,,threshold_rule,1.0
882a202e05ed498f9a18ab57e9198f22,A1b59a.jpg,condition,rust,Rust or corrosion,0.281284,clip,1.0
882a202e05ed498f9a18ab57e9198f22,A1b59a.jpg,condition,object_wear,Object wear,0.29982,clip,1.0
19e0cd52ddd34a1aae4603e78c7b4641,A1b59b.jpg,site,base_a,"Base A, Port Lockroy",,directory_path,1.0
19e0cd52ddd34a1aae4603e78c7b4641,A1b59b.jpg,scene_type,object_study,Object study,0.263681,clip,1.0
19e0cd52ddd34a1aae4603e78c7b4641,A1b59b.jpg,shot_type,detail,Detail,0.235963,clip,1.0
19e0cd52ddd34a1aae4603e78c7b4641,A1b59b.jpg,people,no_people,No people,,threshold_rule,1.0
19e0cd52ddd34a1aae4603e78c7b4641,A1b59b.jpg,condition,rust,Rust or corrosion,0.262936,clip,1.0
19e0cd52ddd34a1aae4603e78c7b4641,A1b59b.jpg,condition,object_wear,Object wear,0.290361,clip,1.0
b2cc2eec212c47caa1bfd4f0e1d9ecc3,A1b59c.jpg,site,base_a,"Base A, Port Lockroy",,directory_path,1.0
b2cc2eec212c47caa1bfd4f0e1d9ecc3,A1b59c.jpg,scene_type,object_study,Object study,0.260471,clip,1.0
b2cc2eec212c47caa1bfd4f0e1d9ecc3,A1b59c.jpg,shot_type,detail,Detail,0.244982,clip,1.0
b2cc2eec212c47caa1bfd4f0e1d9ecc3,A1b59c.jpg,people,no_people,No people,,threshold_rule,1.0
b2cc2eec212c47caa1bfd4f0e1d9ecc3,A1b59c.jpg,condition,rust,Rust or corrosion,0.26652,clip,1.0
b2cc2eec212c47caa1bfd4f0e1d9ecc3,A1b59c.jpg,condition,object_wear,Object wear,0.289975,clip,1.0
600cebd86c7b4d6c9bf3053ef3afc429,A1b61.jpg,site,base_a,"Base A, Port Lockroy",,directory_path,1.0
600cebd86c7b4d6c9bf3053ef3afc429,A1b61.jpg,scene_type,interior,Interior,0.233907,clip,1.0
600cebd86c7b4d6c9bf3053ef3afc429,A1b61.jpg,shot_type,detail,Detail,0.227205,clip,1.0
600cebd86c7b4d6c9bf3053ef3afc429,A1b61.jpg,people,no_people,No people,,threshold_rule,1.0
600cebd86c7b4d6c9bf3053ef3afc429,A1b61.jpg,room,room_unknown,Room not determined,,threshold_rule,1.0
600cebd86c7b4d6c9bf3053ef3afc429,A1b61.jpg,condition,object_wear,Object wear,0.25912,clip,1.0
cfc01971550f46c4987881c268d5bd8b,A1b61a.jpg,site,base_a,"Base A, Port Lockroy",,directory_path,1.0
cfc01971550f46c4987881c268d5bd8b,A1b61a.jpg,scene_type,object_study,Object study,0.218895,clip,1.0
cfc01971550f46c4987881c268d5bd8b,A1b61a.jpg,shot_type,detail,Detail,0.219659,clip,1.0
cfc01971550f46c4987881c268d5bd8b,A1b61a.jpg,people,no_people,No people,,threshold_rule,1.0
cfc01971550f46c4987881c268d5bd8b,A1b61a.jpg,condition,object_wear,Object wear,0.261507,clip,1.0
58ad175eddc54d5f92f0246c37b1193b,A1b64.jpg,site,base_a,"Base A, Port Lockroy",,directory_path,1.0
58ad175eddc54d5f92f0246c37b1193b,A1b64.jpg,scene_type,object_study,Object study,0.263128,clip,1.0
58ad175eddc54d5f92f0246c37b1193b,A1b64.jpg,shot_type,detail,Detail,0.278058,clip,1.0
58ad175eddc54d5f92f0246c37b1193b,A1b64.jpg,people,no_people,No people,,threshold_rule,1.0
58ad175eddc54d5f92f0246c37b1193b,A1b64.jpg,condition,object_wear,Object wear,0.291966,clip,1.0
73fe59c32a344c1cbaa4a53c8b81c37c,A1b65.jpg,site,base_a,"Base A, Port Lockroy",,directory_path,1.0
73fe59c32a344c1cbaa4a53c8b81c37c,A1b65.jpg,scene_type,object_study,Object study,0.262894,clip,1.0
73fe59c32a344c1cbaa4a53c8b81c37c,A1b65.jpg,shot_type,detail,Detail,0.260088,clip,1.0
73fe59c32a344c1cbaa4a53c8b81c37c,A1b65.jpg,people,no_people,No people,,threshold_rule,1.0
73fe59c32a344c1cbaa4a53c8b81c37c,A1b65.jpg,condition,object_wear,Object wear,0.298284,clip,1.0
936591e4afb74ae9aada58f7c3333608,A1b67.jpg,site,base_a,"Base A, Port Lockroy",,directory_path,1.0
936591e4afb74ae9aada58f7c3333608,A1b67.jpg,scene_type,object_study,Object study,0.214277,clip,1.0
936591e4afb74ae9aada58f7c3333608,A1b67.jpg,shot_type,medium,Medium view,0.232877,clip,1.0
936591e4afb74ae9aada58f7c3333608,A1b67.jpg,people,no_people,No people,,threshold_rule,1.0
936591e4afb74ae9aada58f7c3333608,A1b67.jpg,condition,object_wear,Object wear,0.261581,clip,1.0
de9ddc20b77948398f2a92069d656f2e,A1b69.jpg,site,base_a,"Base A, Port Lockroy",,directory_path,1.0
de9ddc20b77948398f2a92069d656f2e,A1b69.jpg,scene_type,object_study,Object study,0.265631,clip,1.0
de9ddc20b77948398f2a92069d656f2e,A1b69.jpg,shot_type,detail,Detail,0.247097,clip,1.0
de9ddc20b77948398f2a92069d656f2e,A1b69.jpg,people,no_people,No people,,threshold_rule,1.0
de9ddc20b77948398f2a92069d656f2e,A1b69.jpg,condition,object_wear,Object wear,0.276249,clip,1.0
0f85c149dbb14eaab5aecfc64e7e02d9,A1b69a.jpg,site,base_a,"Base A, Port Lockroy",,directory_path,1.0
0f85c149dbb14eaab5aecfc64e7e02d9,A1b69a.jpg,scene_type,object_study,Object study,0.236844,clip,1.0
0f85c149dbb14eaab5aecfc64e7e02d9,A1b69a.jpg,shot_type,detail,Detail,0.240634,clip,1.0
0f85c149dbb14eaab5aecfc64e7e02d9,A1b69a.jpg,people,no_people,No people,,threshold_rule,1.0
0f85c149dbb14eaab5aecfc64e7e02d9,A1b69a.jpg,condition,object_wear,Object wear,0.243232,clip,1.0
055fcc88c41545a29877ac4803cb58d1,A1b70.jpg,site,base_a,"Base A, Port Lockroy",,directory_path,1.0
055fcc88c41545a29877ac4803cb58d1,A1b70.jpg,scene_type,interior,Interior,0.273185,clip,1.0
055fcc88c41545a29877ac4803cb58d1,A1b70.jpg,shot_type,detail,Detail,0.268386,clip,1.0
055fcc88c41545a29877ac4803cb58d1,A1b70.jpg,people,partial_person,Part of a person,0.245498,clip,1.0
055fcc88c41545a29877ac4803cb58d1,A1b70.jpg,room,radio_room,Radio room,0.336796,clip,1.0
055fcc88c41545a29877ac4803cb58d1,A1b70.jpg,activity,working,Working,0.269031,clip,1.0
055fcc88c41545a29877ac4803cb58d1,A1b70.jpg,condition,rust,Rust or corrosion,0.24203,clip,1.0
055fcc88c41545a29877ac4803cb58d1,A1b70.jpg,condition,object_wear,Object wear,0.282645,clip,1.0
5e1b1cabcc574b7fbff013e4db90379f,A1b70a.jpg,site,base_a,"Base A, Port Lockroy",,directory_path,1.0
5e1b1cabcc574b7fbff013e4db90379f,A1b70a.jpg,scene_type,interior,Interior,0.236968,clip,1.0
5e1b1cabcc574b7fbff013e4db90379f,A1b70a.jpg,shot_type,detail,Detail,0.23693,clip,1.0
5e1b1cabcc574b7fbff013e4db90379f,A1b70a.jpg,people,no_people,No people,,threshold_rule,1.0
5e1b1cabcc574b7fbff013e4db90379f,A1b70a.jpg,room,radio_room,Radio room,0.264332,clip,1.0
5e1b1cabcc574b7fbff013e4db90379f,A1b70a.jpg,condition,rust,Rust or corrosion,0.2614,clip,1.0
5e1b1cabcc574b7fbff013e4db90379f,A1b70a.jpg,condition,object_wear,Object wear,0.266173,clip,1.0
baad081f648844a0ad6d6c5f6bb9b3c8,A1b71a.jpg,site,base_a,"Base A, Port Lockroy",,directory_path,1.0
baad081f648844a0ad6d6c5f6bb9b3c8,A1b71a.jpg,scene_type,object_study,Object study,0.273332,clip,1.0
baad081f648844a0ad6d6c5f6bb9b3c8,A1b71a.jpg,shot_type,detail,Detail,0.255978,clip,1.0
baad081f648844a0ad6d6c5f6bb9b3c8,A1b71a.jpg,people,no_people,No people,,threshold_rule,1.0
baad081f648844a0ad6d6c5f6bb9b3c8,A1b71a.jpg,condition,object_wear,Object wear,0.290824,clip,1.0
407928bcb5b048c18d7b5b0d7e4c965f,A1b71b.jpg,site,base_a,"Base A, Port Lockroy",,directory_path,1.0
407928bcb5b048c18d7b5b0d7e4c965f,A1b71b.jpg,scene_type,object_study,Object study,0.275247,clip,1.0
407928bcb5b048c18d7b5b0d7e4c965f,A1b71b.jpg,shot_type,detail,Detail,0.274451,clip,1.0
407928bcb5b048c18d7b5b0d7e4c965f,A1b71b.jpg,people,partial_person,Part of a person,0.245319,clip,1.0
407928bcb5b048c18d7b5b0d7e4c965f,A1b71b.jpg,orientation,back_to_camera,Back to the camera,0.250183,clip,1.0
407928bcb5b048c18d7b5b0d7e4c965f,A1b71b.jpg,activity,working,Working,0.251143,clip,1.0
407928bcb5b048c18d7b5b0d7e4c965f,A1b71b.jpg,activity,reading_writing,Reading or writing,0.285206,clip,1.0
407928bcb5b048c18d7b5b0d7e4c965f,A1b71b.jpg,condition,object_wear,Object wear,0.290499,clip,1.0
c0c452a65c23467cac3b745cebccd70e,A1b71c.jpg,site,base_a,"Base A, Port Lockroy",,directory_path,1.0
c0c452a65c23467cac3b745cebccd70e,A1b71c.jpg,scene_type,object_study,Object study,0.283948,clip,1.0
c0c452a65c23467cac3b745cebccd70e,A1b71c.jpg,shot_type,detail,Detail,0.261823,clip,1.0
c0c452a65c23467cac3b745cebccd70e,A1b71c.jpg,people,two_people,Two people,0.244489,clip,1.0
c0c452a65c23467cac3b745cebccd70e,A1b71c.jpg,activity,working,Working,0.241594,clip,1.0
c0c452a65c23467cac3b745cebccd70e,A1b71c.jpg,activity,reading_writing,Reading or writing,0.286845,clip,1.0
c0c452a65c23467cac3b745cebccd70e,A1b71c.jpg,condition,object_wear,Object wear,0.295134,clip,1.0
3eb59d8711b94a94831f14658dfd939e,A1b71e.jpg,site,base_a,"Base A, Port Lockroy",,directory_path,1.0
3eb59d8711b94a94831f14658dfd939e,A1b71e.jpg,scene_type,object_study,Object study,0.275412,clip,1.0
3eb59d8711b94a94831f14658dfd939e,A1b71e.jpg,shot_type,detail,Detail,0.280658,clip,1.0
3eb59d8711b94a94831f14658dfd939e,A1b71e.jpg,people,partial_person,Part of a person,0.241252,clip,1.0
3eb59d8711b94a94831f14658dfd939e,A1b71e.jpg,orientation,back_to_camera,Back to the camera,0.252915,clip,1.0
3eb59d8711b94a94831f14658dfd939e,A1b71e.jpg,activity,reading_writing,Reading or writing,0.262868,clip,1.0
3eb59d8711b94a94831f14658dfd939e,A1b71e.jpg,condition,object_wear,Object wear,0.300367,clip,1.0
c07e8179681f4eb984afabd33be8a6df,A1b71p.jpg,site,base_a,"Base A, Port Lockroy",,directory_path,1.0
c07e8179681f4eb984afabd33be8a6df,A1b71p.jpg,scene_type,object_study,Object study,0.265402,clip,1.0
c07e8179681f4eb984afabd33be8a6df,A1b71p.jpg,shot_type,detail,Detail,0.268506,clip,1.0
c07e8179681f4eb984afabd33be8a6df,A1b71p.jpg,people,partial_person,Part of a person,0.247889,clip,1.0
c07e8179681f4eb984afabd33be8a6df,A1b71p.jpg,activity,working,Working,0.241389,clip,1.0
c07e8179681f4eb984afabd33be8a6df,A1b71p.jpg,activity,reading_writing,Reading or writing,0.257164,clip,1.0
c07e8179681f4eb984afabd33be8a6df,A1b71p.jpg,condition,object_wear,Object wear,0.299228,clip,1.0
b3fb5bce9f454437a7a6947e69626bf5,A1b71q.jpg,site,base_a,"Base A, Port Lockroy",,directory_path,1.0
b3fb5bce9f454437a7a6947e69626bf5,A1b71q.jpg,scene_type,interior,Interior,0.249667,clip,1.0
b3fb5bce9f454437a7a6947e69626bf5,A1b71q.jpg,shot_type,detail,Detail,0.269975,clip,1.0
b3fb5bce9f454437a7a6947e69626bf5,A1b71q.jpg,people,no_people,No people,,threshold_rule,1.0
b3fb5bce9f454437a7a6947e69626bf5,A1b71q.jpg,room,museum_display,Museum display,0.259038,clip,1.0
b3fb5bce9f454437a7a6947e69626bf5,A1b71q.jpg,condition,object_wear,Object wear,0.275876,clip,1.0
dc6f8602517d4b48a9fc86bdb2db7bc0,A1b71r.jpg,site,base_a,"Base A, Port Lockroy",,directory_path,1.0
dc6f8602517d4b48a9fc86bdb2db7bc0,A1b71r.jpg,scene_type,object_study,Object study,0.275801,clip,1.0
dc6f8602517d4b48a9fc86bdb2db7bc0,A1b71r.jpg,shot_type,detail,Detail,0.298967,clip,1.0
dc6f8602517d4b48a9fc86bdb2db7bc0,A1b71r.jpg,people,no_people,No people,,threshold_rule,1.0
dc6f8602517d4b48a9fc86bdb2db7bc0,A1b71r.jpg,condition,object_wear,Object wear,0.301497,clip,1.0
5785d4b640244d2fb5242075be621e6f,A1b71s.jpg,site,base_a,"Base A, Port Lockroy",,directory_path,1.0
5785d4b640244d2fb5242075be621e6f,A1b71s.jpg,scene_type,object_study,Object study,0.279392,clip,1.0
5785d4b640244d2fb5242075be621e6f,A1b71s.jpg,shot_type,detail,Detail,0.263865,clip,1.0
5785d4b640244d2fb5242075be621e6f,A1b71s.jpg,people,partial_person,Part of a person,0.24738,clip,1.0
5785d4b640244d2fb5242075be621e6f,A1b71s.jpg,activity,reading_writing,Reading or writing,0.28063,clip,1.0
5785d4b640244d2fb5242075be621e6f,A1b71s.jpg,condition,object_wear,Object wear,0.287457,clip,1.0
a4d17ac167d24a95ad09636376881441,A1b71t.jpg,site,base_a,"Base A, Port Lockroy",,directory_path,1.0
a4d17ac167d24a95ad09636376881441,A1b71t.jpg,scene_type,object_study,Object study,0.27042,clip,1.0
a4d17ac167d24a95ad09636376881441,A1b71t.jpg,shot_type,detail,Detail,0.283748,clip,1.0
a4d17ac167d24a95ad09636376881441,A1b71t.jpg,people,person_alone,Person alone,0.242592,clip,1.0
a4d17ac167d24a95ad09636376881441,A1b71t.jpg,orientation,back_to_camera,Back to the camera,0.2466,clip,1.0
a4d17ac167d24a95ad09636376881441,A1b71t.jpg,activity,working,Working,0.247035,clip,1.0
a4d17ac167d24a95ad09636376881441,A1b71t.jpg,activity,reading_writing,Reading or writing,0.271,clip,1.0
a4d17ac167d24a95ad09636376881441,A1b71t.jpg,condition,object_wear,Object wear,0.293841,clip,1.0
745171cf21e345babaa1e047bd7fa86a,A1b71u.jpg,site,base_a,"Base A, Port Lockroy",,directory_path,1.0
745171cf21e345babaa1e047bd7fa86a,A1b71u.jpg,scene_type,object_study,Object study,0.250729,clip,1.0
745171cf21e345babaa1e047bd7fa86a,A1b71u.jpg,shot_type,detail,Detail,0.257295,clip,1.0
745171cf21e345babaa1e047bd7fa86a,A1b71u.jpg,people,no_people,No people,,threshold_rule,1.0
745171cf21e345babaa1e047bd7fa86a,A1b71u.jpg,condition,object_wear,Object wear,0.287472,clip,1.0
8c9ea04df9fb4e388c5654159e049d02,A1b71v.jpg,site,base_a,"Base A, Port Lockroy",,directory_path,1.0
8c9ea04df9fb4e388c5654159e049d02,A1b71v.jpg,scene_type,object_study,Object study,0.259003,clip,1.0
8c9ea04df9fb4e388c5654159e049d02,A1b71v.jpg,shot_type,detail,Detail,0.268053,clip,1.0
8c9ea04df9fb4e388c5654159e049d02,A1b71v.jpg,people,partial_person,Part of a person,0.243613,clip,1.0
8c9ea04df9fb4e388c5654159e049d02,A1b71v.jpg,activity,working,Working,0.272697,clip,1.0
8c9ea04df9fb4e388c5654159e049d02,A1b71v.jpg,activity,reading_writing,Reading or writing,0.247046,clip,1.0
8c9ea04df9fb4e388c5654159e049d02,A1b71v.jpg,condition,object_wear,Object wear,0.284044,clip,1.0
a0c7153fc71e4c78b85853dd3d1afdab,A1b71w.jpg,site,base_a,"Base A, Port Lockroy",,directory_path,1.0
a0c7153fc71e4c78b85853dd3d1afdab,A1b71w.jpg,scene_type,object_study,Object study,0.275705,clip,1.0
a0c7153fc71e4c78b85853dd3d1afdab,A1b71w.jpg,shot_type,detail,Detail,0.257525,clip,1.0
a0c7153fc71e4c78b85853dd3d1afdab,A1b71w.jpg,people,no_people,No people,,threshold_rule,1.0
a0c7153fc71e4c78b85853dd3d1afdab,A1b71w.jpg,condition,object_wear,Object wear,0.293607,clip,1.0
f3ccd6669c634c6d997baee682d273a8,A1b71x.jpg,site,base_a,"Base A, Port Lockroy",,directory_path,1.0
f3ccd6669c634c6d997baee682d273a8,A1b71x.jpg,scene_type,object_study,Object study,0.267651,clip,1.0
f3ccd6669c634c6d997baee682d273a8,A1b71x.jpg,shot_type,detail,Detail,0.257251,clip,1.0
f3ccd6669c634c6d997baee682d273a8,A1b71x.jpg,people,no_people,No people,,threshold_rule,1.0
f3ccd6669c634c6d997baee682d273a8,A1b71x.jpg,condition,object_wear,Object wear,0.283454,clip,1.0
e75bac2e5ce34595bb23ddfc28b37c5b,A1b71y.jpg,site,base_a,"Base A, Port Lockroy",,directory_path,1.0
e75bac2e5ce34595bb23ddfc28b37c5b,A1b71y.jpg,scene_type,object_study,Object study,0.275874,clip,1.0
e75bac2e5ce34595bb23ddfc28b37c5b,A1b71y.jpg,shot_type,detail,Detail,0.257053,clip,1.0
e75bac2e5ce34595bb23ddfc28b37c5b,A1b71y.jpg,people,two_people,Two people,0.241729,clip,1.0
e75bac2e5ce34595bb23ddfc28b37c5b,A1b71y.jpg,activity,reading_writing,Reading or writing,0.272443,clip,1.0
e75bac2e5ce34595bb23ddfc28b37c5b,A1b71y.jpg,condition,object_wear,Object wear,0.291353,clip,1.0
6962fcf8db8e43028156308f27fd3a6c,A1b71z.jpg,site,base_a,"Base A, Port Lockroy",,directory_path,1.0
6962fcf8db8e43028156308f27fd3a6c,A1b71z.jpg,scene_type,object_study,Object study,0.277049,clip,1.0
6962fcf8db8e43028156308f27fd3a6c,A1b71z.jpg,shot_type,detail,Detail,0.265695,clip,1.0
6962fcf8db8e43028156308f27fd3a6c,A1b71z.jpg,people,person_alone,Person alone,0.245184,clip,1.0
6962fcf8db8e43028156308f27fd3a6c,A1b71z.jpg,activity,reading_writing,Reading or writing,0.287613,clip,1.0
6962fcf8db8e43028156308f27fd3a6c,A1b71z.jpg,condition,object_wear,Object wear,0.291906,clip,1.0
9d1d9ff802e042fc93d973ab4f3a566b,A1b72.jpg,site,base_a,"Base A, Port Lockroy",,directory_path,1.0
9d1d9ff802e042fc93d973ab4f3a566b,A1b72.jpg,scene_type,object_study,Object study,0.263192,clip,1.0
9d1d9ff802e042fc93d973ab4f3a566b,A1b72.jpg,shot_type,detail,Detail,0.253034,clip,1.0
9d1d9ff802e042fc93d973ab4f3a566b,A1b72.jpg,people,partial_person,Part of a person,0.242178,clip,1.0
9d1d9ff802e042fc93d973ab4f3a566b,A1b72.jpg,activity,working,Working,0.256174,clip,1.0
9d1d9ff802e042fc93d973ab4f3a566b,A1b72.jpg,condition,rust,Rust or corrosion,0.242827,clip,1.0
9d1d9ff802e042fc93d973ab4f3a566b,A1b72.jpg,condition,object_wear,Object wear,0.269081,clip,1.0
995bb8e8bad54d7fba0291515eabedc0,A1b73.jpg,site,base_a,"Base A, Port Lockroy",,directory_path,1.0
995bb8e8bad54d7fba0291515eabedc0,A1b73.jpg,scene_type,object_study,Object study,0.265403,clip,1.0
995bb8e8bad54d7fba0291515eabedc0,A1b73.jpg,shot_type,detail,Detail,0.277499,clip,1.0
995bb8e8bad54d7fba0291515eabedc0,A1b73.jpg,people,no_people,No people,,threshold_rule,1.0
995bb8e8bad54d7fba0291515eabedc0,A1b73.jpg,condition,object_wear,Object wear,0.256655,clip,1.0
d39a027db4fb46dbb7c4cf1b2749b00c,A1b74.jpg,site,base_a,"Base A, Port Lockroy",,directory_path,1.0
d39a027db4fb46dbb7c4cf1b2749b00c,A1b74.jpg,scene_type,object_study,Object study,0.262458,clip,1.0
d39a027db4fb46dbb7c4cf1b2749b00c,A1b74.jpg,shot_type,detail,Detail,0.259368,clip,1.0
d39a027db4fb46dbb7c4cf1b2749b00c,A1b74.jpg,people,no_people,No people,,threshold_rule,1.0
d39a027db4fb46dbb7c4cf1b2749b00c,A1b74.jpg,condition,object_wear,Object wear,0.299549,clip,1.0
262599dec4564d8c815674d3d2bd925f,A1b74a.jpg,site,base_a,"Base A, Port Lockroy",,directory_path,1.0
262599dec4564d8c815674d3d2bd925f,A1b74a.jpg,scene_type,object_study,Object study,0.26106,clip,1.0
262599dec4564d8c815674d3d2bd925f,A1b74a.jpg,shot_type,detail,Detail,0.264684,clip,1.0
262599dec4564d8c815674d3d2bd925f,A1b74a.jpg,people,no_people,No people,,threshold_rule,1.0
262599dec4564d8c815674d3d2bd925f,A1b74a.jpg,condition,object_wear,Object wear,0.299493,clip,1.0
2df21c369f694b2aa3f2a6895c40e359,A1b74b.jpg,site,base_a,"Base A, Port Lockroy",,directory_path,1.0
2df21c369f694b2aa3f2a6895c40e359,A1b74b.jpg,scene_type,object_study,Object study,0.256618,clip,1.0
2df21c369f694b2aa3f2a6895c40e359,A1b74b.jpg,shot_type,detail,Detail,0.268566,clip,1.0
2df21c369f694b2aa3f2a6895c40e359,A1b74b.jpg,people,no_people,No people,,threshold_rule,1.0
2df21c369f694b2aa3f2a6895c40e359,A1b74b.jpg,condition,object_wear,Object wear,0.290812,clip,1.0
ff3dc3fdd9d8495a8a9d41e62ad7c3c2,A1b74c.jpg,site,base_a,"Base A, Port Lockroy",,directory_path,1.0
ff3dc3fdd9d8495a8a9d41e62ad7c3c2,A1b74c.jpg,scene_type,object_study,Object study,0.271197,clip,1.0
ff3dc3fdd9d8495a8a9d41e62ad7c3c2,A1b74c.jpg,shot_type,detail,Detail,0.26523,clip,1.0
ff3dc3fdd9d8495a8a9d41e62ad7c3c2,A1b74c.jpg,people,no_people,No people,,threshold_rule,1.0
ff3dc3fdd9d8495a8a9d41e62ad7c3c2,A1b74c.jpg,condition,object_wear,Object wear,0.285402,clip,1.0
c4cbefaa59bd4be3addbeb9a2d598ce8,A1b75.jpg,site,base_a,"Base A, Port Lockroy",,directory_path,1.0
c4cbefaa59bd4be3addbeb9a2d598ce8,A1b75.jpg,scene_type,object_study,Object study,0.240074,clip,1.0
c4cbefaa59bd4be3addbeb9a2d598ce8,A1b75.jpg,shot_type,detail,Detail,0.270455,clip,1.0
c4cbefaa59bd4be3addbeb9a2d598ce8,A1b75.jpg,people,no_people,No people,,threshold_rule,1.0
c4cbefaa59bd4be3addbeb9a2d598ce8,A1b75.jpg,condition,object_wear,Object wear,0.273903,clip,1.0
f95339f3d2e2495eb3737ca625200820,A1b75a.jpg,site,base_a,"Base A, Port Lockroy",,directory_path,1.0
f95339f3d2e2495eb3737ca625200820,A1b75a.jpg,scene_type,object_study,Object study,0.282113,clip,1.0
f95339f3d2e2495eb3737ca625200820,A1b75a.jpg,shot_type,detail,Detail,0.267536,clip,1.0
f95339f3d2e2495eb3737ca625200820,A1b75a.jpg,people,no_people,No people,,threshold_rule,1.0
f95339f3d2e2495eb3737ca625200820,A1b75a.jpg,condition,object_wear,Object wear,0.30295,clip,1.0
428e12b6825d43109ae303854ed9340f,A1b75b.jpg,site,base_a,"Base A, Port Lockroy",,directory_path,1.0
428e12b6825d43109ae303854ed9340f,A1b75b.jpg,scene_type,interior,Interior,0.263277,clip,1.0
428e12b6825d43109ae303854ed9340f,A1b75b.jpg,shot_type,medium,Medium view,0.250931,clip,1.0
428e12b6825d43109ae303854ed9340f,A1b75b.jpg,people,no_people,No people,,threshold_rule,1.0
428e12b6825d43109ae303854ed9340f,A1b75b.jpg,room,radio_room,Radio room,0.283861,clip,1.0
428e12b6825d43109ae303854ed9340f,A1b75b.jpg,condition,object_wear,Object wear,0.288299,clip,1.0
cba73042d5bc472fbdf5a4b3e0ed77b4,A1b75c.jpg,site,base_a,"Base A, Port Lockroy",,directory_path,1.0
cba73042d5bc472fbdf5a4b3e0ed77b4,A1b75c.jpg,scene_type,interior,Interior,0.264794,clip,1.0
cba73042d5bc472fbdf5a4b3e0ed77b4,A1b75c.jpg,shot_type,detail,Detail,0.264277,clip,1.0
cba73042d5bc472fbdf5a4b3e0ed77b4,A1b75c.jpg,people,no_people,No people,,threshold_rule,1.0
cba73042d5bc472fbdf5a4b3e0ed77b4,A1b75c.jpg,room,radio_room,Radio room,0.320255,clip,1.0
cba73042d5bc472fbdf5a4b3e0ed77b4,A1b75c.jpg,condition,object_wear,Object wear,0.29816,clip,1.0
95702ff3f9f24aa490f6e2be93dc659d,A1b76.jpg,site,base_a,"Base A, Port Lockroy",,directory_path,1.0
95702ff3f9f24aa490f6e2be93dc659d,A1b76.jpg,scene_type,object_study,Object study,0.254178,clip,1.0
95702ff3f9f24aa490f6e2be93dc659d,A1b76.jpg,shot_type,detail,Detail,0.245837,clip,1.0
95702ff3f9f24aa490f6e2be93dc659d,A1b76.jpg,people,no_people,No people,,threshold_rule,1.0
95702ff3f9f24aa490f6e2be93dc659d,A1b76.jpg,condition,object_wear,Object wear,0.291241,clip,1.0
aa4c025ef6cf4746bd012cf05c7a4ecf,A1b76a.jpg,site,base_a,"Base A, Port Lockroy",,directory_path,1.0
aa4c025ef6cf4746bd012cf05c7a4ecf,A1b76a.jpg,scene_type,object_study,Object study,0.25341,clip,1.0
aa4c025ef6cf4746bd012cf05c7a4ecf,A1b76a.jpg,shot_type,detail,Detail,0.239901,clip,1.0
aa4c025ef6cf4746bd012cf05c7a4ecf,A1b76a.jpg,people,no_people,No people,,threshold_rule,1.0
aa4c025ef6cf4746bd012cf05c7a4ecf,A1b76a.jpg,condition,object_wear,Object wear,0.285555,clip,1.0
27e321cd09364ece811e4130a85c66a7,A1b76b.jpg,site,base_a,"Base A, Port Lockroy",,directory_path,1.0
27e321cd09364ece811e4130a85c66a7,A1b76b.jpg,scene_type,interior,Interior,0.263538,clip,1.0
27e321cd09364ece811e4130a85c66a7,A1b76b.jpg,shot_type,detail,Detail,0.258798,clip,1.0
27e321cd09364ece811e4130a85c66a7,A1b76b.jpg,people,no_people,No people,,threshold_rule,1.0
27e321cd09364ece811e4130a85c66a7,A1b76b.jpg,room,radio_room,Radio room,0.291135,clip,1.0
27e321cd09364ece811e4130a85c66a7,A1b76b.jpg,condition,object_wear,Object wear,0.273991,clip,1.0
8726833d09324012bd32c75578a560b4,A1b77.jpg,site,base_a,"Base A, Port Lockroy",,directory_path,1.0
8726833d09324012bd32c75578a560b4,A1b77.jpg,scene_type,object_study,Object study,0.269607,clip,1.0
8726833d09324012bd32c75578a560b4,A1b77.jpg,shot_type,detail,Detail,0.259587,clip,1.0
8726833d09324012bd32c75578a560b4,A1b77.jpg,people,no_people,No people,,threshold_rule,1.0
8726833d09324012bd32c75578a560b4,A1b77.jpg,condition,object_wear,Object wear,0.270919,clip,1.0
be037d05be8e42e38df5427c7e7e62dc,A1b77a.jpg,site,base_a,"Base A, Port Lockroy",,directory_path,1.0
be037d05be8e42e38df5427c7e7e62dc,A1b77a.jpg,scene_type,object_study,Object study,0.275322,clip,1.0
be037d05be8e42e38df5427c7e7e62dc,A1b77a.jpg,shot_type,detail,Detail,0.262036,clip,1.0
be037d05be8e42e38df5427c7e7e62dc,A1b77a.jpg,people,no_people,No people,,threshold_rule,1.0
be037d05be8e42e38df5427c7e7e62dc,A1b77a.jpg,condition,object_wear,Object wear,0.266822,clip,1.0
a0489fd2af674885b9a9d653524acb71,A1b8_1.jpg,site,base_a,"Base A, Port Lockroy",,directory_path,1.0
a0489fd2af674885b9a9d653524acb71,A1b8_1.jpg,scene_type,object_study,Object study,0.262613,clip,1.0
a0489fd2af674885b9a9d653524acb71,A1b8_1.jpg,shot_type,detail,Detail,0.233089,clip,1.0
a0489fd2af674885b9a9d653524acb71,A1b8_1.jpg,people,no_people,No people,,threshold_rule,1.0
a0489fd2af674885b9a9d653524acb71,A1b8_1.jpg,condition,rust,Rust or corrosion,0.248414,clip,1.0
a0489fd2af674885b9a9d653524acb71,A1b8_1.jpg,condition,object_wear,Object wear,0.284423,clip,1.0
e71edadb31db464d8ced3d68903f1907,A1b8_2.jpg,site,base_a,"Base A, Port Lockroy",,directory_path,1.0
e71edadb31db464d8ced3d68903f1907,A1b8_2.jpg,scene_type,object_study,Object study,0.264768,clip,1.0
e71edadb31db464d8ced3d68903f1907,A1b8_2.jpg,shot_type,detail,Detail,0.279472,clip,1.0
e71edadb31db464d8ced3d68903f1907,A1b8_2.jpg,people,no_people,No people,,threshold_rule,1.0
e71edadb31db464d8ced3d68903f1907,A1b8_2.jpg,condition,object_wear,Object wear,0.29153,clip,1.0
087d07bb297c4c6a9422f9449c3b6ec3,A1b9a.jpg,site,base_a,"Base A, Port Lockroy",,directory_path,1.0
087d07bb297c4c6a9422f9449c3b6ec3,A1b9a.jpg,scene_type,object_study,Object study,0.269371,clip,1.0
087d07bb297c4c6a9422f9449c3b6ec3,A1b9a.jpg,shot_type,detail,Detail,0.25375,clip,1.0
087d07bb297c4c6a9422f9449c3b6ec3,A1b9a.jpg,people,no_people,No people,,threshold_rule,1.0
087d07bb297c4c6a9422f9449c3b6ec3,A1b9a.jpg,condition,weathered_timber,Weathered timber,0.245279,clip,1.0
087d07bb297c4c6a9422f9449c3b6ec3,A1b9a.jpg,condition,rust,Rust or corrosion,0.244593,clip,1.0
087d07bb297c4c6a9422f9449c3b6ec3,A1b9a.jpg,condition,object_wear,Object wear,0.284543,clip,1.0
379db99103ee4f4d96753f1493526abb,A1b9b.jpg,site,base_a,"Base A, Port Lockroy",,directory_path,1.0
379db99103ee4f4d96753f1493526abb,A1b9b.jpg,scene_type,object_study,Object study,0.281905,clip,1.0
379db99103ee4f4d96753f1493526abb,A1b9b.jpg,shot_type,detail,Detail,0.271183,clip,1.0
379db99103ee4f4d96753f1493526abb,A1b9b.jpg,people,partial_person,Part of a person,0.243515,clip,1.0
379db99103ee4f4d96753f1493526abb,A1b9b.jpg,orientation,back_to_camera,Back to the camera,0.265153,clip,1.0
379db99103ee4f4d96753f1493526abb,A1b9b.jpg,activity,working,Working,0.246483,clip,1.0
379db99103ee4f4d96753f1493526abb,A1b9b.jpg,activity,reading_writing,Reading or writing,0.247847,clip,1.0
379db99103ee4f4d96753f1493526abb,A1b9b.jpg,condition,weathered_timber,Weathered timber,0.2408,clip,1.0
379db99103ee4f4d96753f1493526abb,A1b9b.jpg,condition,object_wear,Object wear,0.287911,clip,1.0
7de89a9b652443f8befcb3edfc45570d,A1b9c.jpg,site,base_a,"Base A, Port Lockroy",,directory_path,1.0
7de89a9b652443f8befcb3edfc45570d,A1b9c.jpg,scene_type,object_study,Object study,0.263558,clip,1.0
7de89a9b652443f8befcb3edfc45570d,A1b9c.jpg,shot_type,detail,Detail,0.271343,clip,1.0
7de89a9b652443f8befcb3edfc45570d,A1b9c.jpg,people,partial_person,Part of a person,0.249886,clip,1.0
7de89a9b652443f8befcb3edfc45570d,A1b9c.jpg,activity,working,Working,0.240966,clip,1.0
7de89a9b652443f8befcb3edfc45570d,A1b9c.jpg,condition,weathered_timber,Weathered timber,0.240214,clip,1.0
7de89a9b652443f8befcb3edfc45570d,A1b9c.jpg,condition,rust,Rust or corrosion,0.246803,clip,1.0
7de89a9b652443f8befcb3edfc45570d,A1b9c.jpg,condition,object_wear,Object wear,0.29104,clip,1.0
f743a65dde8745bc87abc2fdb978192c,A1c1.jpg,site,base_a,"Base A, Port Lockroy",,directory_path,1.0
f743a65dde8745bc87abc2fdb978192c,A1c1.jpg,scene_type,object_study,Object study,0.261842,clip,1.0
f743a65dde8745bc87abc2fdb978192c,A1c1.jpg,shot_type,detail,Detail,0.248789,clip,1.0
f743a65dde8745bc87abc2fdb978192c,A1c1.jpg,people,no_people,No people,,threshold_rule,1.0
f743a65dde8745bc87abc2fdb978192c,A1c1.jpg,condition,object_wear,Object wear,0.294226,clip,1.0
250b882c144345d58a299d92a0168467,A1c113_1.jpg,site,base_a,"Base A, Port Lockroy",,directory_path,1.0
250b882c144345d58a299d92a0168467,A1c113_1.jpg,scene_type,object_study,Object study,0.233197,clip,1.0
250b882c144345d58a299d92a0168467,A1c113_1.jpg,shot_type,detail,Detail,0.243881,clip,1.0
250b882c144345d58a299d92a0168467,A1c113_1.jpg,people,no_people,No people,,threshold_rule,1.0
250b882c144345d58a299d92a0168467,A1c113_1.jpg,condition,object_wear,Object wear,0.27248,clip,1.0
945fdbe5c4604a84bdc1440dd97bea11,A1c113_1a.jpg,site,base_a,"Base A, Port Lockroy",,directory_path,1.0
945fdbe5c4604a84bdc1440dd97bea11,A1c113_1a.jpg,scene_type,interior,Interior,0.221903,clip,1.0
945fdbe5c4604a84bdc1440dd97bea11,A1c113_1a.jpg,shot_type,medium,Medium view,0.225627,clip,1.0
945fdbe5c4604a84bdc1440dd97bea11,A1c113_1a.jpg,people,no_people,No people,,threshold_rule,1.0
945fdbe5c4604a84bdc1440dd97bea11,A1c113_1a.jpg,room,kitchen,Kitchen,0.25519,clip,1.0
945fdbe5c4604a84bdc1440dd97bea11,A1c113_1a.jpg,condition,object_wear,Object wear,0.252182,clip,1.0
b7a360a35589496e8bdaad360c42f6f0,A1c113_1b.jpg,site,base_a,"Base A, Port Lockroy",,directory_path,1.0
b7a360a35589496e8bdaad360c42f6f0,A1c113_1b.jpg,scene_type,object_study,Object study,0.231694,clip,1.0
b7a360a35589496e8bdaad360c42f6f0,A1c113_1b.jpg,shot_type,medium,Medium view,0.255406,clip,1.0
b7a360a35589496e8bdaad360c42f6f0,A1c113_1b.jpg,people,no_people,No people,,threshold_rule,1.0
b7a360a35589496e8bdaad360c42f6f0,A1c113_1b.jpg,condition,object_wear,Object wear,0.280964,clip,1.0
70687e6102e246ab9a32ec9881c7b097,A1c113_1c.jpg,site,base_a,"Base A, Port Lockroy",,directory_path,1.0
70687e6102e246ab9a32ec9881c7b097,A1c113_1c.jpg,scene_type,object_study,Object study,0.223035,clip,1.0
70687e6102e246ab9a32ec9881c7b097,A1c113_1c.jpg,shot_type,detail,Detail,0.239518,clip,1.0
70687e6102e246ab9a32ec9881c7b097,A1c113_1c.jpg,people,no_people,No people,,threshold_rule,1.0
061fc5c47006476d9859d3a3f77189bb,A1c113_1d.jpg,site,base_a,"Base A, Port Lockroy",,directory_path,1.0
061fc5c47006476d9859d3a3f77189bb,A1c113_1d.jpg,scene_type,interior,Interior,0.217805,clip,1.0
061fc5c47006476d9859d3a3f77189bb,A1c113_1d.jpg,shot_type,medium,Medium view,0.234503,clip,1.0
061fc5c47006476d9859d3a3f77189bb,A1c113_1d.jpg,people,no_people,No people,,threshold_rule,1.0
061fc5c47006476d9859d3a3f77189bb,A1c113_1d.jpg,room,kitchen,Kitchen,0.271792,clip,1.0
061fc5c47006476d9859d3a3f77189bb,A1c113_1d.jpg,condition,object_wear,Object wear,0.25245,clip,1.0
a282510e63f14c04884769a639c83f8d,A1c113_1e.jpg,site,base_a,"Base A, Port Lockroy",,directory_path,1.0
a282510e63f14c04884769a639c83f8d,A1c113_1e.jpg,scene_type,object_study,Object study,0.234102,clip,1.0
a282510e63f14c04884769a639c83f8d,A1c113_1e.jpg,shot_type,medium,Medium view,0.227651,clip,1.0
a282510e63f14c04884769a639c83f8d,A1c113_1e.jpg,people,no_people,No people,,threshold_rule,1.0
a282510e63f14c04884769a639c83f8d,A1c113_1e.jpg,condition,object_wear,Object wear,0.250799,clip,1.0
b1755363d67645118c8936080288aac5,A1c113_2a.jpg,site,base_a,"Base A, Port Lockroy",,directory_path,1.0
b1755363d67645118c8936080288aac5,A1c113_2a.jpg,scene_type,object_study,Object study,0.234361,clip,1.0
b1755363d67645118c8936080288aac5,A1c113_2a.jpg,shot_type,medium,Medium view,0.247101,clip,1.0
b1755363d67645118c8936080288aac5,A1c113_2a.jpg,people,no_people,No people,,threshold_rule,1.0
b1755363d67645118c8936080288aac5,A1c113_2a.jpg,condition,object_wear,Object wear,0.253968,clip,1.0
d754cc8d2f314677a87f0f38d6951efc,A1c113_2b.jpg,site,base_a,"Base A, Port Lockroy",,directory_path,1.0
d754cc8d2f314677a87f0f38d6951efc,A1c113_2b.jpg,scene_type,object_study,Object study,0.241368,clip,1.0
d754cc8d2f314677a87f0f38d6951efc,A1c113_2b.jpg,shot_type,medium,Medium view,0.259799,clip,1.0
d754cc8d2f314677a87f0f38d6951efc,A1c113_2b.jpg,people,no_people,No people,,threshold_rule,1.0
d754cc8d2f314677a87f0f38d6951efc,A1c113_2b.jpg,condition,object_wear,Object wear,0.277612,clip,1.0
0b31540d868c4d42b1f26cba1bfd6f5b,A1c113_2c.jpg,site,base_a,"Base A, Port Lockroy",,directory_path,1.0
0b31540d868c4d42b1f26cba1bfd6f5b,A1c113_2c.jpg,scene_type,object_study,Object study,0.239318,clip,1.0
0b31540d868c4d42b1f26cba1bfd6f5b,A1c113_2c.jpg,shot_type,medium,Medium view,0.255091,clip,1.0
0b31540d868c4d42b1f26cba1bfd6f5b,A1c113_2c.jpg,people,no_people,No people,,threshold_rule,1.0
0b31540d868c4d42b1f26cba1bfd6f5b,A1c113_2c.jpg,condition,object_wear,Object wear,0.254966,clip,1.0
1b8b338619b1479cbb85ad185cccc09c,A1c13.jpg,site,base_a,"Base A, Port Lockroy",,directory_path,1.0
1b8b338619b1479cbb85ad185cccc09c,A1c13.jpg,scene_type,interior,Interior,0.248072,clip,1.0
1b8b338619b1479cbb85ad185cccc09c,A1c13.jpg,shot_type,medium,Medium view,0.265955,clip,1.0
1b8b338619b1479cbb85ad185cccc09c,A1c13.jpg,people,no_people,No people,,threshold_rule,1.0
1b8b338619b1479cbb85ad185cccc09c,A1c13.jpg,room,kitchen,Kitchen,0.3178,clip,1.0
1b8b338619b1479cbb85ad185cccc09c,A1c13.jpg,condition,object_wear,Object wear,0.256731,clip,1.0
25f107822183485b8bdfc83951a0cdb4,A1c134a.jpg,site,base_a,"Base A, Port Lockroy",,directory_path,1.0
25f107822183485b8bdfc83951a0cdb4,A1c134a.jpg,scene_type,object_study,Object study,0.204841,clip,1.0
25f107822183485b8bdfc83951a0cdb4,A1c134a.jpg,shot_type,detail,Detail,0.237479,clip,1.0
25f107822183485b8bdfc83951a0cdb4,A1c134a.jpg,people,no_people,No people,,threshold_rule,1.0
25f107822183485b8bdfc83951a0cdb4,A1c134a.jpg,condition,rust,Rust or corrosion,0.240036,clip,1.0
25f107822183485b8bdfc83951a0cdb4,A1c134a.jpg,condition,object_wear,Object wear,0.267517,clip,1.0
81d28f285c6148aeb56d014e457d2df2,A1c134b.jpg,site,base_a,"Base A, Port Lockroy",,directory_path,1.0
81d28f285c6148aeb56d014e457d2df2,A1c134b.jpg,scene_type,object_study,Object study,0.227789,clip,1.0
81d28f285c6148aeb56d014e457d2df2,A1c134b.jpg,shot_type,detail,Detail,0.261109,clip,1.0
81d28f285c6148aeb56d014e457d2df2,A1c134b.jpg,people,no_people,No people,,threshold_rule,1.0
81d28f285c6148aeb56d014e457d2df2,A1c134b.jpg,condition,paint_loss,Paint loss,0.241308,clip,1.0
81d28f285c6148aeb56d014e457d2df2,A1c134b.jpg,condition,rust,Rust or corrosion,0.246833,clip,1.0
81d28f285c6148aeb56d014e457d2df2,A1c134b.jpg,condition,object_wear,Object wear,0.242106,clip,1.0
9872df212b704801aec25db961c93657,A1c134c.jpg,site,base_a,"Base A, Port Lockroy",,directory_path,1.0
9872df212b704801aec25db961c93657,A1c134c.jpg,scene_type,interior,Interior,0.227552,clip,1.0
9872df212b704801aec25db961c93657,A1c134c.jpg,shot_type,detail,Detail,0.257205,clip,1.0
9872df212b704801aec25db961c93657,A1c134c.jpg,people,no_people,No people,,threshold_rule,1.0
9872df212b704801aec25db961c93657,A1c134c.jpg,room,room_unknown,Room not determined,,threshold_rule,1.0
9872df212b704801aec25db961c93657,A1c134c.jpg,condition,paint_loss,Paint loss,0.242392,clip,1.0
9872df212b704801aec25db961c93657,A1c134c.jpg,condition,rust,Rust or corrosion,0.256629,clip,1.0
9872df212b704801aec25db961c93657,A1c134c.jpg,condition,object_wear,Object wear,0.244796,clip,1.0
2c09823f5c3946c791893dee894b57b2,A1c135.jpg,site,base_a,"Base A, Port Lockroy",,directory_path,1.0
2c09823f5c3946c791893dee894b57b2,A1c135.jpg,scene_type,object_study,Object study,0.2589,clip,1.0
2c09823f5c3946c791893dee894b57b2,A1c135.jpg,shot_type,detail,Detail,0.254194,clip,1.0
2c09823f5c3946c791893dee894b57b2,A1c135.jpg,people,no_people,No people,,threshold_rule,1.0
2c09823f5c3946c791893dee894b57b2,A1c135.jpg,condition,object_wear,Object wear,0.26251,clip,1.0
0eb350e134444ecb96880706db7b084d,A1c135a.jpg,site,base_a,"Base A, Port Lockroy",,directory_path,1.0
0eb350e134444ecb96880706db7b084d,A1c135a.jpg,scene_type,interior,Interior,0.240494,clip,1.0
0eb350e134444ecb96880706db7b084d,A1c135a.jpg,shot_type,detail,Detail,0.244418,clip,1.0
0eb350e134444ecb96880706db7b084d,A1c135a.jpg,people,no_people,No people,,threshold_rule,1.0
0eb350e134444ecb96880706db7b084d,A1c135a.jpg,room,kitchen,Kitchen,0.28515,clip,1.0
0eb350e134444ecb96880706db7b084d,A1c135a.jpg,condition,rust,Rust or corrosion,0.25396,clip,1.0
0eb350e134444ecb96880706db7b084d,A1c135a.jpg,condition,object_wear,Object wear,0.298462,clip,1.0
92727077b6ff41fab63dd227512e5cec,A1c140a.jpg,site,base_a,"Base A, Port Lockroy",,directory_path,1.0
92727077b6ff41fab63dd227512e5cec,A1c140a.jpg,scene_type,object_study,Object study,0.255866,clip,1.0
92727077b6ff41fab63dd227512e5cec,A1c140a.jpg,shot_type,detail,Detail,0.240533,clip,1.0
92727077b6ff41fab63dd227512e5cec,A1c140a.jpg,people,no_people,No people,,threshold_rule,1.0
92727077b6ff41fab63dd227512e5cec,A1c140a.jpg,condition,object_wear,Object wear,0.283362,clip,1.0
03da1be966b246f7845b3ec3d74a0494,A1c140b.jpg,site,base_a,"Base A, Port Lockroy",,directory_path,1.0
03da1be966b246f7845b3ec3d74a0494,A1c140b.jpg,scene_type,object_study,Object study,0.223224,clip,1.0
03da1be966b246f7845b3ec3d74a0494,A1c140b.jpg,shot_type,detail,Detail,0.224144,clip,1.0
03da1be966b246f7845b3ec3d74a0494,A1c140b.jpg,people,no_people,No people,,threshold_rule,1.0
03da1be966b246f7845b3ec3d74a0494,A1c140b.jpg,condition,object_wear,Object wear,0.254474,clip,1.0
2b5cf927b32348928bd49ba4e722b46b,A1c140c.jpg,site,base_a,"Base A, Port Lockroy",,directory_path,1.0
2b5cf927b32348928bd49ba4e722b46b,A1c140c.jpg,scene_type,object_study,Object study,0.228263,clip,1.0
2b5cf927b32348928bd49ba4e722b46b,A1c140c.jpg,shot_type,detail,Detail,0.248155,clip,1.0
2b5cf927b32348928bd49ba4e722b46b,A1c140c.jpg,people,two_people,Two people,0.248379,clip,1.0
2b5cf927b32348928bd49ba4e722b46b,A1c140c.jpg,condition,object_wear,Object wear,0.255816,clip,1.0
6c9e4de3d2bb46f48a5e7d5ce79d6dbc,A1c144.jpg,site,base_a,"Base A, Port Lockroy",,directory_path,1.0
6c9e4de3d2bb46f48a5e7d5ce79d6dbc,A1c144.jpg,scene_type,object_study,Object study,0.268669,clip,1.0
6c9e4de3d2bb46f48a5e7d5ce79d6dbc,A1c144.jpg,shot_type,detail,Detail,0.228971,clip,1.0
6c9e4de3d2bb46f48a5e7d5ce79d6dbc,A1c144.jpg,people,no_people,No people,,threshold_rule,1.0
6c9e4de3d2bb46f48a5e7d5ce79d6dbc,A1c144.jpg,condition,object_wear,Object wear,0.255374,clip,1.0
0f6835b9e50e433bb4ea2eceb8360a37,A1c146.jpg,site,base_a,"Base A, Port Lockroy",,directory_path,1.0
0f6835b9e50e433bb4ea2eceb8360a37,A1c146.jpg,scene_type,object_study,Object study,0.273393,clip,1.0
0f6835b9e50e433bb4ea2eceb8360a37,A1c146.jpg,shot_type,detail,Detail,0.238212,clip,1.0
0f6835b9e50e433bb4ea2eceb8360a37,A1c146.jpg,people,partial_person,Part of a person,0.251533,clip,1.0
0f6835b9e50e433bb4ea2eceb8360a37,A1c146.jpg,activity,working,Working,0.263422,clip,1.0
0f6835b9e50e433bb4ea2eceb8360a37,A1c146.jpg,condition,weathered_timber,Weathered timber,0.242795,clip,1.0
0f6835b9e50e433bb4ea2eceb8360a37,A1c146.jpg,condition,object_wear,Object wear,0.291834,clip,1.0
0d43bbcf00904bc49fffb64825af96fa,A1c147.jpg,site,base_a,"Base A, Port Lockroy",,directory_path,1.0
0d43bbcf00904bc49fffb64825af96fa,A1c147.jpg,scene_type,object_study,Object study,0.267064,clip,1.0
0d43bbcf00904bc49fffb64825af96fa,A1c147.jpg,shot_type,detail,Detail,0.235447,clip,1.0
0d43bbcf00904bc49fffb64825af96fa,A1c147.jpg,people,no_people,No people,,threshold_rule,1.0
0d43bbcf00904bc49fffb64825af96fa,A1c147.jpg,condition,object_wear,Object wear,0.260764,clip,1.0
d80ad05e7645433caec43cbdce64f628,A1c148.jpg,site,base_a,"Base A, Port Lockroy",,directory_path,1.0
d80ad05e7645433caec43cbdce64f628,A1c148.jpg,scene_type,object_study,Object study,0.246195,clip,1.0
d80ad05e7645433caec43cbdce64f628,A1c148.jpg,shot_type,detail,Detail,0.224714,clip,1.0
d80ad05e7645433caec43cbdce64f628,A1c148.jpg,people,no_people,No people,,threshold_rule,1.0
d80ad05e7645433caec43cbdce64f628,A1c148.jpg,condition,weathered_timber,Weathered timber,0.240711,clip,1.0
d80ad05e7645433caec43cbdce64f628,A1c148.jpg,condition,object_wear,Object wear,0.248992,clip,1.0
ebf4ea3b1a1d4f16abee137dabcfe311,A1c149.jpg,site,base_a,"Base A, Port Lockroy",,directory_path,1.0
ebf4ea3b1a1d4f16abee137dabcfe311,A1c149.jpg,scene_type,object_study,Object study,0.255845,clip,1.0
ebf4ea3b1a1d4f16abee137dabcfe311,A1c149.jpg,shot_type,detail,Detail,0.236378,clip,1.0
ebf4ea3b1a1d4f16abee137dabcfe311,A1c149.jpg,people,no_people,No people,,threshold_rule,1.0
ebf4ea3b1a1d4f16abee137dabcfe311,A1c149.jpg,condition,weathered_timber,Weathered timber,0.247516,clip,1.0
ebf4ea3b1a1d4f16abee137dabcfe311,A1c149.jpg,condition,object_wear,Object wear,0.277875,clip,1.0
640621454a10479faf651cf1740df6bd,A1c150.jpg,site,base_a,"Base A, Port Lockroy",,directory_path,1.0
640621454a10479faf651cf1740df6bd,A1c150.jpg,scene_type,object_study,Object study,0.275005,clip,1.0
640621454a10479faf651cf1740df6bd,A1c150.jpg,shot_type,detail,Detail,0.257668,clip,1.0
640621454a10479faf651cf1740df6bd,A1c150.jpg,people,no_people,No people,,threshold_rule,1.0
640621454a10479faf651cf1740df6bd,A1c150.jpg,condition,weathered_timber,Weathered timber,0.242946,clip,1.0
640621454a10479faf651cf1740df6bd,A1c150.jpg,condition,paint_loss,Paint loss,0.252703,clip,1.0
640621454a10479faf651cf1740df6bd,A1c150.jpg,condition,rust,Rust or corrosion,0.248722,clip,1.0
640621454a10479faf651cf1740df6bd,A1c150.jpg,condition,object_wear,Object wear,0.278696,clip,1.0
13278cd98b9e47a38ac9f34e35874b9f,A1c151.jpg,site,base_a,"Base A, Port Lockroy",,directory_path,1.0
13278cd98b9e47a38ac9f34e35874b9f,A1c151.jpg,scene_type,object_study,Object study,0.256757,clip,1.0
13278cd98b9e47a38ac9f34e35874b9f,A1c151.jpg,shot_type,detail,Detail,0.247123,clip,1.0
13278cd98b9e47a38ac9f34e35874b9f,A1c151.jpg,people,partial_person,Part of a person,0.244818,clip,1.0
13278cd98b9e47a38ac9f34e35874b9f,A1c151.jpg,activity,working,Working,0.274499,clip,1.0
13278cd98b9e47a38ac9f34e35874b9f,A1c151.jpg,condition,object_wear,Object wear,0.286751,clip,1.0
262dfd8e03a243f883ee86c61cffdb96,A1c158.jpg,site,base_a,"Base A, Port Lockroy",,directory_path,1.0
262dfd8e03a243f883ee86c61cffdb96,A1c158.jpg,scene_type,object_study,Object study,0.29043,clip,1.0
262dfd8e03a243f883ee86c61cffdb96,A1c158.jpg,shot_type,medium,Medium view,0.26386,clip,1.0
262dfd8e03a243f883ee86c61cffdb96,A1c158.jpg,people,partial_person,Part of a person,0.24827,clip,1.0
262dfd8e03a243f883ee86c61cffdb96,A1c158.jpg,orientation,back_to_camera,Back to the camera,0.252296,clip,1.0
262dfd8e03a243f883ee86c61cffdb96,A1c158.jpg,activity,working,Working,0.25073,clip,1.0
262dfd8e03a243f883ee86c61cffdb96,A1c158.jpg,activity,cooking,Cooking,0.247109,clip,1.0
262dfd8e03a243f883ee86c61cffdb96,A1c158.jpg,activity,posing,Standing or posing,0.244763,clip,1.0
262dfd8e03a243f883ee86c61cffdb96,A1c158.jpg,condition,object_wear,Object wear,0.291355,clip,1.0
f88ec7147fe248bfa6ad8e1959512cce,A1c16.jpg,site,base_a,"Base A, Port Lockroy",,directory_path,1.0
f88ec7147fe248bfa6ad8e1959512cce,A1c16.jpg,scene_type,interior,Interior,0.239949,clip,1.0
f88ec7147fe248bfa6ad8e1959512cce,A1c16.jpg,shot_type,medium,Medium view,0.233297,clip,1.0
f88ec7147fe248bfa6ad8e1959512cce,A1c16.jpg,people,no_people,No people,,threshold_rule,1.0
f88ec7147fe248bfa6ad8e1959512cce,A1c16.jpg,room,kitchen,Kitchen,0.343084,clip,1.0
f88ec7147fe248bfa6ad8e1959512cce,A1c16.jpg,condition,weathered_timber,Weathered timber,0.241119,clip,1.0
f88ec7147fe248bfa6ad8e1959512cce,A1c16.jpg,condition,object_wear,Object wear,0.273519,clip,1.0
8529b2193e2847c5b323ea164566057e,A1c166.jpg,site,base_a,"Base A, Port Lockroy",,directory_path,1.0
8529b2193e2847c5b323ea164566057e,A1c166.jpg,scene_type,object_study,Object study,0.233282,clip,1.0
8529b2193e2847c5b323ea164566057e,A1c166.jpg,shot_type,medium,Medium view,0.233233,clip,1.0
8529b2193e2847c5b323ea164566057e,A1c166.jpg,people,no_people,No people,,threshold_rule,1.0
8529b2193e2847c5b323ea164566057e,A1c166.jpg,condition,object_wear,Object wear,0.242307,clip,1.0
27aa0a9169f84d208eac4d84cddb6345,A1c166_1.jpg,site,base_a,"Base A, Port Lockroy",,directory_path,1.0
27aa0a9169f84d208eac4d84cddb6345,A1c166_1.jpg,scene_type,object_study,Object study,0.215347,clip,1.0
27aa0a9169f84d208eac4d84cddb6345,A1c166_1.jpg,shot_type,detail,Detail,0.242894,clip,1.0
27aa0a9169f84d208eac4d84cddb6345,A1c166_1.jpg,people,no_people,No people,,threshold_rule,1.0
27aa0a9169f84d208eac4d84cddb6345,A1c166_1.jpg,condition,object_wear,Object wear,0.254604,clip,1.0
d16ef1b67151408086e0c44f839caa0c,A1c166_2.jpg,site,base_a,"Base A, Port Lockroy",,directory_path,1.0
d16ef1b67151408086e0c44f839caa0c,A1c166_2.jpg,scene_type,object_study,Object study,0.189743,clip,1.0
d16ef1b67151408086e0c44f839caa0c,A1c166_2.jpg,shot_type,detail,Detail,0.203896,clip,1.0
d16ef1b67151408086e0c44f839caa0c,A1c166_2.jpg,people,no_people,No people,,threshold_rule,1.0
48d4eeb5f66e49b88402da1f19ffccfe,A1c166_3.jpg,site,base_a,"Base A, Port Lockroy",,directory_path,1.0
48d4eeb5f66e49b88402da1f19ffccfe,A1c166_3.jpg,scene_type,object_study,Object study,0.231538,clip,1.0
48d4eeb5f66e49b88402da1f19ffccfe,A1c166_3.jpg,shot_type,detail,Detail,0.246682,clip,1.0
48d4eeb5f66e49b88402da1f19ffccfe,A1c166_3.jpg,people,no_people,No people,,threshold_rule,1.0
48d4eeb5f66e49b88402da1f19ffccfe,A1c166_3.jpg,condition,object_wear,Object wear,0.246202,clip,1.0
740ac4a847c841838d25854a9496ce82,A1c166a.jpg,site,base_a,"Base A, Port Lockroy",,directory_path,1.0
740ac4a847c841838d25854a9496ce82,A1c166a.jpg,scene_type,object_study,Object study,0.23643,clip,1.0
740ac4a847c841838d25854a9496ce82,A1c166a.jpg,shot_type,detail,Detail,0.243169,clip,1.0
740ac4a847c841838d25854a9496ce82,A1c166a.jpg,people,no_people,No people,,threshold_rule,1.0
1172ca685cd34cb997385d2dacbd6637,A1c166b.jpg,site,base_a,"Base A, Port Lockroy",,directory_path,1.0
1172ca685cd34cb997385d2dacbd6637,A1c166b.jpg,scene_type,object_study,Object study,0.238439,clip,1.0
1172ca685cd34cb997385d2dacbd6637,A1c166b.jpg,shot_type,detail,Detail,0.251179,clip,1.0
1172ca685cd34cb997385d2dacbd6637,A1c166b.jpg,people,no_people,No people,,threshold_rule,1.0
1172ca685cd34cb997385d2dacbd6637,A1c166b.jpg,condition,object_wear,Object wear,0.251919,clip,1.0
629117f0a2054982acbbbe0f51584175,A1c168.jpg,site,base_a,"Base A, Port Lockroy",,directory_path,1.0
629117f0a2054982acbbbe0f51584175,A1c168.jpg,scene_type,interior,Interior,0.248281,clip,1.0
629117f0a2054982acbbbe0f51584175,A1c168.jpg,shot_type,detail,Detail,0.255011,clip,1.0
629117f0a2054982acbbbe0f51584175,A1c168.jpg,people,no_people,No people,,threshold_rule,1.0
629117f0a2054982acbbbe0f51584175,A1c168.jpg,room,kitchen,Kitchen,0.27719,clip,1.0
629117f0a2054982acbbbe0f51584175,A1c168.jpg,condition,rust,Rust or corrosion,0.251614,clip,1.0
629117f0a2054982acbbbe0f51584175,A1c168.jpg,condition,object_wear,Object wear,0.285484,clip,1.0
fe1001f7be6d4b1d8b4d6e7dd65fac63,A1c169.jpg,site,base_a,"Base A, Port Lockroy",,directory_path,1.0
fe1001f7be6d4b1d8b4d6e7dd65fac63,A1c169.jpg,scene_type,object_study,Object study,0.243043,clip,1.0
fe1001f7be6d4b1d8b4d6e7dd65fac63,A1c169.jpg,shot_type,detail,Detail,0.263738,clip,1.0
fe1001f7be6d4b1d8b4d6e7dd65fac63,A1c169.jpg,people,no_people,No people,,threshold_rule,1.0
fe1001f7be6d4b1d8b4d6e7dd65fac63,A1c169.jpg,condition,object_wear,Object wear,0.266021,clip,1.0
d6317e9a91f54eebb7759f9202a04fd7,A1c170a.jpg,site,base_a,"Base A, Port Lockroy",,directory_path,1.0
d6317e9a91f54eebb7759f9202a04fd7,A1c170a.jpg,scene_type,object_study,Object study,0.255043,clip,1.0
d6317e9a91f54eebb7759f9202a04fd7,A1c170a.jpg,shot_type,detail,Detail,0.247669,clip,1.0
d6317e9a91f54eebb7759f9202a04fd7,A1c170a.jpg,people,no_people,No people,,threshold_rule,1.0
d6317e9a91f54eebb7759f9202a04fd7,A1c170a.jpg,condition,paint_loss,Paint loss,0.243304,clip,1.0
d6317e9a91f54eebb7759f9202a04fd7,A1c170a.jpg,condition,object_wear,Object wear,0.275827,clip,1.0
944f34d1d9af4583a456874407f76cec,A1c170b.jpg,site,base_a,"Base A, Port Lockroy",,directory_path,1.0
944f34d1d9af4583a456874407f76cec,A1c170b.jpg,scene_type,object_study,Object study,0.248219,clip,1.0
944f34d1d9af4583a456874407f76cec,A1c170b.jpg,shot_type,detail,Detail,0.23371,clip,1.0
944f34d1d9af4583a456874407f76cec,A1c170b.jpg,people,no_people,No people,,threshold_rule,1.0
944f34d1d9af4583a456874407f76cec,A1c170b.jpg,condition,object_wear,Object wear,0.250677,clip,1.0
fda8bf0496b4405ca00f2ee06da91afc,A1c170c.jpg,site,base_a,"Base A, Port Lockroy",,directory_path,1.0
fda8bf0496b4405ca00f2ee06da91afc,A1c170c.jpg,scene_type,object_study,Object study,0.258741,clip,1.0
fda8bf0496b4405ca00f2ee06da91afc,A1c170c.jpg,shot_type,detail,Detail,0.243423,clip,1.0
fda8bf0496b4405ca00f2ee06da91afc,A1c170c.jpg,people,no_people,No people,,threshold_rule,1.0
fda8bf0496b4405ca00f2ee06da91afc,A1c170c.jpg,condition,rust,Rust or corrosion,0.242774,clip,1.0
fda8bf0496b4405ca00f2ee06da91afc,A1c170c.jpg,condition,object_wear,Object wear,0.271501,clip,1.0
91e80391c73f4f5099d3fd24bb1aa064,A1c171a.jpg,site,base_a,"Base A, Port Lockroy",,directory_path,1.0
91e80391c73f4f5099d3fd24bb1aa064,A1c171a.jpg,scene_type,object_study,Object study,0.257704,clip,1.0
91e80391c73f4f5099d3fd24bb1aa064,A1c171a.jpg,shot_type,detail,Detail,0.263528,clip,1.0
91e80391c73f4f5099d3fd24bb1aa064,A1c171a.jpg,people,no_people,No people,,threshold_rule,1.0
91e80391c73f4f5099d3fd24bb1aa064,A1c171a.jpg,condition,object_wear,Object wear,0.277746,clip,1.0
cbb369d5a603475b99ac303c63dd59ff,A1c171b.jpg,site,base_a,"Base A, Port Lockroy",,directory_path,1.0
cbb369d5a603475b99ac303c63dd59ff,A1c171b.jpg,scene_type,object_study,Object study,0.241555,clip,1.0
cbb369d5a603475b99ac303c63dd59ff,A1c171b.jpg,shot_type,detail,Detail,0.260978,clip,1.0
cbb369d5a603475b99ac303c63dd59ff,A1c171b.jpg,people,no_people,No people,,threshold_rule,1.0
cbb369d5a603475b99ac303c63dd59ff,A1c171b.jpg,condition,object_wear,Object wear,0.281587,clip,1.0
9a241e087bff4e6986894937d7a3b19b,A1c171c.jpg,site,base_a,"Base A, Port Lockroy",,directory_path,1.0
9a241e087bff4e6986894937d7a3b19b,A1c171c.jpg,scene_type,object_study,Object study,0.220479,clip,1.0
9a241e087bff4e6986894937d7a3b19b,A1c171c.jpg,shot_type,detail,Detail,0.241875,clip,1.0
9a241e087bff4e6986894937d7a3b19b,A1c171c.jpg,people,no_people,No people,,threshold_rule,1.0
9a241e087bff4e6986894937d7a3b19b,A1c171c.jpg,condition,object_wear,Object wear,0.260588,clip,1.0
cc07b5634f6842198e6a89eeaecbc392,A1c171d.jpg,site,base_a,"Base A, Port Lockroy",,directory_path,1.0
cc07b5634f6842198e6a89eeaecbc392,A1c171d.jpg,scene_type,object_study,Object study,0.211207,clip,1.0
cc07b5634f6842198e6a89eeaecbc392,A1c171d.jpg,shot_type,detail,Detail,0.245447,clip,1.0
cc07b5634f6842198e6a89eeaecbc392,A1c171d.jpg,people,no_people,No people,,threshold_rule,1.0
cc07b5634f6842198e6a89eeaecbc392,A1c171d.jpg,condition,rust,Rust or corrosion,0.247459,clip,1.0
cc07b5634f6842198e6a89eeaecbc392,A1c171d.jpg,condition,object_wear,Object wear,0.259817,clip,1.0
a152c9e240d3418cac956d27baa00f54,A1c172.jpg,site,base_a,"Base A, Port Lockroy",,directory_path,1.0
a152c9e240d3418cac956d27baa00f54,A1c172.jpg,scene_type,object_study,Object study,0.247067,clip,1.0
a152c9e240d3418cac956d27baa00f54,A1c172.jpg,shot_type,detail,Detail,0.244129,clip,1.0
a152c9e240d3418cac956d27baa00f54,A1c172.jpg,people,no_people,No people,,threshold_rule,1.0
a152c9e240d3418cac956d27baa00f54,A1c172.jpg,condition,rust,Rust or corrosion,0.264443,clip,1.0
a152c9e240d3418cac956d27baa00f54,A1c172.jpg,condition,object_wear,Object wear,0.269664,clip,1.0
c99b2eb30aeb45fbb8a7f75f0e9d0023,A1c173a.jpg,site,base_a,"Base A, Port Lockroy",,directory_path,1.0
c99b2eb30aeb45fbb8a7f75f0e9d0023,A1c173a.jpg,scene_type,object_study,Object study,0.237506,clip,1.0
c99b2eb30aeb45fbb8a7f75f0e9d0023,A1c173a.jpg,shot_type,detail,Detail,0.233917,clip,1.0
c99b2eb30aeb45fbb8a7f75f0e9d0023,A1c173a.jpg,people,no_people,No people,,threshold_rule,1.0
c99b2eb30aeb45fbb8a7f75f0e9d0023,A1c173a.jpg,condition,object_wear,Object wear,0.275184,clip,1.0
7f2df8eb0c8d4d86b18c0248e581c26b,A1c173b.jpg,site,base_a,"Base A, Port Lockroy",,directory_path,1.0
7f2df8eb0c8d4d86b18c0248e581c26b,A1c173b.jpg,scene_type,object_study,Object study,0.220383,clip,1.0
7f2df8eb0c8d4d86b18c0248e581c26b,A1c173b.jpg,shot_type,detail,Detail,0.235111,clip,1.0
7f2df8eb0c8d4d86b18c0248e581c26b,A1c173b.jpg,people,no_people,No people,,threshold_rule,1.0
7f2df8eb0c8d4d86b18c0248e581c26b,A1c173b.jpg,condition,object_wear,Object wear,0.270471,clip,1.0
e71173e63cb0410bbca94c9d460eb226,A1c175.jpg,site,base_a,"Base A, Port Lockroy",,directory_path,1.0
e71173e63cb0410bbca94c9d460eb226,A1c175.jpg,scene_type,object_study,Object study,0.225449,clip,1.0
e71173e63cb0410bbca94c9d460eb226,A1c175.jpg,shot_type,detail,Detail,0.223798,clip,1.0
e71173e63cb0410bbca94c9d460eb226,A1c175.jpg,people,no_people,No people,,threshold_rule,1.0
e71173e63cb0410bbca94c9d460eb226,A1c175.jpg,condition,rust,Rust or corrosion,0.27393,clip,1.0
e71173e63cb0410bbca94c9d460eb226,A1c175.jpg,condition,object_wear,Object wear,0.285372,clip,1.0
44750596b4864625a1f50eec01f64731,A1c176.jpg,site,base_a,"Base A, Port Lockroy",,directory_path,1.0
44750596b4864625a1f50eec01f64731,A1c176.jpg,scene_type,object_study,Object study,0.231999,clip,1.0
44750596b4864625a1f50eec01f64731,A1c176.jpg,shot_type,detail,Detail,0.242156,clip,1.0
44750596b4864625a1f50eec01f64731,A1c176.jpg,people,no_people,No people,,threshold_rule,1.0
44750596b4864625a1f50eec01f64731,A1c176.jpg,condition,rust,Rust or corrosion,0.245821,clip,1.0
44750596b4864625a1f50eec01f64731,A1c176.jpg,condition,object_wear,Object wear,0.275952,clip,1.0
096ddf529ad44f5ea0330effd8c91ea8,A1c177.jpg,site,base_a,"Base A, Port Lockroy",,directory_path,1.0
096ddf529ad44f5ea0330effd8c91ea8,A1c177.jpg,scene_type,object_study,Object study,0.271976,clip,1.0
096ddf529ad44f5ea0330effd8c91ea8,A1c177.jpg,shot_type,detail,Detail,0.257481,clip,1.0
096ddf529ad44f5ea0330effd8c91ea8,A1c177.jpg,people,no_people,No people,,threshold_rule,1.0
096ddf529ad44f5ea0330effd8c91ea8,A1c177.jpg,condition,paint_loss,Paint loss,0.244363,clip,1.0
096ddf529ad44f5ea0330effd8c91ea8,A1c177.jpg,condition,rust,Rust or corrosion,0.275013,clip,1.0
096ddf529ad44f5ea0330effd8c91ea8,A1c177.jpg,condition,object_wear,Object wear,0.296302,clip,1.0
2eb535cf0187435396b6379226c973ee,A1c178.jpg,site,base_a,"Base A, Port Lockroy",,directory_path,1.0
2eb535cf0187435396b6379226c973ee,A1c178.jpg,scene_type,object_study,Object study,0.242239,clip,1.0
2eb535cf0187435396b6379226c973ee,A1c178.jpg,shot_type,detail,Detail,0.245178,clip,1.0
2eb535cf0187435396b6379226c973ee,A1c178.jpg,people,no_people,No people,,threshold_rule,1.0
2eb535cf0187435396b6379226c973ee,A1c178.jpg,condition,rust,Rust or corrosion,0.248229,clip,1.0
2eb535cf0187435396b6379226c973ee,A1c178.jpg,condition,object_wear,Object wear,0.280946,clip,1.0
eaf76a041fa7444db1800be54c5df3c5,A1c180.jpg,site,base_a,"Base A, Port Lockroy",,directory_path,1.0
eaf76a041fa7444db1800be54c5df3c5,A1c180.jpg,scene_type,object_study,Object study,0.256396,clip,1.0
eaf76a041fa7444db1800be54c5df3c5,A1c180.jpg,shot_type,detail,Detail,0.263926,clip,1.0
eaf76a041fa7444db1800be54c5df3c5,A1c180.jpg,people,no_people,No people,,threshold_rule,1.0
eaf76a041fa7444db1800be54c5df3c5,A1c180.jpg,condition,rust,Rust or corrosion,0.267029,clip,1.0
eaf76a041fa7444db1800be54c5df3c5,A1c180.jpg,condition,object_wear,Object wear,0.292082,clip,1.0
6aafaa7d6383453891aabc6e48df75f5,A1c181.jpg,site,base_a,"Base A, Port Lockroy",,directory_path,1.0
6aafaa7d6383453891aabc6e48df75f5,A1c181.jpg,scene_type,object_study,Object study,0.220055,clip,1.0
6aafaa7d6383453891aabc6e48df75f5,A1c181.jpg,shot_type,detail,Detail,0.254847,clip,1.0
6aafaa7d6383453891aabc6e48df75f5,A1c181.jpg,people,no_people,No people,,threshold_rule,1.0
6aafaa7d6383453891aabc6e48df75f5,A1c181.jpg,condition,rust,Rust or corrosion,0.249107,clip,1.0
6aafaa7d6383453891aabc6e48df75f5,A1c181.jpg,condition,object_wear,Object wear,0.268684,clip,1.0
c9ff158c2bb34b98aed2301d9167854f,A1c182.jpg,site,base_a,"Base A, Port Lockroy",,directory_path,1.0
c9ff158c2bb34b98aed2301d9167854f,A1c182.jpg,scene_type,object_study,Object study,0.253153,clip,1.0
c9ff158c2bb34b98aed2301d9167854f,A1c182.jpg,shot_type,detail,Detail,0.249669,clip,1.0
c9ff158c2bb34b98aed2301d9167854f,A1c182.jpg,people,no_people,No people,,threshold_rule,1.0
c9ff158c2bb34b98aed2301d9167854f,A1c182.jpg,condition,object_wear,Object wear,0.270432,clip,1.0
a952ecce9c3a48dd85ab24d8444e6c5a,A1c182a.jpg,site,base_a,"Base A, Port Lockroy",,directory_path,1.0
a952ecce9c3a48dd85ab24d8444e6c5a,A1c182a.jpg,scene_type,object_study,Object study,0.251305,clip,1.0
a952ecce9c3a48dd85ab24d8444e6c5a,A1c182a.jpg,shot_type,detail,Detail,0.239534,clip,1.0
a952ecce9c3a48dd85ab24d8444e6c5a,A1c182a.jpg,people,no_people,No people,,threshold_rule,1.0
a952ecce9c3a48dd85ab24d8444e6c5a,A1c182a.jpg,condition,paint_loss,Paint loss,0.246725,clip,1.0
a952ecce9c3a48dd85ab24d8444e6c5a,A1c182a.jpg,condition,object_wear,Object wear,0.269963,clip,1.0
abfcde5f6ea24a37a44e1978b8063618,A1c182b.jpg,site,base_a,"Base A, Port Lockroy",,directory_path,1.0
abfcde5f6ea24a37a44e1978b8063618,A1c182b.jpg,scene_type,object_study,Object study,0.251332,clip,1.0
abfcde5f6ea24a37a44e1978b8063618,A1c182b.jpg,shot_type,detail,Detail,0.247707,clip,1.0
abfcde5f6ea24a37a44e1978b8063618,A1c182b.jpg,people,no_people,No people,,threshold_rule,1.0
abfcde5f6ea24a37a44e1978b8063618,A1c182b.jpg,condition,object_wear,Object wear,0.263515,clip,1.0
252ecb57234845c4af7bc96734cb7933,A1c182c.jpg,site,base_a,"Base A, Port Lockroy",,directory_path,1.0
252ecb57234845c4af7bc96734cb7933,A1c182c.jpg,scene_type,object_study,Object study,0.25543,clip,1.0
252ecb57234845c4af7bc96734cb7933,A1c182c.jpg,shot_type,detail,Detail,0.260734,clip,1.0
252ecb57234845c4af7bc96734cb7933,A1c182c.jpg,people,no_people,No people,,threshold_rule,1.0
252ecb57234845c4af7bc96734cb7933,A1c182c.jpg,condition,object_wear,Object wear,0.282448,clip,1.0
97aee6f967c945d695975dcc70057a08,A1c185.jpg,site,base_a,"Base A, Port Lockroy",,directory_path,1.0
97aee6f967c945d695975dcc70057a08,A1c185.jpg,scene_type,object_study,Object study,0.2305,clip,1.0
97aee6f967c945d695975dcc70057a08,A1c185.jpg,shot_type,detail,Detail,0.233159,clip,1.0
97aee6f967c945d695975dcc70057a08,A1c185.jpg,people,no_people,No people,,threshold_rule,1.0
97aee6f967c945d695975dcc70057a08,A1c185.jpg,condition,rust,Rust or corrosion,0.240983,clip,1.0
97aee6f967c945d695975dcc70057a08,A1c185.jpg,condition,object_wear,Object wear,0.264917,clip,1.0
633d22d760cd41b498d04160f67fe622,A1c186.jpg,site,base_a,"Base A, Port Lockroy",,directory_path,1.0
633d22d760cd41b498d04160f67fe622,A1c186.jpg,scene_type,object_study,Object study,0.264627,clip,1.0
633d22d760cd41b498d04160f67fe622,A1c186.jpg,shot_type,detail,Detail,0.24412,clip,1.0
633d22d760cd41b498d04160f67fe622,A1c186.jpg,people,no_people,No people,,threshold_rule,1.0
633d22d760cd41b498d04160f67fe622,A1c186.jpg,condition,object_wear,Object wear,0.277262,clip,1.0
b6eb875e3a864400a71bd04bcca12332,A1c186a.jpg,site,base_a,"Base A, Port Lockroy",,directory_path,1.0
b6eb875e3a864400a71bd04bcca12332,A1c186a.jpg,scene_type,object_study,Object study,0.232779,clip,1.0
b6eb875e3a864400a71bd04bcca12332,A1c186a.jpg,shot_type,detail,Detail,0.258405,clip,1.0
b6eb875e3a864400a71bd04bcca12332,A1c186a.jpg,people,no_people,No people,,threshold_rule,1.0
b6eb875e3a864400a71bd04bcca12332,A1c186a.jpg,condition,object_wear,Object wear,0.259001,clip,1.0
5ce98ac973224a99a7ec0de795536a75,A1c187.jpg,site,base_a,"Base A, Port Lockroy",,directory_path,1.0
5ce98ac973224a99a7ec0de795536a75,A1c187.jpg,scene_type,object_study,Object study,0.24119,clip,1.0
5ce98ac973224a99a7ec0de795536a75,A1c187.jpg,shot_type,detail,Detail,0.248261,clip,1.0
5ce98ac973224a99a7ec0de795536a75,A1c187.jpg,people,no_people,No people,,threshold_rule,1.0
5ce98ac973224a99a7ec0de795536a75,A1c187.jpg,condition,object_wear,Object wear,0.272347,clip,1.0
6dc1011aee7d4d2197d5d80706d5644e,A1c188.jpg,site,base_a,"Base A, Port Lockroy",,directory_path,1.0
6dc1011aee7d4d2197d5d80706d5644e,A1c188.jpg,scene_type,object_study,Object study,0.216174,clip,1.0
6dc1011aee7d4d2197d5d80706d5644e,A1c188.jpg,shot_type,detail,Detail,0.222968,clip,1.0
6dc1011aee7d4d2197d5d80706d5644e,A1c188.jpg,people,no_people,No people,,threshold_rule,1.0
6dc1011aee7d4d2197d5d80706d5644e,A1c188.jpg,condition,object_wear,Object wear,0.240677,clip,1.0
3dd2407d7a974b72bf105821bf6e5b62,A1c190.jpg,site,base_a,"Base A, Port Lockroy",,directory_path,1.0
3dd2407d7a974b72bf105821bf6e5b62,A1c190.jpg,scene_type,object_study,Object study,0.241836,clip,1.0
3dd2407d7a974b72bf105821bf6e5b62,A1c190.jpg,shot_type,detail,Detail,0.254115,clip,1.0
3dd2407d7a974b72bf105821bf6e5b62,A1c190.jpg,people,no_people,No people,,threshold_rule,1.0
3dd2407d7a974b72bf105821bf6e5b62,A1c190.jpg,condition,object_wear,Object wear,0.269329,clip,1.0
dc381f2462144b0f9acecb4f29d04cf5,A1c191.jpg,site,base_a,"Base A, Port Lockroy",,directory_path,1.0
dc381f2462144b0f9acecb4f29d04cf5,A1c191.jpg,scene_type,interior,Interior,0.225687,clip,1.0
dc381f2462144b0f9acecb4f29d04cf5,A1c191.jpg,shot_type,detail,Detail,0.243295,clip,1.0
dc381f2462144b0f9acecb4f29d04cf5,A1c191.jpg,people,no_people,No people,,threshold_rule,1.0
dc381f2462144b0f9acecb4f29d04cf5,A1c191.jpg,room,kitchen,Kitchen,0.295304,clip,1.0
dc381f2462144b0f9acecb4f29d04cf5,A1c191.jpg,condition,rust,Rust or corrosion,0.258015,clip,1.0
dc381f2462144b0f9acecb4f29d04cf5,A1c191.jpg,condition,object_wear,Object wear,0.281237,clip,1.0
66f184b666714f0b8dd3550fb858a630,A1c192.jpg,site,base_a,"Base A, Port Lockroy",,directory_path,1.0
66f184b666714f0b8dd3550fb858a630,A1c192.jpg,scene_type,object_study,Object study,0.296223,clip,1.0
66f184b666714f0b8dd3550fb858a630,A1c192.jpg,shot_type,detail,Detail,0.232275,clip,1.0
66f184b666714f0b8dd3550fb858a630,A1c192.jpg,people,partial_person,Part of a person,0.248761,clip,1.0
66f184b666714f0b8dd3550fb858a630,A1c192.jpg,activity,working,Working,0.25466,clip,1.0
66f184b666714f0b8dd3550fb858a630,A1c192.jpg,activity,cooking,Cooking,0.263767,clip,1.0
66f184b666714f0b8dd3550fb858a630,A1c192.jpg,activity,music,Playing music,0.241602,clip,1.0
66f184b666714f0b8dd3550fb858a630,A1c192.jpg,condition,object_wear,Object wear,0.265672,clip,1.0
3647dd8b2aff491f92d29213a0f06e6a,A1c194b.jpg,site,base_a,"Base A, Port Lockroy",,directory_path,1.0
3647dd8b2aff491f92d29213a0f06e6a,A1c194b.jpg,scene_type,object_study,Object study,0.219577,clip,1.0
3647dd8b2aff491f92d29213a0f06e6a,A1c194b.jpg,shot_type,detail,Detail,0.218729,clip,1.0
3647dd8b2aff491f92d29213a0f06e6a,A1c194b.jpg,people,no_people,No people,,threshold_rule,1.0
c6397fdd335548a1a6f7ef113b70cbc6,A1c195a.jpg,site,base_a,"Base A, Port Lockroy",,directory_path,1.0
c6397fdd335548a1a6f7ef113b70cbc6,A1c195a.jpg,scene_type,interior,Interior,0.231016,clip,1.0
c6397fdd335548a1a6f7ef113b70cbc6,A1c195a.jpg,shot_type,detail,Detail,0.250848,clip,1.0
c6397fdd335548a1a6f7ef113b70cbc6,A1c195a.jpg,people,no_people,No people,,threshold_rule,1.0
c6397fdd335548a1a6f7ef113b70cbc6,A1c195a.jpg,room,museum_display,Museum display,0.253327,clip,1.0
c6397fdd335548a1a6f7ef113b70cbc6,A1c195a.jpg,condition,object_wear,Object wear,0.266823,clip,1.0
b4d75ef2928442aabaf8eadba10c2c69,A1c195b.jpg,site,base_a,"Base A, Port Lockroy",,directory_path,1.0
b4d75ef2928442aabaf8eadba10c2c69,A1c195b.jpg,scene_type,object_study,Object study,0.261511,clip,1.0
b4d75ef2928442aabaf8eadba10c2c69,A1c195b.jpg,shot_type,detail,Detail,0.259331,clip,1.0
b4d75ef2928442aabaf8eadba10c2c69,A1c195b.jpg,people,no_people,No people,,threshold_rule,1.0
b4d75ef2928442aabaf8eadba10c2c69,A1c195b.jpg,condition,object_wear,Object wear,0.297233,clip,1.0
db4ff0a9e48440a2b2728165e51ba323,A1c195c.jpg,site,base_a,"Base A, Port Lockroy",,directory_path,1.0
db4ff0a9e48440a2b2728165e51ba323,A1c195c.jpg,scene_type,object_study,Object study,0.260056,clip,1.0
db4ff0a9e48440a2b2728165e51ba323,A1c195c.jpg,shot_type,detail,Detail,0.269187,clip,1.0
db4ff0a9e48440a2b2728165e51ba323,A1c195c.jpg,people,no_people,No people,,threshold_rule,1.0
db4ff0a9e48440a2b2728165e51ba323,A1c195c.jpg,condition,rust,Rust or corrosion,0.25663,clip,1.0
db4ff0a9e48440a2b2728165e51ba323,A1c195c.jpg,condition,object_wear,Object wear,0.292787,clip,1.0
6556bbd88e944ba1af7377b79d21100e,A1c196.jpg,site,base_a,"Base A, Port Lockroy",,directory_path,1.0
6556bbd88e944ba1af7377b79d21100e,A1c196.jpg,scene_type,object_study,Object study,0.23703,clip,1.0
6556bbd88e944ba1af7377b79d21100e,A1c196.jpg,shot_type,medium,Medium view,0.243611,clip,1.0
6556bbd88e944ba1af7377b79d21100e,A1c196.jpg,people,no_people,No people,,threshold_rule,1.0
6556bbd88e944ba1af7377b79d21100e,A1c196.jpg,condition,rust,Rust or corrosion,0.277278,clip,1.0
6556bbd88e944ba1af7377b79d21100e,A1c196.jpg,condition,object_wear,Object wear,0.276761,clip,1.0
a38e41299e2d451cb83ddd86a8ab6dde,A1c197a.jpg,site,base_a,"Base A, Port Lockroy",,directory_path,1.0
a38e41299e2d451cb83ddd86a8ab6dde,A1c197a.jpg,scene_type,object_study,Object study,0.245973,clip,1.0
a38e41299e2d451cb83ddd86a8ab6dde,A1c197a.jpg,shot_type,detail,Detail,0.25777,clip,1.0
a38e41299e2d451cb83ddd86a8ab6dde,A1c197a.jpg,people,no_people,No people,,threshold_rule,1.0
a38e41299e2d451cb83ddd86a8ab6dde,A1c197a.jpg,condition,object_wear,Object wear,0.260254,clip,1.0
79b98107a1f54983b21ea68d6ced0c99,A1c197b.jpg,site,base_a,"Base A, Port Lockroy",,directory_path,1.0
79b98107a1f54983b21ea68d6ced0c99,A1c197b.jpg,scene_type,object_study,Object study,0.264513,clip,1.0
79b98107a1f54983b21ea68d6ced0c99,A1c197b.jpg,shot_type,detail,Detail,0.248788,clip,1.0
79b98107a1f54983b21ea68d6ced0c99,A1c197b.jpg,people,no_people,No people,,threshold_rule,1.0
79b98107a1f54983b21ea68d6ced0c99,A1c197b.jpg,condition,object_wear,Object wear,0.274175,clip,1.0
e3dab2d264774935a4efb6c615d1ee6b,A1c19a.jpg,site,base_a,"Base A, Port Lockroy",,directory_path,1.0
e3dab2d264774935a4efb6c615d1ee6b,A1c19a.jpg,scene_type,object_study,Object study,0.278601,clip,1.0
e3dab2d264774935a4efb6c615d1ee6b,A1c19a.jpg,shot_type,detail,Detail,0.268835,clip,1.0
e3dab2d264774935a4efb6c615d1ee6b,A1c19a.jpg,people,partial_person,Part of a person,0.24645,clip,1.0
e3dab2d264774935a4efb6c615d1ee6b,A1c19a.jpg,activity,cooking,Cooking,0.257872,clip,1.0
e3dab2d264774935a4efb6c615d1ee6b,A1c19a.jpg,condition,weathered_timber,Weathered timber,0.256032,clip,1.0
e3dab2d264774935a4efb6c615d1ee6b,A1c19a.jpg,condition,rust,Rust or corrosion,0.24499,clip,1.0
e3dab2d264774935a4efb6c615d1ee6b,A1c19a.jpg,condition,object_wear,Object wear,0.286296,clip,1.0
3dc2cae5008e43dfba5b595a4362b713,A1c19c.jpg,site,base_a,"Base A, Port Lockroy",,directory_path,1.0
3dc2cae5008e43dfba5b595a4362b713,A1c19c.jpg,scene_type,object_study,Object study,0.265786,clip,1.0
3dc2cae5008e43dfba5b595a4362b713,A1c19c.jpg,shot_type,detail,Detail,0.252612,clip,1.0
3dc2cae5008e43dfba5b595a4362b713,A1c19c.jpg,people,no_people,No people,,threshold_rule,1.0
3dc2cae5008e43dfba5b595a4362b713,A1c19c.jpg,condition,weathered_timber,Weathered timber,0.247953,clip,1.0
3dc2cae5008e43dfba5b595a4362b713,A1c19c.jpg,condition,rust,Rust or corrosion,0.252453,clip,1.0
3dc2cae5008e43dfba5b595a4362b713,A1c19c.jpg,condition,object_wear,Object wear,0.289935,clip,1.0
636556b1aacf4a2e91ba8ba2596686a1,A1c19e.jpg,site,base_a,"Base A, Port Lockroy",,directory_path,1.0
636556b1aacf4a2e91ba8ba2596686a1,A1c19e.jpg,scene_type,object_study,Object study,0.284419,clip,1.0
636556b1aacf4a2e91ba8ba2596686a1,A1c19e.jpg,shot_type,detail,Detail,0.248192,clip,1.0
636556b1aacf4a2e91ba8ba2596686a1,A1c19e.jpg,people,partial_person,Part of a person,0.245392,clip,1.0
636556b1aacf4a2e91ba8ba2596686a1,A1c19e.jpg,orientation,back_to_camera,Back to the camera,0.248367,clip,1.0
636556b1aacf4a2e91ba8ba2596686a1,A1c19e.jpg,activity,working,Working,0.250253,clip,1.0
636556b1aacf4a2e91ba8ba2596686a1,A1c19e.jpg,activity,posing,Standing or posing,0.245478,clip,1.0
636556b1aacf4a2e91ba8ba2596686a1,A1c19e.jpg,condition,rust,Rust or corrosion,0.248678,clip,1.0
636556b1aacf4a2e91ba8ba2596686a1,A1c19e.jpg,condition,object_wear,Object wear,0.294771,clip,1.0
d456f1d50ede42f2b972e202f025ff5c,A1c1h.jpg,site,base_a,"Base A, Port Lockroy",,directory_path,1.0
d456f1d50ede42f2b972e202f025ff5c,A1c1h.jpg,scene_type,interior,Interior,0.230091,clip,1.0
d456f1d50ede42f2b972e202f025ff5c,A1c1h.jpg,shot_type,detail,Detail,0.239172,clip,1.0
d456f1d50ede42f2b972e202f025ff5c,A1c1h.jpg,people,no_people,No people,,threshold_rule,1.0
d456f1d50ede42f2b972e202f025ff5c,A1c1h.jpg,room,museum_display,Museum display,0.248664,clip,1.0
d456f1d50ede42f2b972e202f025ff5c,A1c1h.jpg,condition,rust,Rust or corrosion,0.243158,clip,1.0
d456f1d50ede42f2b972e202f025ff5c,A1c1h.jpg,condition,object_wear,Object wear,0.245964,clip,1.0
e36ab7ffc1d44769a912e5ba65c2263d,A1c1j.jpg,site,base_a,"Base A, Port Lockroy",,directory_path,1.0
e36ab7ffc1d44769a912e5ba65c2263d,A1c1j.jpg,scene_type,interior,Interior,0.238652,clip,1.0
e36ab7ffc1d44769a912e5ba65c2263d,A1c1j.jpg,shot_type,detail,Detail,0.264673,clip,1.0
e36ab7ffc1d44769a912e5ba65c2263d,A1c1j.jpg,people,no_people,No people,,threshold_rule,1.0
e36ab7ffc1d44769a912e5ba65c2263d,A1c1j.jpg,room,kitchen,Kitchen,0.265756,clip,1.0
e36ab7ffc1d44769a912e5ba65c2263d,A1c1j.jpg,condition,rust,Rust or corrosion,0.253975,clip,1.0
e36ab7ffc1d44769a912e5ba65c2263d,A1c1j.jpg,condition,object_wear,Object wear,0.273649,clip,1.0
03d7915d0dc04477af0703b49290bbb3,A1c1p.jpg,site,base_a,"Base A, Port Lockroy",,directory_path,1.0
03d7915d0dc04477af0703b49290bbb3,A1c1p.jpg,scene_type,object_study,Object study,0.246017,clip,1.0
03d7915d0dc04477af0703b49290bbb3,A1c1p.jpg,shot_type,detail,Detail,0.254577,clip,1.0
03d7915d0dc04477af0703b49290bbb3,A1c1p.jpg,people,no_people,No people,,threshold_rule,1.0
03d7915d0dc04477af0703b49290bbb3,A1c1p.jpg,condition,rust,Rust or corrosion,0.244035,clip,1.0
03d7915d0dc04477af0703b49290bbb3,A1c1p.jpg,condition,object_wear,Object wear,0.284543,clip,1.0
814ce0d03f764196822fa1e4a8f66cc3,A1c1q.jpg,site,base_a,"Base A, Port Lockroy",,directory_path,1.0
814ce0d03f764196822fa1e4a8f66cc3,A1c1q.jpg,scene_type,object_study,Object study,0.250894,clip,1.0
814ce0d03f764196822fa1e4a8f66cc3,A1c1q.jpg,shot_type,detail,Detail,0.242118,clip,1.0
814ce0d03f764196822fa1e4a8f66cc3,A1c1q.jpg,people,partial_person,Part of a person,0.240703,clip,1.0
814ce0d03f764196822fa1e4a8f66cc3,A1c1q.jpg,activity,working,Working,0.262391,clip,1.0
814ce0d03f764196822fa1e4a8f66cc3,A1c1q.jpg,activity,cooking,Cooking,0.272937,clip,1.0
814ce0d03f764196822fa1e4a8f66cc3,A1c1q.jpg,condition,object_wear,Object wear,0.274995,clip,1.0
cf362aaf28254ec59961cafc046ff490,A1c1r.jpg,site,base_a,"Base A, Port Lockroy",,directory_path,1.0
cf362aaf28254ec59961cafc046ff490,A1c1r.jpg,scene_type,object_study,Object study,0.261307,clip,1.0
cf362aaf28254ec59961cafc046ff490,A1c1r.jpg,shot_type,detail,Detail,0.26495,clip,1.0
cf362aaf28254ec59961cafc046ff490,A1c1r.jpg,people,partial_person,Part of a person,0.246664,clip,1.0
cf362aaf28254ec59961cafc046ff490,A1c1r.jpg,activity,working,Working,0.264087,clip,1.0
cf362aaf28254ec59961cafc046ff490,A1c1r.jpg,activity,cooking,Cooking,0.256974,clip,1.0
cf362aaf28254ec59961cafc046ff490,A1c1r.jpg,condition,rust,Rust or corrosion,0.241227,clip,1.0
cf362aaf28254ec59961cafc046ff490,A1c1r.jpg,condition,object_wear,Object wear,0.28598,clip,1.0
efd9e5ac208a472c90168e0545ccf2f4,A1c1s.jpg,site,base_a,"Base A, Port Lockroy",,directory_path,1.0
efd9e5ac208a472c90168e0545ccf2f4,A1c1s.jpg,scene_type,object_study,Object study,0.263338,clip,1.0
efd9e5ac208a472c90168e0545ccf2f4,A1c1s.jpg,shot_type,detail,Detail,0.259348,clip,1.0
efd9e5ac208a472c90168e0545ccf2f4,A1c1s.jpg,people,no_people,No people,,threshold_rule,1.0
efd9e5ac208a472c90168e0545ccf2f4,A1c1s.jpg,nature,exposed_rock,Exposed rock,0.244414,clip,1.0
efd9e5ac208a472c90168e0545ccf2f4,A1c1s.jpg,condition,rust,Rust or corrosion,0.242786,clip,1.0
efd9e5ac208a472c90168e0545ccf2f4,A1c1s.jpg,condition,object_wear,Object wear,0.290204,clip,1.0
b1991f85210c4466b0b5168427837009,A1c1t.jpg,site,base_a,"Base A, Port Lockroy",,directory_path,1.0
b1991f85210c4466b0b5168427837009,A1c1t.jpg,scene_type,object_study,Object study,0.278163,clip,1.0
b1991f85210c4466b0b5168427837009,A1c1t.jpg,shot_type,medium,Medium view,0.279588,clip,1.0
b1991f85210c4466b0b5168427837009,A1c1t.jpg,people,partial_person,Part of a person,0.246105,clip,1.0
b1991f85210c4466b0b5168427837009,A1c1t.jpg,activity,working,Working,0.257923,clip,1.0
b1991f85210c4466b0b5168427837009,A1c1t.jpg,activity,sleeping,Sleeping,0.240159,clip,1.0
b1991f85210c4466b0b5168427837009,A1c1t.jpg,condition,rust,Rust or corrosion,0.272462,clip,1.0
b1991f85210c4466b0b5168427837009,A1c1t.jpg,condition,object_wear,Object wear,0.278118,clip,1.0
772c116f945845f38387cf5b091cabf7,A1c1u.jpg,site,base_a,"Base A, Port Lockroy",,directory_path,1.0
772c116f945845f38387cf5b091cabf7,A1c1u.jpg,scene_type,interior,Interior,0.249313,clip,1.0
772c116f945845f38387cf5b091cabf7,A1c1u.jpg,shot_type,medium,Medium view,0.251206,clip,1.0
772c116f945845f38387cf5b091cabf7,A1c1u.jpg,people,no_people,No people,,threshold_rule,1.0
772c116f945845f38387cf5b091cabf7,A1c1u.jpg,room,kitchen,Kitchen,0.338161,clip,1.0
772c116f945845f38387cf5b091cabf7,A1c1u.jpg,condition,rust,Rust or corrosion,0.242178,clip,1.0
772c116f945845f38387cf5b091cabf7,A1c1u.jpg,condition,object_wear,Object wear,0.288477,clip,1.0
f50a331e906c4ed7b79fe8dca2df9a6f,A1c1w.jpg,site,base_a,"Base A, Port Lockroy",,directory_path,1.0
f50a331e906c4ed7b79fe8dca2df9a6f,A1c1w.jpg,scene_type,interior,Interior,0.264779,clip,1.0
f50a331e906c4ed7b79fe8dca2df9a6f,A1c1w.jpg,shot_type,medium,Medium view,0.254866,clip,1.0
f50a331e906c4ed7b79fe8dca2df9a6f,A1c1w.jpg,people,no_people,No people,,threshold_rule,1.0
f50a331e906c4ed7b79fe8dca2df9a6f,A1c1w.jpg,room,kitchen,Kitchen,0.348738,clip,1.0
f50a331e906c4ed7b79fe8dca2df9a6f,A1c1w.jpg,condition,object_wear,Object wear,0.268296,clip,1.0
baeeca8efd4a47589e66df1848238900,A1c1y.jpg,site,base_a,"Base A, Port Lockroy",,directory_path,1.0
baeeca8efd4a47589e66df1848238900,A1c1y.jpg,scene_type,object_study,Object study,0.259689,clip,1.0
baeeca8efd4a47589e66df1848238900,A1c1y.jpg,shot_type,detail,Detail,0.247832,clip,1.0
baeeca8efd4a47589e66df1848238900,A1c1y.jpg,people,no_people,No people,,threshold_rule,1.0
baeeca8efd4a47589e66df1848238900,A1c1y.jpg,condition,object_wear,Object wear,0.278712,clip,1.0
488e6438bb18445ab069c7635bcd51c6,A1c2&85etc.jpg,site,base_a,"Base A, Port Lockroy",,directory_path,1.0
488e6438bb18445ab069c7635bcd51c6,A1c2&85etc.jpg,scene_type,interior,Interior,0.255942,clip,1.0
488e6438bb18445ab069c7635bcd51c6,A1c2&85etc.jpg,shot_type,medium,Medium view,0.268402,clip,1.0
488e6438bb18445ab069c7635bcd51c6,A1c2&85etc.jpg,people,no_people,No people,,threshold_rule,1.0
488e6438bb18445ab069c7635bcd51c6,A1c2&85etc.jpg,room,bunkroom,Bunkroom,0.270176,clip,1.0
488e6438bb18445ab069c7635bcd51c6,A1c2&85etc.jpg,condition,object_wear,Object wear,0.255716,clip,1.0
7d3e5b5a7e594d6b945b9136af6d5d82,A1c2.jpg,site,base_a,"Base A, Port Lockroy",,directory_path,1.0
7d3e5b5a7e594d6b945b9136af6d5d82,A1c2.jpg,scene_type,interior,Interior,0.271619,clip,1.0
7d3e5b5a7e594d6b945b9136af6d5d82,A1c2.jpg,shot_type,medium,Medium view,0.266206,clip,1.0
7d3e5b5a7e594d6b945b9136af6d5d82,A1c2.jpg,people,no_people,No people,,threshold_rule,1.0
7d3e5b5a7e594d6b945b9136af6d5d82,A1c2.jpg,room,kitchen,Kitchen,0.337442,clip,1.0
7d3e5b5a7e594d6b945b9136af6d5d82,A1c2.jpg,condition,object_wear,Object wear,0.275764,clip,1.0
28375e5ca1df45558d8c931d09569574,A1c20.jpg,site,base_a,"Base A, Port Lockroy",,directory_path,1.0
28375e5ca1df45558d8c931d09569574,A1c20.jpg,scene_type,object_study,Object study,0.263934,clip,1.0
28375e5ca1df45558d8c931d09569574,A1c20.jpg,shot_type,detail,Detail,0.237432,clip,1.0
28375e5ca1df45558d8c931d09569574,A1c20.jpg,people,partial_person,Part of a person,0.24777,clip,1.0
28375e5ca1df45558d8c931d09569574,A1c20.jpg,activity,working,Working,0.265813,clip,1.0
28375e5ca1df45558d8c931d09569574,A1c20.jpg,condition,weathered_timber,Weathered timber,0.249073,clip,1.0
28375e5ca1df45558d8c931d09569574,A1c20.jpg,condition,rust,Rust or corrosion,0.240629,clip,1.0
28375e5ca1df45558d8c931d09569574,A1c20.jpg,condition,object_wear,Object wear,0.284889,clip,1.0
815e2bc699744f1991b4284e0a547b59,A1c202b.jpg,site,base_a,"Base A, Port Lockroy",,directory_path,1.0
815e2bc699744f1991b4284e0a547b59,A1c202b.jpg,scene_type,object_study,Object study,0.227824,clip,1.0
815e2bc699744f1991b4284e0a547b59,A1c202b.jpg,shot_type,detail,Detail,0.236701,clip,1.0
815e2bc699744f1991b4284e0a547b59,A1c202b.jpg,people,no_people,No people,,threshold_rule,1.0
8f861bed96814d628c292e7f09cdf414,A1c206a.jpg,site,base_a,"Base A, Port Lockroy",,directory_path,1.0
8f861bed96814d628c292e7f09cdf414,A1c206a.jpg,scene_type,object_study,Object study,0.237455,clip,1.0
8f861bed96814d628c292e7f09cdf414,A1c206a.jpg,shot_type,detail,Detail,0.240477,clip,1.0
8f861bed96814d628c292e7f09cdf414,A1c206a.jpg,people,no_people,No people,,threshold_rule,1.0
8f861bed96814d628c292e7f09cdf414,A1c206a.jpg,condition,object_wear,Object wear,0.255571,clip,1.0
586500a41d284e64badca07e35ded0ed,A1c206b.jpg,site,base_a,"Base A, Port Lockroy",,directory_path,1.0
586500a41d284e64badca07e35ded0ed,A1c206b.jpg,scene_type,object_study,Object study,0.244631,clip,1.0
586500a41d284e64badca07e35ded0ed,A1c206b.jpg,shot_type,detail,Detail,0.24169,clip,1.0
586500a41d284e64badca07e35ded0ed,A1c206b.jpg,people,no_people,No people,,threshold_rule,1.0
586500a41d284e64badca07e35ded0ed,A1c206b.jpg,condition,object_wear,Object wear,0.260426,clip,1.0
9d501d60385245b2879dc843dcce9551,A1c207.jpg,site,base_a,"Base A, Port Lockroy",,directory_path,1.0
9d501d60385245b2879dc843dcce9551,A1c207.jpg,scene_type,object_study,Object study,0.233773,clip,1.0
9d501d60385245b2879dc843dcce9551,A1c207.jpg,shot_type,detail,Detail,0.226318,clip,1.0
9d501d60385245b2879dc843dcce9551,A1c207.jpg,people,no_people,No people,,threshold_rule,1.0
9d501d60385245b2879dc843dcce9551,A1c207.jpg,condition,object_wear,Object wear,0.247454,clip,1.0
e19848cbacdd494482fb164cb7f3fc4f,A1c208.jpg,site,base_a,"Base A, Port Lockroy",,directory_path,1.0
e19848cbacdd494482fb164cb7f3fc4f,A1c208.jpg,scene_type,object_study,Object study,0.243292,clip,1.0
e19848cbacdd494482fb164cb7f3fc4f,A1c208.jpg,shot_type,detail,Detail,0.248531,clip,1.0
e19848cbacdd494482fb164cb7f3fc4f,A1c208.jpg,people,no_people,No people,,threshold_rule,1.0
e19848cbacdd494482fb164cb7f3fc4f,A1c208.jpg,condition,object_wear,Object wear,0.266591,clip,1.0
aa323d70653847dd9868bde0b9308577,A1c209.jpg,site,base_a,"Base A, Port Lockroy",,directory_path,1.0
aa323d70653847dd9868bde0b9308577,A1c209.jpg,scene_type,object_study,Object study,0.217705,clip,1.0
aa323d70653847dd9868bde0b9308577,A1c209.jpg,shot_type,detail,Detail,0.228305,clip,1.0
aa323d70653847dd9868bde0b9308577,A1c209.jpg,people,two_people,Two people,0.249199,clip,1.0
aa323d70653847dd9868bde0b9308577,A1c209.jpg,condition,object_wear,Object wear,0.242626,clip,1.0
d71428a32d3b4c32801ee6a9b4f793cb,A1c21.jpg,site,base_a,"Base A, Port Lockroy",,directory_path,1.0
d71428a32d3b4c32801ee6a9b4f793cb,A1c21.jpg,scene_type,object_study,Object study,0.258169,clip,1.0
d71428a32d3b4c32801ee6a9b4f793cb,A1c21.jpg,shot_type,medium,Medium view,0.254773,clip,1.0
d71428a32d3b4c32801ee6a9b4f793cb,A1c21.jpg,people,no_people,No people,,threshold_rule,1.0
d71428a32d3b4c32801ee6a9b4f793cb,A1c21.jpg,condition,object_wear,Object wear,0.266677,clip,1.0
9a63acb9e1104e5eb4cc85eecc391fad,A1c214a.jpg,site,base_a,"Base A, Port Lockroy",,directory_path,1.0
9a63acb9e1104e5eb4cc85eecc391fad,A1c214a.jpg,scene_type,object_study,Object study,0.237626,clip,1.0
9a63acb9e1104e5eb4cc85eecc391fad,A1c214a.jpg,shot_type,detail,Detail,0.251635,clip,1.0
9a63acb9e1104e5eb4cc85eecc391fad,A1c214a.jpg,people,no_people,No people,,threshold_rule,1.0
9a63acb9e1104e5eb4cc85eecc391fad,A1c214a.jpg,condition,object_wear,Object wear,0.259051,clip,1.0
66598ed44e674610bc1299dc683f3773,A1c214b.jpg,site,base_a,"Base A, Port Lockroy",,directory_path,1.0
66598ed44e674610bc1299dc683f3773,A1c214b.jpg,scene_type,interior,Interior,0.247066,clip,1.0
66598ed44e674610bc1299dc683f3773,A1c214b.jpg,shot_type,detail,Detail,0.272417,clip,1.0
66598ed44e674610bc1299dc683f3773,A1c214b.jpg,people,no_people,No people,,threshold_rule,1.0
66598ed44e674610bc1299dc683f3773,A1c214b.jpg,room,room_unknown,Room not determined,,threshold_rule,1.0
66598ed44e674610bc1299dc683f3773,A1c214b.jpg,condition,rust,Rust or corrosion,0.246129,clip,1.0
66598ed44e674610bc1299dc683f3773,A1c214b.jpg,condition,object_wear,Object wear,0.254327,clip,1.0
f7f23d70819b49eea5f4676c2b992233,A1c214c.jpg,site,base_a,"Base A, Port Lockroy",,directory_path,1.0
f7f23d70819b49eea5f4676c2b992233,A1c214c.jpg,scene_type,object_study,Object study,0.24424,clip,1.0
f7f23d70819b49eea5f4676c2b992233,A1c214c.jpg,shot_type,detail,Detail,0.274667,clip,1.0
f7f23d70819b49eea5f4676c2b992233,A1c214c.jpg,people,no_people,No people,,threshold_rule,1.0
f7f23d70819b49eea5f4676c2b992233,A1c214c.jpg,condition,rust,Rust or corrosion,0.242569,clip,1.0
f7f23d70819b49eea5f4676c2b992233,A1c214c.jpg,condition,object_wear,Object wear,0.268123,clip,1.0
d44c6de4a88f4696958cc0f0200731a6,A1c215_1.jpg,site,base_a,"Base A, Port Lockroy",,directory_path,1.0
d44c6de4a88f4696958cc0f0200731a6,A1c215_1.jpg,scene_type,interior,Interior,0.236018,clip,1.0
d44c6de4a88f4696958cc0f0200731a6,A1c215_1.jpg,shot_type,detail,Detail,0.24031,clip,1.0
d44c6de4a88f4696958cc0f0200731a6,A1c215_1.jpg,people,no_people,No people,,threshold_rule,1.0
d44c6de4a88f4696958cc0f0200731a6,A1c215_1.jpg,room,room_unknown,Room not determined,,threshold_rule,1.0
d44c6de4a88f4696958cc0f0200731a6,A1c215_1.jpg,condition,object_wear,Object wear,0.261426,clip,1.0
d4dadceed2914efbbbdfa4b110d3a807,A1c215_2.jpg,site,base_a,"Base A, Port Lockroy",,directory_path,1.0
d4dadceed2914efbbbdfa4b110d3a807,A1c215_2.jpg,scene_type,object_study,Object study,0.222946,clip,1.0
d4dadceed2914efbbbdfa4b110d3a807,A1c215_2.jpg,shot_type,detail,Detail,0.238694,clip,1.0
d4dadceed2914efbbbdfa4b110d3a807,A1c215_2.jpg,people,no_people,No people,,threshold_rule,1.0
d4dadceed2914efbbbdfa4b110d3a807,A1c215_2.jpg,condition,object_wear,Object wear,0.271845,clip,1.0
34ef8974e66044bb97703e209911304a,A1c215_2a.jpg,site,base_a,"Base A, Port Lockroy",,directory_path,1.0
34ef8974e66044bb97703e209911304a,A1c215_2a.jpg,scene_type,object_study,Object study,0.25823,clip,1.0
34ef8974e66044bb97703e209911304a,A1c215_2a.jpg,shot_type,detail,Detail,0.281745,clip,1.0
34ef8974e66044bb97703e209911304a,A1c215_2a.jpg,people,no_people,No people,,threshold_rule,1.0
34ef8974e66044bb97703e209911304a,A1c215_2a.jpg,condition,rust,Rust or corrosion,0.253001,clip,1.0
34ef8974e66044bb97703e209911304a,A1c215_2a.jpg,condition,object_wear,Object wear,0.295803,clip,1.0
0e332c299da34b8c9343fd11380741d0,A1c215_2b.jpg,site,base_a,"Base A, Port Lockroy",,directory_path,1.0
0e332c299da34b8c9343fd11380741d0,A1c215_2b.jpg,scene_type,object_study,Object study,0.248141,clip,1.0
0e332c299da34b8c9343fd11380741d0,A1c215_2b.jpg,shot_type,detail,Detail,0.275176,clip,1.0
0e332c299da34b8c9343fd11380741d0,A1c215_2b.jpg,people,no_people,No people,,threshold_rule,1.0
0e332c299da34b8c9343fd11380741d0,A1c215_2b.jpg,condition,rust,Rust or corrosion,0.258305,clip,1.0
0e332c299da34b8c9343fd11380741d0,A1c215_2b.jpg,condition,object_wear,Object wear,0.286009,clip,1.0
06aa8d37aad848069404a478cdee2c34,A1c215_2c.jpg,site,base_a,"Base A, Port Lockroy",,directory_path,1.0
06aa8d37aad848069404a478cdee2c34,A1c215_2c.jpg,scene_type,object_study,Object study,0.234146,clip,1.0
06aa8d37aad848069404a478cdee2c34,A1c215_2c.jpg,shot_type,detail,Detail,0.243124,clip,1.0
06aa8d37aad848069404a478cdee2c34,A1c215_2c.jpg,people,no_people,No people,,threshold_rule,1.0
06aa8d37aad848069404a478cdee2c34,A1c215_2c.jpg,condition,object_wear,Object wear,0.266594,clip,1.0
c9ed634687f147dca86d54baf82789e7,A1c216b.jpg,site,base_a,"Base A, Port Lockroy",,directory_path,1.0
c9ed634687f147dca86d54baf82789e7,A1c216b.jpg,scene_type,object_study,Object study,0.237335,clip,1.0
c9ed634687f147dca86d54baf82789e7,A1c216b.jpg,shot_type,detail,Detail,0.233385,clip,1.0
c9ed634687f147dca86d54baf82789e7,A1c216b.jpg,people,no_people,No people,,threshold_rule,1.0
c9ed634687f147dca86d54baf82789e7,A1c216b.jpg,condition,object_wear,Object wear,0.264568,clip,1.0
41f3af199f9d4ba48c1a7ccf500a3feb,A1c216d.jpg,site,base_a,"Base A, Port Lockroy",,directory_path,1.0
41f3af199f9d4ba48c1a7ccf500a3feb,A1c216d.jpg,scene_type,object_study,Object study,0.242142,clip,1.0
41f3af199f9d4ba48c1a7ccf500a3feb,A1c216d.jpg,shot_type,detail,Detail,0.260779,clip,1.0
41f3af199f9d4ba48c1a7ccf500a3feb,A1c216d.jpg,people,no_people,No people,,threshold_rule,1.0
41f3af199f9d4ba48c1a7ccf500a3feb,A1c216d.jpg,condition,object_wear,Object wear,0.262139,clip,1.0
fc59f3efb7de4dda9d416952d388d019,A1c216e.jpg,site,base_a,"Base A, Port Lockroy",,directory_path,1.0
fc59f3efb7de4dda9d416952d388d019,A1c216e.jpg,scene_type,object_study,Object study,0.237718,clip,1.0
fc59f3efb7de4dda9d416952d388d019,A1c216e.jpg,shot_type,detail,Detail,0.253901,clip,1.0
fc59f3efb7de4dda9d416952d388d019,A1c216e.jpg,people,no_people,No people,,threshold_rule,1.0
fc59f3efb7de4dda9d416952d388d019,A1c216e.jpg,condition,object_wear,Object wear,0.277398,clip,1.0
4f88790ffda74182bfcbd1209b96ffaa,A1c216f.jpg,site,base_a,"Base A, Port Lockroy",,directory_path,1.0
4f88790ffda74182bfcbd1209b96ffaa,A1c216f.jpg,scene_type,object_study,Object study,0.252397,clip,1.0
4f88790ffda74182bfcbd1209b96ffaa,A1c216f.jpg,shot_type,medium,Medium view,0.261515,clip,1.0
4f88790ffda74182bfcbd1209b96ffaa,A1c216f.jpg,people,two_people,Two people,0.24161,clip,1.0
4f88790ffda74182bfcbd1209b96ffaa,A1c216f.jpg,condition,object_wear,Object wear,0.269989,clip,1.0
d7d234ecbe384024962d359f8ce24136,A1c217a.jpg,site,base_a,"Base A, Port Lockroy",,directory_path,1.0
d7d234ecbe384024962d359f8ce24136,A1c217a.jpg,scene_type,object_study,Object study,0.236553,clip,1.0
d7d234ecbe384024962d359f8ce24136,A1c217a.jpg,shot_type,detail,Detail,0.251363,clip,1.0
d7d234ecbe384024962d359f8ce24136,A1c217a.jpg,people,no_people,No people,,threshold_rule,1.0
d7d234ecbe384024962d359f8ce24136,A1c217a.jpg,condition,object_wear,Object wear,0.270543,clip,1.0
689ed40617454da5bf3efcad15a20c29,A1c217b.jpg,site,base_a,"Base A, Port Lockroy",,directory_path,1.0
689ed40617454da5bf3efcad15a20c29,A1c217b.jpg,scene_type,object_study,Object study,0.233863,clip,1.0
689ed40617454da5bf3efcad15a20c29,A1c217b.jpg,shot_type,detail,Detail,0.235687,clip,1.0
689ed40617454da5bf3efcad15a20c29,A1c217b.jpg,people,no_people,No people,,threshold_rule,1.0
689ed40617454da5bf3efcad15a20c29,A1c217b.jpg,condition,object_wear,Object wear,0.255884,clip,1.0
2947e8c8912744d280ae7084533a73f5,A1c217d.jpg,site,base_a,"Base A, Port Lockroy",,directory_path,1.0
2947e8c8912744d280ae7084533a73f5,A1c217d.jpg,scene_type,object_study,Object study,0.233557,clip,1.0
2947e8c8912744d280ae7084533a73f5,A1c217d.jpg,shot_type,detail,Detail,0.257665,clip,1.0
2947e8c8912744d280ae7084533a73f5,A1c217d.jpg,people,no_people,No people,,threshold_rule,1.0
2947e8c8912744d280ae7084533a73f5,A1c217d.jpg,condition,object_wear,Object wear,0.264725,clip,1.0
47cc56129def41318fa93f52dd0bdf63,A1c218.jpg,site,base_a,"Base A, Port Lockroy",,directory_path,1.0
47cc56129def41318fa93f52dd0bdf63,A1c218.jpg,scene_type,interior,Interior,0.234586,clip,1.0
47cc56129def41318fa93f52dd0bdf63,A1c218.jpg,shot_type,medium,Medium view,0.251456,clip,1.0
47cc56129def41318fa93f52dd0bdf63,A1c218.jpg,people,no_people,No people,,threshold_rule,1.0
47cc56129def41318fa93f52dd0bdf63,A1c218.jpg,room,museum_display,Museum display,0.248991,clip,1.0
47cc56129def41318fa93f52dd0bdf63,A1c218.jpg,condition,rust,Rust or corrosion,0.242389,clip,1.0
47cc56129def41318fa93f52dd0bdf63,A1c218.jpg,condition,object_wear,Object wear,0.26668,clip,1.0
b7c349d0b87e4ea48f0a9eb80e2c7282,A1c218_2.jpg,site,base_a,"Base A, Port Lockroy",,directory_path,1.0
b7c349d0b87e4ea48f0a9eb80e2c7282,A1c218_2.jpg,scene_type,object_study,Object study,0.215883,clip,1.0
b7c349d0b87e4ea48f0a9eb80e2c7282,A1c218_2.jpg,shot_type,detail,Detail,0.217798,clip,1.0
b7c349d0b87e4ea48f0a9eb80e2c7282,A1c218_2.jpg,people,no_people,No people,,threshold_rule,1.0
b7c349d0b87e4ea48f0a9eb80e2c7282,A1c218_2.jpg,condition,object_wear,Object wear,0.246206,clip,1.0
c172033af7494d66899a29af516afe4e,A1c218a.jpg,site,base_a,"Base A, Port Lockroy",,directory_path,1.0
c172033af7494d66899a29af516afe4e,A1c218a.jpg,scene_type,object_study,Object study,0.240255,clip,1.0
c172033af7494d66899a29af516afe4e,A1c218a.jpg,shot_type,detail,Detail,0.24777,clip,1.0
c172033af7494d66899a29af516afe4e,A1c218a.jpg,people,no_people,No people,,threshold_rule,1.0
c172033af7494d66899a29af516afe4e,A1c218a.jpg,condition,object_wear,Object wear,0.264417,clip,1.0
fa865bfc9ab34c4b97450cdca99f1ba1,A1c218d.jpg,site,base_a,"Base A, Port Lockroy",,directory_path,1.0
fa865bfc9ab34c4b97450cdca99f1ba1,A1c218d.jpg,scene_type,object_study,Object study,0.215702,clip,1.0
fa865bfc9ab34c4b97450cdca99f1ba1,A1c218d.jpg,shot_type,detail,Detail,0.229198,clip,1.0
fa865bfc9ab34c4b97450cdca99f1ba1,A1c218d.jpg,people,no_people,No people,,threshold_rule,1.0
fa865bfc9ab34c4b97450cdca99f1ba1,A1c218d.jpg,condition,rust,Rust or corrosion,0.246122,clip,1.0
fa865bfc9ab34c4b97450cdca99f1ba1,A1c218d.jpg,condition,object_wear,Object wear,0.269747,clip,1.0
8dcb20785d5d491eb426a28622d90320,A1c218e.jpg,site,base_a,"Base A, Port Lockroy",,directory_path,1.0
8dcb20785d5d491eb426a28622d90320,A1c218e.jpg,scene_type,object_study,Object study,0.237792,clip,1.0
8dcb20785d5d491eb426a28622d90320,A1c218e.jpg,shot_type,detail,Detail,0.257323,clip,1.0
8dcb20785d5d491eb426a28622d90320,A1c218e.jpg,people,no_people,No people,,threshold_rule,1.0
8dcb20785d5d491eb426a28622d90320,A1c218e.jpg,condition,weathered_timber,Weathered timber,0.240854,clip,1.0
8dcb20785d5d491eb426a28622d90320,A1c218e.jpg,condition,paint_loss,Paint loss,0.245835,clip,1.0
8dcb20785d5d491eb426a28622d90320,A1c218e.jpg,condition,rust,Rust or corrosion,0.286472,clip,1.0
8dcb20785d5d491eb426a28622d90320,A1c218e.jpg,condition,object_wear,Object wear,0.292603,clip,1.0
dc5cebb734384e7893e159609489a963,A1c219.jpg,site,base_a,"Base A, Port Lockroy",,directory_path,1.0
dc5cebb734384e7893e159609489a963,A1c219.jpg,scene_type,interior,Interior,0.221327,clip,1.0
dc5cebb734384e7893e159609489a963,A1c219.jpg,shot_type,detail,Detail,0.249489,clip,1.0
dc5cebb734384e7893e159609489a963,A1c219.jpg,people,no_people,No people,,threshold_rule,1.0
dc5cebb734384e7893e159609489a963,A1c219.jpg,room,room_unknown,Room not determined,,threshold_rule,1.0
dc5cebb734384e7893e159609489a963,A1c219.jpg,condition,object_wear,Object wear,0.266899,clip,1.0
f978510bb4014275ae43d74cdeffd00a,A1c220b.jpg,site,base_a,"Base A, Port Lockroy",,directory_path,1.0
f978510bb4014275ae43d74cdeffd00a,A1c220b.jpg,scene_type,object_study,Object study,0.248882,clip,1.0
f978510bb4014275ae43d74cdeffd00a,A1c220b.jpg,shot_type,detail,Detail,0.247545,clip,1.0
f978510bb4014275ae43d74cdeffd00a,A1c220b.jpg,people,no_people,No people,,threshold_rule,1.0
f978510bb4014275ae43d74cdeffd00a,A1c220b.jpg,condition,object_wear,Object wear,0.262014,clip,1.0
96e0a47dec6f4f5688f03b55dcbe9dcd,A1c220c.jpg,site,base_a,"Base A, Port Lockroy",,directory_path,1.0
96e0a47dec6f4f5688f03b55dcbe9dcd,A1c220c.jpg,scene_type,object_study,Object study,0.263312,clip,1.0
96e0a47dec6f4f5688f03b55dcbe9dcd,A1c220c.jpg,shot_type,detail,Detail,0.272667,clip,1.0
96e0a47dec6f4f5688f03b55dcbe9dcd,A1c220c.jpg,people,no_people,No people,,threshold_rule,1.0
96e0a47dec6f4f5688f03b55dcbe9dcd,A1c220c.jpg,condition,object_wear,Object wear,0.289045,clip,1.0
87cba5891f1044848fedebc4a74d394d,A1c220e.jpg,site,base_a,"Base A, Port Lockroy",,directory_path,1.0
87cba5891f1044848fedebc4a74d394d,A1c220e.jpg,scene_type,object_study,Object study,0.254673,clip,1.0
87cba5891f1044848fedebc4a74d394d,A1c220e.jpg,shot_type,detail,Detail,0.253418,clip,1.0
87cba5891f1044848fedebc4a74d394d,A1c220e.jpg,people,no_people,No people,,threshold_rule,1.0
87cba5891f1044848fedebc4a74d394d,A1c220e.jpg,condition,object_wear,Object wear,0.260899,clip,1.0
c42b2ebe03f242b19b942ec75d395565,A1c221_2.jpg,site,base_a,"Base A, Port Lockroy",,directory_path,1.0
c42b2ebe03f242b19b942ec75d395565,A1c221_2.jpg,scene_type,object_study,Object study,0.238851,clip,1.0
c42b2ebe03f242b19b942ec75d395565,A1c221_2.jpg,shot_type,medium,Medium view,0.230572,clip,1.0
c42b2ebe03f242b19b942ec75d395565,A1c221_2.jpg,people,no_people,No people,,threshold_rule,1.0
c42b2ebe03f242b19b942ec75d395565,A1c221_2.jpg,condition,object_wear,Object wear,0.259104,clip,1.0
55f40b9c731b4835813b442d3fc7bf21,A1c222.jpg,site,base_a,"Base A, Port Lockroy",,directory_path,1.0
55f40b9c731b4835813b442d3fc7bf21,A1c222.jpg,scene_type,interior,Interior,0.257664,clip,1.0
55f40b9c731b4835813b442d3fc7bf21,A1c222.jpg,shot_type,medium,Medium view,0.260072,clip,1.0
55f40b9c731b4835813b442d3fc7bf21,A1c222.jpg,people,no_people,No people,,threshold_rule,1.0
55f40b9c731b4835813b442d3fc7bf21,A1c222.jpg,room,kitchen,Kitchen,0.290098,clip,1.0
55f40b9c731b4835813b442d3fc7bf21,A1c222.jpg,condition,rust,Rust or corrosion,0.269025,clip,1.0
55f40b9c731b4835813b442d3fc7bf21,A1c222.jpg,condition,object_wear,Object wear,0.270576,clip,1.0
b47283a387bc40a99d3f192dca722ca1,A1c231.jpg,site,base_a,"Base A, Port Lockroy",,directory_path,1.0
b47283a387bc40a99d3f192dca722ca1,A1c231.jpg,scene_type,object_study,Object study,0.280768,clip,1.0
b47283a387bc40a99d3f192dca722ca1,A1c231.jpg,shot_type,detail,Detail,0.235077,clip,1.0
b47283a387bc40a99d3f192dca722ca1,A1c231.jpg,people,no_people,No people,,threshold_rule,1.0
b47283a387bc40a99d3f192dca722ca1,A1c231.jpg,condition,object_wear,Object wear,0.255607,clip,1.0
bf21ce8eb3f446e39f35f4dd67d1c635,A1c233.jpg,site,base_a,"Base A, Port Lockroy",,directory_path,1.0
bf21ce8eb3f446e39f35f4dd67d1c635,A1c233.jpg,scene_type,object_study,Object study,0.239141,clip,1.0
bf21ce8eb3f446e39f35f4dd67d1c635,A1c233.jpg,shot_type,detail,Detail,0.252086,clip,1.0
bf21ce8eb3f446e39f35f4dd67d1c635,A1c233.jpg,people,no_people,No people,,threshold_rule,1.0
bf21ce8eb3f446e39f35f4dd67d1c635,A1c233.jpg,condition,object_wear,Object wear,0.265242,clip,1.0
96cb20db4cb245469d4eb5004a5d37a1,A1c235a.jpg,site,base_a,"Base A, Port Lockroy",,directory_path,1.0
96cb20db4cb245469d4eb5004a5d37a1,A1c235a.jpg,scene_type,object_study,Object study,0.198187,clip,1.0
96cb20db4cb245469d4eb5004a5d37a1,A1c235a.jpg,shot_type,detail,Detail,0.220259,clip,1.0
96cb20db4cb245469d4eb5004a5d37a1,A1c235a.jpg,people,no_people,No people,,threshold_rule,1.0
6b7dd2e6547142fa81feec02c1d425de,A1c235b.jpg,site,base_a,"Base A, Port Lockroy",,directory_path,1.0
6b7dd2e6547142fa81feec02c1d425de,A1c235b.jpg,scene_type,object_study,Object study,0.249665,clip,1.0
6b7dd2e6547142fa81feec02c1d425de,A1c235b.jpg,shot_type,detail,Detail,0.252634,clip,1.0
6b7dd2e6547142fa81feec02c1d425de,A1c235b.jpg,people,no_people,No people,,threshold_rule,1.0
6b7dd2e6547142fa81feec02c1d425de,A1c235b.jpg,condition,object_wear,Object wear,0.247185,clip,1.0
d121fafabbda493397a80562f11fca72,A1c235c.jpg,site,base_a,"Base A, Port Lockroy",,directory_path,1.0
d121fafabbda493397a80562f11fca72,A1c235c.jpg,scene_type,object_study,Object study,0.223567,clip,1.0
d121fafabbda493397a80562f11fca72,A1c235c.jpg,shot_type,detail,Detail,0.251927,clip,1.0
d121fafabbda493397a80562f11fca72,A1c235c.jpg,people,no_people,No people,,threshold_rule,1.0
36af9770ec62443a8b117dd98e09991e,A1c235d.jpg,site,base_a,"Base A, Port Lockroy",,directory_path,1.0
36af9770ec62443a8b117dd98e09991e,A1c235d.jpg,scene_type,object_study,Object study,0.240602,clip,1.0
36af9770ec62443a8b117dd98e09991e,A1c235d.jpg,shot_type,detail,Detail,0.234557,clip,1.0
36af9770ec62443a8b117dd98e09991e,A1c235d.jpg,people,no_people,No people,,threshold_rule,1.0
36af9770ec62443a8b117dd98e09991e,A1c235d.jpg,condition,object_wear,Object wear,0.242799,clip,1.0
582a01eebe2f419081cdec66d9f2620c,A1c235e.jpg,site,base_a,"Base A, Port Lockroy",,directory_path,1.0
582a01eebe2f419081cdec66d9f2620c,A1c235e.jpg,scene_type,object_study,Object study,0.246793,clip,1.0
582a01eebe2f419081cdec66d9f2620c,A1c235e.jpg,shot_type,detail,Detail,0.241235,clip,1.0
582a01eebe2f419081cdec66d9f2620c,A1c235e.jpg,people,no_people,No people,,threshold_rule,1.0
582a01eebe2f419081cdec66d9f2620c,A1c235e.jpg,condition,object_wear,Object wear,0.263153,clip,1.0
270c0d23f77149c28d355f0c86467cc8,A1c236a.jpg,site,base_a,"Base A, Port Lockroy",,directory_path,1.0
270c0d23f77149c28d355f0c86467cc8,A1c236a.jpg,scene_type,object_study,Object study,0.278752,clip,1.0
270c0d23f77149c28d355f0c86467cc8,A1c236a.jpg,shot_type,detail,Detail,0.248857,clip,1.0
270c0d23f77149c28d355f0c86467cc8,A1c236a.jpg,people,no_people,No people,,threshold_rule,1.0
270c0d23f77149c28d355f0c86467cc8,A1c236a.jpg,condition,object_wear,Object wear,0.268231,clip,1.0
12ff0fc45dfe432ea6168583bc7dada2,A1c250 (2).jpg,site,base_a,"Base A, Port Lockroy",,directory_path,1.0
12ff0fc45dfe432ea6168583bc7dada2,A1c250 (2).jpg,scene_type,object_study,Object study,0.271679,clip,1.0
12ff0fc45dfe432ea6168583bc7dada2,A1c250 (2).jpg,shot_type,detail,Detail,0.262033,clip,1.0
12ff0fc45dfe432ea6168583bc7dada2,A1c250 (2).jpg,people,no_people,No people,,threshold_rule,1.0
12ff0fc45dfe432ea6168583bc7dada2,A1c250 (2).jpg,condition,object_wear,Object wear,0.264492,clip,1.0
36f184fe9eec49eab24c7585bc41c5a9,A1c250_1.jpg,site,base_a,"Base A, Port Lockroy",,directory_path,1.0
36f184fe9eec49eab24c7585bc41c5a9,A1c250_1.jpg,scene_type,object_study,Object study,0.230439,clip,1.0
36f184fe9eec49eab24c7585bc41c5a9,A1c250_1.jpg,shot_type,detail,Detail,0.237456,clip,1.0
36f184fe9eec49eab24c7585bc41c5a9,A1c250_1.jpg,people,no_people,No people,,threshold_rule,1.0
7438818de69a4acf883439ec4448af7a,A1c250_11a.jpg,site,base_a,"Base A, Port Lockroy",,directory_path,1.0
7438818de69a4acf883439ec4448af7a,A1c250_11a.jpg,scene_type,object_study,Object study,0.276583,clip,1.0
7438818de69a4acf883439ec4448af7a,A1c250_11a.jpg,shot_type,detail,Detail,0.243484,clip,1.0
7438818de69a4acf883439ec4448af7a,A1c250_11a.jpg,people,no_people,No people,,threshold_rule,1.0
7438818de69a4acf883439ec4448af7a,A1c250_11a.jpg,condition,object_wear,Object wear,0.263826,clip,1.0
05fb48db7645466ba203236b0370e894,A1c250_12a.jpg,site,base_a,"Base A, Port Lockroy",,directory_path,1.0
05fb48db7645466ba203236b0370e894,A1c250_12a.jpg,scene_type,object_study,Object study,0.248237,clip,1.0
05fb48db7645466ba203236b0370e894,A1c250_12a.jpg,shot_type,detail,Detail,0.245759,clip,1.0
05fb48db7645466ba203236b0370e894,A1c250_12a.jpg,people,no_people,No people,,threshold_rule,1.0
05fb48db7645466ba203236b0370e894,A1c250_12a.jpg,condition,object_wear,Object wear,0.262883,clip,1.0
e39561bf7abe49e0aaa9b233b7c4d184,A1c250_2.jpg,site,base_a,"Base A, Port Lockroy",,directory_path,1.0
e39561bf7abe49e0aaa9b233b7c4d184,A1c250_2.jpg,scene_type,object_study,Object study,0.24797,clip,1.0
e39561bf7abe49e0aaa9b233b7c4d184,A1c250_2.jpg,shot_type,detail,Detail,0.25076,clip,1.0
e39561bf7abe49e0aaa9b233b7c4d184,A1c250_2.jpg,people,no_people,No people,,threshold_rule,1.0
e39561bf7abe49e0aaa9b233b7c4d184,A1c250_2.jpg,condition,object_wear,Object wear,0.244945,clip,1.0
d404c6dd4f634f89b354362d7c6d6a30,A1c250_5.jpg,site,base_a,"Base A, Port Lockroy",,directory_path,1.0
d404c6dd4f634f89b354362d7c6d6a30,A1c250_5.jpg,scene_type,object_study,Object study,0.243887,clip,1.0
d404c6dd4f634f89b354362d7c6d6a30,A1c250_5.jpg,shot_type,detail,Detail,0.2448,clip,1.0
d404c6dd4f634f89b354362d7c6d6a30,A1c250_5.jpg,people,no_people,No people,,threshold_rule,1.0
d404c6dd4f634f89b354362d7c6d6a30,A1c250_5.jpg,condition,object_wear,Object wear,0.245967,clip,1.0
4cac48f2e584435898ac9e3c0f31cf4f,A1c250_6.jpg,site,base_a,"Base A, Port Lockroy",,directory_path,1.0
4cac48f2e584435898ac9e3c0f31cf4f,A1c250_6.jpg,scene_type,object_study,Object study,0.245498,clip,1.0
4cac48f2e584435898ac9e3c0f31cf4f,A1c250_6.jpg,shot_type,detail,Detail,0.233418,clip,1.0
4cac48f2e584435898ac9e3c0f31cf4f,A1c250_6.jpg,people,no_people,No people,,threshold_rule,1.0
e55196524675486d913c28f84fab1c7d,A1c250_7.jpg,site,base_a,"Base A, Port Lockroy",,directory_path,1.0
e55196524675486d913c28f84fab1c7d,A1c250_7.jpg,scene_type,object_study,Object study,0.256956,clip,1.0
e55196524675486d913c28f84fab1c7d,A1c250_7.jpg,shot_type,detail,Detail,0.271666,clip,1.0
e55196524675486d913c28f84fab1c7d,A1c250_7.jpg,people,no_people,No people,,threshold_rule,1.0
a38b365ade5e4fe09f3e157fb8707be8,A1c251_1.jpg,site,base_a,"Base A, Port Lockroy",,directory_path,1.0
a38b365ade5e4fe09f3e157fb8707be8,A1c251_1.jpg,scene_type,object_study,Object study,0.24263,clip,1.0
a38b365ade5e4fe09f3e157fb8707be8,A1c251_1.jpg,shot_type,detail,Detail,0.229188,clip,1.0
a38b365ade5e4fe09f3e157fb8707be8,A1c251_1.jpg,people,no_people,No people,,threshold_rule,1.0
a38b365ade5e4fe09f3e157fb8707be8,A1c251_1.jpg,condition,object_wear,Object wear,0.258508,clip,1.0
6a132642024b4c8c889b1975f8247111,A1c251_10.jpg,site,base_a,"Base A, Port Lockroy",,directory_path,1.0
6a132642024b4c8c889b1975f8247111,A1c251_10.jpg,scene_type,object_study,Object study,0.273197,clip,1.0
6a132642024b4c8c889b1975f8247111,A1c251_10.jpg,shot_type,detail,Detail,0.271711,clip,1.0
6a132642024b4c8c889b1975f8247111,A1c251_10.jpg,people,no_people,No people,,threshold_rule,1.0
6a132642024b4c8c889b1975f8247111,A1c251_10.jpg,condition,object_wear,Object wear,0.256438,clip,1.0
5a48d0e4c727416885303fb119a40314,A1c251_10a.jpg,site,base_a,"Base A, Port Lockroy",,directory_path,1.0
5a48d0e4c727416885303fb119a40314,A1c251_10a.jpg,scene_type,object_study,Object study,0.276064,clip,1.0
5a48d0e4c727416885303fb119a40314,A1c251_10a.jpg,shot_type,detail,Detail,0.279901,clip,1.0
5a48d0e4c727416885303fb119a40314,A1c251_10a.jpg,people,no_people,No people,,threshold_rule,1.0
5a48d0e4c727416885303fb119a40314,A1c251_10a.jpg,condition,object_wear,Object wear,0.266214,clip,1.0
ace5fef5bd0c4c6eb5ff7511fad8a655,A1c251_11.jpg,site,base_a,"Base A, Port Lockroy",,directory_path,1.0
ace5fef5bd0c4c6eb5ff7511fad8a655,A1c251_11.jpg,scene_type,object_study,Object study,0.27725,clip,1.0
ace5fef5bd0c4c6eb5ff7511fad8a655,A1c251_11.jpg,shot_type,detail,Detail,0.27629,clip,1.0
ace5fef5bd0c4c6eb5ff7511fad8a655,A1c251_11.jpg,people,no_people,No people,,threshold_rule,1.0
ace5fef5bd0c4c6eb5ff7511fad8a655,A1c251_11.jpg,condition,object_wear,Object wear,0.262534,clip,1.0
2cfa5418e446457c9929d6fe52083982,A1c251_11b.jpg,site,base_a,"Base A, Port Lockroy",,directory_path,1.0
2cfa5418e446457c9929d6fe52083982,A1c251_11b.jpg,scene_type,object_study,Object study,0.27725,clip,1.0
2cfa5418e446457c9929d6fe52083982,A1c251_11b.jpg,shot_type,detail,Detail,0.27629,clip,1.0
2cfa5418e446457c9929d6fe52083982,A1c251_11b.jpg,people,no_people,No people,,threshold_rule,1.0
2cfa5418e446457c9929d6fe52083982,A1c251_11b.jpg,condition,object_wear,Object wear,0.262534,clip,1.0
e0a2c118d6e34e73970a6c401a23c81e,A1c251_12&13.jpg,site,base_a,"Base A, Port Lockroy",,directory_path,1.0
e0a2c118d6e34e73970a6c401a23c81e,A1c251_12&13.jpg,scene_type,object_study,Object study,0.292993,clip,1.0
e0a2c118d6e34e73970a6c401a23c81e,A1c251_12&13.jpg,shot_type,detail,Detail,0.23875,clip,1.0
e0a2c118d6e34e73970a6c401a23c81e,A1c251_12&13.jpg,people,partial_person,Part of a person,0.251529,clip,1.0
e0a2c118d6e34e73970a6c401a23c81e,A1c251_12&13.jpg,condition,object_wear,Object wear,0.264158,clip,1.0
bb0d6491c0a740d7b8f629e6cf0a381b,A1c251_12.jpg,site,base_a,"Base A, Port Lockroy",,directory_path,1.0
bb0d6491c0a740d7b8f629e6cf0a381b,A1c251_12.jpg,scene_type,object_study,Object study,0.292539,clip,1.0
bb0d6491c0a740d7b8f629e6cf0a381b,A1c251_12.jpg,shot_type,detail,Detail,0.277875,clip,1.0
bb0d6491c0a740d7b8f629e6cf0a381b,A1c251_12.jpg,people,partial_person,Part of a person,0.240144,clip,1.0
bb0d6491c0a740d7b8f629e6cf0a381b,A1c251_12.jpg,activity,working,Working,0.257366,clip,1.0
bb0d6491c0a740d7b8f629e6cf0a381b,A1c251_12.jpg,activity,cooking,Cooking,0.244144,clip,1.0
bb0d6491c0a740d7b8f629e6cf0a381b,A1c251_12.jpg,condition,object_wear,Object wear,0.274475,clip,1.0
70c13c0235564862b817d2dc85590ba7,A1c251_13a.jpg,site,base_a,"Base A, Port Lockroy",,directory_path,1.0
70c13c0235564862b817d2dc85590ba7,A1c251_13a.jpg,scene_type,object_study,Object study,0.292539,clip,1.0
70c13c0235564862b817d2dc85590ba7,A1c251_13a.jpg,shot_type,detail,Detail,0.277875,clip,1.0
70c13c0235564862b817d2dc85590ba7,A1c251_13a.jpg,people,partial_person,Part of a person,0.240144,clip,1.0
70c13c0235564862b817d2dc85590ba7,A1c251_13a.jpg,activity,working,Working,0.257366,clip,1.0
70c13c0235564862b817d2dc85590ba7,A1c251_13a.jpg,activity,cooking,Cooking,0.244144,clip,1.0
70c13c0235564862b817d2dc85590ba7,A1c251_13a.jpg,condition,object_wear,Object wear,0.274475,clip,1.0
13c042abde3648a4a5dc3e87327e40c2,A1c251_2.jpg,site,base_a,"Base A, Port Lockroy",,directory_path,1.0
13c042abde3648a4a5dc3e87327e40c2,A1c251_2.jpg,scene_type,object_study,Object study,0.26565,clip,1.0
13c042abde3648a4a5dc3e87327e40c2,A1c251_2.jpg,shot_type,detail,Detail,0.281155,clip,1.0
13c042abde3648a4a5dc3e87327e40c2,A1c251_2.jpg,people,no_people,No people,,threshold_rule,1.0
13c042abde3648a4a5dc3e87327e40c2,A1c251_2.jpg,condition,object_wear,Object wear,0.263085,clip,1.0
8dad8543b2b549e7bfb26744a9c609a3,A1c251_3.jpg,site,base_a,"Base A, Port Lockroy",,directory_path,1.0
8dad8543b2b549e7bfb26744a9c609a3,A1c251_3.jpg,scene_type,object_study,Object study,0.277207,clip,1.0
8dad8543b2b549e7bfb26744a9c609a3,A1c251_3.jpg,shot_type,detail,Detail,0.245679,clip,1.0
8dad8543b2b549e7bfb26744a9c609a3,A1c251_3.jpg,people,partial_person,Part of a person,0.24657,clip,1.0
8dad8543b2b549e7bfb26744a9c609a3,A1c251_3.jpg,condition,object_wear,Object wear,0.267658,clip,1.0
2fe87c93513a44e7ad1dcb81b8b549f7,A1c251_6a.jpg,site,base_a,"Base A, Port Lockroy",,directory_path,1.0
2fe87c93513a44e7ad1dcb81b8b549f7,A1c251_6a.jpg,scene_type,object_study,Object study,0.272987,clip,1.0
2fe87c93513a44e7ad1dcb81b8b549f7,A1c251_6a.jpg,shot_type,detail,Detail,0.263597,clip,1.0
2fe87c93513a44e7ad1dcb81b8b549f7,A1c251_6a.jpg,people,no_people,No people,,threshold_rule,1.0
2fe87c93513a44e7ad1dcb81b8b549f7,A1c251_6a.jpg,condition,object_wear,Object wear,0.25705,clip,1.0
284e6258967242878329010ab4f5fe85,A1c251_6b.jpg,site,base_a,"Base A, Port Lockroy",,directory_path,1.0
284e6258967242878329010ab4f5fe85,A1c251_6b.jpg,scene_type,object_study,Object study,0.271925,clip,1.0
284e6258967242878329010ab4f5fe85,A1c251_6b.jpg,shot_type,detail,Detail,0.275276,clip,1.0
284e6258967242878329010ab4f5fe85,A1c251_6b.jpg,people,no_people,No people,,threshold_rule,1.0
284e6258967242878329010ab4f5fe85,A1c251_6b.jpg,condition,object_wear,Object wear,0.257768,clip,1.0
3e7a22d7e5f5402eb0af942a1be06492,A1c251_6c.jpg,site,base_a,"Base A, Port Lockroy",,directory_path,1.0
3e7a22d7e5f5402eb0af942a1be06492,A1c251_6c.jpg,scene_type,object_study,Object study,0.301554,clip,1.0
3e7a22d7e5f5402eb0af942a1be06492,A1c251_6c.jpg,shot_type,detail,Detail,0.246554,clip,1.0
3e7a22d7e5f5402eb0af942a1be06492,A1c251_6c.jpg,people,partial_person,Part of a person,0.25561,clip,1.0
3e7a22d7e5f5402eb0af942a1be06492,A1c251_6c.jpg,activity,cooking,Cooking,0.254971,clip,1.0
3e7a22d7e5f5402eb0af942a1be06492,A1c251_6c.jpg,condition,object_wear,Object wear,0.274496,clip,1.0
880025971d9d4d79a730f3704de2da81,A1c251_7.jpg,site,base_a,"Base A, Port Lockroy",,directory_path,1.0
880025971d9d4d79a730f3704de2da81,A1c251_7.jpg,scene_type,object_study,Object study,0.283978,clip,1.0
880025971d9d4d79a730f3704de2da81,A1c251_7.jpg,shot_type,detail,Detail,0.247835,clip,1.0
880025971d9d4d79a730f3704de2da81,A1c251_7.jpg,people,partial_person,Part of a person,0.2522,clip,1.0
880025971d9d4d79a730f3704de2da81,A1c251_7.jpg,activity,working,Working,0.240666,clip,1.0
880025971d9d4d79a730f3704de2da81,A1c251_7.jpg,activity,cooking,Cooking,0.244777,clip,1.0
880025971d9d4d79a730f3704de2da81,A1c251_7.jpg,condition,object_wear,Object wear,0.273215,clip,1.0
5de7ef09647a445ea9cae0df9410cc36,A1c251_8.jpg,site,base_a,"Base A, Port Lockroy",,directory_path,1.0
5de7ef09647a445ea9cae0df9410cc36,A1c251_8.jpg,scene_type,object_study,Object study,0.278859,clip,1.0
5de7ef09647a445ea9cae0df9410cc36,A1c251_8.jpg,shot_type,detail,Detail,0.287438,clip,1.0
5de7ef09647a445ea9cae0df9410cc36,A1c251_8.jpg,people,partial_person,Part of a person,0.250207,clip,1.0
5de7ef09647a445ea9cae0df9410cc36,A1c251_8.jpg,activity,working,Working,0.254696,clip,1.0
5de7ef09647a445ea9cae0df9410cc36,A1c251_8.jpg,activity,cooking,Cooking,0.251419,clip,1.0
5de7ef09647a445ea9cae0df9410cc36,A1c251_8.jpg,activity,music,Playing music,0.244199,clip,1.0
5de7ef09647a445ea9cae0df9410cc36,A1c251_8.jpg,condition,object_wear,Object wear,0.260136,clip,1.0
f543e0578ec440bcb14af3cd7a4c5512,A1c252_1.jpg,site,base_a,"Base A, Port Lockroy",,directory_path,1.0
f543e0578ec440bcb14af3cd7a4c5512,A1c252_1.jpg,scene_type,object_study,Object study,0.271948,clip,1.0
f543e0578ec440bcb14af3cd7a4c5512,A1c252_1.jpg,shot_type,detail,Detail,0.255242,clip,1.0
f543e0578ec440bcb14af3cd7a4c5512,A1c252_1.jpg,people,no_people,No people,,threshold_rule,1.0
f543e0578ec440bcb14af3cd7a4c5512,A1c252_1.jpg,condition,object_wear,Object wear,0.278979,clip,1.0
9d09ecfe0c30413a8354de71e896b332,A1c252_10.jpg,site,base_a,"Base A, Port Lockroy",,directory_path,1.0
9d09ecfe0c30413a8354de71e896b332,A1c252_10.jpg,scene_type,object_study,Object study,0.314011,clip,1.0
9d09ecfe0c30413a8354de71e896b332,A1c252_10.jpg,shot_type,detail,Detail,0.247699,clip,1.0
9d09ecfe0c30413a8354de71e896b332,A1c252_10.jpg,people,partial_person,Part of a person,0.25034,clip,1.0
9d09ecfe0c30413a8354de71e896b332,A1c252_10.jpg,activity,cooking,Cooking,0.252355,clip,1.0
9d09ecfe0c30413a8354de71e896b332,A1c252_10.jpg,condition,object_wear,Object wear,0.281043,clip,1.0
2b0ed797b6824fa1989307370d2aefab,A1c252_11.jpg,site,base_a,"Base A, Port Lockroy",,directory_path,1.0
2b0ed797b6824fa1989307370d2aefab,A1c252_11.jpg,scene_type,object_study,Object study,0.274833,clip,1.0
2b0ed797b6824fa1989307370d2aefab,A1c252_11.jpg,shot_type,detail,Detail,0.277706,clip,1.0
2b0ed797b6824fa1989307370d2aefab,A1c252_11.jpg,people,no_people,No people,,threshold_rule,1.0
2b0ed797b6824fa1989307370d2aefab,A1c252_11.jpg,condition,object_wear,Object wear,0.281193,clip,1.0
44964e6bb71d4b57bc7288140225b816,A1c252_11a.jpg,site,base_a,"Base A, Port Lockroy",,directory_path,1.0
44964e6bb71d4b57bc7288140225b816,A1c252_11a.jpg,scene_type,object_study,Object study,0.29201,clip,1.0
44964e6bb71d4b57bc7288140225b816,A1c252_11a.jpg,shot_type,detail,Detail,0.238715,clip,1.0
44964e6bb71d4b57bc7288140225b816,A1c252_11a.jpg,people,partial_person,Part of a person,0.242898,clip,1.0
44964e6bb71d4b57bc7288140225b816,A1c252_11a.jpg,activity,cooking,Cooking,0.251389,clip,1.0
44964e6bb71d4b57bc7288140225b816,A1c252_11a.jpg,condition,object_wear,Object wear,0.27211,clip,1.0
5ce84d3c671c4aa5acd609db41205d9a,A1c252_123456.jpg,site,base_a,"Base A, Port Lockroy",,directory_path,1.0
5ce84d3c671c4aa5acd609db41205d9a,A1c252_123456.jpg,scene_type,object_study,Object study,0.256835,clip,1.0
5ce84d3c671c4aa5acd609db41205d9a,A1c252_123456.jpg,shot_type,detail,Detail,0.234542,clip,1.0
5ce84d3c671c4aa5acd609db41205d9a,A1c252_123456.jpg,people,no_people,No people,,threshold_rule,1.0
5ce84d3c671c4aa5acd609db41205d9a,A1c252_123456.jpg,condition,object_wear,Object wear,0.252974,clip,1.0
1f07f5e4d2674dd8a91cd127090f0245,A1c252_13.jpg,site,base_a,"Base A, Port Lockroy",,directory_path,1.0
1f07f5e4d2674dd8a91cd127090f0245,A1c252_13.jpg,scene_type,object_study,Object study,0.277813,clip,1.0
1f07f5e4d2674dd8a91cd127090f0245,A1c252_13.jpg,shot_type,detail,Detail,0.292814,clip,1.0
1f07f5e4d2674dd8a91cd127090f0245,A1c252_13.jpg,people,no_people,No people,,threshold_rule,1.0
1f07f5e4d2674dd8a91cd127090f0245,A1c252_13.jpg,condition,object_wear,Object wear,0.265141,clip,1.0
4a92c4c478594bf7bb0804dcc58531d8,A1c252_14.jpg,site,base_a,"Base A, Port Lockroy",,directory_path,1.0
4a92c4c478594bf7bb0804dcc58531d8,A1c252_14.jpg,scene_type,object_study,Object study,0.265179,clip,1.0
4a92c4c478594bf7bb0804dcc58531d8,A1c252_14.jpg,shot_type,detail,Detail,0.256927,clip,1.0
4a92c4c478594bf7bb0804dcc58531d8,A1c252_14.jpg,people,no_people,No people,,threshold_rule,1.0
4a92c4c478594bf7bb0804dcc58531d8,A1c252_14.jpg,condition,object_wear,Object wear,0.260437,clip,1.0
80958041e0bf478bb2696957aede2fe5,A1c252_14a.jpg,site,base_a,"Base A, Port Lockroy",,directory_path,1.0
80958041e0bf478bb2696957aede2fe5,A1c252_14a.jpg,scene_type,object_study,Object study,0.267368,clip,1.0
80958041e0bf478bb2696957aede2fe5,A1c252_14a.jpg,shot_type,detail,Detail,0.276391,clip,1.0
80958041e0bf478bb2696957aede2fe5,A1c252_14a.jpg,people,no_people,No people,,threshold_rule,1.0
80958041e0bf478bb2696957aede2fe5,A1c252_14a.jpg,condition,object_wear,Object wear,0.25314,clip,1.0
5719c28e9c354255ad88865d073c54ff,A1c252_7.jpg,site,base_a,"Base A, Port Lockroy",,directory_path,1.0
5719c28e9c354255ad88865d073c54ff,A1c252_7.jpg,scene_type,object_study,Object study,0.279878,clip,1.0
5719c28e9c354255ad88865d073c54ff,A1c252_7.jpg,shot_type,detail,Detail,0.271161,clip,1.0
5719c28e9c354255ad88865d073c54ff,A1c252_7.jpg,people,partial_person,Part of a person,0.242154,clip,1.0
5719c28e9c354255ad88865d073c54ff,A1c252_7.jpg,activity,working,Working,0.262777,clip,1.0
5719c28e9c354255ad88865d073c54ff,A1c252_7.jpg,condition,object_wear,Object wear,0.282098,clip,1.0
5ffdad2d52c84b36b916ab04a57629d1,A1c252_789.jpg,site,base_a,"Base A, Port Lockroy",,directory_path,1.0
5ffdad2d52c84b36b916ab04a57629d1,A1c252_789.jpg,scene_type,object_study,Object study,0.277647,clip,1.0
5ffdad2d52c84b36b916ab04a57629d1,A1c252_789.jpg,shot_type,detail,Detail,0.24427,clip,1.0
5ffdad2d52c84b36b916ab04a57629d1,A1c252_789.jpg,people,two_people,Two people,0.251384,clip,1.0
5ffdad2d52c84b36b916ab04a57629d1,A1c252_789.jpg,condition,object_wear,Object wear,0.266725,clip,1.0
fc343834b0354478b308921b4576f8a8,A1c257_1.jpg,site,base_a,"Base A, Port Lockroy",,directory_path,1.0
fc343834b0354478b308921b4576f8a8,A1c257_1.jpg,scene_type,object_study,Object study,0.243417,clip,1.0
fc343834b0354478b308921b4576f8a8,A1c257_1.jpg,shot_type,detail,Detail,0.26147,clip,1.0
fc343834b0354478b308921b4576f8a8,A1c257_1.jpg,people,no_people,No people,,threshold_rule,1.0
fc343834b0354478b308921b4576f8a8,A1c257_1.jpg,condition,rust,Rust or corrosion,0.26121,clip,1.0
fc343834b0354478b308921b4576f8a8,A1c257_1.jpg,condition,object_wear,Object wear,0.282168,clip,1.0
76786dfec87e44c7ad396daea3e8552b,A1c257_1a.jpg,site,base_a,"Base A, Port Lockroy",,directory_path,1.0
76786dfec87e44c7ad396daea3e8552b,A1c257_1a.jpg,scene_type,object_study,Object study,0.224703,clip,1.0
76786dfec87e44c7ad396daea3e8552b,A1c257_1a.jpg,shot_type,detail,Detail,0.25282,clip,1.0
76786dfec87e44c7ad396daea3e8552b,A1c257_1a.jpg,people,two_people,Two people,0.246875,clip,1.0
76786dfec87e44c7ad396daea3e8552b,A1c257_1a.jpg,condition,rust,Rust or corrosion,0.257789,clip,1.0
76786dfec87e44c7ad396daea3e8552b,A1c257_1a.jpg,condition,object_wear,Object wear,0.264462,clip,1.0
b8860f8f7b194b7c989247941a18f93a,A1c257_1b.jpg,site,base_a,"Base A, Port Lockroy",,directory_path,1.0
b8860f8f7b194b7c989247941a18f93a,A1c257_1b.jpg,scene_type,object_study,Object study,0.267021,clip,1.0
b8860f8f7b194b7c989247941a18f93a,A1c257_1b.jpg,shot_type,detail,Detail,0.264124,clip,1.0
b8860f8f7b194b7c989247941a18f93a,A1c257_1b.jpg,people,partial_person,Part of a person,0.242391,clip,1.0
b8860f8f7b194b7c989247941a18f93a,A1c257_1b.jpg,activity,music,Playing music,0.241392,clip,1.0
9f7e9304afd144bbad60bc4e208a7351,A1c257_2.jpg,site,base_a,"Base A, Port Lockroy",,directory_path,1.0
9f7e9304afd144bbad60bc4e208a7351,A1c257_2.jpg,scene_type,object_study,Object study,0.221746,clip,1.0
9f7e9304afd144bbad60bc4e208a7351,A1c257_2.jpg,shot_type,detail,Detail,0.232729,clip,1.0
9f7e9304afd144bbad60bc4e208a7351,A1c257_2.jpg,people,no_people,No people,,threshold_rule,1.0
9f7e9304afd144bbad60bc4e208a7351,A1c257_2.jpg,condition,object_wear,Object wear,0.256452,clip,1.0
9fb886d8c11a4e02a34da247058702db,A1c258_1.jpg,site,base_a,"Base A, Port Lockroy",,directory_path,1.0
9fb886d8c11a4e02a34da247058702db,A1c258_1.jpg,scene_type,object_study,Object study,0.235308,clip,1.0
9fb886d8c11a4e02a34da247058702db,A1c258_1.jpg,shot_type,detail,Detail,0.239704,clip,1.0
9fb886d8c11a4e02a34da247058702db,A1c258_1.jpg,people,no_people,No people,,threshold_rule,1.0
9fb886d8c11a4e02a34da247058702db,A1c258_1.jpg,condition,rust,Rust or corrosion,0.240983,clip,1.0
9fb886d8c11a4e02a34da247058702db,A1c258_1.jpg,condition,object_wear,Object wear,0.282218,clip,1.0
aa24b1ad936e46ff971903f1f6b594c0,A1c260b.jpg,site,base_a,"Base A, Port Lockroy",,directory_path,1.0
aa24b1ad936e46ff971903f1f6b594c0,A1c260b.jpg,scene_type,object_study,Object study,0.250477,clip,1.0
aa24b1ad936e46ff971903f1f6b594c0,A1c260b.jpg,shot_type,detail,Detail,0.270227,clip,1.0
aa24b1ad936e46ff971903f1f6b594c0,A1c260b.jpg,people,no_people,No people,,threshold_rule,1.0
aa24b1ad936e46ff971903f1f6b594c0,A1c260b.jpg,condition,paint_loss,Paint loss,0.24759,clip,1.0
aa24b1ad936e46ff971903f1f6b594c0,A1c260b.jpg,condition,object_wear,Object wear,0.270437,clip,1.0
df6463b7944d492ca9738be574314a6a,A1c260c.jpg,site,base_a,"Base A, Port Lockroy",,directory_path,1.0
df6463b7944d492ca9738be574314a6a,A1c260c.jpg,scene_type,object_study,Object study,0.23759,clip,1.0
df6463b7944d492ca9738be574314a6a,A1c260c.jpg,shot_type,detail,Detail,0.237973,clip,1.0
df6463b7944d492ca9738be574314a6a,A1c260c.jpg,people,no_people,No people,,threshold_rule,1.0
df6463b7944d492ca9738be574314a6a,A1c260c.jpg,condition,object_wear,Object wear,0.265011,clip,1.0
343bda5e51354573b5068a43e95b5f84,A1c260d.jpg,site,base_a,"Base A, Port Lockroy",,directory_path,1.0
343bda5e51354573b5068a43e95b5f84,A1c260d.jpg,scene_type,object_study,Object study,0.220807,clip,1.0
343bda5e51354573b5068a43e95b5f84,A1c260d.jpg,shot_type,detail,Detail,0.243131,clip,1.0
343bda5e51354573b5068a43e95b5f84,A1c260d.jpg,people,no_people,No people,,threshold_rule,1.0
343bda5e51354573b5068a43e95b5f84,A1c260d.jpg,condition,object_wear,Object wear,0.243054,clip,1.0
68b3f73325204aaaa61d94a7a3b7e5fe,A1c261a.jpg,site,base_a,"Base A, Port Lockroy",,directory_path,1.0
68b3f73325204aaaa61d94a7a3b7e5fe,A1c261a.jpg,scene_type,object_study,Object study,0.205392,clip,1.0
68b3f73325204aaaa61d94a7a3b7e5fe,A1c261a.jpg,shot_type,detail,Detail,0.229804,clip,1.0
68b3f73325204aaaa61d94a7a3b7e5fe,A1c261a.jpg,people,no_people,No people,,threshold_rule,1.0
c060ed0153e24820ad0b9e25574ad604,A1c261b.jpg,site,base_a,"Base A, Port Lockroy",,directory_path,1.0
c060ed0153e24820ad0b9e25574ad604,A1c261b.jpg,scene_type,object_study,Object study,0.228689,clip,1.0
c060ed0153e24820ad0b9e25574ad604,A1c261b.jpg,shot_type,detail,Detail,0.245117,clip,1.0
c060ed0153e24820ad0b9e25574ad604,A1c261b.jpg,people,no_people,No people,,threshold_rule,1.0
c060ed0153e24820ad0b9e25574ad604,A1c261b.jpg,condition,object_wear,Object wear,0.257061,clip,1.0
a348921ba663465999e40b38dd28ff40,A1c261e.jpg,site,base_a,"Base A, Port Lockroy",,directory_path,1.0
a348921ba663465999e40b38dd28ff40,A1c261e.jpg,scene_type,object_study,Object study,0.198071,clip,1.0
a348921ba663465999e40b38dd28ff40,A1c261e.jpg,shot_type,detail,Detail,0.217294,clip,1.0
a348921ba663465999e40b38dd28ff40,A1c261e.jpg,people,no_people,No people,,threshold_rule,1.0
2e09c5d071a94a0a94b5fd3032405f2b,A1c261g.jpg,site,base_a,"Base A, Port Lockroy",,directory_path,1.0
2e09c5d071a94a0a94b5fd3032405f2b,A1c261g.jpg,scene_type,object_study,Object study,0.206902,clip,1.0
2e09c5d071a94a0a94b5fd3032405f2b,A1c261g.jpg,shot_type,detail,Detail,0.214176,clip,1.0
2e09c5d071a94a0a94b5fd3032405f2b,A1c261g.jpg,people,no_people,No people,,threshold_rule,1.0
33c81a05b41446ccb2b2dc3df3d66626,A1c261h.jpg,site,base_a,"Base A, Port Lockroy",,directory_path,1.0
33c81a05b41446ccb2b2dc3df3d66626,A1c261h.jpg,scene_type,object_study,Object study,0.23086,clip,1.0
33c81a05b41446ccb2b2dc3df3d66626,A1c261h.jpg,shot_type,detail,Detail,0.247932,clip,1.0
33c81a05b41446ccb2b2dc3df3d66626,A1c261h.jpg,people,no_people,No people,,threshold_rule,1.0
33c81a05b41446ccb2b2dc3df3d66626,A1c261h.jpg,condition,object_wear,Object wear,0.240846,clip,1.0
20f0c3d504ff459ca555e8574b0b5de6,A1c263.jpg,site,base_a,"Base A, Port Lockroy",,directory_path,1.0
20f0c3d504ff459ca555e8574b0b5de6,A1c263.jpg,scene_type,object_study,Object study,0.258972,clip,1.0
20f0c3d504ff459ca555e8574b0b5de6,A1c263.jpg,shot_type,medium,Medium view,0.266615,clip,1.0
20f0c3d504ff459ca555e8574b0b5de6,A1c263.jpg,people,no_people,No people,,threshold_rule,1.0
20f0c3d504ff459ca555e8574b0b5de6,A1c263.jpg,condition,object_wear,Object wear,0.272489,clip,1.0
1412f7ed487f4b9ab162ac69b3b0eeb7,A1c264.jpg,site,base_a,"Base A, Port Lockroy",,directory_path,1.0
1412f7ed487f4b9ab162ac69b3b0eeb7,A1c264.jpg,scene_type,object_study,Object study,0.272599,clip,1.0
1412f7ed487f4b9ab162ac69b3b0eeb7,A1c264.jpg,shot_type,detail,Detail,0.214677,clip,1.0
1412f7ed487f4b9ab162ac69b3b0eeb7,A1c264.jpg,people,no_people,No people,,threshold_rule,1.0
5f798566c2214107bef4a4992993ba6e,A1c265a.jpg,site,base_a,"Base A, Port Lockroy",,directory_path,1.0
5f798566c2214107bef4a4992993ba6e,A1c265a.jpg,scene_type,object_study,Object study,0.270733,clip,1.0
5f798566c2214107bef4a4992993ba6e,A1c265a.jpg,shot_type,detail,Detail,0.210555,clip,1.0
5f798566c2214107bef4a4992993ba6e,A1c265a.jpg,people,no_people,No people,,threshold_rule,1.0
34c2f7d9ddf14117b08f4d045d8db868,A1c266.jpg,site,base_a,"Base A, Port Lockroy",,directory_path,1.0
34c2f7d9ddf14117b08f4d045d8db868,A1c266.jpg,scene_type,object_study,Object study,0.268495,clip,1.0
34c2f7d9ddf14117b08f4d045d8db868,A1c266.jpg,shot_type,detail,Detail,0.222,clip,1.0
34c2f7d9ddf14117b08f4d045d8db868,A1c266.jpg,people,no_people,No people,,threshold_rule,1.0
34c2f7d9ddf14117b08f4d045d8db868,A1c266.jpg,condition,object_wear,Object wear,0.248659,clip,1.0
19b8d2d9834d4251953e40d9e22be457,A1c270.jpg,site,base_a,"Base A, Port Lockroy",,directory_path,1.0
19b8d2d9834d4251953e40d9e22be457,A1c270.jpg,scene_type,object_study,Object study,0.259243,clip,1.0
19b8d2d9834d4251953e40d9e22be457,A1c270.jpg,shot_type,detail,Detail,0.246211,clip,1.0
19b8d2d9834d4251953e40d9e22be457,A1c270.jpg,people,no_people,No people,,threshold_rule,1.0
19b8d2d9834d4251953e40d9e22be457,A1c270.jpg,condition,paint_loss,Paint loss,0.246794,clip,1.0
19b8d2d9834d4251953e40d9e22be457,A1c270.jpg,condition,rust,Rust or corrosion,0.251614,clip,1.0
19b8d2d9834d4251953e40d9e22be457,A1c270.jpg,condition,object_wear,Object wear,0.282843,clip,1.0
989e2afe3efd4e40aaab8bee18f74594,A1c271a.jpg,site,base_a,"Base A, Port Lockroy",,directory_path,1.0
989e2afe3efd4e40aaab8bee18f74594,A1c271a.jpg,scene_type,object_study,Object study,0.269712,clip,1.0
989e2afe3efd4e40aaab8bee18f74594,A1c271a.jpg,shot_type,detail,Detail,0.29267,clip,1.0
989e2afe3efd4e40aaab8bee18f74594,A1c271a.jpg,people,no_people,No people,,threshold_rule,1.0
989e2afe3efd4e40aaab8bee18f74594,A1c271a.jpg,condition,weathered_timber,Weathered timber,0.259504,clip,1.0
989e2afe3efd4e40aaab8bee18f74594,A1c271a.jpg,condition,paint_loss,Paint loss,0.262494,clip,1.0
989e2afe3efd4e40aaab8bee18f74594,A1c271a.jpg,condition,object_wear,Object wear,0.277213,clip,1.0
1cdaa3bdb0e448cba84f84ae5a795d98,A1c271b.jpg,site,base_a,"Base A, Port Lockroy",,directory_path,1.0
1cdaa3bdb0e448cba84f84ae5a795d98,A1c271b.jpg,scene_type,object_study,Object study,0.248139,clip,1.0
1cdaa3bdb0e448cba84f84ae5a795d98,A1c271b.jpg,shot_type,detail,Detail,0.2363,clip,1.0
1cdaa3bdb0e448cba84f84ae5a795d98,A1c271b.jpg,people,no_people,No people,,threshold_rule,1.0
1cdaa3bdb0e448cba84f84ae5a795d98,A1c271b.jpg,condition,object_wear,Object wear,0.240702,clip,1.0
14fac0bd6ad04040a1bf2dcc04efba82,A1c277.jpg,site,base_a,"Base A, Port Lockroy",,directory_path,1.0
14fac0bd6ad04040a1bf2dcc04efba82,A1c277.jpg,scene_type,interior,Interior,0.249965,clip,1.0
14fac0bd6ad04040a1bf2dcc04efba82,A1c277.jpg,shot_type,medium,Medium view,0.284039,clip,1.0
14fac0bd6ad04040a1bf2dcc04efba82,A1c277.jpg,people,no_people,No people,,threshold_rule,1.0
14fac0bd6ad04040a1bf2dcc04efba82,A1c277.jpg,room,kitchen,Kitchen,0.339059,clip,1.0
ecfac314058243298bf26715cc4cc0ef,A1c28.jpg,site,base_a,"Base A, Port Lockroy",,directory_path,1.0
ecfac314058243298bf26715cc4cc0ef,A1c28.jpg,scene_type,object_study,Object study,0.287659,clip,1.0
ecfac314058243298bf26715cc4cc0ef,A1c28.jpg,shot_type,detail,Detail,0.25099,clip,1.0
ecfac314058243298bf26715cc4cc0ef,A1c28.jpg,people,no_people,No people,,threshold_rule,1.0
ecfac314058243298bf26715cc4cc0ef,A1c28.jpg,condition,object_wear,Object wear,0.281305,clip,1.0
c8bd363266aa42ed98c2ca999c0eba2a,A1c28a.jpg,site,base_a,"Base A, Port Lockroy",,directory_path,1.0
c8bd363266aa42ed98c2ca999c0eba2a,A1c28a.jpg,scene_type,object_study,Object study,0.272497,clip,1.0
c8bd363266aa42ed98c2ca999c0eba2a,A1c28a.jpg,shot_type,detail,Detail,0.220764,clip,1.0
c8bd363266aa42ed98c2ca999c0eba2a,A1c28a.jpg,people,no_people,No people,,threshold_rule,1.0
c8bd363266aa42ed98c2ca999c0eba2a,A1c28a.jpg,condition,object_wear,Object wear,0.253246,clip,1.0
f3c287d8e6864d78becfeccaf515837e,A1c29&30.jpg,site,base_a,"Base A, Port Lockroy",,directory_path,1.0
f3c287d8e6864d78becfeccaf515837e,A1c29&30.jpg,scene_type,interior,Interior,0.265335,clip,1.0
f3c287d8e6864d78becfeccaf515837e,A1c29&30.jpg,shot_type,medium,Medium view,0.264768,clip,1.0
f3c287d8e6864d78becfeccaf515837e,A1c29&30.jpg,people,no_people,No people,,threshold_rule,1.0
f3c287d8e6864d78becfeccaf515837e,A1c29&30.jpg,room,kitchen,Kitchen,0.291045,clip,1.0
f3c287d8e6864d78becfeccaf515837e,A1c29&30.jpg,condition,rust,Rust or corrosion,0.245771,clip,1.0
f3c287d8e6864d78becfeccaf515837e,A1c29&30.jpg,condition,object_wear,Object wear,0.276642,clip,1.0
b827630ce8174c1c97cb24b13baa99a6,A1c32.jpg,site,base_a,"Base A, Port Lockroy",,directory_path,1.0
b827630ce8174c1c97cb24b13baa99a6,A1c32.jpg,scene_type,object_study,Object study,0.210816,clip,1.0
b827630ce8174c1c97cb24b13baa99a6,A1c32.jpg,shot_type,detail,Detail,0.234406,clip,1.0
b827630ce8174c1c97cb24b13baa99a6,A1c32.jpg,people,no_people,No people,,threshold_rule,1.0
306413a630224f7d9bfd89b77ca1ff6a,A1c32a.jpg,site,base_a,"Base A, Port Lockroy",,directory_path,1.0
306413a630224f7d9bfd89b77ca1ff6a,A1c32a.jpg,scene_type,object_study,Object study,0.240007,clip,1.0
306413a630224f7d9bfd89b77ca1ff6a,A1c32a.jpg,shot_type,detail,Detail,0.261799,clip,1.0
306413a630224f7d9bfd89b77ca1ff6a,A1c32a.jpg,people,no_people,No people,,threshold_rule,1.0
306413a630224f7d9bfd89b77ca1ff6a,A1c32a.jpg,condition,object_wear,Object wear,0.263241,clip,1.0
bad21e7793d148758b63425b2f0c5582,A1c33a.jpg,site,base_a,"Base A, Port Lockroy",,directory_path,1.0
bad21e7793d148758b63425b2f0c5582,A1c33a.jpg,scene_type,object_study,Object study,0.242394,clip,1.0
bad21e7793d148758b63425b2f0c5582,A1c33a.jpg,shot_type,detail,Detail,0.23707,clip,1.0
bad21e7793d148758b63425b2f0c5582,A1c33a.jpg,people,no_people,No people,,threshold_rule,1.0
bad21e7793d148758b63425b2f0c5582,A1c33a.jpg,condition,object_wear,Object wear,0.249335,clip,1.0
1980b31f0caa4f4aa17eddf1c179e23e,A1c33b.jpg,site,base_a,"Base A, Port Lockroy",,directory_path,1.0
1980b31f0caa4f4aa17eddf1c179e23e,A1c33b.jpg,scene_type,object_study,Object study,0.224667,clip,1.0
1980b31f0caa4f4aa17eddf1c179e23e,A1c33b.jpg,shot_type,medium,Medium view,0.222699,clip,1.0
1980b31f0caa4f4aa17eddf1c179e23e,A1c33b.jpg,people,no_people,No people,,threshold_rule,1.0
5647adc4dd124879b86c7bc541ec6826,A1c33c.jpg,site,base_a,"Base A, Port Lockroy",,directory_path,1.0
5647adc4dd124879b86c7bc541ec6826,A1c33c.jpg,scene_type,object_study,Object study,0.209997,clip,1.0
5647adc4dd124879b86c7bc541ec6826,A1c33c.jpg,shot_type,detail,Detail,0.227879,clip,1.0
5647adc4dd124879b86c7bc541ec6826,A1c33c.jpg,people,no_people,No people,,threshold_rule,1.0
1f4d1776ae1c4e36ad0cc3e49ac44bcb,A1c33d.jpg,site,base_a,"Base A, Port Lockroy",,directory_path,1.0
1f4d1776ae1c4e36ad0cc3e49ac44bcb,A1c33d.jpg,scene_type,object_study,Object study,0.212477,clip,1.0
1f4d1776ae1c4e36ad0cc3e49ac44bcb,A1c33d.jpg,shot_type,medium,Medium view,0.226318,clip,1.0
1f4d1776ae1c4e36ad0cc3e49ac44bcb,A1c33d.jpg,people,no_people,No people,,threshold_rule,1.0
2ad19257aa7b4f60a260fcaf49413d4c,A1c35.jpg,site,base_a,"Base A, Port Lockroy",,directory_path,1.0
2ad19257aa7b4f60a260fcaf49413d4c,A1c35.jpg,scene_type,object_study,Object study,0.251637,clip,1.0
2ad19257aa7b4f60a260fcaf49413d4c,A1c35.jpg,shot_type,medium,Medium view,0.214991,clip,1.0
2ad19257aa7b4f60a260fcaf49413d4c,A1c35.jpg,people,no_people,No people,,threshold_rule,1.0
2ad19257aa7b4f60a260fcaf49413d4c,A1c35.jpg,condition,object_wear,Object wear,0.245674,clip,1.0
cb6e04acabb842e9aa949f9c0420ea19,A1c36.jpg,site,base_a,"Base A, Port Lockroy",,directory_path,1.0
cb6e04acabb842e9aa949f9c0420ea19,A1c36.jpg,scene_type,object_study,Object study,0.286772,clip,1.0
cb6e04acabb842e9aa949f9c0420ea19,A1c36.jpg,shot_type,detail,Detail,0.260625,clip,1.0
cb6e04acabb842e9aa949f9c0420ea19,A1c36.jpg,people,no_people,No people,,threshold_rule,1.0
cb6e04acabb842e9aa949f9c0420ea19,A1c36.jpg,condition,object_wear,Object wear,0.266587,clip,1.0
8dea8230606842f39849a6a4d0c8aa5c,A1c42.jpg,site,base_a,"Base A, Port Lockroy",,directory_path,1.0
8dea8230606842f39849a6a4d0c8aa5c,A1c42.jpg,scene_type,object_study,Object study,0.264707,clip,1.0
8dea8230606842f39849a6a4d0c8aa5c,A1c42.jpg,shot_type,medium,Medium view,0.251198,clip,1.0
8dea8230606842f39849a6a4d0c8aa5c,A1c42.jpg,people,two_people,Two people,0.264133,clip,1.0
8dea8230606842f39849a6a4d0c8aa5c,A1c42.jpg,condition,object_wear,Object wear,0.270711,clip,1.0
11c3e210a75440458523f83faa47024b,A1c4a.jpg,site,base_a,"Base A, Port Lockroy",,directory_path,1.0
11c3e210a75440458523f83faa47024b,A1c4a.jpg,scene_type,object_study,Object study,0.262123,clip,1.0
11c3e210a75440458523f83faa47024b,A1c4a.jpg,shot_type,detail,Detail,0.234727,clip,1.0
11c3e210a75440458523f83faa47024b,A1c4a.jpg,people,no_people,No people,,threshold_rule,1.0
11c3e210a75440458523f83faa47024b,A1c4a.jpg,condition,object_wear,Object wear,0.284852,clip,1.0
5255fad03756463b8ca9aa110661532e,A1c4b.jpg,site,base_a,"Base A, Port Lockroy",,directory_path,1.0
5255fad03756463b8ca9aa110661532e,A1c4b.jpg,scene_type,interior,Interior,0.273666,clip,1.0
5255fad03756463b8ca9aa110661532e,A1c4b.jpg,shot_type,medium,Medium view,0.253718,clip,1.0
5255fad03756463b8ca9aa110661532e,A1c4b.jpg,people,person_alone,Person alone,0.244132,clip,1.0
5255fad03756463b8ca9aa110661532e,A1c4b.jpg,room,living_room,Living room,0.287903,clip,1.0
5255fad03756463b8ca9aa110661532e,A1c4b.jpg,orientation,back_to_camera,Back to the camera,0.264721,clip,1.0
5255fad03756463b8ca9aa110661532e,A1c4b.jpg,activity,working,Working,0.255718,clip,1.0
5255fad03756463b8ca9aa110661532e,A1c4b.jpg,activity,sleeping,Sleeping,0.244744,clip,1.0
5255fad03756463b8ca9aa110661532e,A1c4b.jpg,activity,reading_writing,Reading or writing,0.265676,clip,1.0
5255fad03756463b8ca9aa110661532e,A1c4b.jpg,activity,posing,Standing or posing,0.249847,clip,1.0
5255fad03756463b8ca9aa110661532e,A1c4b.jpg,activity,resting,Resting,0.268117,clip,1.0
5255fad03756463b8ca9aa110661532e,A1c4b.jpg,condition,object_wear,Object wear,0.29964,clip,1.0
5527904b17804ec3ba13503af2f0e0e8,A1c4c.jpg,site,base_a,"Base A, Port Lockroy",,directory_path,1.0
5527904b17804ec3ba13503af2f0e0e8,A1c4c.jpg,scene_type,interior,Interior,0.256029,clip,1.0
5527904b17804ec3ba13503af2f0e0e8,A1c4c.jpg,shot_type,medium,Medium view,0.281029,clip,1.0
5527904b17804ec3ba13503af2f0e0e8,A1c4c.jpg,people,no_people,No people,,threshold_rule,1.0
5527904b17804ec3ba13503af2f0e0e8,A1c4c.jpg,room,museum_display,Museum display,0.253604,clip,1.0
5527904b17804ec3ba13503af2f0e0e8,A1c4c.jpg,condition,weathered_timber,Weathered timber,0.284554,clip,1.0
5527904b17804ec3ba13503af2f0e0e8,A1c4c.jpg,condition,paint_loss,Paint loss,0.242883,clip,1.0
5527904b17804ec3ba13503af2f0e0e8,A1c4c.jpg,condition,rust,Rust or corrosion,0.241125,clip,1.0
5527904b17804ec3ba13503af2f0e0e8,A1c4c.jpg,condition,structural_damage,Structural damage,0.240911,clip,1.0
5527904b17804ec3ba13503af2f0e0e8,A1c4c.jpg,condition,object_wear,Object wear,0.287269,clip,1.0
abf0174dc91b4580b3295ee3ecb38f0f,A1c5.jpg,site,base_a,"Base A, Port Lockroy",,directory_path,1.0
abf0174dc91b4580b3295ee3ecb38f0f,A1c5.jpg,scene_type,object_study,Object study,0.260857,clip,1.0
abf0174dc91b4580b3295ee3ecb38f0f,A1c5.jpg,shot_type,detail,Detail,0.241158,clip,1.0
abf0174dc91b4580b3295ee3ecb38f0f,A1c5.jpg,people,no_people,No people,,threshold_rule,1.0
abf0174dc91b4580b3295ee3ecb38f0f,A1c5.jpg,condition,rust,Rust or corrosion,0.245711,clip,1.0
abf0174dc91b4580b3295ee3ecb38f0f,A1c5.jpg,condition,object_wear,Object wear,0.285467,clip,1.0
b32077f877c64336b02f345c426fa873,A1c54.jpg,site,base_a,"Base A, Port Lockroy",,directory_path,1.0
b32077f877c64336b02f345c426fa873,A1c54.jpg,scene_type,object_study,Object study,0.250127,clip,1.0
b32077f877c64336b02f345c426fa873,A1c54.jpg,shot_type,detail,Detail,0.260187,clip,1.0
b32077f877c64336b02f345c426fa873,A1c54.jpg,people,no_people,No people,,threshold_rule,1.0
b32077f877c64336b02f345c426fa873,A1c54.jpg,condition,paint_loss,Paint loss,0.256062,clip,1.0
b32077f877c64336b02f345c426fa873,A1c54.jpg,condition,object_wear,Object wear,0.284546,clip,1.0
f417a5c8038544a59a9b94d8d0abfc2c,A1c55.jpg,site,base_a,"Base A, Port Lockroy",,directory_path,1.0
f417a5c8038544a59a9b94d8d0abfc2c,A1c55.jpg,scene_type,object_study,Object study,0.260673,clip,1.0
f417a5c8038544a59a9b94d8d0abfc2c,A1c55.jpg,shot_type,detail,Detail,0.229992,clip,1.0
f417a5c8038544a59a9b94d8d0abfc2c,A1c55.jpg,people,no_people,No people,,threshold_rule,1.0
f417a5c8038544a59a9b94d8d0abfc2c,A1c55.jpg,condition,object_wear,Object wear,0.266032,clip,1.0
bfe087bc03484bf3b921a755f4b5c8f0,A1c56.jpg,site,base_a,"Base A, Port Lockroy",,directory_path,1.0
bfe087bc03484bf3b921a755f4b5c8f0,A1c56.jpg,scene_type,object_study,Object study,0.286031,clip,1.0
bfe087bc03484bf3b921a755f4b5c8f0,A1c56.jpg,shot_type,detail,Detail,0.247845,clip,1.0
bfe087bc03484bf3b921a755f4b5c8f0,A1c56.jpg,people,partial_person,Part of a person,0.247819,clip,1.0
bfe087bc03484bf3b921a755f4b5c8f0,A1c56.jpg,orientation,back_to_camera,Back to the camera,0.241826,clip,1.0
bfe087bc03484bf3b921a755f4b5c8f0,A1c56.jpg,orientation,side_on,Side on,0.243326,clip,1.0
bfe087bc03484bf3b921a755f4b5c8f0,A1c56.jpg,activity,cooking,Cooking,0.256624,clip,1.0
bfe087bc03484bf3b921a755f4b5c8f0,A1c56.jpg,condition,object_wear,Object wear,0.284689,clip,1.0
5b836389f6b949e2945dbcfabf6dacee,A1c57.jpg,site,base_a,"Base A, Port Lockroy",,directory_path,1.0
5b836389f6b949e2945dbcfabf6dacee,A1c57.jpg,scene_type,object_study,Object study,0.273868,clip,1.0
5b836389f6b949e2945dbcfabf6dacee,A1c57.jpg,shot_type,detail,Detail,0.25476,clip,1.0
5b836389f6b949e2945dbcfabf6dacee,A1c57.jpg,people,partial_person,Part of a person,0.246188,clip,1.0
5b836389f6b949e2945dbcfabf6dacee,A1c57.jpg,activity,working,Working,0.261575,clip,1.0
5b836389f6b949e2945dbcfabf6dacee,A1c57.jpg,condition,rust,Rust or corrosion,0.242577,clip,1.0
5b836389f6b949e2945dbcfabf6dacee,A1c57.jpg,condition,object_wear,Object wear,0.288604,clip,1.0
689f530378b149f398ae8c0bf777ab23,A1c58.jpg,site,base_a,"Base A, Port Lockroy",,directory_path,1.0
689f530378b149f398ae8c0bf777ab23,A1c58.jpg,scene_type,object_study,Object study,0.270461,clip,1.0
689f530378b149f398ae8c0bf777ab23,A1c58.jpg,shot_type,medium,Medium view,0.270048,clip,1.0
689f530378b149f398ae8c0bf777ab23,A1c58.jpg,people,no_people,No people,,threshold_rule,1.0
689f530378b149f398ae8c0bf777ab23,A1c58.jpg,condition,weathered_timber,Weathered timber,0.250894,clip,1.0
689f530378b149f398ae8c0bf777ab23,A1c58.jpg,condition,rust,Rust or corrosion,0.245568,clip,1.0
689f530378b149f398ae8c0bf777ab23,A1c58.jpg,condition,object_wear,Object wear,0.285571,clip,1.0
ff82eeb885614d9d8a12fc25151424e3,A1c60.jpg,site,base_a,"Base A, Port Lockroy",,directory_path,1.0
ff82eeb885614d9d8a12fc25151424e3,A1c60.jpg,scene_type,landscape,Landscape,0.23566,clip,1.0
ff82eeb885614d9d8a12fc25151424e3,A1c60.jpg,shot_type,detail,Detail,0.243022,clip,1.0
ff82eeb885614d9d8a12fc25151424e3,A1c60.jpg,people,no_people,No people,,threshold_rule,1.0
fd248e5f000340fdbc5f69900f9dd13c,A1c65.jpg,site,base_a,"Base A, Port Lockroy",,directory_path,1.0
fd248e5f000340fdbc5f69900f9dd13c,A1c65.jpg,scene_type,object_study,Object study,0.238675,clip,1.0
fd248e5f000340fdbc5f69900f9dd13c,A1c65.jpg,shot_type,detail,Detail,0.244683,clip,1.0
fd248e5f000340fdbc5f69900f9dd13c,A1c65.jpg,people,two_people,Two people,0.251099,clip,1.0
fd248e5f000340fdbc5f69900f9dd13c,A1c65.jpg,condition,rust,Rust or corrosion,0.258878,clip,1.0
fd248e5f000340fdbc5f69900f9dd13c,A1c65.jpg,condition,object_wear,Object wear,0.280472,clip,1.0
1db9f0e1b12a4f45b030c418877a265a,A1c66.jpg,site,base_a,"Base A, Port Lockroy",,directory_path,1.0
1db9f0e1b12a4f45b030c418877a265a,A1c66.jpg,scene_type,interior,Interior,0.25505,clip,1.0
1db9f0e1b12a4f45b030c418877a265a,A1c66.jpg,shot_type,medium,Medium view,0.236159,clip,1.0
1db9f0e1b12a4f45b030c418877a265a,A1c66.jpg,people,no_people,No people,,threshold_rule,1.0
1db9f0e1b12a4f45b030c418877a265a,A1c66.jpg,room,kitchen,Kitchen,0.28227,clip,1.0
1db9f0e1b12a4f45b030c418877a265a,A1c66.jpg,condition,rust,Rust or corrosion,0.249327,clip,1.0
1db9f0e1b12a4f45b030c418877a265a,A1c66.jpg,condition,object_wear,Object wear,0.265209,clip,1.0
f5c5326002c74e5e8c6c9ca1d10ac067,A1c66m.jpg,site,base_a,"Base A, Port Lockroy",,directory_path,1.0
f5c5326002c74e5e8c6c9ca1d10ac067,A1c66m.jpg,scene_type,object_study,Object study,0.28067,clip,1.0
f5c5326002c74e5e8c6c9ca1d10ac067,A1c66m.jpg,shot_type,medium,Medium view,0.28204,clip,1.0
f5c5326002c74e5e8c6c9ca1d10ac067,A1c66m.jpg,people,partial_person,Part of a person,0.250788,clip,1.0
f5c5326002c74e5e8c6c9ca1d10ac067,A1c66m.jpg,orientation,back_to_camera,Back to the camera,0.258784,clip,1.0
f5c5326002c74e5e8c6c9ca1d10ac067,A1c66m.jpg,orientation,side_on,Side on,0.247844,clip,1.0
f5c5326002c74e5e8c6c9ca1d10ac067,A1c66m.jpg,activity,working,Working,0.271561,clip,1.0
f5c5326002c74e5e8c6c9ca1d10ac067,A1c66m.jpg,activity,cooking,Cooking,0.268786,clip,1.0
f5c5326002c74e5e8c6c9ca1d10ac067,A1c66m.jpg,activity,sleeping,Sleeping,0.253994,clip,1.0
f5c5326002c74e5e8c6c9ca1d10ac067,A1c66m.jpg,activity,posing,Standing or posing,0.249141,clip,1.0
f5c5326002c74e5e8c6c9ca1d10ac067,A1c66m.jpg,condition,weathered_timber,Weathered timber,0.255823,clip,1.0
f5c5326002c74e5e8c6c9ca1d10ac067,A1c66m.jpg,condition,paint_loss,Paint loss,0.244391,clip,1.0
f5c5326002c74e5e8c6c9ca1d10ac067,A1c66m.jpg,condition,rust,Rust or corrosion,0.255373,clip,1.0
f5c5326002c74e5e8c6c9ca1d10ac067,A1c66m.jpg,condition,object_wear,Object wear,0.267411,clip,1.0
c54ff7cba71248aea2083aab015a901f,A1c66x.jpg,site,base_a,"Base A, Port Lockroy",,directory_path,1.0
c54ff7cba71248aea2083aab015a901f,A1c66x.jpg,scene_type,interior,Interior,0.234888,clip,1.0
c54ff7cba71248aea2083aab015a901f,A1c66x.jpg,shot_type,medium,Medium view,0.240098,clip,1.0
c54ff7cba71248aea2083aab015a901f,A1c66x.jpg,people,no_people,No people,,threshold_rule,1.0
c54ff7cba71248aea2083aab015a901f,A1c66x.jpg,room,kitchen,Kitchen,0.311291,clip,1.0
c54ff7cba71248aea2083aab015a901f,A1c66x.jpg,condition,object_wear,Object wear,0.2485,clip,1.0
59aec1471e7b433b88b78dee46fc090f,A1c66y.jpg,site,base_a,"Base A, Port Lockroy",,directory_path,1.0
59aec1471e7b433b88b78dee46fc090f,A1c66y.jpg,scene_type,interior,Interior,0.252815,clip,1.0
59aec1471e7b433b88b78dee46fc090f,A1c66y.jpg,shot_type,medium,Medium view,0.242775,clip,1.0
59aec1471e7b433b88b78dee46fc090f,A1c66y.jpg,people,no_people,No people,,threshold_rule,1.0
59aec1471e7b433b88b78dee46fc090f,A1c66y.jpg,room,kitchen,Kitchen,0.310603,clip,1.0
59aec1471e7b433b88b78dee46fc090f,A1c66y.jpg,condition,rust,Rust or corrosion,0.264737,clip,1.0
59aec1471e7b433b88b78dee46fc090f,A1c66y.jpg,condition,object_wear,Object wear,0.279412,clip,1.0
cf2384c7c14047579b1c40b9f5097ce4,A1c66z.jpg,site,base_a,"Base A, Port Lockroy",,directory_path,1.0
cf2384c7c14047579b1c40b9f5097ce4,A1c66z.jpg,scene_type,interior,Interior,0.245692,clip,1.0
cf2384c7c14047579b1c40b9f5097ce4,A1c66z.jpg,shot_type,medium,Medium view,0.24601,clip,1.0
cf2384c7c14047579b1c40b9f5097ce4,A1c66z.jpg,people,no_people,No people,,threshold_rule,1.0
cf2384c7c14047579b1c40b9f5097ce4,A1c66z.jpg,room,kitchen,Kitchen,0.268664,clip,1.0
cf2384c7c14047579b1c40b9f5097ce4,A1c66z.jpg,condition,rust,Rust or corrosion,0.281834,clip,1.0
cf2384c7c14047579b1c40b9f5097ce4,A1c66z.jpg,condition,object_wear,Object wear,0.261452,clip,1.0
681c8f3939d44ad0b267846776304de5,A1c68&69.jpg,site,base_a,"Base A, Port Lockroy",,directory_path,1.0
681c8f3939d44ad0b267846776304de5,A1c68&69.jpg,scene_type,object_study,Object study,0.30072,clip,1.0
681c8f3939d44ad0b267846776304de5,A1c68&69.jpg,shot_type,detail,Detail,0.242144,clip,1.0
681c8f3939d44ad0b267846776304de5,A1c68&69.jpg,people,partial_person,Part of a person,0.258206,clip,1.0
681c8f3939d44ad0b267846776304de5,A1c68&69.jpg,activity,working,Working,0.275583,clip,1.0
681c8f3939d44ad0b267846776304de5,A1c68&69.jpg,condition,object_wear,Object wear,0.29295,clip,1.0
ff72b0d551da4d3d9c2dae9d387d3460,A1c7&143.jpg,site,base_a,"Base A, Port Lockroy",,directory_path,1.0
ff72b0d551da4d3d9c2dae9d387d3460,A1c7&143.jpg,scene_type,object_study,Object study,0.274069,clip,1.0
ff72b0d551da4d3d9c2dae9d387d3460,A1c7&143.jpg,shot_type,medium,Medium view,0.270259,clip,1.0
ff72b0d551da4d3d9c2dae9d387d3460,A1c7&143.jpg,people,partial_person,Part of a person,0.250928,clip,1.0
ff72b0d551da4d3d9c2dae9d387d3460,A1c7&143.jpg,activity,working,Working,0.280148,clip,1.0
ff72b0d551da4d3d9c2dae9d387d3460,A1c7&143.jpg,activity,cooking,Cooking,0.253427,clip,1.0
ff72b0d551da4d3d9c2dae9d387d3460,A1c7&143.jpg,condition,object_wear,Object wear,0.282835,clip,1.0
e689d7161c384654a694cbc48a5238c6,A1c77.jpg,site,base_a,"Base A, Port Lockroy",,directory_path,1.0
e689d7161c384654a694cbc48a5238c6,A1c77.jpg,scene_type,object_study,Object study,0.243195,clip,1.0
e689d7161c384654a694cbc48a5238c6,A1c77.jpg,shot_type,detail,Detail,0.252999,clip,1.0
e689d7161c384654a694cbc48a5238c6,A1c77.jpg,people,no_people,No people,,threshold_rule,1.0
e689d7161c384654a694cbc48a5238c6,A1c77.jpg,condition,object_wear,Object wear,0.283838,clip,1.0
db0ba2f91cad428b80556d4ca26f239e,A1c78.jpg,site,base_a,"Base A, Port Lockroy",,directory_path,1.0
db0ba2f91cad428b80556d4ca26f239e,A1c78.jpg,scene_type,object_study,Object study,0.277117,clip,1.0
db0ba2f91cad428b80556d4ca26f239e,A1c78.jpg,shot_type,detail,Detail,0.254882,clip,1.0
db0ba2f91cad428b80556d4ca26f239e,A1c78.jpg,people,no_people,No people,,threshold_rule,1.0
db0ba2f91cad428b80556d4ca26f239e,A1c78.jpg,condition,object_wear,Object wear,0.273241,clip,1.0
86b4efbc82954bc38f6c5ab3b1b03ba6,A1c78a.jpg,site,base_a,"Base A, Port Lockroy",,directory_path,1.0
86b4efbc82954bc38f6c5ab3b1b03ba6,A1c78a.jpg,scene_type,object_study,Object study,0.248804,clip,1.0
86b4efbc82954bc38f6c5ab3b1b03ba6,A1c78a.jpg,shot_type,detail,Detail,0.281287,clip,1.0
86b4efbc82954bc38f6c5ab3b1b03ba6,A1c78a.jpg,people,no_people,No people,,threshold_rule,1.0
86b4efbc82954bc38f6c5ab3b1b03ba6,A1c78a.jpg,condition,object_wear,Object wear,0.251446,clip,1.0
7b601c7f60b44e00b820068284c11df7,A1c78b.jpg,site,base_a,"Base A, Port Lockroy",,directory_path,1.0
7b601c7f60b44e00b820068284c11df7,A1c78b.jpg,scene_type,interior,Interior,0.248455,clip,1.0
7b601c7f60b44e00b820068284c11df7,A1c78b.jpg,shot_type,medium,Medium view,0.281413,clip,1.0
7b601c7f60b44e00b820068284c11df7,A1c78b.jpg,people,no_people,No people,,threshold_rule,1.0
7b601c7f60b44e00b820068284c11df7,A1c78b.jpg,room,kitchen,Kitchen,0.342028,clip,1.0
7b601c7f60b44e00b820068284c11df7,A1c78b.jpg,condition,object_wear,Object wear,0.268265,clip,1.0
4c240290ffe5415e89bdccb0a6e3bc97,A1c80.jpg,site,base_a,"Base A, Port Lockroy",,directory_path,1.0
4c240290ffe5415e89bdccb0a6e3bc97,A1c80.jpg,scene_type,object_study,Object study,0.285483,clip,1.0
4c240290ffe5415e89bdccb0a6e3bc97,A1c80.jpg,shot_type,detail,Detail,0.228353,clip,1.0
4c240290ffe5415e89bdccb0a6e3bc97,A1c80.jpg,people,no_people,No people,,threshold_rule,1.0
4c240290ffe5415e89bdccb0a6e3bc97,A1c80.jpg,condition,object_wear,Object wear,0.267764,clip,1.0
532c19a8e9874f278cb2f452d1450cf5,A1c89.jpg,site,base_a,"Base A, Port Lockroy",,directory_path,1.0
532c19a8e9874f278cb2f452d1450cf5,A1c89.jpg,scene_type,interior,Interior,0.219057,clip,1.0
532c19a8e9874f278cb2f452d1450cf5,A1c89.jpg,shot_type,medium,Medium view,0.240823,clip,1.0
532c19a8e9874f278cb2f452d1450cf5,A1c89.jpg,people,no_people,No people,,threshold_rule,1.0
532c19a8e9874f278cb2f452d1450cf5,A1c89.jpg,room,museum_display,Museum display,0.242876,clip,1.0
82baebced736449a8f750c8430f3f0a9,A1c9.jpg,site,base_a,"Base A, Port Lockroy",,directory_path,1.0
82baebced736449a8f750c8430f3f0a9,A1c9.jpg,scene_type,interior,Interior,0.278259,clip,1.0
82baebced736449a8f750c8430f3f0a9,A1c9.jpg,shot_type,medium,Medium view,0.250885,clip,1.0
82baebced736449a8f750c8430f3f0a9,A1c9.jpg,people,no_people,No people,,threshold_rule,1.0
82baebced736449a8f750c8430f3f0a9,A1c9.jpg,room,kitchen,Kitchen,0.297443,clip,1.0
82baebced736449a8f750c8430f3f0a9,A1c9.jpg,condition,weathered_timber,Weathered timber,0.260117,clip,1.0
82baebced736449a8f750c8430f3f0a9,A1c9.jpg,condition,paint_loss,Paint loss,0.240746,clip,1.0
82baebced736449a8f750c8430f3f0a9,A1c9.jpg,condition,object_wear,Object wear,0.291046,clip,1.0
d30d7e15b5ab452d8a9be6535add55e8,A1c90.jpg,site,base_a,"Base A, Port Lockroy",,directory_path,1.0
d30d7e15b5ab452d8a9be6535add55e8,A1c90.jpg,scene_type,object_study,Object study,0.262522,clip,1.0
d30d7e15b5ab452d8a9be6535add55e8,A1c90.jpg,shot_type,detail,Detail,0.236813,clip,1.0
d30d7e15b5ab452d8a9be6535add55e8,A1c90.jpg,people,no_people,No people,,threshold_rule,1.0
d30d7e15b5ab452d8a9be6535add55e8,A1c90.jpg,condition,object_wear,Object wear,0.270185,clip,1.0
b0fd82a9d85b47c494f1e5459d508b39,A1c92a.jpg,site,base_a,"Base A, Port Lockroy",,directory_path,1.0
b0fd82a9d85b47c494f1e5459d508b39,A1c92a.jpg,scene_type,object_study,Object study,0.266671,clip,1.0
b0fd82a9d85b47c494f1e5459d508b39,A1c92a.jpg,shot_type,detail,Detail,0.244843,clip,1.0
b0fd82a9d85b47c494f1e5459d508b39,A1c92a.jpg,people,no_people,No people,,threshold_rule,1.0
b0fd82a9d85b47c494f1e5459d508b39,A1c92a.jpg,condition,object_wear,Object wear,0.270282,clip,1.0
7c17d912733d4af89b73600f99ffc1d7,A1c92b.jpg,site,base_a,"Base A, Port Lockroy",,directory_path,1.0
7c17d912733d4af89b73600f99ffc1d7,A1c92b.jpg,scene_type,object_study,Object study,0.276503,clip,1.0
7c17d912733d4af89b73600f99ffc1d7,A1c92b.jpg,shot_type,detail,Detail,0.272618,clip,1.0
7c17d912733d4af89b73600f99ffc1d7,A1c92b.jpg,people,partial_person,Part of a person,0.269377,clip,1.0
7c17d912733d4af89b73600f99ffc1d7,A1c92b.jpg,orientation,back_to_camera,Back to the camera,0.251972,clip,1.0
7c17d912733d4af89b73600f99ffc1d7,A1c92b.jpg,orientation,side_on,Side on,0.245821,clip,1.0
7c17d912733d4af89b73600f99ffc1d7,A1c92b.jpg,activity,working,Working,0.240999,clip,1.0
7c17d912733d4af89b73600f99ffc1d7,A1c92b.jpg,condition,object_wear,Object wear,0.289036,clip,1.0
f088174428da46e1b9edf6abc693672c,A1c94.jpg,site,base_a,"Base A, Port Lockroy",,directory_path,1.0
f088174428da46e1b9edf6abc693672c,A1c94.jpg,scene_type,object_study,Object study,0.273341,clip,1.0
f088174428da46e1b9edf6abc693672c,A1c94.jpg,shot_type,medium,Medium view,0.266022,clip,1.0
f088174428da46e1b9edf6abc693672c,A1c94.jpg,people,no_people,No people,,threshold_rule,1.0
f088174428da46e1b9edf6abc693672c,A1c94.jpg,condition,object_wear,Object wear,0.264159,clip,1.0
649a28619940473ab513aa26070ea860,A1c97.jpg,site,base_a,"Base A, Port Lockroy",,directory_path,1.0
649a28619940473ab513aa26070ea860,A1c97.jpg,scene_type,object_study,Object study,0.281775,clip,1.0
649a28619940473ab513aa26070ea860,A1c97.jpg,shot_type,detail,Detail,0.274823,clip,1.0
649a28619940473ab513aa26070ea860,A1c97.jpg,people,partial_person,Part of a person,0.251672,clip,1.0
649a28619940473ab513aa26070ea860,A1c97.jpg,activity,working,Working,0.242293,clip,1.0
649a28619940473ab513aa26070ea860,A1c97.jpg,activity,cooking,Cooking,0.262306,clip,1.0
649a28619940473ab513aa26070ea860,A1c97.jpg,condition,weathered_timber,Weathered timber,0.260202,clip,1.0
649a28619940473ab513aa26070ea860,A1c97.jpg,condition,rust,Rust or corrosion,0.2452,clip,1.0
649a28619940473ab513aa26070ea860,A1c97.jpg,condition,object_wear,Object wear,0.28637,clip,1.0
5ad252561ec242a28f35105a147eb7df,A1c98.jpg,site,base_a,"Base A, Port Lockroy",,directory_path,1.0
5ad252561ec242a28f35105a147eb7df,A1c98.jpg,scene_type,object_study,Object study,0.291492,clip,1.0
5ad252561ec242a28f35105a147eb7df,A1c98.jpg,shot_type,medium,Medium view,0.257018,clip,1.0
5ad252561ec242a28f35105a147eb7df,A1c98.jpg,people,partial_person,Part of a person,0.248076,clip,1.0
5ad252561ec242a28f35105a147eb7df,A1c98.jpg,orientation,back_to_camera,Back to the camera,0.245963,clip,1.0
5ad252561ec242a28f35105a147eb7df,A1c98.jpg,activity,working,Working,0.259587,clip,1.0
5ad252561ec242a28f35105a147eb7df,A1c98.jpg,condition,weathered_timber,Weathered timber,0.245991,clip,1.0
5ad252561ec242a28f35105a147eb7df,A1c98.jpg,condition,object_wear,Object wear,0.282667,clip,1.0
9f9ac986531d410dbfd8f20c02d2f3f4,A1d1.jpg,site,base_a,"Base A, Port Lockroy",,directory_path,1.0
9f9ac986531d410dbfd8f20c02d2f3f4,A1d1.jpg,scene_type,object_study,Object study,0.282258,clip,1.0
9f9ac986531d410dbfd8f20c02d2f3f4,A1d1.jpg,shot_type,detail,Detail,0.284495,clip,1.0
9f9ac986531d410dbfd8f20c02d2f3f4,A1d1.jpg,people,partial_person,Part of a person,0.247196,clip,1.0
9f9ac986531d410dbfd8f20c02d2f3f4,A1d1.jpg,orientation,back_to_camera,Back to the camera,0.25087,clip,1.0
9f9ac986531d410dbfd8f20c02d2f3f4,A1d1.jpg,activity,working,Working,0.248138,clip,1.0
9f9ac986531d410dbfd8f20c02d2f3f4,A1d1.jpg,condition,weathered_timber,Weathered timber,0.271196,clip,1.0
9f9ac986531d410dbfd8f20c02d2f3f4,A1d1.jpg,condition,rust,Rust or corrosion,0.278298,clip,1.0
9f9ac986531d410dbfd8f20c02d2f3f4,A1d1.jpg,condition,object_wear,Object wear,0.307313,clip,1.0
f781712dbcad4276bea7e00848e0559b,A1d12.jpg,site,base_a,"Base A, Port Lockroy",,directory_path,1.0
f781712dbcad4276bea7e00848e0559b,A1d12.jpg,scene_type,object_study,Object study,0.289676,clip,1.0
f781712dbcad4276bea7e00848e0559b,A1d12.jpg,shot_type,detail,Detail,0.281905,clip,1.0
f781712dbcad4276bea7e00848e0559b,A1d12.jpg,people,partial_person,Part of a person,0.251392,clip,1.0
f781712dbcad4276bea7e00848e0559b,A1d12.jpg,activity,working,Working,0.253246,clip,1.0
f781712dbcad4276bea7e00848e0559b,A1d12.jpg,condition,rust,Rust or corrosion,0.283556,clip,1.0
f781712dbcad4276bea7e00848e0559b,A1d12.jpg,condition,object_wear,Object wear,0.297689,clip,1.0
5bd4aa29d7ca48db919aa0f5d8727130,A1d18a.jpg,site,base_a,"Base A, Port Lockroy",,directory_path,1.0
5bd4aa29d7ca48db919aa0f5d8727130,A1d18a.jpg,scene_type,object_study,Object study,0.289307,clip,1.0
5bd4aa29d7ca48db919aa0f5d8727130,A1d18a.jpg,shot_type,detail,Detail,0.252159,clip,1.0
5bd4aa29d7ca48db919aa0f5d8727130,A1d18a.jpg,people,partial_person,Part of a person,0.244014,clip,1.0
5bd4aa29d7ca48db919aa0f5d8727130,A1d18a.jpg,condition,rust,Rust or corrosion,0.25603,clip,1.0
5bd4aa29d7ca48db919aa0f5d8727130,A1d18a.jpg,condition,object_wear,Object wear,0.296552,clip,1.0
5a0d843b910447b28cde846c91aa16b5,A1d18b.jpg,site,base_a,"Base A, Port Lockroy",,directory_path,1.0
5a0d843b910447b28cde846c91aa16b5,A1d18b.jpg,scene_type,object_study,Object study,0.275995,clip,1.0
5a0d843b910447b28cde846c91aa16b5,A1d18b.jpg,shot_type,detail,Detail,0.242205,clip,1.0
5a0d843b910447b28cde846c91aa16b5,A1d18b.jpg,people,partial_person,Part of a person,0.244157,clip,1.0
5a0d843b910447b28cde846c91aa16b5,A1d18b.jpg,condition,rust,Rust or corrosion,0.254154,clip,1.0
5a0d843b910447b28cde846c91aa16b5,A1d18b.jpg,condition,object_wear,Object wear,0.283947,clip,1.0
f405056387c6496e96b4e72c649a9901,A1d20.jpg,site,base_a,"Base A, Port Lockroy",,directory_path,1.0
f405056387c6496e96b4e72c649a9901,A1d20.jpg,scene_type,object_study,Object study,0.281725,clip,1.0
f405056387c6496e96b4e72c649a9901,A1d20.jpg,shot_type,detail,Detail,0.27122,clip,1.0
f405056387c6496e96b4e72c649a9901,A1d20.jpg,people,partial_person,Part of a person,0.244316,clip,1.0
f405056387c6496e96b4e72c649a9901,A1d20.jpg,condition,paint_loss,Paint loss,0.248052,clip,1.0
f405056387c6496e96b4e72c649a9901,A1d20.jpg,condition,rust,Rust or corrosion,0.249963,clip,1.0
f405056387c6496e96b4e72c649a9901,A1d20.jpg,condition,object_wear,Object wear,0.285664,clip,1.0
2f459fca6a3343d7a7e1af2d5a61e006,A1d21.jpg,site,base_a,"Base A, Port Lockroy",,directory_path,1.0
2f459fca6a3343d7a7e1af2d5a61e006,A1d21.jpg,scene_type,object_study,Object study,0.259701,clip,1.0
2f459fca6a3343d7a7e1af2d5a61e006,A1d21.jpg,shot_type,medium,Medium view,0.278605,clip,1.0
2f459fca6a3343d7a7e1af2d5a61e006,A1d21.jpg,people,no_people,No people,,threshold_rule,1.0
2f459fca6a3343d7a7e1af2d5a61e006,A1d21.jpg,condition,rust,Rust or corrosion,0.254559,clip,1.0
2f459fca6a3343d7a7e1af2d5a61e006,A1d21.jpg,condition,object_wear,Object wear,0.283814,clip,1.0
50a2f34fa1f54047ac2c7010b181022c,A1d22a.jpg,site,base_a,"Base A, Port Lockroy",,directory_path,1.0
50a2f34fa1f54047ac2c7010b181022c,A1d22a.jpg,scene_type,object_study,Object study,0.260044,clip,1.0
50a2f34fa1f54047ac2c7010b181022c,A1d22a.jpg,shot_type,detail,Detail,0.240136,clip,1.0
50a2f34fa1f54047ac2c7010b181022c,A1d22a.jpg,people,no_people,No people,,threshold_rule,1.0
50a2f34fa1f54047ac2c7010b181022c,A1d22a.jpg,condition,object_wear,Object wear,0.272919,clip,1.0
0e654cdece56408b9d29381ff22d12b6,A1d22b.jpg,site,base_a,"Base A, Port Lockroy",,directory_path,1.0
0e654cdece56408b9d29381ff22d12b6,A1d22b.jpg,scene_type,object_study,Object study,0.270723,clip,1.0
0e654cdece56408b9d29381ff22d12b6,A1d22b.jpg,shot_type,detail,Detail,0.255277,clip,1.0
0e654cdece56408b9d29381ff22d12b6,A1d22b.jpg,people,no_people,No people,,threshold_rule,1.0
0e654cdece56408b9d29381ff22d12b6,A1d22b.jpg,condition,object_wear,Object wear,0.288541,clip,1.0
92d57e6bbb1e4da29b1316eb3b6abc4e,A1d22d.jpg,site,base_a,"Base A, Port Lockroy",,directory_path,1.0
92d57e6bbb1e4da29b1316eb3b6abc4e,A1d22d.jpg,scene_type,object_study,Object study,0.239878,clip,1.0
92d57e6bbb1e4da29b1316eb3b6abc4e,A1d22d.jpg,shot_type,detail,Detail,0.245842,clip,1.0
92d57e6bbb1e4da29b1316eb3b6abc4e,A1d22d.jpg,people,no_people,No people,,threshold_rule,1.0
92d57e6bbb1e4da29b1316eb3b6abc4e,A1d22d.jpg,condition,object_wear,Object wear,0.263717,clip,1.0
ed1277c0204340d2aa93b4869b75a950,A1d22e.jpg,site,base_a,"Base A, Port Lockroy",,directory_path,1.0
ed1277c0204340d2aa93b4869b75a950,A1d22e.jpg,scene_type,object_study,Object study,0.247599,clip,1.0
ed1277c0204340d2aa93b4869b75a950,A1d22e.jpg,shot_type,detail,Detail,0.243361,clip,1.0
ed1277c0204340d2aa93b4869b75a950,A1d22e.jpg,people,no_people,No people,,threshold_rule,1.0
ed1277c0204340d2aa93b4869b75a950,A1d22e.jpg,condition,object_wear,Object wear,0.26159,clip,1.0
5fd68202b43541b5ba5c8e928e6973d8,A1d31&32.jpg,site,base_a,"Base A, Port Lockroy",,directory_path,1.0
5fd68202b43541b5ba5c8e928e6973d8,A1d31&32.jpg,scene_type,object_study,Object study,0.221763,clip,1.0
5fd68202b43541b5ba5c8e928e6973d8,A1d31&32.jpg,shot_type,medium,Medium view,0.229595,clip,1.0
5fd68202b43541b5ba5c8e928e6973d8,A1d31&32.jpg,people,no_people,No people,,threshold_rule,1.0
5fd68202b43541b5ba5c8e928e6973d8,A1d31&32.jpg,condition,rust,Rust or corrosion,0.246922,clip,1.0
5fd68202b43541b5ba5c8e928e6973d8,A1d31&32.jpg,condition,object_wear,Object wear,0.257014,clip,1.0
326ae9dab2794ff394f1939b8a2883e7,A1d40.jpg,site,base_a,"Base A, Port Lockroy",,directory_path,1.0
326ae9dab2794ff394f1939b8a2883e7,A1d40.jpg,scene_type,object_study,Object study,0.24962,clip,1.0
326ae9dab2794ff394f1939b8a2883e7,A1d40.jpg,shot_type,detail,Detail,0.256021,clip,1.0
326ae9dab2794ff394f1939b8a2883e7,A1d40.jpg,people,no_people,No people,,threshold_rule,1.0
326ae9dab2794ff394f1939b8a2883e7,A1d40.jpg,condition,weathered_timber,Weathered timber,0.266058,clip,1.0
326ae9dab2794ff394f1939b8a2883e7,A1d40.jpg,condition,rust,Rust or corrosion,0.251683,clip,1.0
326ae9dab2794ff394f1939b8a2883e7,A1d40.jpg,condition,object_wear,Object wear,0.273042,clip,1.0
9589e6cecba44ab1922c4a7777aaaedb,A1d7.jpg,site,base_a,"Base A, Port Lockroy",,directory_path,1.0
9589e6cecba44ab1922c4a7777aaaedb,A1d7.jpg,scene_type,object_study,Object study,0.278108,clip,1.0
9589e6cecba44ab1922c4a7777aaaedb,A1d7.jpg,shot_type,medium,Medium view,0.256427,clip,1.0
9589e6cecba44ab1922c4a7777aaaedb,A1d7.jpg,people,no_people,No people,,threshold_rule,1.0
9589e6cecba44ab1922c4a7777aaaedb,A1d7.jpg,condition,object_wear,Object wear,0.261995,clip,1.0
0b4b9d0bceb045a297846e7d0e6f5515,A1e1.jpg,site,base_a,"Base A, Port Lockroy",,directory_path,1.0
0b4b9d0bceb045a297846e7d0e6f5515,A1e1.jpg,scene_type,object_study,Object study,0.276088,clip,1.0
0b4b9d0bceb045a297846e7d0e6f5515,A1e1.jpg,shot_type,detail,Detail,0.254279,clip,1.0
0b4b9d0bceb045a297846e7d0e6f5515,A1e1.jpg,people,no_people,No people,,threshold_rule,1.0
0b4b9d0bceb045a297846e7d0e6f5515,A1e1.jpg,condition,rust,Rust or corrosion,0.259104,clip,1.0
0b4b9d0bceb045a297846e7d0e6f5515,A1e1.jpg,condition,object_wear,Object wear,0.273871,clip,1.0
5f4b560fc9e04a97b0b2de684989322f,A1e101.jpg,site,base_a,"Base A, Port Lockroy",,directory_path,1.0
5f4b560fc9e04a97b0b2de684989322f,A1e101.jpg,scene_type,exterior,Exterior,0.19219,clip,1.0
5f4b560fc9e04a97b0b2de684989322f,A1e101.jpg,shot_type,detail,Detail,0.238709,clip,1.0
5f4b560fc9e04a97b0b2de684989322f,A1e101.jpg,people,no_people,No people,,threshold_rule,1.0
5f4b560fc9e04a97b0b2de684989322f,A1e101.jpg,condition,weathered_timber,Weathered timber,0.254897,clip,1.0
985d118923c64d93806266bea3855cf3,A1e1a.jpg,site,base_a,"Base A, Port Lockroy",,directory_path,1.0
985d118923c64d93806266bea3855cf3,A1e1a.jpg,scene_type,object_study,Object study,0.257071,clip,1.0
985d118923c64d93806266bea3855cf3,A1e1a.jpg,shot_type,detail,Detail,0.273672,clip,1.0
985d118923c64d93806266bea3855cf3,A1e1a.jpg,people,no_people,No people,,threshold_rule,1.0
985d118923c64d93806266bea3855cf3,A1e1a.jpg,condition,weathered_timber,Weathered timber,0.240644,clip,1.0
985d118923c64d93806266bea3855cf3,A1e1a.jpg,condition,rust,Rust or corrosion,0.268625,clip,1.0
985d118923c64d93806266bea3855cf3,A1e1a.jpg,condition,object_wear,Object wear,0.260016,clip,1.0
149ee1f6909d42709ef354c216de2f0b,A1e1b.jpg,site,base_a,"Base A, Port Lockroy",,directory_path,1.0
149ee1f6909d42709ef354c216de2f0b,A1e1b.jpg,scene_type,object_study,Object study,0.26358,clip,1.0
149ee1f6909d42709ef354c216de2f0b,A1e1b.jpg,shot_type,medium,Medium view,0.275095,clip,1.0
149ee1f6909d42709ef354c216de2f0b,A1e1b.jpg,people,no_people,No people,,threshold_rule,1.0
149ee1f6909d42709ef354c216de2f0b,A1e1b.jpg,condition,rust,Rust or corrosion,0.243666,clip,1.0
149ee1f6909d42709ef354c216de2f0b,A1e1b.jpg,condition,object_wear,Object wear,0.270938,clip,1.0
e6db574e6a5843a39b69c656ea6395fa,A1e20.jpg,site,base_a,"Base A, Port Lockroy",,directory_path,1.0
e6db574e6a5843a39b69c656ea6395fa,A1e20.jpg,scene_type,object_study,Object study,0.262355,clip,1.0
e6db574e6a5843a39b69c656ea6395fa,A1e20.jpg,shot_type,detail,Detail,0.260686,clip,1.0
e6db574e6a5843a39b69c656ea6395fa,A1e20.jpg,people,partial_person,Part of a person,0.248822,clip,1.0
e6db574e6a5843a39b69c656ea6395fa,A1e20.jpg,activity,working,Working,0.258948,clip,1.0
e6db574e6a5843a39b69c656ea6395fa,A1e20.jpg,condition,rust,Rust or corrosion,0.302351,clip,1.0
e6db574e6a5843a39b69c656ea6395fa,A1e20.jpg,condition,object_wear,Object wear,0.291326,clip,1.0
da758079d98f478fb8c4d9dc268c42ce,A1e24.jpg,site,base_a,"Base A, Port Lockroy",,directory_path,1.0
da758079d98f478fb8c4d9dc268c42ce,A1e24.jpg,scene_type,object_study,Object study,0.274054,clip,1.0
da758079d98f478fb8c4d9dc268c42ce,A1e24.jpg,shot_type,detail,Detail,0.306487,clip,1.0
da758079d98f478fb8c4d9dc268c42ce,A1e24.jpg,people,partial_person,Part of a person,0.260097,clip,1.0
da758079d98f478fb8c4d9dc268c42ce,A1e24.jpg,activity,working,Working,0.263983,clip,1.0
da758079d98f478fb8c4d9dc268c42ce,A1e24.jpg,activity,music,Playing music,0.240893,clip,1.0
da758079d98f478fb8c4d9dc268c42ce,A1e24.jpg,condition,weathered_timber,Weathered timber,0.279686,clip,1.0
da758079d98f478fb8c4d9dc268c42ce,A1e24.jpg,condition,rust,Rust or corrosion,0.307351,clip,1.0
da758079d98f478fb8c4d9dc268c42ce,A1e24.jpg,condition,object_wear,Object wear,0.297132,clip,1.0
5814c75e61154b2c909dace23c76256f,A1e25a.jpg,site,base_a,"Base A, Port Lockroy",,directory_path,1.0
5814c75e61154b2c909dace23c76256f,A1e25a.jpg,scene_type,object_study,Object study,0.253744,clip,1.0
5814c75e61154b2c909dace23c76256f,A1e25a.jpg,shot_type,detail,Detail,0.26689,clip,1.0
5814c75e61154b2c909dace23c76256f,A1e25a.jpg,people,partial_person,Part of a person,0.241747,clip,1.0
5814c75e61154b2c909dace23c76256f,A1e25a.jpg,activity,working,Working,0.264441,clip,1.0
5814c75e61154b2c909dace23c76256f,A1e25a.jpg,condition,rust,Rust or corrosion,0.256266,clip,1.0
5814c75e61154b2c909dace23c76256f,A1e25a.jpg,condition,object_wear,Object wear,0.274841,clip,1.0
3400b758298848e7b49bd1cd8ca5495d,A1e25c.jpg,site,base_a,"Base A, Port Lockroy",,directory_path,1.0
3400b758298848e7b49bd1cd8ca5495d,A1e25c.jpg,scene_type,object_study,Object study,0.255858,clip,1.0
3400b758298848e7b49bd1cd8ca5495d,A1e25c.jpg,shot_type,detail,Detail,0.298822,clip,1.0
3400b758298848e7b49bd1cd8ca5495d,A1e25c.jpg,people,no_people,No people,,threshold_rule,1.0
3400b758298848e7b49bd1cd8ca5495d,A1e25c.jpg,condition,rust,Rust or corrosion,0.290182,clip,1.0
3400b758298848e7b49bd1cd8ca5495d,A1e25c.jpg,condition,object_wear,Object wear,0.288791,clip,1.0
829fdf7643ab4251ab78b929cee09bff,A1e26.jpg,site,base_a,"Base A, Port Lockroy",,directory_path,1.0
829fdf7643ab4251ab78b929cee09bff,A1e26.jpg,scene_type,object_study,Object study,0.299749,clip,1.0
829fdf7643ab4251ab78b929cee09bff,A1e26.jpg,shot_type,detail,Detail,0.27062,clip,1.0
829fdf7643ab4251ab78b929cee09bff,A1e26.jpg,people,partial_person,Part of a person,0.244171,clip,1.0
829fdf7643ab4251ab78b929cee09bff,A1e26.jpg,activity,working,Working,0.248492,clip,1.0
829fdf7643ab4251ab78b929cee09bff,A1e26.jpg,condition,rust,Rust or corrosion,0.270059,clip,1.0
829fdf7643ab4251ab78b929cee09bff,A1e26.jpg,condition,object_wear,Object wear,0.293047,clip,1.0
e1aa29aac75449929cd508e7b8a49e66,A1e28.jpg,site,base_a,"Base A, Port Lockroy",,directory_path,1.0
e1aa29aac75449929cd508e7b8a49e66,A1e28.jpg,scene_type,object_study,Object study,0.278937,clip,1.0
e1aa29aac75449929cd508e7b8a49e66,A1e28.jpg,shot_type,detail,Detail,0.253048,clip,1.0
e1aa29aac75449929cd508e7b8a49e66,A1e28.jpg,people,no_people,No people,,threshold_rule,1.0
e1aa29aac75449929cd508e7b8a49e66,A1e28.jpg,condition,rust,Rust or corrosion,0.279757,clip,1.0
e1aa29aac75449929cd508e7b8a49e66,A1e28.jpg,condition,object_wear,Object wear,0.29075,clip,1.0
839f5daf7c694e5e8c77fe50c68d1f74,A1e3.jpg,site,base_a,"Base A, Port Lockroy",,directory_path,1.0
839f5daf7c694e5e8c77fe50c68d1f74,A1e3.jpg,scene_type,object_study,Object study,0.266767,clip,1.0
839f5daf7c694e5e8c77fe50c68d1f74,A1e3.jpg,shot_type,detail,Detail,0.274319,clip,1.0
839f5daf7c694e5e8c77fe50c68d1f74,A1e3.jpg,people,partial_person,Part of a person,0.244795,clip,1.0
839f5daf7c694e5e8c77fe50c68d1f74,A1e3.jpg,activity,working,Working,0.255952,clip,1.0
839f5daf7c694e5e8c77fe50c68d1f74,A1e3.jpg,condition,weathered_timber,Weathered timber,0.241488,clip,1.0
839f5daf7c694e5e8c77fe50c68d1f74,A1e3.jpg,condition,rust,Rust or corrosion,0.294945,clip,1.0
839f5daf7c694e5e8c77fe50c68d1f74,A1e3.jpg,condition,object_wear,Object wear,0.297193,clip,1.0
f2310b4963d045c2a6d76d1e53f916fe,A1e30.jpg,site,base_a,"Base A, Port Lockroy",,directory_path,1.0
f2310b4963d045c2a6d76d1e53f916fe,A1e30.jpg,scene_type,object_study,Object study,0.2881,clip,1.0
f2310b4963d045c2a6d76d1e53f916fe,A1e30.jpg,shot_type,detail,Detail,0.260107,clip,1.0
f2310b4963d045c2a6d76d1e53f916fe,A1e30.jpg,people,partial_person,Part of a person,0.262509,clip,1.0
f2310b4963d045c2a6d76d1e53f916fe,A1e30.jpg,activity,working,Working,0.246205,clip,1.0
f2310b4963d045c2a6d76d1e53f916fe,A1e30.jpg,activity,music,Playing music,0.245015,clip,1.0
f2310b4963d045c2a6d76d1e53f916fe,A1e30.jpg,condition,rust,Rust or corrosion,0.241921,clip,1.0
f2310b4963d045c2a6d76d1e53f916fe,A1e30.jpg,condition,object_wear,Object wear,0.296516,clip,1.0
4b20b2c828904cad956f1a6088965e4e,A1e32.jpg,site,base_a,"Base A, Port Lockroy",,directory_path,1.0
4b20b2c828904cad956f1a6088965e4e,A1e32.jpg,scene_type,object_study,Object study,0.253693,clip,1.0
4b20b2c828904cad956f1a6088965e4e,A1e32.jpg,shot_type,detail,Detail,0.26556,clip,1.0
4b20b2c828904cad956f1a6088965e4e,A1e32.jpg,people,no_people,No people,,threshold_rule,1.0
4b20b2c828904cad956f1a6088965e4e,A1e32.jpg,condition,weathered_timber,Weathered timber,0.249178,clip,1.0
4b20b2c828904cad956f1a6088965e4e,A1e32.jpg,condition,paint_loss,Paint loss,0.274812,clip,1.0
4b20b2c828904cad956f1a6088965e4e,A1e32.jpg,condition,rust,Rust or corrosion,0.287454,clip,1.0
4b20b2c828904cad956f1a6088965e4e,A1e32.jpg,condition,object_wear,Object wear,0.249589,clip,1.0
ffb5aee68b4941faaa4622da17fa45ba,A1e32z.jpg,site,base_a,"Base A, Port Lockroy",,directory_path,1.0
ffb5aee68b4941faaa4622da17fa45ba,A1e32z.jpg,scene_type,object_study,Object study,0.266946,clip,1.0
ffb5aee68b4941faaa4622da17fa45ba,A1e32z.jpg,shot_type,medium,Medium view,0.281613,clip,1.0
ffb5aee68b4941faaa4622da17fa45ba,A1e32z.jpg,people,partial_person,Part of a person,0.241184,clip,1.0
ffb5aee68b4941faaa4622da17fa45ba,A1e32z.jpg,activity,working,Working,0.279492,clip,1.0
ffb5aee68b4941faaa4622da17fa45ba,A1e32z.jpg,activity,sleeping,Sleeping,0.24588,clip,1.0
ffb5aee68b4941faaa4622da17fa45ba,A1e32z.jpg,condition,weathered_timber,Weathered timber,0.283171,clip,1.0
ffb5aee68b4941faaa4622da17fa45ba,A1e32z.jpg,condition,rust,Rust or corrosion,0.262187,clip,1.0
ffb5aee68b4941faaa4622da17fa45ba,A1e32z.jpg,condition,structural_damage,Structural damage,0.25181,clip,1.0
ffb5aee68b4941faaa4622da17fa45ba,A1e32z.jpg,condition,object_wear,Object wear,0.285348,clip,1.0
475fa720d90e4d16b76df6c93f947c8b,A1e34.jpg,site,base_a,"Base A, Port Lockroy",,directory_path,1.0
475fa720d90e4d16b76df6c93f947c8b,A1e34.jpg,scene_type,object_study,Object study,0.280304,clip,1.0
475fa720d90e4d16b76df6c93f947c8b,A1e34.jpg,shot_type,detail,Detail,0.257443,clip,1.0
475fa720d90e4d16b76df6c93f947c8b,A1e34.jpg,people,partial_person,Part of a person,0.246763,clip,1.0
475fa720d90e4d16b76df6c93f947c8b,A1e34.jpg,activity,working,Working,0.278047,clip,1.0
475fa720d90e4d16b76df6c93f947c8b,A1e34.jpg,condition,rust,Rust or corrosion,0.292982,clip,1.0
475fa720d90e4d16b76df6c93f947c8b,A1e34.jpg,condition,structural_damage,Structural damage,0.249018,clip,1.0
475fa720d90e4d16b76df6c93f947c8b,A1e34.jpg,condition,object_wear,Object wear,0.298944,clip,1.0
d2b737f800de45abaef55d3bf31c5bc9,A1e34a.jpg,site,base_a,"Base A, Port Lockroy",,directory_path,1.0
d2b737f800de45abaef55d3bf31c5bc9,A1e34a.jpg,scene_type,object_study,Object study,0.290547,clip,1.0
d2b737f800de45abaef55d3bf31c5bc9,A1e34a.jpg,shot_type,detail,Detail,0.256449,clip,1.0
d2b737f800de45abaef55d3bf31c5bc9,A1e34a.jpg,people,partial_person,Part of a person,0.26623,clip,1.0
d2b737f800de45abaef55d3bf31c5bc9,A1e34a.jpg,activity,working,Working,0.263939,clip,1.0
d2b737f800de45abaef55d3bf31c5bc9,A1e34a.jpg,condition,weathered_timber,Weathered timber,0.240934,clip,1.0
d2b737f800de45abaef55d3bf31c5bc9,A1e34a.jpg,condition,rust,Rust or corrosion,0.276179,clip,1.0
d2b737f800de45abaef55d3bf31c5bc9,A1e34a.jpg,condition,object_wear,Object wear,0.294946,clip,1.0
449a3918fb6b42a8bbbff0eb8aa8179c,A1e4.jpg,site,base_a,"Base A, Port Lockroy",,directory_path,1.0
449a3918fb6b42a8bbbff0eb8aa8179c,A1e4.jpg,scene_type,object_study,Object study,0.28877,clip,1.0
449a3918fb6b42a8bbbff0eb8aa8179c,A1e4.jpg,shot_type,detail,Detail,0.275551,clip,1.0
449a3918fb6b42a8bbbff0eb8aa8179c,A1e4.jpg,people,partial_person,Part of a person,0.241063,clip,1.0
449a3918fb6b42a8bbbff0eb8aa8179c,A1e4.jpg,orientation,facing_camera,Facing the camera,0.241633,clip,1.0
449a3918fb6b42a8bbbff0eb8aa8179c,A1e4.jpg,activity,working,Working,0.249022,clip,1.0
449a3918fb6b42a8bbbff0eb8aa8179c,A1e4.jpg,condition,rust,Rust or corrosion,0.253053,clip,1.0
449a3918fb6b42a8bbbff0eb8aa8179c,A1e4.jpg,condition,object_wear,Object wear,0.292527,clip,1.0
33d1545f54f84aae90fd2fd0fb8891ce,A1e41j.jpg,site,base_a,"Base A, Port Lockroy",,directory_path,1.0
33d1545f54f84aae90fd2fd0fb8891ce,A1e41j.jpg,scene_type,object_study,Object study,0.254218,clip,1.0
33d1545f54f84aae90fd2fd0fb8891ce,A1e41j.jpg,shot_type,detail,Detail,0.294847,clip,1.0
33d1545f54f84aae90fd2fd0fb8891ce,A1e41j.jpg,people,no_people,No people,,threshold_rule,1.0
33d1545f54f84aae90fd2fd0fb8891ce,A1e41j.jpg,condition,rust,Rust or corrosion,0.269667,clip,1.0
33d1545f54f84aae90fd2fd0fb8891ce,A1e41j.jpg,condition,object_wear,Object wear,0.290216,clip,1.0
35216d18334d45e785d9991afabf874d,A1e41k.jpg,site,base_a,"Base A, Port Lockroy",,directory_path,1.0
35216d18334d45e785d9991afabf874d,A1e41k.jpg,scene_type,object_study,Object study,0.239513,clip,1.0
35216d18334d45e785d9991afabf874d,A1e41k.jpg,shot_type,detail,Detail,0.292551,clip,1.0
35216d18334d45e785d9991afabf874d,A1e41k.jpg,people,partial_person,Part of a person,0.24626,clip,1.0
35216d18334d45e785d9991afabf874d,A1e41k.jpg,orientation,facing_camera,Facing the camera,0.240902,clip,1.0
35216d18334d45e785d9991afabf874d,A1e41k.jpg,orientation,back_to_camera,Back to the camera,0.240968,clip,1.0
35216d18334d45e785d9991afabf874d,A1e41k.jpg,activity,posing,Standing or posing,0.246709,clip,1.0
35216d18334d45e785d9991afabf874d,A1e41k.jpg,condition,object_wear,Object wear,0.24138,clip,1.0
8c04d7b148524d6fb97c13bfbfb10ac7,A1e41l.jpg,site,base_a,"Base A, Port Lockroy",,directory_path,1.0
8c04d7b148524d6fb97c13bfbfb10ac7,A1e41l.jpg,scene_type,object_study,Object study,0.251956,clip,1.0
8c04d7b148524d6fb97c13bfbfb10ac7,A1e41l.jpg,shot_type,detail,Detail,0.298656,clip,1.0
8c04d7b148524d6fb97c13bfbfb10ac7,A1e41l.jpg,people,partial_person,Part of a person,0.242996,clip,1.0
8c04d7b148524d6fb97c13bfbfb10ac7,A1e41l.jpg,activity,working,Working,0.278305,clip,1.0
8c04d7b148524d6fb97c13bfbfb10ac7,A1e41l.jpg,condition,rust,Rust or corrosion,0.253013,clip,1.0
8c04d7b148524d6fb97c13bfbfb10ac7,A1e41l.jpg,condition,object_wear,Object wear,0.264789,clip,1.0
435698d79d974f9d81036d08159f8958,A1e41m.jpg,site,base_a,"Base A, Port Lockroy",,directory_path,1.0
435698d79d974f9d81036d08159f8958,A1e41m.jpg,scene_type,object_study,Object study,0.254319,clip,1.0
435698d79d974f9d81036d08159f8958,A1e41m.jpg,shot_type,detail,Detail,0.261394,clip,1.0
435698d79d974f9d81036d08159f8958,A1e41m.jpg,people,no_people,No people,,threshold_rule,1.0
435698d79d974f9d81036d08159f8958,A1e41m.jpg,condition,rust,Rust or corrosion,0.256378,clip,1.0
435698d79d974f9d81036d08159f8958,A1e41m.jpg,condition,object_wear,Object wear,0.280049,clip,1.0
e30c011f5c7546188fdd53f4b7f33ebd,A1e41n.jpg,site,base_a,"Base A, Port Lockroy",,directory_path,1.0
e30c011f5c7546188fdd53f4b7f33ebd,A1e41n.jpg,scene_type,object_study,Object study,0.266268,clip,1.0
e30c011f5c7546188fdd53f4b7f33ebd,A1e41n.jpg,shot_type,detail,Detail,0.274837,clip,1.0
e30c011f5c7546188fdd53f4b7f33ebd,A1e41n.jpg,people,no_people,No people,,threshold_rule,1.0
e30c011f5c7546188fdd53f4b7f33ebd,A1e41n.jpg,condition,object_wear,Object wear,0.290044,clip,1.0
758174dc51194c2692c5500ef342c204,A1e41o.jpg,site,base_a,"Base A, Port Lockroy",,directory_path,1.0
758174dc51194c2692c5500ef342c204,A1e41o.jpg,scene_type,object_study,Object study,0.279004,clip,1.0
758174dc51194c2692c5500ef342c204,A1e41o.jpg,shot_type,detail,Detail,0.283492,clip,1.0
758174dc51194c2692c5500ef342c204,A1e41o.jpg,people,no_people,No people,,threshold_rule,1.0
758174dc51194c2692c5500ef342c204,A1e41o.jpg,condition,object_wear,Object wear,0.262304,clip,1.0
fe52cc57960440ff850c7d16ec5c7e9a,A1e41p.jpg,site,base_a,"Base A, Port Lockroy",,directory_path,1.0
fe52cc57960440ff850c7d16ec5c7e9a,A1e41p.jpg,scene_type,object_study,Object study,0.266075,clip,1.0
fe52cc57960440ff850c7d16ec5c7e9a,A1e41p.jpg,shot_type,detail,Detail,0.28539,clip,1.0
fe52cc57960440ff850c7d16ec5c7e9a,A1e41p.jpg,people,partial_person,Part of a person,0.254707,clip,1.0
fe52cc57960440ff850c7d16ec5c7e9a,A1e41p.jpg,activity,working,Working,0.289588,clip,1.0
fe52cc57960440ff850c7d16ec5c7e9a,A1e41p.jpg,condition,rust,Rust or corrosion,0.250378,clip,1.0
fe52cc57960440ff850c7d16ec5c7e9a,A1e41p.jpg,condition,object_wear,Object wear,0.266662,clip,1.0
70f47016d5f546ce90280697488b9e5a,A1e41q.jpg,site,base_a,"Base A, Port Lockroy",,directory_path,1.0
70f47016d5f546ce90280697488b9e5a,A1e41q.jpg,scene_type,object_study,Object study,0.25591,clip,1.0
70f47016d5f546ce90280697488b9e5a,A1e41q.jpg,shot_type,detail,Detail,0.289242,clip,1.0
70f47016d5f546ce90280697488b9e5a,A1e41q.jpg,people,no_people,No people,,threshold_rule,1.0
70f47016d5f546ce90280697488b9e5a,A1e41q.jpg,condition,rust,Rust or corrosion,0.278138,clip,1.0
70f47016d5f546ce90280697488b9e5a,A1e41q.jpg,condition,structural_damage,Structural damage,0.240246,clip,1.0
70f47016d5f546ce90280697488b9e5a,A1e41q.jpg,condition,object_wear,Object wear,0.270979,clip,1.0
31bfa4d0227d48e7a68a496070e3a752,A1e41r.jpg,site,base_a,"Base A, Port Lockroy",,directory_path,1.0
31bfa4d0227d48e7a68a496070e3a752,A1e41r.jpg,scene_type,object_study,Object study,0.248085,clip,1.0
31bfa4d0227d48e7a68a496070e3a752,A1e41r.jpg,shot_type,detail,Detail,0.270924,clip,1.0
31bfa4d0227d48e7a68a496070e3a752,A1e41r.jpg,people,no_people,No people,,threshold_rule,1.0
31bfa4d0227d48e7a68a496070e3a752,A1e41r.jpg,condition,rust,Rust or corrosion,0.245394,clip,1.0
31bfa4d0227d48e7a68a496070e3a752,A1e41r.jpg,condition,object_wear,Object wear,0.274053,clip,1.0
16ad21bd104d4350a02a70ebddf08691,A1e41s.jpg,site,base_a,"Base A, Port Lockroy",,directory_path,1.0
16ad21bd104d4350a02a70ebddf08691,A1e41s.jpg,scene_type,object_study,Object study,0.250636,clip,1.0
16ad21bd104d4350a02a70ebddf08691,A1e41s.jpg,shot_type,detail,Detail,0.258238,clip,1.0
16ad21bd104d4350a02a70ebddf08691,A1e41s.jpg,people,no_people,No people,,threshold_rule,1.0
16ad21bd104d4350a02a70ebddf08691,A1e41s.jpg,condition,rust,Rust or corrosion,0.248557,clip,1.0
16ad21bd104d4350a02a70ebddf08691,A1e41s.jpg,condition,object_wear,Object wear,0.278192,clip,1.0
98aee97ff3f841dc9105762ee54cb8d4,A1e41t.jpg,site,base_a,"Base A, Port Lockroy",,directory_path,1.0
98aee97ff3f841dc9105762ee54cb8d4,A1e41t.jpg,scene_type,interior,Interior,0.234001,clip,1.0
98aee97ff3f841dc9105762ee54cb8d4,A1e41t.jpg,shot_type,medium,Medium view,0.256901,clip,1.0
98aee97ff3f841dc9105762ee54cb8d4,A1e41t.jpg,people,no_people,No people,,threshold_rule,1.0
98aee97ff3f841dc9105762ee54cb8d4,A1e41t.jpg,room,workshop,Workshop,0.280983,clip,1.0
98aee97ff3f841dc9105762ee54cb8d4,A1e41t.jpg,condition,rust,Rust or corrosion,0.260456,clip,1.0
98aee97ff3f841dc9105762ee54cb8d4,A1e41t.jpg,condition,object_wear,Object wear,0.267744,clip,1.0
4c2bd549341946d09b76ba4f42df7447,A1e41u.jpg,site,base_a,"Base A, Port Lockroy",,directory_path,1.0
4c2bd549341946d09b76ba4f42df7447,A1e41u.jpg,scene_type,object_study,Object study,0.235505,clip,1.0
4c2bd549341946d09b76ba4f42df7447,A1e41u.jpg,shot_type,detail,Detail,0.265674,clip,1.0
4c2bd549341946d09b76ba4f42df7447,A1e41u.jpg,people,partial_person,Part of a person,0.244152,clip,1.0
4c2bd549341946d09b76ba4f42df7447,A1e41u.jpg,activity,working,Working,0.284125,clip,1.0
4c2bd549341946d09b76ba4f42df7447,A1e41u.jpg,activity,cooking,Cooking,0.247884,clip,1.0
4c2bd549341946d09b76ba4f42df7447,A1e41u.jpg,condition,rust,Rust or corrosion,0.257531,clip,1.0
4c2bd549341946d09b76ba4f42df7447,A1e41u.jpg,condition,object_wear,Object wear,0.255104,clip,1.0
4d6da1b1f5044730ac5873a8d1dc1de9,A1e41v.jpg,site,base_a,"Base A, Port Lockroy",,directory_path,1.0
4d6da1b1f5044730ac5873a8d1dc1de9,A1e41v.jpg,scene_type,object_study,Object study,0.242667,clip,1.0
4d6da1b1f5044730ac5873a8d1dc1de9,A1e41v.jpg,shot_type,detail,Detail,0.277401,clip,1.0
4d6da1b1f5044730ac5873a8d1dc1de9,A1e41v.jpg,people,no_people,No people,,threshold_rule,1.0
4d6da1b1f5044730ac5873a8d1dc1de9,A1e41v.jpg,condition,rust,Rust or corrosion,0.250459,clip,1.0
4d6da1b1f5044730ac5873a8d1dc1de9,A1e41v.jpg,condition,object_wear,Object wear,0.271995,clip,1.0
2bb581cf82134df78957052aedac64ed,A1e41w.jpg,site,base_a,"Base A, Port Lockroy",,directory_path,1.0
2bb581cf82134df78957052aedac64ed,A1e41w.jpg,scene_type,object_study,Object study,0.260155,clip,1.0
2bb581cf82134df78957052aedac64ed,A1e41w.jpg,shot_type,detail,Detail,0.286729,clip,1.0
2bb581cf82134df78957052aedac64ed,A1e41w.jpg,people,no_people,No people,,threshold_rule,1.0
2bb581cf82134df78957052aedac64ed,A1e41w.jpg,condition,rust,Rust or corrosion,0.270104,clip,1.0
2bb581cf82134df78957052aedac64ed,A1e41w.jpg,condition,object_wear,Object wear,0.280206,clip,1.0
8a8ae70589bb4efa92712d658251ab78,A1e41x.jpg,site,base_a,"Base A, Port Lockroy",,directory_path,1.0
8a8ae70589bb4efa92712d658251ab78,A1e41x.jpg,scene_type,object_study,Object study,0.275416,clip,1.0
8a8ae70589bb4efa92712d658251ab78,A1e41x.jpg,shot_type,detail,Detail,0.277716,clip,1.0
8a8ae70589bb4efa92712d658251ab78,A1e41x.jpg,people,no_people,No people,,threshold_rule,1.0
8a8ae70589bb4efa92712d658251ab78,A1e41x.jpg,condition,rust,Rust or corrosion,0.265728,clip,1.0
8a8ae70589bb4efa92712d658251ab78,A1e41x.jpg,condition,object_wear,Object wear,0.29234,clip,1.0
d8f8c7590c8d468d90d81a6cf6cc88a6,A1e41y.jpg,site,base_a,"Base A, Port Lockroy",,directory_path,1.0
d8f8c7590c8d468d90d81a6cf6cc88a6,A1e41y.jpg,scene_type,object_study,Object study,0.239588,clip,1.0
d8f8c7590c8d468d90d81a6cf6cc88a6,A1e41y.jpg,shot_type,detail,Detail,0.255306,clip,1.0
d8f8c7590c8d468d90d81a6cf6cc88a6,A1e41y.jpg,people,no_people,No people,,threshold_rule,1.0
d8f8c7590c8d468d90d81a6cf6cc88a6,A1e41y.jpg,condition,object_wear,Object wear,0.27007,clip,1.0
427c41544277417c932d5e585cc55eda,A1e41z.jpg,site,base_a,"Base A, Port Lockroy",,directory_path,1.0
427c41544277417c932d5e585cc55eda,A1e41z.jpg,scene_type,object_study,Object study,0.229362,clip,1.0
427c41544277417c932d5e585cc55eda,A1e41z.jpg,shot_type,detail,Detail,0.234535,clip,1.0
427c41544277417c932d5e585cc55eda,A1e41z.jpg,people,no_people,No people,,threshold_rule,1.0
427c41544277417c932d5e585cc55eda,A1e41z.jpg,condition,object_wear,Object wear,0.250528,clip,1.0
27e0362355dc488f852615e54c5cada7,A1e42.jpg,site,base_a,"Base A, Port Lockroy",,directory_path,1.0
27e0362355dc488f852615e54c5cada7,A1e42.jpg,scene_type,object_study,Object study,0.285942,clip,1.0
27e0362355dc488f852615e54c5cada7,A1e42.jpg,shot_type,detail,Detail,0.249627,clip,1.0
27e0362355dc488f852615e54c5cada7,A1e42.jpg,people,partial_person,Part of a person,0.250485,clip,1.0
27e0362355dc488f852615e54c5cada7,A1e42.jpg,activity,working,Working,0.274752,clip,1.0
27e0362355dc488f852615e54c5cada7,A1e42.jpg,condition,weathered_timber,Weathered timber,0.252492,clip,1.0
27e0362355dc488f852615e54c5cada7,A1e42.jpg,condition,rust,Rust or corrosion,0.25435,clip,1.0
27e0362355dc488f852615e54c5cada7,A1e42.jpg,condition,object_wear,Object wear,0.293488,clip,1.0
f4e360139a814a3ebe19706414a7e93b,A1e45.jpg,site,base_a,"Base A, Port Lockroy",,directory_path,1.0
f4e360139a814a3ebe19706414a7e93b,A1e45.jpg,scene_type,object_study,Object study,0.255829,clip,1.0
f4e360139a814a3ebe19706414a7e93b,A1e45.jpg,shot_type,detail,Detail,0.257233,clip,1.0
f4e360139a814a3ebe19706414a7e93b,A1e45.jpg,people,no_people,No people,,threshold_rule,1.0
f4e360139a814a3ebe19706414a7e93b,A1e45.jpg,condition,weathered_timber,Weathered timber,0.242525,clip,1.0
f4e360139a814a3ebe19706414a7e93b,A1e45.jpg,condition,object_wear,Object wear,0.289518,clip,1.0
2248e85c1c944e7ea847cbfbb4544c66,A1e50&d21.jpg,site,base_a,"Base A, Port Lockroy",,directory_path,1.0
2248e85c1c944e7ea847cbfbb4544c66,A1e50&d21.jpg,scene_type,object_study,Object study,0.25734,clip,1.0
2248e85c1c944e7ea847cbfbb4544c66,A1e50&d21.jpg,shot_type,detail,Detail,0.259699,clip,1.0
2248e85c1c944e7ea847cbfbb4544c66,A1e50&d21.jpg,people,no_people,No people,,threshold_rule,1.0
2248e85c1c944e7ea847cbfbb4544c66,A1e50&d21.jpg,condition,rust,Rust or corrosion,0.263933,clip,1.0
2248e85c1c944e7ea847cbfbb4544c66,A1e50&d21.jpg,condition,object_wear,Object wear,0.281707,clip,1.0
fd8a47861c0b4aa898afd49364e4f827,A1e57.jpg,site,base_a,"Base A, Port Lockroy",,directory_path,1.0
fd8a47861c0b4aa898afd49364e4f827,A1e57.jpg,scene_type,object_study,Object study,0.267694,clip,1.0
fd8a47861c0b4aa898afd49364e4f827,A1e57.jpg,shot_type,detail,Detail,0.257428,clip,1.0
fd8a47861c0b4aa898afd49364e4f827,A1e57.jpg,people,partial_person,Part of a person,0.267786,clip,1.0
fd8a47861c0b4aa898afd49364e4f827,A1e57.jpg,activity,working,Working,0.258577,clip,1.0
fd8a47861c0b4aa898afd49364e4f827,A1e57.jpg,condition,rust,Rust or corrosion,0.246106,clip,1.0
fd8a47861c0b4aa898afd49364e4f827,A1e57.jpg,condition,object_wear,Object wear,0.282412,clip,1.0
72d0c90e76034365a4273f3e7270becd,A1e66.jpg,site,base_a,"Base A, Port Lockroy",,directory_path,1.0
72d0c90e76034365a4273f3e7270becd,A1e66.jpg,scene_type,object_study,Object study,0.254439,clip,1.0
72d0c90e76034365a4273f3e7270becd,A1e66.jpg,shot_type,medium,Medium view,0.254004,clip,1.0
72d0c90e76034365a4273f3e7270becd,A1e66.jpg,people,partial_person,Part of a person,0.244086,clip,1.0
72d0c90e76034365a4273f3e7270becd,A1e66.jpg,activity,working,Working,0.280462,clip,1.0
72d0c90e76034365a4273f3e7270becd,A1e66.jpg,condition,object_wear,Object wear,0.276683,clip,1.0
416c5dd6107c4dd8a9d30f9aa6a83308,A1e7a.jpg,site,base_a,"Base A, Port Lockroy",,directory_path,1.0
416c5dd6107c4dd8a9d30f9aa6a83308,A1e7a.jpg,scene_type,object_study,Object study,0.251821,clip,1.0
416c5dd6107c4dd8a9d30f9aa6a83308,A1e7a.jpg,shot_type,detail,Detail,0.256645,clip,1.0
416c5dd6107c4dd8a9d30f9aa6a83308,A1e7a.jpg,people,no_people,No people,,threshold_rule,1.0
416c5dd6107c4dd8a9d30f9aa6a83308,A1e7a.jpg,condition,weathered_timber,Weathered timber,0.245076,clip,1.0
416c5dd6107c4dd8a9d30f9aa6a83308,A1e7a.jpg,condition,rust,Rust or corrosion,0.269318,clip,1.0
416c5dd6107c4dd8a9d30f9aa6a83308,A1e7a.jpg,condition,object_wear,Object wear,0.27273,clip,1.0
55ed916a7de14957bdbe6e9b2045e9f6,A1e7b.jpg,site,base_a,"Base A, Port Lockroy",,directory_path,1.0
55ed916a7de14957bdbe6e9b2045e9f6,A1e7b.jpg,scene_type,object_study,Object study,0.267779,clip,1.0
55ed916a7de14957bdbe6e9b2045e9f6,A1e7b.jpg,shot_type,detail,Detail,0.27878,clip,1.0
55ed916a7de14957bdbe6e9b2045e9f6,A1e7b.jpg,people,no_people,No people,,threshold_rule,1.0
55ed916a7de14957bdbe6e9b2045e9f6,A1e7b.jpg,condition,rust,Rust or corrosion,0.250638,clip,1.0
55ed916a7de14957bdbe6e9b2045e9f6,A1e7b.jpg,condition,object_wear,Object wear,0.279302,clip,1.0
a997c98bf8f549bba09cb19d90e2805e,A1e8.jpg,site,base_a,"Base A, Port Lockroy",,directory_path,1.0
a997c98bf8f549bba09cb19d90e2805e,A1e8.jpg,scene_type,object_study,Object study,0.254933,clip,1.0
a997c98bf8f549bba09cb19d90e2805e,A1e8.jpg,shot_type,medium,Medium view,0.255164,clip,1.0
a997c98bf8f549bba09cb19d90e2805e,A1e8.jpg,people,partial_person,Part of a person,0.240683,clip,1.0
a997c98bf8f549bba09cb19d90e2805e,A1e8.jpg,activity,working,Working,0.285943,clip,1.0
a997c98bf8f549bba09cb19d90e2805e,A1e8.jpg,condition,weathered_timber,Weathered timber,0.248335,clip,1.0
a997c98bf8f549bba09cb19d90e2805e,A1e8.jpg,condition,rust,Rust or corrosion,0.267163,clip,1.0
a997c98bf8f549bba09cb19d90e2805e,A1e8.jpg,condition,object_wear,Object wear,0.267649,clip,1.0
158b64cf9c1d4af8ac7f72a9beb209ac,A1e9 (2).jpg,site,base_a,"Base A, Port Lockroy",,directory_path,1.0
158b64cf9c1d4af8ac7f72a9beb209ac,A1e9 (2).jpg,scene_type,object_study,Object study,0.262601,clip,1.0
158b64cf9c1d4af8ac7f72a9beb209ac,A1e9 (2).jpg,shot_type,detail,Detail,0.268561,clip,1.0
158b64cf9c1d4af8ac7f72a9beb209ac,A1e9 (2).jpg,people,no_people,No people,,threshold_rule,1.0
158b64cf9c1d4af8ac7f72a9beb209ac,A1e9 (2).jpg,condition,rust,Rust or corrosion,0.257105,clip,1.0
158b64cf9c1d4af8ac7f72a9beb209ac,A1e9 (2).jpg,condition,object_wear,Object wear,0.280137,clip,1.0
414f36f72b204666b5fd747fb6026074,A1e9.jpg,site,base_a,"Base A, Port Lockroy",,directory_path,1.0
414f36f72b204666b5fd747fb6026074,A1e9.jpg,scene_type,object_study,Object study,0.268997,clip,1.0
414f36f72b204666b5fd747fb6026074,A1e9.jpg,shot_type,detail,Detail,0.232838,clip,1.0
414f36f72b204666b5fd747fb6026074,A1e9.jpg,people,partial_person,Part of a person,0.244512,clip,1.0
414f36f72b204666b5fd747fb6026074,A1e9.jpg,condition,object_wear,Object wear,0.289767,clip,1.0
a540dc38a526466c9dc594d11a62644d,A1f1.jpg,site,base_a,"Base A, Port Lockroy",,directory_path,1.0
a540dc38a526466c9dc594d11a62644d,A1f1.jpg,scene_type,object_study,Object study,0.257652,clip,1.0
a540dc38a526466c9dc594d11a62644d,A1f1.jpg,shot_type,detail,Detail,0.2338,clip,1.0
a540dc38a526466c9dc594d11a62644d,A1f1.jpg,people,no_people,No people,,threshold_rule,1.0
a540dc38a526466c9dc594d11a62644d,A1f1.jpg,condition,rust,Rust or corrosion,0.250064,clip,1.0
a540dc38a526466c9dc594d11a62644d,A1f1.jpg,condition,object_wear,Object wear,0.293449,clip,1.0
e1d09458e13a45aa9e877bbb2ac50257,A1f11.jpg,site,base_a,"Base A, Port Lockroy",,directory_path,1.0
e1d09458e13a45aa9e877bbb2ac50257,A1f11.jpg,scene_type,object_study,Object study,0.240198,clip,1.0
e1d09458e13a45aa9e877bbb2ac50257,A1f11.jpg,shot_type,detail,Detail,0.233615,clip,1.0
e1d09458e13a45aa9e877bbb2ac50257,A1f11.jpg,people,no_people,No people,,threshold_rule,1.0
e1d09458e13a45aa9e877bbb2ac50257,A1f11.jpg,condition,object_wear,Object wear,0.245489,clip,1.0
9b3c77682f9043ee8ed24cf50423dd63,A1f14.jpg,site,base_a,"Base A, Port Lockroy",,directory_path,1.0
9b3c77682f9043ee8ed24cf50423dd63,A1f14.jpg,scene_type,object_study,Object study,0.236425,clip,1.0
9b3c77682f9043ee8ed24cf50423dd63,A1f14.jpg,shot_type,medium,Medium view,0.236086,clip,1.0
9b3c77682f9043ee8ed24cf50423dd63,A1f14.jpg,people,no_people,No people,,threshold_rule,1.0
9b3c77682f9043ee8ed24cf50423dd63,A1f14.jpg,condition,object_wear,Object wear,0.241353,clip,1.0
95fb60a99cc941fa9fee704734db28e5,A1f15.jpg,site,base_a,"Base A, Port Lockroy",,directory_path,1.0
95fb60a99cc941fa9fee704734db28e5,A1f15.jpg,scene_type,object_study,Object study,0.239889,clip,1.0
95fb60a99cc941fa9fee704734db28e5,A1f15.jpg,shot_type,detail,Detail,0.248992,clip,1.0
95fb60a99cc941fa9fee704734db28e5,A1f15.jpg,people,no_people,No people,,threshold_rule,1.0
95fb60a99cc941fa9fee704734db28e5,A1f15.jpg,condition,object_wear,Object wear,0.257641,clip,1.0
4e5fb2b1193c4b0482db82f49c54e8ac,A1f16.jpg,site,base_a,"Base A, Port Lockroy",,directory_path,1.0
4e5fb2b1193c4b0482db82f49c54e8ac,A1f16.jpg,scene_type,object_study,Object study,0.266486,clip,1.0
4e5fb2b1193c4b0482db82f49c54e8ac,A1f16.jpg,shot_type,medium,Medium view,0.235126,clip,1.0
4e5fb2b1193c4b0482db82f49c54e8ac,A1f16.jpg,people,no_people,No people,,threshold_rule,1.0
4e5fb2b1193c4b0482db82f49c54e8ac,A1f16.jpg,condition,weathered_timber,Weathered timber,0.261096,clip,1.0
4e5fb2b1193c4b0482db82f49c54e8ac,A1f16.jpg,condition,object_wear,Object wear,0.292417,clip,1.0
c2315253bd7c4b4388c85e1696c05e0e,A1f17.jpg,site,base_a,"Base A, Port Lockroy",,directory_path,1.0
c2315253bd7c4b4388c85e1696c05e0e,A1f17.jpg,scene_type,object_study,Object study,0.2747,clip,1.0
c2315253bd7c4b4388c85e1696c05e0e,A1f17.jpg,shot_type,detail,Detail,0.248958,clip,1.0
c2315253bd7c4b4388c85e1696c05e0e,A1f17.jpg,people,no_people,No people,,threshold_rule,1.0
c2315253bd7c4b4388c85e1696c05e0e,A1f17.jpg,condition,object_wear,Object wear,0.257419,clip,1.0
1c7fe96da73e4122aee83bea49fd2f3e,A1f17_2a.jpg,site,base_a,"Base A, Port Lockroy",,directory_path,1.0
1c7fe96da73e4122aee83bea49fd2f3e,A1f17_2a.jpg,scene_type,object_study,Object study,0.305232,clip,1.0
1c7fe96da73e4122aee83bea49fd2f3e,A1f17_2a.jpg,shot_type,detail,Detail,0.259218,clip,1.0
1c7fe96da73e4122aee83bea49fd2f3e,A1f17_2a.jpg,people,partial_person,Part of a person,0.26302,clip,1.0
1c7fe96da73e4122aee83bea49fd2f3e,A1f17_2a.jpg,activity,working,Working,0.278126,clip,1.0
1c7fe96da73e4122aee83bea49fd2f3e,A1f17_2a.jpg,condition,object_wear,Object wear,0.269403,clip,1.0
6f9b937f73e14cfe9f53ef70de7d4786,A1f17_2b.jpg,site,base_a,"Base A, Port Lockroy",,directory_path,1.0
6f9b937f73e14cfe9f53ef70de7d4786,A1f17_2b.jpg,scene_type,object_study,Object study,0.301625,clip,1.0
6f9b937f73e14cfe9f53ef70de7d4786,A1f17_2b.jpg,shot_type,detail,Detail,0.255984,clip,1.0
6f9b937f73e14cfe9f53ef70de7d4786,A1f17_2b.jpg,people,partial_person,Part of a person,0.25669,clip,1.0
6f9b937f73e14cfe9f53ef70de7d4786,A1f17_2b.jpg,activity,working,Working,0.278282,clip,1.0
6f9b937f73e14cfe9f53ef70de7d4786,A1f17_2b.jpg,activity,cooking,Cooking,0.240931,clip,1.0
6f9b937f73e14cfe9f53ef70de7d4786,A1f17_2b.jpg,condition,object_wear,Object wear,0.270641,clip,1.0
095ed2f26a6146fdbc769fc8761326fd,A1f17a.jpg,site,base_a,"Base A, Port Lockroy",,directory_path,1.0
095ed2f26a6146fdbc769fc8761326fd,A1f17a.jpg,scene_type,object_study,Object study,0.275574,clip,1.0
095ed2f26a6146fdbc769fc8761326fd,A1f17a.jpg,shot_type,detail,Detail,0.249964,clip,1.0
095ed2f26a6146fdbc769fc8761326fd,A1f17a.jpg,people,partial_person,Part of a person,0.24089,clip,1.0
095ed2f26a6146fdbc769fc8761326fd,A1f17a.jpg,orientation,back_to_camera,Back to the camera,0.252027,clip,1.0
095ed2f26a6146fdbc769fc8761326fd,A1f17a.jpg,orientation,side_on,Side on,0.241795,clip,1.0
095ed2f26a6146fdbc769fc8761326fd,A1f17a.jpg,activity,working,Working,0.28003,clip,1.0
095ed2f26a6146fdbc769fc8761326fd,A1f17a.jpg,condition,object_wear,Object wear,0.261667,clip,1.0
5e409756c7f84c3b8fdece9699c32f0a,A1f18a.jpg,site,base_a,"Base A, Port Lockroy",,directory_path,1.0
5e409756c7f84c3b8fdece9699c32f0a,A1f18a.jpg,scene_type,object_study,Object study,0.267675,clip,1.0
5e409756c7f84c3b8fdece9699c32f0a,A1f18a.jpg,shot_type,detail,Detail,0.261137,clip,1.0
5e409756c7f84c3b8fdece9699c32f0a,A1f18a.jpg,people,partial_person,Part of a person,0.26819,clip,1.0
5e409756c7f84c3b8fdece9699c32f0a,A1f18a.jpg,orientation,back_to_camera,Back to the camera,0.24478,clip,1.0
5e409756c7f84c3b8fdece9699c32f0a,A1f18a.jpg,activity,working,Working,0.295151,clip,1.0
5e409756c7f84c3b8fdece9699c32f0a,A1f18a.jpg,activity,cooking,Cooking,0.253552,clip,1.0
5e409756c7f84c3b8fdece9699c32f0a,A1f18a.jpg,activity,music,Playing music,0.252553,clip,1.0
5e409756c7f84c3b8fdece9699c32f0a,A1f18a.jpg,activity,reading_writing,Reading or writing,0.241707,clip,1.0
5e409756c7f84c3b8fdece9699c32f0a,A1f18a.jpg,condition,object_wear,Object wear,0.257564,clip,1.0
f3492f0f1767414295dd959b568ce4f1,A1f2.jpg,site,base_a,"Base A, Port Lockroy",,directory_path,1.0
f3492f0f1767414295dd959b568ce4f1,A1f2.jpg,scene_type,object_study,Object study,0.265518,clip,1.0
f3492f0f1767414295dd959b568ce4f1,A1f2.jpg,shot_type,detail,Detail,0.278042,clip,1.0
f3492f0f1767414295dd959b568ce4f1,A1f2.jpg,people,partial_person,Part of a person,0.244641,clip,1.0
f3492f0f1767414295dd959b568ce4f1,A1f2.jpg,activity,working,Working,0.266792,clip,1.0
f3492f0f1767414295dd959b568ce4f1,A1f2.jpg,condition,weathered_timber,Weathered timber,0.274173,clip,1.0
f3492f0f1767414295dd959b568ce4f1,A1f2.jpg,condition,rust,Rust or corrosion,0.254005,clip,1.0
f3492f0f1767414295dd959b568ce4f1,A1f2.jpg,condition,object_wear,Object wear,0.280806,clip,1.0
04efff951d364d7aa1d3d73a9f677384,A1f20&5.jpg,site,base_a,"Base A, Port Lockroy",,directory_path,1.0
04efff951d364d7aa1d3d73a9f677384,A1f20&5.jpg,scene_type,object_study,Object study,0.272177,clip,1.0
04efff951d364d7aa1d3d73a9f677384,A1f20&5.jpg,shot_type,detail,Detail,0.243577,clip,1.0
04efff951d364d7aa1d3d73a9f677384,A1f20&5.jpg,people,no_people,No people,,threshold_rule,1.0
04efff951d364d7aa1d3d73a9f677384,A1f20&5.jpg,condition,rust,Rust or corrosion,0.248,clip,1.0
04efff951d364d7aa1d3d73a9f677384,A1f20&5.jpg,condition,object_wear,Object wear,0.280612,clip,1.0
4a7558ffbc1740689ec7baffc7da2eb7,A1f21.jpg,site,base_a,"Base A, Port Lockroy",,directory_path,1.0
4a7558ffbc1740689ec7baffc7da2eb7,A1f21.jpg,scene_type,object_study,Object study,0.265091,clip,1.0
4a7558ffbc1740689ec7baffc7da2eb7,A1f21.jpg,shot_type,detail,Detail,0.248526,clip,1.0
4a7558ffbc1740689ec7baffc7da2eb7,A1f21.jpg,people,no_people,No people,,threshold_rule,1.0
4a7558ffbc1740689ec7baffc7da2eb7,A1f21.jpg,condition,object_wear,Object wear,0.265027,clip,1.0
d5c2e15307124766a6aa21a6ec0239e5,A1f22a.jpg,site,base_a,"Base A, Port Lockroy",,directory_path,1.0
d5c2e15307124766a6aa21a6ec0239e5,A1f22a.jpg,scene_type,object_study,Object study,0.258041,clip,1.0
d5c2e15307124766a6aa21a6ec0239e5,A1f22a.jpg,shot_type,detail,Detail,0.265034,clip,1.0
d5c2e15307124766a6aa21a6ec0239e5,A1f22a.jpg,people,no_people,No people,,threshold_rule,1.0
d5c2e15307124766a6aa21a6ec0239e5,A1f22a.jpg,condition,object_wear,Object wear,0.288018,clip,1.0
b1265525ca9a48698aa0cbd4f0efa14c,A1f22b.jpg,site,base_a,"Base A, Port Lockroy",,directory_path,1.0
b1265525ca9a48698aa0cbd4f0efa14c,A1f22b.jpg,scene_type,object_study,Object study,0.257948,clip,1.0
b1265525ca9a48698aa0cbd4f0efa14c,A1f22b.jpg,shot_type,detail,Detail,0.256084,clip,1.0
b1265525ca9a48698aa0cbd4f0efa14c,A1f22b.jpg,people,no_people,No people,,threshold_rule,1.0
b1265525ca9a48698aa0cbd4f0efa14c,A1f22b.jpg,condition,object_wear,Object wear,0.284425,clip,1.0
1c4fcb0d4d3544d28b2892c1d8dee7ee,A1f22c.jpg,site,base_a,"Base A, Port Lockroy",,directory_path,1.0
1c4fcb0d4d3544d28b2892c1d8dee7ee,A1f22c.jpg,scene_type,object_study,Object study,0.251802,clip,1.0
1c4fcb0d4d3544d28b2892c1d8dee7ee,A1f22c.jpg,shot_type,detail,Detail,0.272699,clip,1.0
1c4fcb0d4d3544d28b2892c1d8dee7ee,A1f22c.jpg,people,no_people,No people,,threshold_rule,1.0
1c4fcb0d4d3544d28b2892c1d8dee7ee,A1f22c.jpg,condition,object_wear,Object wear,0.276868,clip,1.0
567bee78456b411e992dd6bbedcd1840,A1f2b.jpg,site,base_a,"Base A, Port Lockroy",,directory_path,1.0
567bee78456b411e992dd6bbedcd1840,A1f2b.jpg,scene_type,object_study,Object study,0.265224,clip,1.0
567bee78456b411e992dd6bbedcd1840,A1f2b.jpg,shot_type,detail,Detail,0.273234,clip,1.0
567bee78456b411e992dd6bbedcd1840,A1f2b.jpg,people,no_people,No people,,threshold_rule,1.0
567bee78456b411e992dd6bbedcd1840,A1f2b.jpg,condition,object_wear,Object wear,0.264949,clip,1.0
6b287c48a3c54b35bb22abb7e91bdf77,A1f4.jpg,site,base_a,"Base A, Port Lockroy",,directory_path,1.0
6b287c48a3c54b35bb22abb7e91bdf77,A1f4.jpg,scene_type,object_study,Object study,0.275809,clip,1.0
6b287c48a3c54b35bb22abb7e91bdf77,A1f4.jpg,shot_type,detail,Detail,0.253723,clip,1.0
6b287c48a3c54b35bb22abb7e91bdf77,A1f4.jpg,people,no_people,No people,,threshold_rule,1.0
6b287c48a3c54b35bb22abb7e91bdf77,A1f4.jpg,condition,object_wear,Object wear,0.259334,clip,1.0
d222bc2db8274e03b8dae7e35601dc8f,1964 extension basis.jpg,site,base_e,"Base E, Stonington Island",,directory_path,1.0
d222bc2db8274e03b8dae7e35601dc8f,1964 extension basis.jpg,scene_type,exterior,Exterior,0.245571,clip,1.0
d222bc2db8274e03b8dae7e35601dc8f,1964 extension basis.jpg,shot_type,wide,Wide view,0.241085,clip,1.0
d222bc2db8274e03b8dae7e35601dc8f,1964 extension basis.jpg,people,no_people,No people,,threshold_rule,1.0
d222bc2db8274e03b8dae7e35601dc8f,1964 extension basis.jpg,structure,main_hut,Main hut,0.248981,clip,1.0
d222bc2db8274e03b8dae7e35601dc8f,1964 extension basis.jpg,structure,outbuilding,Outbuilding,0.252392,clip,1.0
d1609953fd984d17a5a94ca8900fbc0b,1964 extension.jpg,site,base_e,"Base E, Stonington Island",,directory_path,1.0
d1609953fd984d17a5a94ca8900fbc0b,1964 extension.jpg,scene_type,exterior,Exterior,0.223075,clip,1.0
d1609953fd984d17a5a94ca8900fbc0b,1964 extension.jpg,shot_type,medium,Medium view,0.219012,clip,1.0
d1609953fd984d17a5a94ca8900fbc0b,1964 extension.jpg,people,no_people,No people,,threshold_rule,1.0
d1609953fd984d17a5a94ca8900fbc0b,1964 extension.jpg,condition,structural_damage,Structural damage,0.248031,clip,1.0
fc0a632a15fd42c1ab0f22a95b4f1422,Afternoon smoko.jpg,site,base_e,"Base E, Stonington Island",,directory_path,1.0
fc0a632a15fd42c1ab0f22a95b4f1422,Afternoon smoko.jpg,scene_type,interior,Interior,0.255266,clip,1.0
fc0a632a15fd42c1ab0f22a95b4f1422,Afternoon smoko.jpg,shot_type,detail,Detail,0.214211,clip,1.0
fc0a632a15fd42c1ab0f22a95b4f1422,Afternoon smoko.jpg,people,group,Group,0.266397,clip,1.0
fc0a632a15fd42c1ab0f22a95b4f1422,Afternoon smoko.jpg,room,living_room,Living room,0.257604,clip,1.0
fc0a632a15fd42c1ab0f22a95b4f1422,Afternoon smoko.jpg,orientation,back_to_camera,Back to the camera,0.240528,clip,1.0
fc0a632a15fd42c1ab0f22a95b4f1422,Afternoon smoko.jpg,orientation,mixed_orientation,Mixed orientation,0.249728,clip,1.0
fc0a632a15fd42c1ab0f22a95b4f1422,Afternoon smoko.jpg,activity,reading_writing,Reading or writing,0.25515,clip,1.0
fc0a632a15fd42c1ab0f22a95b4f1422,Afternoon smoko.jpg,activity,resting,Resting,0.243111,clip,1.0
e1ff422048c5482abc511efd18fc996f,At the bar.jpg,site,base_e,"Base E, Stonington Island",,directory_path,1.0
e1ff422048c5482abc511efd18fc996f,At the bar.jpg,scene_type,interior,Interior,0.247734,clip,1.0
e1ff422048c5482abc511efd18fc996f,At the bar.jpg,shot_type,medium,Medium view,0.235135,clip,1.0
e1ff422048c5482abc511efd18fc996f,At the bar.jpg,people,group,Group,0.252812,clip,1.0
e1ff422048c5482abc511efd18fc996f,At the bar.jpg,room,workshop,Workshop,0.24483,clip,1.0
e1ff422048c5482abc511efd18fc996f,At the bar.jpg,activity,music,Playing music,0.249052,clip,1.0
3c472295fd9747b0aa43553cc7cfb2b6,Bar and firreplacee taking shape.jpg,site,base_e,"Base E, Stonington Island",,directory_path,1.0
3c472295fd9747b0aa43553cc7cfb2b6,Bar and firreplacee taking shape.jpg,scene_type,interior,Interior,0.273594,clip,1.0
3c472295fd9747b0aa43553cc7cfb2b6,Bar and firreplacee taking shape.jpg,shot_type,detail,Detail,0.231453,clip,1.0
3c472295fd9747b0aa43553cc7cfb2b6,Bar and firreplacee taking shape.jpg,people,person_alone,Person alone,0.242603,clip,1.0
3c472295fd9747b0aa43553cc7cfb2b6,Bar and firreplacee taking shape.jpg,room,radio_room,Radio room,0.265514,clip,1.0
3c472295fd9747b0aa43553cc7cfb2b6,Bar and firreplacee taking shape.jpg,orientation,facing_camera,Facing the camera,0.242018,clip,1.0
3c472295fd9747b0aa43553cc7cfb2b6,Bar and firreplacee taking shape.jpg,orientation,back_to_camera,Back to the camera,0.27828,clip,1.0
3c472295fd9747b0aa43553cc7cfb2b6,Bar and firreplacee taking shape.jpg,activity,working,Working,0.282252,clip,1.0
3c472295fd9747b0aa43553cc7cfb2b6,Bar and firreplacee taking shape.jpg,activity,reading_writing,Reading or writing,0.267988,clip,1.0
3c472295fd9747b0aa43553cc7cfb2b6,Bar and firreplacee taking shape.jpg,activity,posing,Standing or posing,0.250695,clip,1.0
9f33ebcc5f054f0b96c54244c85562a8,Bathroom.jpg,site,base_e,"Base E, Stonington Island",,directory_path,1.0
9f33ebcc5f054f0b96c54244c85562a8,Bathroom.jpg,scene_type,interior,Interior,0.263322,clip,1.0
9f33ebcc5f054f0b96c54244c85562a8,Bathroom.jpg,shot_type,medium,Medium view,0.23395,clip,1.0
9f33ebcc5f054f0b96c54244c85562a8,Bathroom.jpg,people,person_alone,Person alone,0.26514,clip,1.0
9f33ebcc5f054f0b96c54244c85562a8,Bathroom.jpg,room,kitchen,Kitchen,0.266313,clip,1.0
9f33ebcc5f054f0b96c54244c85562a8,Bathroom.jpg,orientation,facing_camera,Facing the camera,0.260445,clip,1.0
9f33ebcc5f054f0b96c54244c85562a8,Bathroom.jpg,orientation,back_to_camera,Back to the camera,0.280661,clip,1.0
9f33ebcc5f054f0b96c54244c85562a8,Bathroom.jpg,activity,working,Working,0.277465,clip,1.0
9f33ebcc5f054f0b96c54244c85562a8,Bathroom.jpg,activity,cooking,Cooking,0.263602,clip,1.0
9f33ebcc5f054f0b96c54244c85562a8,Bathroom.jpg,activity,music,Playing music,0.241138,clip,1.0
9f33ebcc5f054f0b96c54244c85562a8,Bathroom.jpg,activity,posing,Standing or posing,0.273629,clip,1.0
a57ec9797d13473cb798fa6cb9225bd3,Building the new bar.jpg,site,base_e,"Base E, Stonington Island",,directory_path,1.0
a57ec9797d13473cb798fa6cb9225bd3,Building the new bar.jpg,scene_type,interior,Interior,0.2619,clip,1.0
a57ec9797d13473cb798fa6cb9225bd3,Building the new bar.jpg,shot_type,medium,Medium view,0.224095,clip,1.0
a57ec9797d13473cb798fa6cb9225bd3,Building the new bar.jpg,people,no_people,No people,,threshold_rule,1.0
a57ec9797d13473cb798fa6cb9225bd3,Building the new bar.jpg,room,workshop,Workshop,0.289045,clip,1.0
eb9cf65b13e344a59e2577489e239be3,Bunkroom cleaning.jpg,site,base_e,"Base E, Stonington Island",,directory_path,1.0
eb9cf65b13e344a59e2577489e239be3,Bunkroom cleaning.jpg,scene_type,interior,Interior,0.239149,clip,1.0
eb9cf65b13e344a59e2577489e239be3,Bunkroom cleaning.jpg,shot_type,medium,Medium view,0.241588,clip,1.0
eb9cf65b13e344a59e2577489e239be3,Bunkroom cleaning.jpg,people,person_alone,Person alone,0.245643,clip,1.0
eb9cf65b13e344a59e2577489e239be3,Bunkroom cleaning.jpg,room,workshop,Workshop,0.273389,clip,1.0
eb9cf65b13e344a59e2577489e239be3,Bunkroom cleaning.jpg,orientation,back_to_camera,Back to the camera,0.25987,clip,1.0
eb9cf65b13e344a59e2577489e239be3,Bunkroom cleaning.jpg,activity,working,Working,0.29699,clip,1.0
eb9cf65b13e344a59e2577489e239be3,Bunkroom cleaning.jpg,activity,reading_writing,Reading or writing,0.256693,clip,1.0
fca725f89fbe4bdb86b56a228a05440f,Completed extension.jpg,site,base_e,"Base E, Stonington Island",,directory_path,1.0
fca725f89fbe4bdb86b56a228a05440f,Completed extension.jpg,scene_type,exterior,Exterior,0.279098,clip,1.0
fca725f89fbe4bdb86b56a228a05440f,Completed extension.jpg,shot_type,wide,Wide view,0.291178,clip,1.0
fca725f89fbe4bdb86b56a228a05440f,Completed extension.jpg,people,no_people,No people,,threshold_rule,1.0
fca725f89fbe4bdb86b56a228a05440f,Completed extension.jpg,structure,main_hut,Main hut,0.275915,clip,1.0
fca725f89fbe4bdb86b56a228a05440f,Completed extension.jpg,structure,outbuilding,Outbuilding,0.274351,clip,1.0
fca725f89fbe4bdb86b56a228a05440f,Completed extension.jpg,condition,object_wear,Object wear,0.245511,clip,1.0
bba3f062bc3d4c08b5a68b6ad7456b7e,"Diesel mech, electrician in new extension.jpg",site,base_e,"Base E, Stonington Island",,directory_path,1.0
bba3f062bc3d4c08b5a68b6ad7456b7e,"Diesel mech, electrician in new extension.jpg",scene_type,interior,Interior,0.256124,clip,1.0
bba3f062bc3d4c08b5a68b6ad7456b7e,"Diesel mech, electrician in new extension.jpg",shot_type,medium,Medium view,0.231189,clip,1.0
bba3f062bc3d4c08b5a68b6ad7456b7e,"Diesel mech, electrician in new extension.jpg",people,person_alone,Person alone,0.254903,clip,1.0
bba3f062bc3d4c08b5a68b6ad7456b7e,"Diesel mech, electrician in new extension.jpg",room,workshop,Workshop,0.241673,clip,1.0
bba3f062bc3d4c08b5a68b6ad7456b7e,"Diesel mech, electrician in new extension.jpg",orientation,facing_camera,Facing the camera,0.243125,clip,1.0
bba3f062bc3d4c08b5a68b6ad7456b7e,"Diesel mech, electrician in new extension.jpg",orientation,back_to_camera,Back to the camera,0.274139,clip,1.0
bba3f062bc3d4c08b5a68b6ad7456b7e,"Diesel mech, electrician in new extension.jpg",activity,working,Working,0.272368,clip,1.0
bba3f062bc3d4c08b5a68b6ad7456b7e,"Diesel mech, electrician in new extension.jpg",activity,cooking,Cooking,0.250096,clip,1.0
bba3f062bc3d4c08b5a68b6ad7456b7e,"Diesel mech, electrician in new extension.jpg",activity,music,Playing music,0.256584,clip,1.0
bba3f062bc3d4c08b5a68b6ad7456b7e,"Diesel mech, electrician in new extension.jpg",activity,reading_writing,Reading or writing,0.255578,clip,1.0
bba3f062bc3d4c08b5a68b6ad7456b7e,"Diesel mech, electrician in new extension.jpg",activity,posing,Standing or posing,0.262809,clip,1.0
b7348c63768f4e8cb698b20021024f88,Extension disappears.jpg,site,base_e,"Base E, Stonington Island",,directory_path,1.0
b7348c63768f4e8cb698b20021024f88,Extension disappears.jpg,scene_type,landscape,Landscape,0.280867,clip,1.0
b7348c63768f4e8cb698b20021024f88,Extension disappears.jpg,shot_type,wide,Wide view,0.275575,clip,1.0
b7348c63768f4e8cb698b20021024f88,Extension disappears.jpg,people,no_people,No people,,threshold_rule,1.0
b7348c63768f4e8cb698b20021024f88,Extension disappears.jpg,nature,glacier,Glacier or ice cliff,0.254751,clip,1.0
3ace3cf71af949b1bf95b8561f1e07bc,Filling water tank in summer.jpg,site,base_e,"Base E, Stonington Island",,directory_path,1.0
3ace3cf71af949b1bf95b8561f1e07bc,Filling water tank in summer.jpg,scene_type,interior,Interior,0.237616,clip,1.0
3ace3cf71af949b1bf95b8561f1e07bc,Filling water tank in summer.jpg,shot_type,detail,Detail,0.216608,clip,1.0
3ace3cf71af949b1bf95b8561f1e07bc,Filling water tank in summer.jpg,people,no_people,No people,,threshold_rule,1.0
3ace3cf71af949b1bf95b8561f1e07bc,Filling water tank in summer.jpg,room,kitchen,Kitchen,0.242062,clip,1.0
a16b42e8c5aa413c9aaef5627e278430,Finishing new extension.jpg,site,base_e,"Base E, Stonington Island",,directory_path,1.0
a16b42e8c5aa413c9aaef5627e278430,Finishing new extension.jpg,scene_type,landscape,Landscape,0.227017,clip,1.0
a16b42e8c5aa413c9aaef5627e278430,Finishing new extension.jpg,shot_type,wide,Wide view,0.213392,clip,1.0
a16b42e8c5aa413c9aaef5627e278430,Finishing new extension.jpg,people,no_people,No people,,threshold_rule,1.0
e8e68c961dc241479a80328637ac6866,From the sea ice.jpg,site,base_e,"Base E, Stonington Island",,directory_path,1.0
e8e68c961dc241479a80328637ac6866,From the sea ice.jpg,scene_type,landscape,Landscape,0.288796,clip,1.0
e8e68c961dc241479a80328637ac6866,From the sea ice.jpg,shot_type,wide,Wide view,0.263158,clip,1.0
e8e68c961dc241479a80328637ac6866,From the sea ice.jpg,people,no_people,No people,,threshold_rule,1.0
e8e68c961dc241479a80328637ac6866,From the sea ice.jpg,nature,dog,Dog,0.253713,clip,1.0
e8e68c961dc241479a80328637ac6866,From the sea ice.jpg,nature,glacier,Glacier or ice cliff,0.254963,clip,1.0
e8e68c961dc241479a80328637ac6866,From the sea ice.jpg,nature,mountains,Mountains,0.266433,clip,1.0
ff099ad324f24f998a3a915aa61704c5,Geology office.jpg,site,base_e,"Base E, Stonington Island",,directory_path,1.0
ff099ad324f24f998a3a915aa61704c5,Geology office.jpg,scene_type,interior,Interior,0.249071,clip,1.0
ff099ad324f24f998a3a915aa61704c5,Geology office.jpg,shot_type,wide,Wide view,0.221699,clip,1.0
ff099ad324f24f998a3a915aa61704c5,Geology office.jpg,people,person_alone,Person alone,0.249337,clip,1.0
ff099ad324f24f998a3a915aa61704c5,Geology office.jpg,room,room_unknown,Room not determined,,threshold_rule,1.0
ff099ad324f24f998a3a915aa61704c5,Geology office.jpg,orientation,back_to_camera,Back to the camera,0.251934,clip,1.0
ff099ad324f24f998a3a915aa61704c5,Geology office.jpg,activity,working,Working,0.25494,clip,1.0
ff099ad324f24f998a3a915aa61704c5,Geology office.jpg,activity,cooking,Cooking,0.24022,clip,1.0
ff099ad324f24f998a3a915aa61704c5,Geology office.jpg,activity,reading_writing,Reading or writing,0.28807,clip,1.0
10cc19fcc94146fb9cd4ac6c9c4f05e2,Library laughter.jpg,site,base_e,"Base E, Stonington Island",,directory_path,1.0
10cc19fcc94146fb9cd4ac6c9c4f05e2,Library laughter.jpg,scene_type,interior,Interior,0.252747,clip,1.0
10cc19fcc94146fb9cd4ac6c9c4f05e2,Library laughter.jpg,shot_type,medium,Medium view,0.244646,clip,1.0
10cc19fcc94146fb9cd4ac6c9c4f05e2,Library laughter.jpg,people,no_people,No people,,threshold_rule,1.0
10cc19fcc94146fb9cd4ac6c9c4f05e2,Library laughter.jpg,room,room_unknown,Room not determined,,threshold_rule,1.0
31739fa3b81c45eaa8eaf3b3843dd0c0,Louge relaxation.jpg,site,base_e,"Base E, Stonington Island",,directory_path,1.0
31739fa3b81c45eaa8eaf3b3843dd0c0,Louge relaxation.jpg,scene_type,interior,Interior,0.25284,clip,1.0
31739fa3b81c45eaa8eaf3b3843dd0c0,Louge relaxation.jpg,shot_type,medium,Medium view,0.196955,clip,1.0
31739fa3b81c45eaa8eaf3b3843dd0c0,Louge relaxation.jpg,people,group,Group,0.243845,clip,1.0
31739fa3b81c45eaa8eaf3b3843dd0c0,Louge relaxation.jpg,room,living_room,Living room,0.254367,clip,1.0
31739fa3b81c45eaa8eaf3b3843dd0c0,Louge relaxation.jpg,activity,resting,Resting,0.265903,clip,1.0
e120afd83e3644e8b799b1374586c93a,Lounge scrubout.jpg,site,base_e,"Base E, Stonington Island",,directory_path,1.0
e120afd83e3644e8b799b1374586c93a,Lounge scrubout.jpg,scene_type,interior,Interior,0.267021,clip,1.0
e120afd83e3644e8b799b1374586c93a,Lounge scrubout.jpg,shot_type,medium,Medium view,0.204791,clip,1.0
e120afd83e3644e8b799b1374586c93a,Lounge scrubout.jpg,people,group,Group,0.241033,clip,1.0
e120afd83e3644e8b799b1374586c93a,Lounge scrubout.jpg,room,room_unknown,Room not determined,,threshold_rule,1.0
e120afd83e3644e8b799b1374586c93a,Lounge scrubout.jpg,activity,working,Working,0.24859,clip,1.0
7e56d67ca75242788605ee1d656b504c,Making new harnesses.JPG,site,base_e,"Base E, Stonington Island",,directory_path,1.0
7e56d67ca75242788605ee1d656b504c,Making new harnesses.JPG,scene_type,interior,Interior,0.240408,clip,1.0
7e56d67ca75242788605ee1d656b504c,Making new harnesses.JPG,shot_type,medium,Medium view,0.210677,clip,1.0
7e56d67ca75242788605ee1d656b504c,Making new harnesses.JPG,people,two_people,Two people,0.25683,clip,1.0
7e56d67ca75242788605ee1d656b504c,Making new harnesses.JPG,room,room_unknown,Room not determined,,threshold_rule,1.0
7e56d67ca75242788605ee1d656b504c,Making new harnesses.JPG,activity,working,Working,0.24561,clip,1.0
7e56d67ca75242788605ee1d656b504c,Making new harnesses.JPG,activity,sleeping,Sleeping,0.271721,clip,1.0
7e56d67ca75242788605ee1d656b504c,Making new harnesses.JPG,activity,music,Playing music,0.244708,clip,1.0
7e56d67ca75242788605ee1d656b504c,Making new harnesses.JPG,activity,reading_writing,Reading or writing,0.243071,clip,1.0
c511505d73324b1d99c1e8555d577b82,Medium size female husky.jpg,site,base_e,"Base E, Stonington Island",,directory_path,1.0
c511505d73324b1d99c1e8555d577b82,Medium size female husky.jpg,scene_type,object_study,Object study,0.186474,clip,1.0
c511505d73324b1d99c1e8555d577b82,Medium size female husky.jpg,shot_type,detail,Detail,0.199288,clip,1.0
c511505d73324b1d99c1e8555d577b82,Medium size female husky.jpg,people,no_people,No people,,threshold_rule,1.0
73a141b11ce94f7f92a55a47b03c661c,Midwinter celebrations.jpg,site,base_e,"Base E, Stonington Island",,directory_path,1.0
73a141b11ce94f7f92a55a47b03c661c,Midwinter celebrations.jpg,scene_type,interior,Interior,0.21792,clip,1.0
73a141b11ce94f7f92a55a47b03c661c,Midwinter celebrations.jpg,shot_type,detail,Detail,0.178979,clip,1.0
73a141b11ce94f7f92a55a47b03c661c,Midwinter celebrations.jpg,people,group,Group,0.246568,clip,1.0
73a141b11ce94f7f92a55a47b03c661c,Midwinter celebrations.jpg,room,room_unknown,Room not determined,,threshold_rule,1.0
77870418d5f44fc285fd29020ada467a,More unloading.jpg,site,base_e,"Base E, Stonington Island",,directory_path,1.0
77870418d5f44fc285fd29020ada467a,More unloading.jpg,scene_type,landscape,Landscape,0.253908,clip,1.0
77870418d5f44fc285fd29020ada467a,More unloading.jpg,shot_type,wide,Wide view,0.219805,clip,1.0
77870418d5f44fc285fd29020ada467a,More unloading.jpg,people,no_people,No people,,threshold_rule,1.0
77870418d5f44fc285fd29020ada467a,More unloading.jpg,nature,penguin,Penguin,0.246999,clip,1.0
77870418d5f44fc285fd29020ada467a,More unloading.jpg,nature,dog,Dog,0.250222,clip,1.0
77870418d5f44fc285fd29020ada467a,More unloading.jpg,nature,sea_ice,Sea ice,0.251226,clip,1.0
77870418d5f44fc285fd29020ada467a,More unloading.jpg,nature,glacier,Glacier or ice cliff,0.272925,clip,1.0
8224ccdb828d446399c74e863535c486,Noticeboard.jpg,site,base_e,"Base E, Stonington Island",,directory_path,1.0
8224ccdb828d446399c74e863535c486,Noticeboard.jpg,scene_type,interior,Interior,0.278464,clip,1.0
8224ccdb828d446399c74e863535c486,Noticeboard.jpg,shot_type,medium,Medium view,0.248104,clip,1.0
8224ccdb828d446399c74e863535c486,Noticeboard.jpg,people,person_alone,Person alone,0.26593,clip,1.0
8224ccdb828d446399c74e863535c486,Noticeboard.jpg,room,radio_room,Radio room,0.252543,clip,1.0
8224ccdb828d446399c74e863535c486,Noticeboard.jpg,orientation,facing_camera,Facing the camera,0.251389,clip,1.0
8224ccdb828d446399c74e863535c486,Noticeboard.jpg,orientation,back_to_camera,Back to the camera,0.270283,clip,1.0
8224ccdb828d446399c74e863535c486,Noticeboard.jpg,orientation,side_on,Side on,0.266524,clip,1.0
8224ccdb828d446399c74e863535c486,Noticeboard.jpg,activity,working,Working,0.266158,clip,1.0
8224ccdb828d446399c74e863535c486,Noticeboard.jpg,activity,sleeping,Sleeping,0.244206,clip,1.0
8224ccdb828d446399c74e863535c486,Noticeboard.jpg,activity,reading_writing,Reading or writing,0.266025,clip,1.0
8224ccdb828d446399c74e863535c486,Noticeboard.jpg,activity,posing,Standing or posing,0.263593,clip,1.0
64a2dc8220b84d7eb3c65e8b2b9ea974,Party time.jpg,site,base_e,"Base E, Stonington Island",,directory_path,1.0
64a2dc8220b84d7eb3c65e8b2b9ea974,Party time.jpg,scene_type,interior,Interior,0.256238,clip,1.0
64a2dc8220b84d7eb3c65e8b2b9ea974,Party time.jpg,shot_type,medium,Medium view,0.231972,clip,1.0
64a2dc8220b84d7eb3c65e8b2b9ea974,Party time.jpg,people,group,Group,0.254722,clip,1.0
64a2dc8220b84d7eb3c65e8b2b9ea974,Party time.jpg,room,workshop,Workshop,0.248264,clip,1.0
64a2dc8220b84d7eb3c65e8b2b9ea974,Party time.jpg,orientation,back_to_camera,Back to the camera,0.258373,clip,1.0
64a2dc8220b84d7eb3c65e8b2b9ea974,Party time.jpg,orientation,mixed_orientation,Mixed orientation,0.25794,clip,1.0
3dee644f19124a7499fcf9b735ff2cfc,Pretend radio op.jpg,site,base_e,"Base E, Stonington Island",,directory_path,1.0
3dee644f19124a7499fcf9b735ff2cfc,Pretend radio op.jpg,scene_type,interior,Interior,0.245284,clip,1.0
3dee644f19124a7499fcf9b735ff2cfc,Pretend radio op.jpg,shot_type,detail,Detail,0.215014,clip,1.0
3dee644f19124a7499fcf9b735ff2cfc,Pretend radio op.jpg,people,person_alone,Person alone,0.245471,clip,1.0
3dee644f19124a7499fcf9b735ff2cfc,Pretend radio op.jpg,room,radio_room,Radio room,0.258857,clip,1.0
3dee644f19124a7499fcf9b735ff2cfc,Pretend radio op.jpg,orientation,facing_camera,Facing the camera,0.249259,clip,1.0
3dee644f19124a7499fcf9b735ff2cfc,Pretend radio op.jpg,orientation,back_to_camera,Back to the camera,0.251656,clip,1.0
3dee644f19124a7499fcf9b735ff2cfc,Pretend radio op.jpg,orientation,side_on,Side on,0.240201,clip,1.0
3dee644f19124a7499fcf9b735ff2cfc,Pretend radio op.jpg,activity,working,Working,0.258611,clip,1.0
3dee644f19124a7499fcf9b735ff2cfc,Pretend radio op.jpg,activity,music,Playing music,0.261881,clip,1.0
3dee644f19124a7499fcf9b735ff2cfc,Pretend radio op.jpg,activity,reading_writing,Reading or writing,0.255704,clip,1.0
3dee644f19124a7499fcf9b735ff2cfc,Pretend radio op.jpg,activity,posing,Standing or posing,0.249285,clip,1.0
24708e85a26f41339582a4da9c53afab,Proper radio op.jpg,site,base_e,"Base E, Stonington Island",,directory_path,1.0
24708e85a26f41339582a4da9c53afab,Proper radio op.jpg,scene_type,interior,Interior,0.251259,clip,1.0
24708e85a26f41339582a4da9c53afab,Proper radio op.jpg,shot_type,detail,Detail,0.221447,clip,1.0
24708e85a26f41339582a4da9c53afab,Proper radio op.jpg,people,person_alone,Person alone,0.252624,clip,1.0
24708e85a26f41339582a4da9c53afab,Proper radio op.jpg,room,radio_room,Radio room,0.268311,clip,1.0
24708e85a26f41339582a4da9c53afab,Proper radio op.jpg,orientation,facing_camera,Facing the camera,0.254182,clip,1.0
24708e85a26f41339582a4da9c53afab,Proper radio op.jpg,orientation,back_to_camera,Back to the camera,0.247036,clip,1.0
24708e85a26f41339582a4da9c53afab,Proper radio op.jpg,activity,working,Working,0.264767,clip,1.0
24708e85a26f41339582a4da9c53afab,Proper radio op.jpg,activity,reading_writing,Reading or writing,0.241991,clip,1.0
24708e85a26f41339582a4da9c53afab,Proper radio op.jpg,activity,posing,Standing or posing,0.259352,clip,1.0
0b187c9b9dbd42dcaa465a6fee399c39,Radio shack.jpg,site,base_e,"Base E, Stonington Island",,directory_path,1.0
0b187c9b9dbd42dcaa465a6fee399c39,Radio shack.jpg,scene_type,interior,Interior,0.290819,clip,1.0
0b187c9b9dbd42dcaa465a6fee399c39,Radio shack.jpg,shot_type,medium,Medium view,0.263003,clip,1.0
0b187c9b9dbd42dcaa465a6fee399c39,Radio shack.jpg,people,person_alone,Person alone,0.241045,clip,1.0
0b187c9b9dbd42dcaa465a6fee399c39,Radio shack.jpg,room,radio_room,Radio room,0.302808,clip,1.0
0b187c9b9dbd42dcaa465a6fee399c39,Radio shack.jpg,orientation,back_to_camera,Back to the camera,0.267934,clip,1.0
0b187c9b9dbd42dcaa465a6fee399c39,Radio shack.jpg,activity,working,Working,0.268826,clip,1.0
0b187c9b9dbd42dcaa465a6fee399c39,Radio shack.jpg,activity,sleeping,Sleeping,0.246329,clip,1.0
0b187c9b9dbd42dcaa465a6fee399c39,Radio shack.jpg,activity,reading_writing,Reading or writing,0.305737,clip,1.0
2d6d60d9a68e402e801bf184ee5fde47,Relaxing in library.jpg,site,base_e,"Base E, Stonington Island",,directory_path,1.0
2d6d60d9a68e402e801bf184ee5fde47,Relaxing in library.jpg,scene_type,interior,Interior,0.255138,clip,1.0
2d6d60d9a68e402e801bf184ee5fde47,Relaxing in library.jpg,shot_type,medium,Medium view,0.225671,clip,1.0
2d6d60d9a68e402e801bf184ee5fde47,Relaxing in library.jpg,people,person_alone,Person alone,0.250261,clip,1.0
2d6d60d9a68e402e801bf184ee5fde47,Relaxing in library.jpg,room,room_unknown,Room not determined,,threshold_rule,1.0
2d6d60d9a68e402e801bf184ee5fde47,Relaxing in library.jpg,orientation,back_to_camera,Back to the camera,0.250214,clip,1.0
2d6d60d9a68e402e801bf184ee5fde47,Relaxing in library.jpg,activity,working,Working,0.266527,clip,1.0
2d6d60d9a68e402e801bf184ee5fde47,Relaxing in library.jpg,activity,reading_writing,Reading or writing,0.307824,clip,1.0
9e2d1cb6e6134f4f8683e95a2f2b1cef,Relaxing in lounge.jpg,site,base_e,"Base E, Stonington Island",,directory_path,1.0
9e2d1cb6e6134f4f8683e95a2f2b1cef,Relaxing in lounge.jpg,scene_type,interior,Interior,0.249673,clip,1.0
9e2d1cb6e6134f4f8683e95a2f2b1cef,Relaxing in lounge.jpg,shot_type,medium,Medium view,0.208345,clip,1.0
9e2d1cb6e6134f4f8683e95a2f2b1cef,Relaxing in lounge.jpg,people,no_people,No people,,threshold_rule,1.0
9e2d1cb6e6134f4f8683e95a2f2b1cef,Relaxing in lounge.jpg,room,room_unknown,Room not determined,,threshold_rule,1.0
bc1060c98f0f48a38efae167f1c7b010,Relaxing on new extension roof.jpg,site,base_e,"Base E, Stonington Island",,directory_path,1.0
bc1060c98f0f48a38efae167f1c7b010,Relaxing on new extension roof.jpg,scene_type,exterior,Exterior,0.227043,clip,1.0
bc1060c98f0f48a38efae167f1c7b010,Relaxing on new extension roof.jpg,shot_type,wide,Wide view,0.204196,clip,1.0
bc1060c98f0f48a38efae167f1c7b010,Relaxing on new extension roof.jpg,people,group,Group,0.249351,clip,1.0
bc1060c98f0f48a38efae167f1c7b010,Relaxing on new extension roof.jpg,activity,resting,Resting,0.259572,clip,1.0
129fa639dba244a7ac0190e63b09433d,repairs for sledging season.jpg,site,base_e,"Base E, Stonington Island",,directory_path,1.0
129fa639dba244a7ac0190e63b09433d,repairs for sledging season.jpg,scene_type,interior,Interior,0.244503,clip,1.0
129fa639dba244a7ac0190e63b09433d,repairs for sledging season.jpg,shot_type,medium,Medium view,0.215203,clip,1.0
129fa639dba244a7ac0190e63b09433d,repairs for sledging season.jpg,people,two_people,Two people,0.263183,clip,1.0
129fa639dba244a7ac0190e63b09433d,repairs for sledging season.jpg,room,workshop,Workshop,0.275659,clip,1.0
129fa639dba244a7ac0190e63b09433d,repairs for sledging season.jpg,orientation,back_to_camera,Back to the camera,0.25318,clip,1.0
129fa639dba244a7ac0190e63b09433d,repairs for sledging season.jpg,activity,working,Working,0.277641,clip,1.0
129fa639dba244a7ac0190e63b09433d,repairs for sledging season.jpg,activity,cooking,Cooking,0.260374,clip,1.0
129fa639dba244a7ac0190e63b09433d,repairs for sledging season.jpg,activity,music,Playing music,0.248727,clip,1.0
129fa639dba244a7ac0190e63b09433d,repairs for sledging season.jpg,activity,reading_writing,Reading or writing,0.278922,clip,1.0
55c13b5e9bfa46febe0b9f05bbe1e2b7,Repairs.jpg,site,base_e,"Base E, Stonington Island",,directory_path,1.0
55c13b5e9bfa46febe0b9f05bbe1e2b7,Repairs.jpg,scene_type,interior,Interior,0.236987,clip,1.0
55c13b5e9bfa46febe0b9f05bbe1e2b7,Repairs.jpg,shot_type,detail,Detail,0.235236,clip,1.0
55c13b5e9bfa46febe0b9f05bbe1e2b7,Repairs.jpg,people,person_alone,Person alone,0.245102,clip,1.0
55c13b5e9bfa46febe0b9f05bbe1e2b7,Repairs.jpg,room,workshop,Workshop,0.26477,clip,1.0
55c13b5e9bfa46febe0b9f05bbe1e2b7,Repairs.jpg,orientation,back_to_camera,Back to the camera,0.245597,clip,1.0
55c13b5e9bfa46febe0b9f05bbe1e2b7,Repairs.jpg,orientation,side_on,Side on,0.244851,clip,1.0
55c13b5e9bfa46febe0b9f05bbe1e2b7,Repairs.jpg,activity,working,Working,0.319623,clip,1.0
55c13b5e9bfa46febe0b9f05bbe1e2b7,Repairs.jpg,activity,cooking,Cooking,0.241602,clip,1.0
55c13b5e9bfa46febe0b9f05bbe1e2b7,Repairs.jpg,activity,reading_writing,Reading or writing,0.259418,clip,1.0
822ead858f4842fa8c67ba8f88ab6a3e,Restocking coal bunker.jpg,site,base_e,"Base E, Stonington Island",,directory_path,1.0
822ead858f4842fa8c67ba8f88ab6a3e,Restocking coal bunker.jpg,scene_type,exterior,Exterior,0.23977,clip,1.0
822ead858f4842fa8c67ba8f88ab6a3e,Restocking coal bunker.jpg,shot_type,detail,Detail,0.224857,clip,1.0
822ead858f4842fa8c67ba8f88ab6a3e,Restocking coal bunker.jpg,people,group,Group,0.243334,clip,1.0
822ead858f4842fa8c67ba8f88ab6a3e,Restocking coal bunker.jpg,structure,main_hut,Main hut,0.277504,clip,1.0
822ead858f4842fa8c67ba8f88ab6a3e,Restocking coal bunker.jpg,structure,outbuilding,Outbuilding,0.263457,clip,1.0
822ead858f4842fa8c67ba8f88ab6a3e,Restocking coal bunker.jpg,nature,dog,Dog,0.244786,clip,1.0
40f535be904a492d88b6c562ac239b05,RRS JB in Back Bay.jpg,site,base_e,"Base E, Stonington Island",,directory_path,1.0
40f535be904a492d88b6c562ac239b05,RRS JB in Back Bay.jpg,scene_type,landscape,Landscape,0.285446,clip,1.0
40f535be904a492d88b6c562ac239b05,RRS JB in Back Bay.jpg,shot_type,wide,Wide view,0.266241,clip,1.0
40f535be904a492d88b6c562ac239b05,RRS JB in Back Bay.jpg,people,no_people,No people,,threshold_rule,1.0
40f535be904a492d88b6c562ac239b05,RRS JB in Back Bay.jpg,nature,glacier,Glacier or ice cliff,0.26357,clip,1.0
40f535be904a492d88b6c562ac239b05,RRS JB in Back Bay.jpg,nature,mountains,Mountains,0.265934,clip,1.0
8538506188b84c48a402475fa6c3e025,RRS JB unloading at Stonington.jpg,site,base_e,"Base E, Stonington Island",,directory_path,1.0
8538506188b84c48a402475fa6c3e025,RRS JB unloading at Stonington.jpg,scene_type,landscape,Landscape,0.272649,clip,1.0
8538506188b84c48a402475fa6c3e025,RRS JB unloading at Stonington.jpg,shot_type,wide,Wide view,0.246722,clip,1.0
8538506188b84c48a402475fa6c3e025,RRS JB unloading at Stonington.jpg,people,no_people,No people,,threshold_rule,1.0
8538506188b84c48a402475fa6c3e025,RRS JB unloading at Stonington.jpg,nature,seal,Seal,0.247064,clip,1.0
8538506188b84c48a402475fa6c3e025,RRS JB unloading at Stonington.jpg,nature,sea_ice,Sea ice,0.274567,clip,1.0
8538506188b84c48a402475fa6c3e025,RRS JB unloading at Stonington.jpg,nature,glacier,Glacier or ice cliff,0.278237,clip,1.0
1d192bde73a443758e84f95620912b86,RRS JB unloading.jpg,site,base_e,"Base E, Stonington Island",,directory_path,1.0
1d192bde73a443758e84f95620912b86,RRS JB unloading.jpg,scene_type,landscape,Landscape,0.259017,clip,1.0
1d192bde73a443758e84f95620912b86,RRS JB unloading.jpg,shot_type,wide,Wide view,0.226651,clip,1.0
1d192bde73a443758e84f95620912b86,RRS JB unloading.jpg,people,no_people,No people,,threshold_rule,1.0
1d192bde73a443758e84f95620912b86,RRS JB unloading.jpg,nature,seal,Seal,0.251278,clip,1.0
1d192bde73a443758e84f95620912b86,RRS JB unloading.jpg,nature,sea_ice,Sea ice,0.264375,clip,1.0
1d192bde73a443758e84f95620912b86,RRS JB unloading.jpg,nature,glacier,Glacier or ice cliff,0.274837,clip,1.0
13b16173505b4cea9255a0b1c8dee605,RRS JB wedged into Back Bay ice.jpg,site,base_e,"Base E, Stonington Island",,directory_path,1.0
13b16173505b4cea9255a0b1c8dee605,RRS JB wedged into Back Bay ice.jpg,scene_type,landscape,Landscape,0.262544,clip,1.0
13b16173505b4cea9255a0b1c8dee605,RRS JB wedged into Back Bay ice.jpg,shot_type,wide,Wide view,0.237895,clip,1.0
13b16173505b4cea9255a0b1c8dee605,RRS JB wedged into Back Bay ice.jpg,people,no_people,No people,,threshold_rule,1.0
13b16173505b4cea9255a0b1c8dee605,RRS JB wedged into Back Bay ice.jpg,nature,seal,Seal,0.242254,clip,1.0
13b16173505b4cea9255a0b1c8dee605,RRS JB wedged into Back Bay ice.jpg,nature,sea_ice,Sea ice,0.274564,clip,1.0
13b16173505b4cea9255a0b1c8dee605,RRS JB wedged into Back Bay ice.jpg,nature,glacier,Glacier or ice cliff,0.281788,clip,1.0
2afc619eb8dd445db7f50c42136c7a58,Saturday night at the bar.jpg,site,base_e,"Base E, Stonington Island",,directory_path,1.0
2afc619eb8dd445db7f50c42136c7a58,Saturday night at the bar.jpg,scene_type,interior,Interior,0.233883,clip,1.0
2afc619eb8dd445db7f50c42136c7a58,Saturday night at the bar.jpg,shot_type,detail,Detail,0.214712,clip,1.0
2afc619eb8dd445db7f50c42136c7a58,Saturday night at the bar.jpg,people,group,Group,0.263943,clip,1.0
2afc619eb8dd445db7f50c42136c7a58,Saturday night at the bar.jpg,room,room_unknown,Room not determined,,threshold_rule,1.0
2afc619eb8dd445db7f50c42136c7a58,Saturday night at the bar.jpg,activity,music,Playing music,0.247612,clip,1.0
4213d22bee534e8fb37118f54d66c892,Scrubout.jpg,site,base_e,"Base E, Stonington Island",,directory_path,1.0
4213d22bee534e8fb37118f54d66c892,Scrubout.jpg,scene_type,interior,Interior,0.223005,clip,1.0
4213d22bee534e8fb37118f54d66c892,Scrubout.jpg,shot_type,detail,Detail,0.198034,clip,1.0
4213d22bee534e8fb37118f54d66c892,Scrubout.jpg,people,partial_person,Part of a person,0.243818,clip,1.0
4213d22bee534e8fb37118f54d66c892,Scrubout.jpg,room,room_unknown,Room not determined,,threshold_rule,1.0
20ec2a8d2d104c33bce489a61ee86325,Snow arrives.jpg,site,base_e,"Base E, Stonington Island",,directory_path,1.0
20ec2a8d2d104c33bce489a61ee86325,Snow arrives.jpg,scene_type,landscape,Landscape,0.278187,clip,1.0
20ec2a8d2d104c33bce489a61ee86325,Snow arrives.jpg,shot_type,wide,Wide view,0.232137,clip,1.0
20ec2a8d2d104c33bce489a61ee86325,Snow arrives.jpg,people,no_people,No people,,threshold_rule,1.0
20ec2a8d2d104c33bce489a61ee86325,Snow arrives.jpg,nature,penguin,Penguin,0.259113,clip,1.0
20ec2a8d2d104c33bce489a61ee86325,Snow arrives.jpg,nature,sea_ice,Sea ice,0.243147,clip,1.0
20ec2a8d2d104c33bce489a61ee86325,Snow arrives.jpg,nature,glacier,Glacier or ice cliff,0.248876,clip,1.0
20ec2a8d2d104c33bce489a61ee86325,Snow arrives.jpg,nature,mountains,Mountains,0.24898,clip,1.0
651550c921dc4d2f965be94e22afbd47,Sometimes they were quite clean.jpg,site,base_e,"Base E, Stonington Island",,directory_path,1.0
651550c921dc4d2f965be94e22afbd47,Sometimes they were quite clean.jpg,scene_type,exterior,Exterior,0.200206,clip,1.0
651550c921dc4d2f965be94e22afbd47,Sometimes they were quite clean.jpg,shot_type,detail,Detail,0.233303,clip,1.0
651550c921dc4d2f965be94e22afbd47,Sometimes they were quite clean.jpg,people,no_people,No people,,threshold_rule,1.0
651550c921dc4d2f965be94e22afbd47,Sometimes they were quite clean.jpg,nature,dog,Dog,0.254391,clip,1.0
651550c921dc4d2f965be94e22afbd47,Sometimes they were quite clean.jpg,nature,seal,Seal,0.246392,clip,1.0
ae361b6981a240e9b844894363d8b8a0,Stonington from Neny Island.jpg,site,base_e,"Base E, Stonington Island",,directory_path,1.0
ae361b6981a240e9b844894363d8b8a0,Stonington from Neny Island.jpg,scene_type,landscape,Landscape,0.260114,clip,1.0
ae361b6981a240e9b844894363d8b8a0,Stonington from Neny Island.jpg,shot_type,wide,Wide view,0.199483,clip,1.0
ae361b6981a240e9b844894363d8b8a0,Stonington from Neny Island.jpg,people,no_people,No people,,threshold_rule,1.0
ae361b6981a240e9b844894363d8b8a0,Stonington from Neny Island.jpg,nature,seal,Seal,0.255848,clip,1.0
ae361b6981a240e9b844894363d8b8a0,Stonington from Neny Island.jpg,nature,sea_ice,Sea ice,0.259133,clip,1.0
ae361b6981a240e9b844894363d8b8a0,Stonington from Neny Island.jpg,nature,glacier,Glacier or ice cliff,0.270775,clip,1.0
ae361b6981a240e9b844894363d8b8a0,Stonington from Neny Island.jpg,nature,mountains,Mountains,0.240513,clip,1.0
5964ed59dbd44b96b5b9f8b22530598e,Survey office (1).jpg,site,base_e,"Base E, Stonington Island",,directory_path,1.0
5964ed59dbd44b96b5b9f8b22530598e,Survey office (1).jpg,scene_type,interior,Interior,0.245644,clip,1.0
5964ed59dbd44b96b5b9f8b22530598e,Survey office (1).jpg,shot_type,medium,Medium view,0.229331,clip,1.0
5964ed59dbd44b96b5b9f8b22530598e,Survey office (1).jpg,people,person_alone,Person alone,0.254346,clip,1.0
5964ed59dbd44b96b5b9f8b22530598e,Survey office (1).jpg,room,workshop,Workshop,0.256428,clip,1.0
5964ed59dbd44b96b5b9f8b22530598e,Survey office (1).jpg,orientation,back_to_camera,Back to the camera,0.250513,clip,1.0
5964ed59dbd44b96b5b9f8b22530598e,Survey office (1).jpg,orientation,side_on,Side on,0.242545,clip,1.0
5964ed59dbd44b96b5b9f8b22530598e,Survey office (1).jpg,activity,working,Working,0.270857,clip,1.0
5964ed59dbd44b96b5b9f8b22530598e,Survey office (1).jpg,activity,reading_writing,Reading or writing,0.298344,clip,1.0
9210acc46aec451cbd734e89a9c9d20d,Survey office 2.jpg,site,base_e,"Base E, Stonington Island",,directory_path,1.0
9210acc46aec451cbd734e89a9c9d20d,Survey office 2.jpg,scene_type,interior,Interior,0.233521,clip,1.0
9210acc46aec451cbd734e89a9c9d20d,Survey office 2.jpg,shot_type,medium,Medium view,0.226339,clip,1.0
9210acc46aec451cbd734e89a9c9d20d,Survey office 2.jpg,people,person_alone,Person alone,0.254171,clip,1.0
9210acc46aec451cbd734e89a9c9d20d,Survey office 2.jpg,room,workshop,Workshop,0.273377,clip,1.0
9210acc46aec451cbd734e89a9c9d20d,Survey office 2.jpg,orientation,back_to_camera,Back to the camera,0.267312,clip,1.0
9210acc46aec451cbd734e89a9c9d20d,Survey office 2.jpg,orientation,side_on,Side on,0.248238,clip,1.0
9210acc46aec451cbd734e89a9c9d20d,Survey office 2.jpg,activity,working,Working,0.301364,clip,1.0
9210acc46aec451cbd734e89a9c9d20d,Survey office 2.jpg,activity,music,Playing music,0.240775,clip,1.0
9210acc46aec451cbd734e89a9c9d20d,Survey office 2.jpg,activity,reading_writing,Reading or writing,0.2539,clip,1.0
9210acc46aec451cbd734e89a9c9d20d,Survey office 2.jpg,activity,posing,Standing or posing,0.245832,clip,1.0
8a1ab1de18724f539ba0a2bd52775d16,Survey office relaxation.jpg,site,base_e,"Base E, Stonington Island",,directory_path,1.0
8a1ab1de18724f539ba0a2bd52775d16,Survey office relaxation.jpg,scene_type,interior,Interior,0.245102,clip,1.0
8a1ab1de18724f539ba0a2bd52775d16,Survey office relaxation.jpg,shot_type,detail,Detail,0.217208,clip,1.0
8a1ab1de18724f539ba0a2bd52775d16,Survey office relaxation.jpg,people,no_people,No people,,threshold_rule,1.0
8a1ab1de18724f539ba0a2bd52775d16,Survey office relaxation.jpg,room,room_unknown,Room not determined,,threshold_rule,1.0
1afeb7ed19f14e85b78396582f76252a,Unloading 1.jpg,site,base_e,"Base E, Stonington Island",,directory_path,1.0
1afeb7ed19f14e85b78396582f76252a,Unloading 1.jpg,scene_type,landscape,Landscape,0.261471,clip,1.0
1afeb7ed19f14e85b78396582f76252a,Unloading 1.jpg,shot_type,wide,Wide view,0.22075,clip,1.0
1afeb7ed19f14e85b78396582f76252a,Unloading 1.jpg,people,no_people,No people,,threshold_rule,1.0
1afeb7ed19f14e85b78396582f76252a,Unloading 1.jpg,nature,dog,Dog,0.281743,clip,1.0
1afeb7ed19f14e85b78396582f76252a,Unloading 1.jpg,nature,glacier,Glacier or ice cliff,0.267019,clip,1.0
b12c3c2cd1534be097fe8689133ab426,Usual view from sledge (2).jpg,site,base_e,"Base E, Stonington Island",,directory_path,1.0
b12c3c2cd1534be097fe8689133ab426,Usual view from sledge (2).jpg,scene_type,landscape,Landscape,0.257711,clip,1.0
b12c3c2cd1534be097fe8689133ab426,Usual view from sledge (2).jpg,shot_type,detail,Detail,0.22555,clip,1.0
b12c3c2cd1534be097fe8689133ab426,Usual view from sledge (2).jpg,people,group,Group,0.258531,clip,1.0
b12c3c2cd1534be097fe8689133ab426,Usual view from sledge (2).jpg,orientation,mixed_orientation,Mixed orientation,0.271928,clip,1.0
b12c3c2cd1534be097fe8689133ab426,Usual view from sledge (2).jpg,nature,dog,Dog,0.313746,clip,1.0
5d9b0cd7abd94d14a46149081a685c4d,Usual view from sledge.jpg,site,base_e,"Base E, Stonington Island",,directory_path,1.0
5d9b0cd7abd94d14a46149081a685c4d,Usual view from sledge.jpg,scene_type,landscape,Landscape,0.27228,clip,1.0
5d9b0cd7abd94d14a46149081a685c4d,Usual view from sledge.jpg,shot_type,wide,Wide view,0.228807,clip,1.0
5d9b0cd7abd94d14a46149081a685c4d,Usual view from sledge.jpg,people,group,Group,0.242578,clip,1.0
5d9b0cd7abd94d14a46149081a685c4d,Usual view from sledge.jpg,orientation,mixed_orientation,Mixed orientation,0.2502,clip,1.0
5d9b0cd7abd94d14a46149081a685c4d,Usual view from sledge.jpg,nature,dog,Dog,0.277128,clip,1.0
5d9b0cd7abd94d14a46149081a685c4d,Usual view from sledge.jpg,nature,sea_ice,Sea ice,0.258456,clip,1.0
5d9b0cd7abd94d14a46149081a685c4d,Usual view from sledge.jpg,nature,glacier,Glacier or ice cliff,0.245514,clip,1.0
21dc7c3bd8cb49a291a020b130157533,Winter set in.jpg,site,base_e,"Base E, Stonington Island",,directory_path,1.0
21dc7c3bd8cb49a291a020b130157533,Winter set in.jpg,scene_type,landscape,Landscape,0.296965,clip,1.0
21dc7c3bd8cb49a291a020b130157533,Winter set in.jpg,shot_type,wide,Wide view,0.254571,clip,1.0
21dc7c3bd8cb49a291a020b130157533,Winter set in.jpg,people,no_people,No people,,threshold_rule,1.0
21dc7c3bd8cb49a291a020b130157533,Winter set in.jpg,nature,dog,Dog,0.245951,clip,1.0
21dc7c3bd8cb49a291a020b130157533,Winter set in.jpg,nature,mountains,Mountains,0.251397,clip,1.0
a1ae2206ca65418caf6793ceaff4503f,Writing survey report.jpg,site,base_e,"Base E, Stonington Island",,directory_path,1.0
a1ae2206ca65418caf6793ceaff4503f,Writing survey report.jpg,scene_type,interior,Interior,0.23528,clip,1.0
a1ae2206ca65418caf6793ceaff4503f,Writing survey report.jpg,shot_type,detail,Detail,0.232458,clip,1.0
a1ae2206ca65418caf6793ceaff4503f,Writing survey report.jpg,people,person_alone,Person alone,0.262462,clip,1.0
a1ae2206ca65418caf6793ceaff4503f,Writing survey report.jpg,room,workshop,Workshop,0.265127,clip,1.0
a1ae2206ca65418caf6793ceaff4503f,Writing survey report.jpg,orientation,facing_camera,Facing the camera,0.243106,clip,1.0
a1ae2206ca65418caf6793ceaff4503f,Writing survey report.jpg,orientation,back_to_camera,Back to the camera,0.267407,clip,1.0
a1ae2206ca65418caf6793ceaff4503f,Writing survey report.jpg,orientation,side_on,Side on,0.249044,clip,1.0
a1ae2206ca65418caf6793ceaff4503f,Writing survey report.jpg,activity,working,Working,0.308121,clip,1.0
a1ae2206ca65418caf6793ceaff4503f,Writing survey report.jpg,activity,music,Playing music,0.242199,clip,1.0
a1ae2206ca65418caf6793ceaff4503f,Writing survey report.jpg,activity,reading_writing,Reading or writing,0.304648,clip,1.0
a1ae2206ca65418caf6793ceaff4503f,Writing survey report.jpg,activity,posing,Standing or posing,0.244146,clip,1.0
4bba40fd1e1747a0ab2c382153a57948,DSC_7114.JPG,site,base_a,"Base A, Port Lockroy",,directory_path,1.0
4bba40fd1e1747a0ab2c382153a57948,DSC_7114.JPG,scene_type,exterior,Exterior,0.246711,clip,1.0
4bba40fd1e1747a0ab2c382153a57948,DSC_7114.JPG,shot_type,detail,Detail,0.230303,clip,1.0
4bba40fd1e1747a0ab2c382153a57948,DSC_7114.JPG,people,no_people,No people,,threshold_rule,1.0
4bba40fd1e1747a0ab2c382153a57948,DSC_7114.JPG,nature,exposed_rock,Exposed rock,0.244522,clip,1.0
4bba40fd1e1747a0ab2c382153a57948,DSC_7114.JPG,condition,weathered_timber,Weathered timber,0.267642,clip,1.0
4bba40fd1e1747a0ab2c382153a57948,DSC_7114.JPG,condition,structural_damage,Structural damage,0.25997,clip,1.0
a8011461178541ceb007df31e1d4a9e4,DSC_7115.JPG,site,base_a,"Base A, Port Lockroy",,directory_path,1.0
a8011461178541ceb007df31e1d4a9e4,DSC_7115.JPG,scene_type,exterior,Exterior,0.224547,clip,1.0
a8011461178541ceb007df31e1d4a9e4,DSC_7115.JPG,shot_type,detail,Detail,0.221895,clip,1.0
a8011461178541ceb007df31e1d4a9e4,DSC_7115.JPG,people,no_people,No people,,threshold_rule,1.0
a8011461178541ceb007df31e1d4a9e4,DSC_7115.JPG,structure,main_hut,Main hut,0.243346,clip,1.0
a8011461178541ceb007df31e1d4a9e4,DSC_7115.JPG,nature,exposed_rock,Exposed rock,0.24432,clip,1.0
a8011461178541ceb007df31e1d4a9e4,DSC_7115.JPG,condition,weathered_timber,Weathered timber,0.26248,clip,1.0
a8011461178541ceb007df31e1d4a9e4,DSC_7115.JPG,condition,structural_damage,Structural damage,0.260263,clip,1.0
ece057726e084be480de642e2c4fac1a,DSC_7116.JPG,site,base_a,"Base A, Port Lockroy",,directory_path,1.0
ece057726e084be480de642e2c4fac1a,DSC_7116.JPG,scene_type,exterior,Exterior,0.235062,clip,1.0
ece057726e084be480de642e2c4fac1a,DSC_7116.JPG,shot_type,wide,Wide view,0.216886,clip,1.0
ece057726e084be480de642e2c4fac1a,DSC_7116.JPG,people,no_people,No people,,threshold_rule,1.0
ece057726e084be480de642e2c4fac1a,DSC_7116.JPG,structure,main_hut,Main hut,0.24301,clip,1.0
ece057726e084be480de642e2c4fac1a,DSC_7116.JPG,structure,outbuilding,Outbuilding,0.240615,clip,1.0
ece057726e084be480de642e2c4fac1a,DSC_7116.JPG,condition,weathered_timber,Weathered timber,0.260246,clip,1.0
ece057726e084be480de642e2c4fac1a,DSC_7116.JPG,condition,structural_damage,Structural damage,0.255101,clip,1.0
9581c135422c4dc887140868ef0aef7e,DSC_7117.JPG,site,base_a,"Base A, Port Lockroy",,directory_path,1.0
9581c135422c4dc887140868ef0aef7e,DSC_7117.JPG,scene_type,exterior,Exterior,0.212765,clip,1.0
9581c135422c4dc887140868ef0aef7e,DSC_7117.JPG,shot_type,medium,Medium view,0.22876,clip,1.0
9581c135422c4dc887140868ef0aef7e,DSC_7117.JPG,people,no_people,No people,,threshold_rule,1.0
9581c135422c4dc887140868ef0aef7e,DSC_7117.JPG,nature,exposed_rock,Exposed rock,0.245023,clip,1.0
9581c135422c4dc887140868ef0aef7e,DSC_7117.JPG,condition,weathered_timber,Weathered timber,0.256837,clip,1.0
46c7f892ff98409395203fe965a74602,DSC_7118.JPG,site,base_a,"Base A, Port Lockroy",,directory_path,1.0
46c7f892ff98409395203fe965a74602,DSC_7118.JPG,scene_type,exterior,Exterior,0.247218,clip,1.0
46c7f892ff98409395203fe965a74602,DSC_7118.JPG,shot_type,detail,Detail,0.232781,clip,1.0
46c7f892ff98409395203fe965a74602,DSC_7118.JPG,people,no_people,No people,,threshold_rule,1.0
46c7f892ff98409395203fe965a74602,DSC_7118.JPG,structure,main_hut,Main hut,0.246623,clip,1.0
46c7f892ff98409395203fe965a74602,DSC_7118.JPG,structure,outbuilding,Outbuilding,0.243843,clip,1.0
46c7f892ff98409395203fe965a74602,DSC_7118.JPG,nature,exposed_rock,Exposed rock,0.248031,clip,1.0
46c7f892ff98409395203fe965a74602,DSC_7118.JPG,condition,weathered_timber,Weathered timber,0.272708,clip,1.0
46c7f892ff98409395203fe965a74602,DSC_7118.JPG,condition,structural_damage,Structural damage,0.249544,clip,1.0
df249e1919444425b9d82f2668c9c183,DSC_7119.JPG,site,base_a,"Base A, Port Lockroy",,directory_path,1.0
df249e1919444425b9d82f2668c9c183,DSC_7119.JPG,scene_type,exterior,Exterior,0.234515,clip,1.0
df249e1919444425b9d82f2668c9c183,DSC_7119.JPG,shot_type,wide,Wide view,0.217069,clip,1.0
df249e1919444425b9d82f2668c9c183,DSC_7119.JPG,people,no_people,No people,,threshold_rule,1.0
df249e1919444425b9d82f2668c9c183,DSC_7119.JPG,structure,main_hut,Main hut,0.250569,clip,1.0
df249e1919444425b9d82f2668c9c183,DSC_7119.JPG,condition,weathered_timber,Weathered timber,0.273558,clip,1.0
5028b6b2ecf34ab8ad093b9f5e569d28,DSC_7120.JPG,site,base_a,"Base A, Port Lockroy",,directory_path,1.0
5028b6b2ecf34ab8ad093b9f5e569d28,DSC_7120.JPG,scene_type,landscape,Landscape,0.246558,clip,1.0
5028b6b2ecf34ab8ad093b9f5e569d28,DSC_7120.JPG,shot_type,wide,Wide view,0.230968,clip,1.0
5028b6b2ecf34ab8ad093b9f5e569d28,DSC_7120.JPG,people,no_people,No people,,threshold_rule,1.0
5028b6b2ecf34ab8ad093b9f5e569d28,DSC_7120.JPG,nature,penguin,Penguin,0.240884,clip,1.0
5028b6b2ecf34ab8ad093b9f5e569d28,DSC_7120.JPG,nature,glacier,Glacier or ice cliff,0.240384,clip,1.0
5028b6b2ecf34ab8ad093b9f5e569d28,DSC_7120.JPG,nature,exposed_rock,Exposed rock,0.250268,clip,1.0
5028b6b2ecf34ab8ad093b9f5e569d28,DSC_7120.JPG,nature,overcast,Overcast or storm,0.25319,clip,1.0
5028b6b2ecf34ab8ad093b9f5e569d28,DSC_7120.JPG,condition,weathered_timber,Weathered timber,0.266397,clip,1.0
5028b6b2ecf34ab8ad093b9f5e569d28,DSC_7120.JPG,condition,structural_damage,Structural damage,0.250728,clip,1.0
cb5fa2707e3943dda9c3336f02af701d,DSC_7121.JPG,site,base_a,"Base A, Port Lockroy",,directory_path,1.0
cb5fa2707e3943dda9c3336f02af701d,DSC_7121.JPG,scene_type,exterior,Exterior,0.223423,clip,1.0
cb5fa2707e3943dda9c3336f02af701d,DSC_7121.JPG,shot_type,detail,Detail,0.226002,clip,1.0
cb5fa2707e3943dda9c3336f02af701d,DSC_7121.JPG,people,no_people,No people,,threshold_rule,1.0
cb5fa2707e3943dda9c3336f02af701d,DSC_7121.JPG,nature,penguin,Penguin,0.254057,clip,1.0
cb5fa2707e3943dda9c3336f02af701d,DSC_7121.JPG,nature,exposed_rock,Exposed rock,0.254903,clip,1.0
cb5fa2707e3943dda9c3336f02af701d,DSC_7121.JPG,nature,overcast,Overcast or storm,0.24671,clip,1.0
cb5fa2707e3943dda9c3336f02af701d,DSC_7121.JPG,condition,weathered_timber,Weathered timber,0.257007,clip,1.0
cb5fa2707e3943dda9c3336f02af701d,DSC_7121.JPG,condition,paint_loss,Paint loss,0.250702,clip,1.0
cb5fa2707e3943dda9c3336f02af701d,DSC_7121.JPG,condition,structural_damage,Structural damage,0.271983,clip,1.0
f1e0429b786549ad9d30b8601057c4ab,DSC_7122.JPG,site,base_a,"Base A, Port Lockroy",,directory_path,1.0
f1e0429b786549ad9d30b8601057c4ab,DSC_7122.JPG,scene_type,landscape,Landscape,0.241095,clip,1.0
f1e0429b786549ad9d30b8601057c4ab,DSC_7122.JPG,shot_type,detail,Detail,0.225002,clip,1.0
f1e0429b786549ad9d30b8601057c4ab,DSC_7122.JPG,people,no_people,No people,,threshold_rule,1.0
f1e0429b786549ad9d30b8601057c4ab,DSC_7122.JPG,nature,overcast,Overcast or storm,0.241957,clip,1.0
f1e0429b786549ad9d30b8601057c4ab,DSC_7122.JPG,condition,weathered_timber,Weathered timber,0.255224,clip,1.0
f1e0429b786549ad9d30b8601057c4ab,DSC_7122.JPG,condition,structural_damage,Structural damage,0.251809,clip,1.0
7a24a833ffd04eb29d70d55bc018f024,DSC_7123.JPG,site,base_a,"Base A, Port Lockroy",,directory_path,1.0
7a24a833ffd04eb29d70d55bc018f024,DSC_7123.JPG,scene_type,exterior,Exterior,0.229752,clip,1.0
7a24a833ffd04eb29d70d55bc018f024,DSC_7123.JPG,shot_type,wide,Wide view,0.216195,clip,1.0
7a24a833ffd04eb29d70d55bc018f024,DSC_7123.JPG,people,no_people,No people,,threshold_rule,1.0
7a24a833ffd04eb29d70d55bc018f024,DSC_7123.JPG,nature,exposed_rock,Exposed rock,0.249138,clip,1.0
7a24a833ffd04eb29d70d55bc018f024,DSC_7123.JPG,condition,weathered_timber,Weathered timber,0.250042,clip,1.0
7a24a833ffd04eb29d70d55bc018f024,DSC_7123.JPG,condition,paint_loss,Paint loss,0.241763,clip,1.0
7a24a833ffd04eb29d70d55bc018f024,DSC_7123.JPG,condition,structural_damage,Structural damage,0.275359,clip,1.0
d5b45458c15848038a1c2707f645034b,DSC_7124.JPG,site,base_a,"Base A, Port Lockroy",,directory_path,1.0
d5b45458c15848038a1c2707f645034b,DSC_7124.JPG,scene_type,landscape,Landscape,0.241429,clip,1.0
d5b45458c15848038a1c2707f645034b,DSC_7124.JPG,shot_type,medium,Medium view,0.214422,clip,1.0
d5b45458c15848038a1c2707f645034b,DSC_7124.JPG,people,no_people,No people,,threshold_rule,1.0
d5b45458c15848038a1c2707f645034b,DSC_7124.JPG,nature,snow,Snow,0.24351,clip,1.0
d5b45458c15848038a1c2707f645034b,DSC_7124.JPG,nature,exposed_rock,Exposed rock,0.240192,clip,1.0
d5b45458c15848038a1c2707f645034b,DSC_7124.JPG,nature,overcast,Overcast or storm,0.248734,clip,1.0
d5b45458c15848038a1c2707f645034b,DSC_7124.JPG,condition,weathered_timber,Weathered timber,0.255244,clip,1.0
d5b45458c15848038a1c2707f645034b,DSC_7124.JPG,condition,structural_damage,Structural damage,0.243617,clip,1.0
b622deeb94c5445cbe8ef573bb792859,DSC_7125.JPG,site,base_a,"Base A, Port Lockroy",,directory_path,1.0
b622deeb94c5445cbe8ef573bb792859,DSC_7125.JPG,scene_type,landscape,Landscape,0.250515,clip,1.0
b622deeb94c5445cbe8ef573bb792859,DSC_7125.JPG,shot_type,medium,Medium view,0.230971,clip,1.0
b622deeb94c5445cbe8ef573bb792859,DSC_7125.JPG,people,no_people,No people,,threshold_rule,1.0
b622deeb94c5445cbe8ef573bb792859,DSC_7125.JPG,nature,snow,Snow,0.240001,clip,1.0
b622deeb94c5445cbe8ef573bb792859,DSC_7125.JPG,nature,overcast,Overcast or storm,0.249405,clip,1.0
b622deeb94c5445cbe8ef573bb792859,DSC_7125.JPG,condition,weathered_timber,Weathered timber,0.265101,clip,1.0
b622deeb94c5445cbe8ef573bb792859,DSC_7125.JPG,condition,structural_damage,Structural damage,0.243073,clip,1.0
b655ada8ab9d4742a214696c462c87b6,DSC_7126.JPG,site,base_a,"Base A, Port Lockroy",,directory_path,1.0
b655ada8ab9d4742a214696c462c87b6,DSC_7126.JPG,scene_type,exterior,Exterior,0.245025,clip,1.0
b655ada8ab9d4742a214696c462c87b6,DSC_7126.JPG,shot_type,medium,Medium view,0.234008,clip,1.0
b655ada8ab9d4742a214696c462c87b6,DSC_7126.JPG,people,no_people,No people,,threshold_rule,1.0
b655ada8ab9d4742a214696c462c87b6,DSC_7126.JPG,structure,outbuilding,Outbuilding,0.240895,clip,1.0
b655ada8ab9d4742a214696c462c87b6,DSC_7126.JPG,condition,weathered_timber,Weathered timber,0.249412,clip,1.0
b56fa4d705f54b81b0f012b7320fbcde,DSC_7127.JPG,site,base_a,"Base A, Port Lockroy",,directory_path,1.0
b56fa4d705f54b81b0f012b7320fbcde,DSC_7127.JPG,scene_type,exterior,Exterior,0.249104,clip,1.0
b56fa4d705f54b81b0f012b7320fbcde,DSC_7127.JPG,shot_type,wide,Wide view,0.240707,clip,1.0
b56fa4d705f54b81b0f012b7320fbcde,DSC_7127.JPG,people,no_people,No people,,threshold_rule,1.0
b56fa4d705f54b81b0f012b7320fbcde,DSC_7127.JPG,structure,main_hut,Main hut,0.247256,clip,1.0
b56fa4d705f54b81b0f012b7320fbcde,DSC_7127.JPG,structure,outbuilding,Outbuilding,0.262566,clip,1.0
b56fa4d705f54b81b0f012b7320fbcde,DSC_7127.JPG,condition,weathered_timber,Weathered timber,0.266325,clip,1.0
b56fa4d705f54b81b0f012b7320fbcde,DSC_7127.JPG,condition,paint_loss,Paint loss,0.242657,clip,1.0
b56fa4d705f54b81b0f012b7320fbcde,DSC_7127.JPG,condition,object_wear,Object wear,0.243927,clip,1.0
70262855e876492e86b84653e57e2213,DSC_7128.JPG,site,base_a,"Base A, Port Lockroy",,directory_path,1.0
70262855e876492e86b84653e57e2213,DSC_7128.JPG,scene_type,exterior,Exterior,0.253564,clip,1.0
70262855e876492e86b84653e57e2213,DSC_7128.JPG,shot_type,wide,Wide view,0.24254,clip,1.0
70262855e876492e86b84653e57e2213,DSC_7128.JPG,people,no_people,No people,,threshold_rule,1.0
70262855e876492e86b84653e57e2213,DSC_7128.JPG,structure,outbuilding,Outbuilding,0.241898,clip,1.0
70262855e876492e86b84653e57e2213,DSC_7128.JPG,condition,weathered_timber,Weathered timber,0.249963,clip,1.0
ca8d91b764864ced9b4046b43014e7f2,DSC_7129.JPG,site,base_a,"Base A, Port Lockroy",,directory_path,1.0
ca8d91b764864ced9b4046b43014e7f2,DSC_7129.JPG,scene_type,exterior,Exterior,0.240904,clip,1.0
ca8d91b764864ced9b4046b43014e7f2,DSC_7129.JPG,shot_type,medium,Medium view,0.232451,clip,1.0
ca8d91b764864ced9b4046b43014e7f2,DSC_7129.JPG,people,no_people,No people,,threshold_rule,1.0
ca8d91b764864ced9b4046b43014e7f2,DSC_7129.JPG,structure,outbuilding,Outbuilding,0.246517,clip,1.0
ca8d91b764864ced9b4046b43014e7f2,DSC_7129.JPG,condition,weathered_timber,Weathered timber,0.267402,clip,1.0
97d69fe6123146af91d3cbfd506eb8cc,DSC_7130.JPG,site,base_a,"Base A, Port Lockroy",,directory_path,1.0
97d69fe6123146af91d3cbfd506eb8cc,DSC_7130.JPG,scene_type,exterior,Exterior,0.247127,clip,1.0
97d69fe6123146af91d3cbfd506eb8cc,DSC_7130.JPG,shot_type,wide,Wide view,0.236181,clip,1.0
97d69fe6123146af91d3cbfd506eb8cc,DSC_7130.JPG,people,no_people,No people,,threshold_rule,1.0
97d69fe6123146af91d3cbfd506eb8cc,DSC_7130.JPG,structure,main_hut,Main hut,0.256877,clip,1.0
97d69fe6123146af91d3cbfd506eb8cc,DSC_7130.JPG,structure,outbuilding,Outbuilding,0.261087,clip,1.0
97d69fe6123146af91d3cbfd506eb8cc,DSC_7130.JPG,condition,weathered_timber,Weathered timber,0.270951,clip,1.0
97d69fe6123146af91d3cbfd506eb8cc,DSC_7130.JPG,condition,structural_damage,Structural damage,0.240058,clip,1.0
97d69fe6123146af91d3cbfd506eb8cc,DSC_7130.JPG,condition,object_wear,Object wear,0.248287,clip,1.0
57220c4f002e4943a734abef13b533a7,DSC_7131.JPG,site,base_a,"Base A, Port Lockroy",,directory_path,1.0
57220c4f002e4943a734abef13b533a7,DSC_7131.JPG,scene_type,exterior,Exterior,0.259543,clip,1.0
57220c4f002e4943a734abef13b533a7,DSC_7131.JPG,shot_type,wide,Wide view,0.245225,clip,1.0
57220c4f002e4943a734abef13b533a7,DSC_7131.JPG,people,no_people,No people,,threshold_rule,1.0
57220c4f002e4943a734abef13b533a7,DSC_7131.JPG,structure,main_hut,Main hut,0.252174,clip,1.0
57220c4f002e4943a734abef13b533a7,DSC_7131.JPG,structure,outbuilding,Outbuilding,0.267878,clip,1.0
57220c4f002e4943a734abef13b533a7,DSC_7131.JPG,condition,weathered_timber,Weathered timber,0.273964,clip,1.0
57220c4f002e4943a734abef13b533a7,DSC_7131.JPG,condition,object_wear,Object wear,0.244974,clip,1.0
1f7f842e145441db87f6af076c1c380e,DSC_7132.JPG,site,base_a,"Base A, Port Lockroy",,directory_path,1.0
1f7f842e145441db87f6af076c1c380e,DSC_7132.JPG,scene_type,exterior,Exterior,0.240302,clip,1.0
1f7f842e145441db87f6af076c1c380e,DSC_7132.JPG,shot_type,medium,Medium view,0.23578,clip,1.0
1f7f842e145441db87f6af076c1c380e,DSC_7132.JPG,people,no_people,No people,,threshold_rule,1.0
1f7f842e145441db87f6af076c1c380e,DSC_7132.JPG,structure,main_hut,Main hut,0.242172,clip,1.0
1f7f842e145441db87f6af076c1c380e,DSC_7132.JPG,structure,outbuilding,Outbuilding,0.256083,clip,1.0
1f7f842e145441db87f6af076c1c380e,DSC_7132.JPG,nature,exposed_rock,Exposed rock,0.245216,clip,1.0
1f7f842e145441db87f6af076c1c380e,DSC_7132.JPG,condition,weathered_timber,Weathered timber,0.284234,clip,1.0
1f7f842e145441db87f6af076c1c380e,DSC_7132.JPG,condition,paint_loss,Paint loss,0.246107,clip,1.0
1f7f842e145441db87f6af076c1c380e,DSC_7132.JPG,condition,structural_damage,Structural damage,0.248473,clip,1.0
1f7f842e145441db87f6af076c1c380e,DSC_7132.JPG,condition,object_wear,Object wear,0.249651,clip,1.0
7e1baf72ddec40c393efb52c27c203e8,DSC_7133.JPG,site,base_a,"Base A, Port Lockroy",,directory_path,1.0
7e1baf72ddec40c393efb52c27c203e8,DSC_7133.JPG,scene_type,exterior,Exterior,0.232,clip,1.0
7e1baf72ddec40c393efb52c27c203e8,DSC_7133.JPG,shot_type,medium,Medium view,0.232599,clip,1.0
7e1baf72ddec40c393efb52c27c203e8,DSC_7133.JPG,people,no_people,No people,,threshold_rule,1.0
7e1baf72ddec40c393efb52c27c203e8,DSC_7133.JPG,structure,main_hut,Main hut,0.241091,clip,1.0
7e1baf72ddec40c393efb52c27c203e8,DSC_7133.JPG,structure,outbuilding,Outbuilding,0.243005,clip,1.0
7e1baf72ddec40c393efb52c27c203e8,DSC_7133.JPG,nature,exposed_rock,Exposed rock,0.242452,clip,1.0
7e1baf72ddec40c393efb52c27c203e8,DSC_7133.JPG,nature,overcast,Overcast or storm,0.243952,clip,1.0
7e1baf72ddec40c393efb52c27c203e8,DSC_7133.JPG,condition,weathered_timber,Weathered timber,0.274853,clip,1.0
7e1baf72ddec40c393efb52c27c203e8,DSC_7133.JPG,condition,structural_damage,Structural damage,0.253032,clip,1.0
7e1baf72ddec40c393efb52c27c203e8,DSC_7133.JPG,condition,object_wear,Object wear,0.245944,clip,1.0
666e5007c74d4231b752988527c67e42,DSC_7134.JPG,site,base_a,"Base A, Port Lockroy",,directory_path,1.0
666e5007c74d4231b752988527c67e42,DSC_7134.JPG,scene_type,exterior,Exterior,0.227401,clip,1.0
666e5007c74d4231b752988527c67e42,DSC_7134.JPG,shot_type,medium,Medium view,0.225757,clip,1.0
666e5007c74d4231b752988527c67e42,DSC_7134.JPG,people,no_people,No people,,threshold_rule,1.0
666e5007c74d4231b752988527c67e42,DSC_7134.JPG,structure,main_hut,Main hut,0.261124,clip,1.0
666e5007c74d4231b752988527c67e42,DSC_7134.JPG,structure,outbuilding,Outbuilding,0.258924,clip,1.0
666e5007c74d4231b752988527c67e42,DSC_7134.JPG,nature,overcast,Overcast or storm,0.242989,clip,1.0
666e5007c74d4231b752988527c67e42,DSC_7134.JPG,condition,weathered_timber,Weathered timber,0.270583,clip,1.0
666e5007c74d4231b752988527c67e42,DSC_7134.JPG,condition,paint_loss,Paint loss,0.240685,clip,1.0
666e5007c74d4231b752988527c67e42,DSC_7134.JPG,condition,structural_damage,Structural damage,0.265148,clip,1.0
666e5007c74d4231b752988527c67e42,DSC_7134.JPG,condition,object_wear,Object wear,0.254,clip,1.0
949daec693f040539cb4949197c25787,DSC_7135.JPG,site,base_a,"Base A, Port Lockroy",,directory_path,1.0
949daec693f040539cb4949197c25787,DSC_7135.JPG,scene_type,object_study,Object study,0.222774,clip,1.0
949daec693f040539cb4949197c25787,DSC_7135.JPG,shot_type,detail,Detail,0.22737,clip,1.0
949daec693f040539cb4949197c25787,DSC_7135.JPG,people,no_people,No people,,threshold_rule,1.0
949daec693f040539cb4949197c25787,DSC_7135.JPG,condition,object_wear,Object wear,0.257697,clip,1.0
bd74961044624d1f9c96409ee2eaefd1,DSC_7136.JPG,site,base_a,"Base A, Port Lockroy",,directory_path,1.0
bd74961044624d1f9c96409ee2eaefd1,DSC_7136.JPG,scene_type,exterior,Exterior,0.205173,clip,1.0
bd74961044624d1f9c96409ee2eaefd1,DSC_7136.JPG,shot_type,medium,Medium view,0.232432,clip,1.0
bd74961044624d1f9c96409ee2eaefd1,DSC_7136.JPG,people,no_people,No people,,threshold_rule,1.0
bd74961044624d1f9c96409ee2eaefd1,DSC_7136.JPG,condition,structural_damage,Structural damage,0.249055,clip,1.0
45a8e089a4234719ab6d907a3e0aad8c,DSC_7137.JPG,site,base_a,"Base A, Port Lockroy",,directory_path,1.0
45a8e089a4234719ab6d907a3e0aad8c,DSC_7137.JPG,scene_type,interior,Interior,0.213481,clip,1.0
45a8e089a4234719ab6d907a3e0aad8c,DSC_7137.JPG,shot_type,medium,Medium view,0.236065,clip,1.0
45a8e089a4234719ab6d907a3e0aad8c,DSC_7137.JPG,people,no_people,No people,,threshold_rule,1.0
45a8e089a4234719ab6d907a3e0aad8c,DSC_7137.JPG,room,room_unknown,Room not determined,,threshold_rule,1.0
bc8b460ac7684818903d1b6745df2226,DSC_7138.JPG,site,base_a,"Base A, Port Lockroy",,directory_path,1.0
bc8b460ac7684818903d1b6745df2226,DSC_7138.JPG,scene_type,interior,Interior,0.221279,clip,1.0
bc8b460ac7684818903d1b6745df2226,DSC_7138.JPG,shot_type,detail,Detail,0.240801,clip,1.0
bc8b460ac7684818903d1b6745df2226,DSC_7138.JPG,people,no_people,No people,,threshold_rule,1.0
bc8b460ac7684818903d1b6745df2226,DSC_7138.JPG,room,room_unknown,Room not determined,,threshold_rule,1.0
bc8b460ac7684818903d1b6745df2226,DSC_7138.JPG,condition,weathered_timber,Weathered timber,0.245773,clip,1.0
bc8b460ac7684818903d1b6745df2226,DSC_7138.JPG,condition,object_wear,Object wear,0.250936,clip,1.0
5d5b6f0542674d57b4028a3b3245f04d,DSC_7139.JPG,site,base_a,"Base A, Port Lockroy",,directory_path,1.0
5d5b6f0542674d57b4028a3b3245f04d,DSC_7139.JPG,scene_type,exterior,Exterior,0.231452,clip,1.0
5d5b6f0542674d57b4028a3b3245f04d,DSC_7139.JPG,shot_type,medium,Medium view,0.221326,clip,1.0
5d5b6f0542674d57b4028a3b3245f04d,DSC_7139.JPG,people,no_people,No people,,threshold_rule,1.0
5d5b6f0542674d57b4028a3b3245f04d,DSC_7139.JPG,condition,weathered_timber,Weathered timber,0.247028,clip,1.0
5d5b6f0542674d57b4028a3b3245f04d,DSC_7139.JPG,condition,structural_damage,Structural damage,0.251754,clip,1.0
8591d70625bf4de7a3173485c3508fe2,DSC_7140.JPG,site,base_a,"Base A, Port Lockroy",,directory_path,1.0
8591d70625bf4de7a3173485c3508fe2,DSC_7140.JPG,scene_type,object_study,Object study,0.211839,clip,1.0
8591d70625bf4de7a3173485c3508fe2,DSC_7140.JPG,shot_type,detail,Detail,0.217258,clip,1.0
8591d70625bf4de7a3173485c3508fe2,DSC_7140.JPG,people,no_people,No people,,threshold_rule,1.0
8591d70625bf4de7a3173485c3508fe2,DSC_7140.JPG,condition,object_wear,Object wear,0.252821,clip,1.0
bcf70e3a1db54932a9dca0292f64711d,DSC_7141.JPG,site,base_a,"Base A, Port Lockroy",,directory_path,1.0
bcf70e3a1db54932a9dca0292f64711d,DSC_7141.JPG,scene_type,object_study,Object study,0.216561,clip,1.0
bcf70e3a1db54932a9dca0292f64711d,DSC_7141.JPG,shot_type,detail,Detail,0.209517,clip,1.0
bcf70e3a1db54932a9dca0292f64711d,DSC_7141.JPG,people,no_people,No people,,threshold_rule,1.0
bcf70e3a1db54932a9dca0292f64711d,DSC_7141.JPG,condition,object_wear,Object wear,0.245958,clip,1.0
01d6f6d1de2c4eaea5d6ffab7fcbca7c,DSC_7142.JPG,site,base_a,"Base A, Port Lockroy",,directory_path,1.0
01d6f6d1de2c4eaea5d6ffab7fcbca7c,DSC_7142.JPG,scene_type,exterior,Exterior,0.232374,clip,1.0
01d6f6d1de2c4eaea5d6ffab7fcbca7c,DSC_7142.JPG,shot_type,detail,Detail,0.233402,clip,1.0
01d6f6d1de2c4eaea5d6ffab7fcbca7c,DSC_7142.JPG,people,no_people,No people,,threshold_rule,1.0
01d6f6d1de2c4eaea5d6ffab7fcbca7c,DSC_7142.JPG,condition,weathered_timber,Weathered timber,0.241566,clip,1.0
01d6f6d1de2c4eaea5d6ffab7fcbca7c,DSC_7142.JPG,condition,object_wear,Object wear,0.247703,clip,1.0
7bf10f471a29499a9217377a55e42434,DSC_7143.JPG,site,base_a,"Base A, Port Lockroy",,directory_path,1.0
7bf10f471a29499a9217377a55e42434,DSC_7143.JPG,scene_type,exterior,Exterior,0.250525,clip,1.0
7bf10f471a29499a9217377a55e42434,DSC_7143.JPG,shot_type,detail,Detail,0.240645,clip,1.0
7bf10f471a29499a9217377a55e42434,DSC_7143.JPG,people,no_people,No people,,threshold_rule,1.0
7bf10f471a29499a9217377a55e42434,DSC_7143.JPG,structure,main_hut,Main hut,0.255896,clip,1.0
7bf10f471a29499a9217377a55e42434,DSC_7143.JPG,structure,outbuilding,Outbuilding,0.246738,clip,1.0
7bf10f471a29499a9217377a55e42434,DSC_7143.JPG,condition,weathered_timber,Weathered timber,0.257069,clip,1.0
7bf10f471a29499a9217377a55e42434,DSC_7143.JPG,condition,object_wear,Object wear,0.255216,clip,1.0
6be52af495124a68b79afdc055682b4d,DSC_7144.JPG,site,base_a,"Base A, Port Lockroy",,directory_path,1.0
6be52af495124a68b79afdc055682b4d,DSC_7144.JPG,scene_type,exterior,Exterior,0.256451,clip,1.0
6be52af495124a68b79afdc055682b4d,DSC_7144.JPG,shot_type,detail,Detail,0.243221,clip,1.0
6be52af495124a68b79afdc055682b4d,DSC_7144.JPG,people,no_people,No people,,threshold_rule,1.0
6be52af495124a68b79afdc055682b4d,DSC_7144.JPG,condition,weathered_timber,Weathered timber,0.243068,clip,1.0
6be52af495124a68b79afdc055682b4d,DSC_7144.JPG,condition,object_wear,Object wear,0.244694,clip,1.0
20cca794523c40a08dd573f3df2f1045,DSC_7145.JPG,site,base_a,"Base A, Port Lockroy",,directory_path,1.0
20cca794523c40a08dd573f3df2f1045,DSC_7145.JPG,scene_type,exterior,Exterior,0.257952,clip,1.0
20cca794523c40a08dd573f3df2f1045,DSC_7145.JPG,shot_type,detail,Detail,0.249354,clip,1.0
20cca794523c40a08dd573f3df2f1045,DSC_7145.JPG,people,no_people,No people,,threshold_rule,1.0
20cca794523c40a08dd573f3df2f1045,DSC_7145.JPG,condition,weathered_timber,Weathered timber,0.258785,clip,1.0
20cca794523c40a08dd573f3df2f1045,DSC_7145.JPG,condition,object_wear,Object wear,0.250384,clip,1.0
66cd472a966343ae97457a5b76b32003,DSC_7146.JPG,site,base_a,"Base A, Port Lockroy",,directory_path,1.0
66cd472a966343ae97457a5b76b32003,DSC_7146.JPG,scene_type,exterior,Exterior,0.257402,clip,1.0
66cd472a966343ae97457a5b76b32003,DSC_7146.JPG,shot_type,detail,Detail,0.248058,clip,1.0
66cd472a966343ae97457a5b76b32003,DSC_7146.JPG,people,no_people,No people,,threshold_rule,1.0
66cd472a966343ae97457a5b76b32003,DSC_7146.JPG,condition,weathered_timber,Weathered timber,0.255654,clip,1.0
66cd472a966343ae97457a5b76b32003,DSC_7146.JPG,condition,object_wear,Object wear,0.248846,clip,1.0
c605e6e9beb94f4abadcef0f7230aee6,DSC_7147.JPG,site,base_a,"Base A, Port Lockroy",,directory_path,1.0
c605e6e9beb94f4abadcef0f7230aee6,DSC_7147.JPG,scene_type,exterior,Exterior,0.259006,clip,1.0
c605e6e9beb94f4abadcef0f7230aee6,DSC_7147.JPG,shot_type,medium,Medium view,0.246258,clip,1.0
c605e6e9beb94f4abadcef0f7230aee6,DSC_7147.JPG,people,no_people,No people,,threshold_rule,1.0
c605e6e9beb94f4abadcef0f7230aee6,DSC_7147.JPG,condition,weathered_timber,Weathered timber,0.262354,clip,1.0
c605e6e9beb94f4abadcef0f7230aee6,DSC_7147.JPG,condition,object_wear,Object wear,0.250878,clip,1.0
8086c685e1be43348691810ca26089ee,DSC_7148.JPG,site,base_a,"Base A, Port Lockroy",,directory_path,1.0
8086c685e1be43348691810ca26089ee,DSC_7148.JPG,scene_type,exterior,Exterior,0.264778,clip,1.0
8086c685e1be43348691810ca26089ee,DSC_7148.JPG,shot_type,medium,Medium view,0.245835,clip,1.0
8086c685e1be43348691810ca26089ee,DSC_7148.JPG,people,no_people,No people,,threshold_rule,1.0
8086c685e1be43348691810ca26089ee,DSC_7148.JPG,condition,weathered_timber,Weathered timber,0.246443,clip,1.0
8086c685e1be43348691810ca26089ee,DSC_7148.JPG,condition,object_wear,Object wear,0.248659,clip,1.0
88da6d9046f24ea197abfcb86bce3ed6,DSC_7149.JPG,site,base_a,"Base A, Port Lockroy",,directory_path,1.0
88da6d9046f24ea197abfcb86bce3ed6,DSC_7149.JPG,scene_type,exterior,Exterior,0.250782,clip,1.0
88da6d9046f24ea197abfcb86bce3ed6,DSC_7149.JPG,shot_type,medium,Medium view,0.246712,clip,1.0
88da6d9046f24ea197abfcb86bce3ed6,DSC_7149.JPG,people,no_people,No people,,threshold_rule,1.0
88da6d9046f24ea197abfcb86bce3ed6,DSC_7149.JPG,condition,weathered_timber,Weathered timber,0.240721,clip,1.0
88da6d9046f24ea197abfcb86bce3ed6,DSC_7149.JPG,condition,paint_loss,Paint loss,0.243932,clip,1.0
88da6d9046f24ea197abfcb86bce3ed6,DSC_7149.JPG,condition,object_wear,Object wear,0.241474,clip,1.0
2f1583239c3c41db9ebbc01bc1c18874,DSC_7150.JPG,site,base_a,"Base A, Port Lockroy",,directory_path,1.0
2f1583239c3c41db9ebbc01bc1c18874,DSC_7150.JPG,scene_type,exterior,Exterior,0.249115,clip,1.0
2f1583239c3c41db9ebbc01bc1c18874,DSC_7150.JPG,shot_type,medium,Medium view,0.246549,clip,1.0
2f1583239c3c41db9ebbc01bc1c18874,DSC_7150.JPG,people,no_people,No people,,threshold_rule,1.0
6a62bc4b4687496c9dfa4dfa7b80e08a,DSC_7151.JPG,site,base_a,"Base A, Port Lockroy",,directory_path,1.0
6a62bc4b4687496c9dfa4dfa7b80e08a,DSC_7151.JPG,scene_type,interior,Interior,0.255621,clip,1.0
6a62bc4b4687496c9dfa4dfa7b80e08a,DSC_7151.JPG,shot_type,medium,Medium view,0.249416,clip,1.0
6a62bc4b4687496c9dfa4dfa7b80e08a,DSC_7151.JPG,people,no_people,No people,,threshold_rule,1.0
6a62bc4b4687496c9dfa4dfa7b80e08a,DSC_7151.JPG,room,room_unknown,Room not determined,,threshold_rule,1.0
9f5e888e7bcf412ab4781fd16c4f5405,DSC_7152.JPG,site,base_a,"Base A, Port Lockroy",,directory_path,1.0
9f5e888e7bcf412ab4781fd16c4f5405,DSC_7152.JPG,scene_type,landscape,Landscape,0.222322,clip,1.0
9f5e888e7bcf412ab4781fd16c4f5405,DSC_7152.JPG,shot_type,wide,Wide view,0.217846,clip,1.0
9f5e888e7bcf412ab4781fd16c4f5405,DSC_7152.JPG,people,no_people,No people,,threshold_rule,1.0
9f5e888e7bcf412ab4781fd16c4f5405,DSC_7152.JPG,nature,glacier,Glacier or ice cliff,0.246702,clip,1.0
9f5e888e7bcf412ab4781fd16c4f5405,DSC_7152.JPG,nature,exposed_rock,Exposed rock,0.246603,clip,1.0
9f5e888e7bcf412ab4781fd16c4f5405,DSC_7152.JPG,condition,weathered_timber,Weathered timber,0.260905,clip,1.0
7b5785a2ba73444a92aa289f8e00e07b,DSC_7153.JPG,site,base_a,"Base A, Port Lockroy",,directory_path,1.0
7b5785a2ba73444a92aa289f8e00e07b,DSC_7153.JPG,scene_type,exterior,Exterior,0.212113,clip,1.0
7b5785a2ba73444a92aa289f8e00e07b,DSC_7153.JPG,shot_type,medium,Medium view,0.213213,clip,1.0
7b5785a2ba73444a92aa289f8e00e07b,DSC_7153.JPG,people,no_people,No people,,threshold_rule,1.0
7b5785a2ba73444a92aa289f8e00e07b,DSC_7153.JPG,condition,weathered_timber,Weathered timber,0.289674,clip,1.0
7b5785a2ba73444a92aa289f8e00e07b,DSC_7153.JPG,condition,structural_damage,Structural damage,0.243091,clip,1.0
70720ee201e84c99a337be3203556f3a,DSC_7154.JPG,site,base_a,"Base A, Port Lockroy",,directory_path,1.0
70720ee201e84c99a337be3203556f3a,DSC_7154.JPG,scene_type,object_study,Object study,0.239326,clip,1.0
70720ee201e84c99a337be3203556f3a,DSC_7154.JPG,shot_type,medium,Medium view,0.251099,clip,1.0
70720ee201e84c99a337be3203556f3a,DSC_7154.JPG,people,no_people,No people,,threshold_rule,1.0
c219aba69e674f9dac18a8ee4616ed2f,DSC_7155.JPG,site,base_a,"Base A, Port Lockroy",,directory_path,1.0
c219aba69e674f9dac18a8ee4616ed2f,DSC_7155.JPG,scene_type,exterior,Exterior,0.258013,clip,1.0
c219aba69e674f9dac18a8ee4616ed2f,DSC_7155.JPG,shot_type,medium,Medium view,0.258715,clip,1.0
c219aba69e674f9dac18a8ee4616ed2f,DSC_7155.JPG,people,no_people,No people,,threshold_rule,1.0
b2efd528d61442d091644642deae8486,DSC_7156.JPG,site,base_a,"Base A, Port Lockroy",,directory_path,1.0
b2efd528d61442d091644642deae8486,DSC_7156.JPG,scene_type,exterior,Exterior,0.24804,clip,1.0
b2efd528d61442d091644642deae8486,DSC_7156.JPG,shot_type,medium,Medium view,0.24442,clip,1.0
b2efd528d61442d091644642deae8486,DSC_7156.JPG,people,no_people,No people,,threshold_rule,1.0
b2efd528d61442d091644642deae8486,DSC_7156.JPG,condition,weathered_timber,Weathered timber,0.245167,clip,1.0
37bdc9f913fb4d92a5d4b673b45d140b,DSC_7157.JPG,site,base_a,"Base A, Port Lockroy",,directory_path,1.0
37bdc9f913fb4d92a5d4b673b45d140b,DSC_7157.JPG,scene_type,exterior,Exterior,0.238883,clip,1.0
37bdc9f913fb4d92a5d4b673b45d140b,DSC_7157.JPG,shot_type,medium,Medium view,0.231053,clip,1.0
37bdc9f913fb4d92a5d4b673b45d140b,DSC_7157.JPG,people,no_people,No people,,threshold_rule,1.0
37bdc9f913fb4d92a5d4b673b45d140b,DSC_7157.JPG,condition,weathered_timber,Weathered timber,0.24449,clip,1.0
e76c27cbd9934355a833e4b3787c705b,DSC_7158.JPG,site,base_a,"Base A, Port Lockroy",,directory_path,1.0
e76c27cbd9934355a833e4b3787c705b,DSC_7158.JPG,scene_type,exterior,Exterior,0.211645,clip,1.0
e76c27cbd9934355a833e4b3787c705b,DSC_7158.JPG,shot_type,detail,Detail,0.207423,clip,1.0
e76c27cbd9934355a833e4b3787c705b,DSC_7158.JPG,people,no_people,No people,,threshold_rule,1.0
e76c27cbd9934355a833e4b3787c705b,DSC_7158.JPG,nature,glacier,Glacier or ice cliff,0.242455,clip,1.0
e76c27cbd9934355a833e4b3787c705b,DSC_7158.JPG,condition,weathered_timber,Weathered timber,0.250191,clip,1.0
e76c27cbd9934355a833e4b3787c705b,DSC_7158.JPG,condition,structural_damage,Structural damage,0.242188,clip,1.0
a9917542a0c04462a2c7cef12e809669,DSC_7159.JPG,site,base_a,"Base A, Port Lockroy",,directory_path,1.0
a9917542a0c04462a2c7cef12e809669,DSC_7159.JPG,scene_type,landscape,Landscape,0.212205,clip,1.0
a9917542a0c04462a2c7cef12e809669,DSC_7159.JPG,shot_type,detail,Detail,0.210924,clip,1.0
a9917542a0c04462a2c7cef12e809669,DSC_7159.JPG,people,no_people,No people,,threshold_rule,1.0
a9917542a0c04462a2c7cef12e809669,DSC_7159.JPG,nature,penguin,Penguin,0.240952,clip,1.0
a9917542a0c04462a2c7cef12e809669,DSC_7159.JPG,nature,glacier,Glacier or ice cliff,0.259031,clip,1.0
a9917542a0c04462a2c7cef12e809669,DSC_7159.JPG,nature,exposed_rock,Exposed rock,0.249344,clip,1.0
a9917542a0c04462a2c7cef12e809669,DSC_7159.JPG,condition,weathered_timber,Weathered timber,0.244334,clip,1.0
a9917542a0c04462a2c7cef12e809669,DSC_7159.JPG,condition,structural_damage,Structural damage,0.255954,clip,1.0
c1ffde1b092349fe9b0a953171cb7490,DSC_7160.JPG,site,base_a,"Base A, Port Lockroy",,directory_path,1.0
c1ffde1b092349fe9b0a953171cb7490,DSC_7160.JPG,scene_type,object_study,Object study,0.207877,clip,1.0
c1ffde1b092349fe9b0a953171cb7490,DSC_7160.JPG,shot_type,detail,Detail,0.233272,clip,1.0
c1ffde1b092349fe9b0a953171cb7490,DSC_7160.JPG,people,no_people,No people,,threshold_rule,1.0
c1ffde1b092349fe9b0a953171cb7490,DSC_7160.JPG,nature,glacier,Glacier or ice cliff,0.252132,clip,1.0
c1ffde1b092349fe9b0a953171cb7490,DSC_7160.JPG,nature,exposed_rock,Exposed rock,0.250491,clip,1.0
c1ffde1b092349fe9b0a953171cb7490,DSC_7160.JPG,nature,coastline,Coastline,0.247277,clip,1.0
c1ffde1b092349fe9b0a953171cb7490,DSC_7160.JPG,condition,weathered_timber,Weathered timber,0.260714,clip,1.0
c1ffde1b092349fe9b0a953171cb7490,DSC_7160.JPG,condition,structural_damage,Structural damage,0.25424,clip,1.0
a42d5ed083a147b181e0c6c2d6ae4556,DSC_7161.JPG,site,base_a,"Base A, Port Lockroy",,directory_path,1.0
a42d5ed083a147b181e0c6c2d6ae4556,DSC_7161.JPG,scene_type,exterior,Exterior,0.233288,clip,1.0
a42d5ed083a147b181e0c6c2d6ae4556,DSC_7161.JPG,shot_type,medium,Medium view,0.237849,clip,1.0
a42d5ed083a147b181e0c6c2d6ae4556,DSC_7161.JPG,people,no_people,No people,,threshold_rule,1.0
a42d5ed083a147b181e0c6c2d6ae4556,DSC_7161.JPG,structure,outbuilding,Outbuilding,0.265239,clip,1.0
a42d5ed083a147b181e0c6c2d6ae4556,DSC_7161.JPG,condition,weathered_timber,Weathered timber,0.247365,clip,1.0
0c43f28570b847a5a82f4f8730ddea06,DSC_7162.JPG,site,base_a,"Base A, Port Lockroy",,directory_path,1.0
0c43f28570b847a5a82f4f8730ddea06,DSC_7162.JPG,scene_type,exterior,Exterior,0.264447,clip,1.0
0c43f28570b847a5a82f4f8730ddea06,DSC_7162.JPG,shot_type,wide,Wide view,0.233889,clip,1.0
0c43f28570b847a5a82f4f8730ddea06,DSC_7162.JPG,people,no_people,No people,,threshold_rule,1.0
0c43f28570b847a5a82f4f8730ddea06,DSC_7162.JPG,structure,main_hut,Main hut,0.261266,clip,1.0
0c43f28570b847a5a82f4f8730ddea06,DSC_7162.JPG,structure,outbuilding,Outbuilding,0.281421,clip,1.0
0c43f28570b847a5a82f4f8730ddea06,DSC_7162.JPG,condition,weathered_timber,Weathered timber,0.268843,clip,1.0
0c43f28570b847a5a82f4f8730ddea06,DSC_7162.JPG,condition,structural_damage,Structural damage,0.240084,clip,1.0
0c43f28570b847a5a82f4f8730ddea06,DSC_7162.JPG,condition,object_wear,Object wear,0.240143,clip,1.0
c54a9265da8447b695d238e40454c33a,DSC_7163.JPG,site,base_a,"Base A, Port Lockroy",,directory_path,1.0
c54a9265da8447b695d238e40454c33a,DSC_7163.JPG,scene_type,exterior,Exterior,0.216372,clip,1.0
c54a9265da8447b695d238e40454c33a,DSC_7163.JPG,shot_type,medium,Medium view,0.211408,clip,1.0
c54a9265da8447b695d238e40454c33a,DSC_7163.JPG,people,no_people,No people,,threshold_rule,1.0
c54a9265da8447b695d238e40454c33a,DSC_7163.JPG,condition,weathered_timber,Weathered timber,0.252307,clip,1.0
c54a9265da8447b695d238e40454c33a,DSC_7163.JPG,condition,structural_damage,Structural damage,0.24162,clip,1.0
886c5c85b910400bbb0077e3f9f17490,DSC_7164.JPG,site,base_a,"Base A, Port Lockroy",,directory_path,1.0
886c5c85b910400bbb0077e3f9f17490,DSC_7164.JPG,scene_type,exterior,Exterior,0.255083,clip,1.0
886c5c85b910400bbb0077e3f9f17490,DSC_7164.JPG,shot_type,wide,Wide view,0.226173,clip,1.0
886c5c85b910400bbb0077e3f9f17490,DSC_7164.JPG,people,no_people,No people,,threshold_rule,1.0
886c5c85b910400bbb0077e3f9f17490,DSC_7164.JPG,structure,outbuilding,Outbuilding,0.267721,clip,1.0
886c5c85b910400bbb0077e3f9f17490,DSC_7164.JPG,condition,weathered_timber,Weathered timber,0.255988,clip,1.0
3c2734066c0343edbc45f7dc55bdf512,DSC_7165.JPG,site,base_a,"Base A, Port Lockroy",,directory_path,1.0
3c2734066c0343edbc45f7dc55bdf512,DSC_7165.JPG,scene_type,exterior,Exterior,0.238307,clip,1.0
3c2734066c0343edbc45f7dc55bdf512,DSC_7165.JPG,shot_type,wide,Wide view,0.221926,clip,1.0
3c2734066c0343edbc45f7dc55bdf512,DSC_7165.JPG,people,no_people,No people,,threshold_rule,1.0
3c2734066c0343edbc45f7dc55bdf512,DSC_7165.JPG,structure,main_hut,Main hut,0.246055,clip,1.0
3c2734066c0343edbc45f7dc55bdf512,DSC_7165.JPG,structure,outbuilding,Outbuilding,0.258169,clip,1.0
3c2734066c0343edbc45f7dc55bdf512,DSC_7165.JPG,condition,weathered_timber,Weathered timber,0.244394,clip,1.0
40aa66d26a6e4639b926d6481d0ba5ff,DSC_7166.JPG,site,base_a,"Base A, Port Lockroy",,directory_path,1.0
40aa66d26a6e4639b926d6481d0ba5ff,DSC_7166.JPG,scene_type,exterior,Exterior,0.244148,clip,1.0
40aa66d26a6e4639b926d6481d0ba5ff,DSC_7166.JPG,shot_type,medium,Medium view,0.226647,clip,1.0
40aa66d26a6e4639b926d6481d0ba5ff,DSC_7166.JPG,people,no_people,No people,,threshold_rule,1.0
b420f50376b8420090cdff76b4f04203,DSC_7167.JPG,site,base_a,"Base A, Port Lockroy",,directory_path,1.0
b420f50376b8420090cdff76b4f04203,DSC_7167.JPG,scene_type,exterior,Exterior,0.222978,clip,1.0
b420f50376b8420090cdff76b4f04203,DSC_7167.JPG,shot_type,detail,Detail,0.213817,clip,1.0
b420f50376b8420090cdff76b4f04203,DSC_7167.JPG,people,no_people,No people,,threshold_rule,1.0
b420f50376b8420090cdff76b4f04203,DSC_7167.JPG,nature,exposed_rock,Exposed rock,0.241735,clip,1.0
b420f50376b8420090cdff76b4f04203,DSC_7167.JPG,condition,weathered_timber,Weathered timber,0.248597,clip,1.0
ef0d0f807c16433698bde6578411c694,DSC_7168.JPG,site,base_a,"Base A, Port Lockroy",,directory_path,1.0
ef0d0f807c16433698bde6578411c694,DSC_7168.JPG,scene_type,exterior,Exterior,0.240837,clip,1.0
ef0d0f807c16433698bde6578411c694,DSC_7168.JPG,shot_type,wide,Wide view,0.229817,clip,1.0
ef0d0f807c16433698bde6578411c694,DSC_7168.JPG,people,no_people,No people,,threshold_rule,1.0
ef0d0f807c16433698bde6578411c694,DSC_7168.JPG,structure,outbuilding,Outbuilding,0.243648,clip,1.0
ef0d0f807c16433698bde6578411c694,DSC_7168.JPG,condition,weathered_timber,Weathered timber,0.242616,clip,1.0
9bc0955f947248edb97305040e094531,DSC_7169.JPG,site,base_a,"Base A, Port Lockroy",,directory_path,1.0
9bc0955f947248edb97305040e094531,DSC_7169.JPG,scene_type,exterior,Exterior,0.247072,clip,1.0
9bc0955f947248edb97305040e094531,DSC_7169.JPG,shot_type,wide,Wide view,0.219107,clip,1.0
9bc0955f947248edb97305040e094531,DSC_7169.JPG,people,no_people,No people,,threshold_rule,1.0
9bc0955f947248edb97305040e094531,DSC_7169.JPG,structure,main_hut,Main hut,0.241944,clip,1.0
9bc0955f947248edb97305040e094531,DSC_7169.JPG,structure,outbuilding,Outbuilding,0.268057,clip,1.0
9bc0955f947248edb97305040e094531,DSC_7169.JPG,condition,weathered_timber,Weathered timber,0.25062,clip,1.0
4812106eed914dabb80e165605440f30,DSC_7170.JPG,site,base_a,"Base A, Port Lockroy",,directory_path,1.0
4812106eed914dabb80e165605440f30,DSC_7170.JPG,scene_type,exterior,Exterior,0.242799,clip,1.0
4812106eed914dabb80e165605440f30,DSC_7170.JPG,shot_type,wide,Wide view,0.219821,clip,1.0
4812106eed914dabb80e165605440f30,DSC_7170.JPG,people,no_people,No people,,threshold_rule,1.0
4812106eed914dabb80e165605440f30,DSC_7170.JPG,structure,main_hut,Main hut,0.255405,clip,1.0
4812106eed914dabb80e165605440f30,DSC_7170.JPG,structure,outbuilding,Outbuilding,0.273395,clip,1.0
4812106eed914dabb80e165605440f30,DSC_7170.JPG,condition,weathered_timber,Weathered timber,0.261962,clip,1.0
f714c18eb7ad4d7996e0e4ec9eeff709,DSC_7171.JPG,site,base_a,"Base A, Port Lockroy",,directory_path,1.0
f714c18eb7ad4d7996e0e4ec9eeff709,DSC_7171.JPG,scene_type,exterior,Exterior,0.245741,clip,1.0
f714c18eb7ad4d7996e0e4ec9eeff709,DSC_7171.JPG,shot_type,wide,Wide view,0.228837,clip,1.0
f714c18eb7ad4d7996e0e4ec9eeff709,DSC_7171.JPG,people,no_people,No people,,threshold_rule,1.0
f714c18eb7ad4d7996e0e4ec9eeff709,DSC_7171.JPG,structure,outbuilding,Outbuilding,0.243137,clip,1.0
f714c18eb7ad4d7996e0e4ec9eeff709,DSC_7171.JPG,condition,weathered_timber,Weathered timber,0.267167,clip,1.0
a22cd34b206b4c22bcf1e481bf1d2284,DSC_7172.JPG,site,base_a,"Base A, Port Lockroy",,directory_path,1.0
a22cd34b206b4c22bcf1e481bf1d2284,DSC_7172.JPG,scene_type,exterior,Exterior,0.243727,clip,1.0
a22cd34b206b4c22bcf1e481bf1d2284,DSC_7172.JPG,shot_type,wide,Wide view,0.239381,clip,1.0
a22cd34b206b4c22bcf1e481bf1d2284,DSC_7172.JPG,people,no_people,No people,,threshold_rule,1.0
a22cd34b206b4c22bcf1e481bf1d2284,DSC_7172.JPG,structure,main_hut,Main hut,0.249924,clip,1.0
a22cd34b206b4c22bcf1e481bf1d2284,DSC_7172.JPG,structure,outbuilding,Outbuilding,0.262225,clip,1.0
a22cd34b206b4c22bcf1e481bf1d2284,DSC_7172.JPG,condition,weathered_timber,Weathered timber,0.267277,clip,1.0
a22cd34b206b4c22bcf1e481bf1d2284,DSC_7172.JPG,condition,structural_damage,Structural damage,0.240835,clip,1.0
51e6507155304de387c549d532495897,DSC_7173.JPG,site,base_a,"Base A, Port Lockroy",,directory_path,1.0
51e6507155304de387c549d532495897,DSC_7173.JPG,scene_type,exterior,Exterior,0.246367,clip,1.0
51e6507155304de387c549d532495897,DSC_7173.JPG,shot_type,wide,Wide view,0.238665,clip,1.0
51e6507155304de387c549d532495897,DSC_7173.JPG,people,no_people,No people,,threshold_rule,1.0
51e6507155304de387c549d532495897,DSC_7173.JPG,structure,main_hut,Main hut,0.25214,clip,1.0
51e6507155304de387c549d532495897,DSC_7173.JPG,structure,outbuilding,Outbuilding,0.260758,clip,1.0
51e6507155304de387c549d532495897,DSC_7173.JPG,condition,weathered_timber,Weathered timber,0.261582,clip,1.0
e615e53dcc8449c1abc183b57c6055c5,DSC_7174.JPG,site,base_a,"Base A, Port Lockroy",,directory_path,1.0
e615e53dcc8449c1abc183b57c6055c5,DSC_7174.JPG,scene_type,exterior,Exterior,0.248501,clip,1.0
e615e53dcc8449c1abc183b57c6055c5,DSC_7174.JPG,shot_type,wide,Wide view,0.234513,clip,1.0
e615e53dcc8449c1abc183b57c6055c5,DSC_7174.JPG,people,no_people,No people,,threshold_rule,1.0
e615e53dcc8449c1abc183b57c6055c5,DSC_7174.JPG,structure,outbuilding,Outbuilding,0.25622,clip,1.0
e615e53dcc8449c1abc183b57c6055c5,DSC_7174.JPG,condition,weathered_timber,Weathered timber,0.252038,clip,1.0
68d72636efa84dfc957ebf3461d81f61,DSC_7175.JPG,site,base_a,"Base A, Port Lockroy",,directory_path,1.0
68d72636efa84dfc957ebf3461d81f61,DSC_7175.JPG,scene_type,exterior,Exterior,0.249245,clip,1.0
68d72636efa84dfc957ebf3461d81f61,DSC_7175.JPG,shot_type,wide,Wide view,0.235562,clip,1.0
68d72636efa84dfc957ebf3461d81f61,DSC_7175.JPG,people,no_people,No people,,threshold_rule,1.0
68d72636efa84dfc957ebf3461d81f61,DSC_7175.JPG,structure,main_hut,Main hut,0.257241,clip,1.0
68d72636efa84dfc957ebf3461d81f61,DSC_7175.JPG,structure,outbuilding,Outbuilding,0.253381,clip,1.0
68d72636efa84dfc957ebf3461d81f61,DSC_7175.JPG,condition,weathered_timber,Weathered timber,0.263903,clip,1.0
68d72636efa84dfc957ebf3461d81f61,DSC_7175.JPG,condition,structural_damage,Structural damage,0.24653,clip,1.0
c966458164714205b1bcc1fc97f050a4,DSC_7176.JPG,site,base_a,"Base A, Port Lockroy",,directory_path,1.0
c966458164714205b1bcc1fc97f050a4,DSC_7176.JPG,scene_type,exterior,Exterior,0.240309,clip,1.0
c966458164714205b1bcc1fc97f050a4,DSC_7176.JPG,shot_type,wide,Wide view,0.234764,clip,1.0
c966458164714205b1bcc1fc97f050a4,DSC_7176.JPG,people,no_people,No people,,threshold_rule,1.0
c966458164714205b1bcc1fc97f050a4,DSC_7176.JPG,structure,main_hut,Main hut,0.248571,clip,1.0
c966458164714205b1bcc1fc97f050a4,DSC_7176.JPG,structure,outbuilding,Outbuilding,0.264169,clip,1.0
c966458164714205b1bcc1fc97f050a4,DSC_7176.JPG,condition,weathered_timber,Weathered timber,0.256935,clip,1.0
567b044d786448519f01e803729e5045,DSC_7177.JPG,site,base_a,"Base A, Port Lockroy",,directory_path,1.0
567b044d786448519f01e803729e5045,DSC_7177.JPG,scene_type,exterior,Exterior,0.246967,clip,1.0
567b044d786448519f01e803729e5045,DSC_7177.JPG,shot_type,wide,Wide view,0.240356,clip,1.0
567b044d786448519f01e803729e5045,DSC_7177.JPG,people,no_people,No people,,threshold_rule,1.0
567b044d786448519f01e803729e5045,DSC_7177.JPG,structure,main_hut,Main hut,0.252858,clip,1.0
567b044d786448519f01e803729e5045,DSC_7177.JPG,structure,outbuilding,Outbuilding,0.258784,clip,1.0
567b044d786448519f01e803729e5045,DSC_7177.JPG,nature,exposed_rock,Exposed rock,0.242715,clip,1.0
567b044d786448519f01e803729e5045,DSC_7177.JPG,condition,weathered_timber,Weathered timber,0.253415,clip,1.0
64ca399709d8452e8cac0f475c207eb0,DSC_7178.JPG,site,base_a,"Base A, Port Lockroy",,directory_path,1.0
64ca399709d8452e8cac0f475c207eb0,DSC_7178.JPG,scene_type,exterior,Exterior,0.243701,clip,1.0
64ca399709d8452e8cac0f475c207eb0,DSC_7178.JPG,shot_type,wide,Wide view,0.231904,clip,1.0
64ca399709d8452e8cac0f475c207eb0,DSC_7178.JPG,people,no_people,No people,,threshold_rule,1.0
64ca399709d8452e8cac0f475c207eb0,DSC_7178.JPG,nature,exposed_rock,Exposed rock,0.253076,clip,1.0
64ca399709d8452e8cac0f475c207eb0,DSC_7178.JPG,condition,weathered_timber,Weathered timber,0.242788,clip,1.0
a66f53ea872e42fbbf6e636af840cc4b,DSC_7179.JPG,site,base_a,"Base A, Port Lockroy",,directory_path,1.0
a66f53ea872e42fbbf6e636af840cc4b,DSC_7179.JPG,scene_type,exterior,Exterior,0.234411,clip,1.0
a66f53ea872e42fbbf6e636af840cc4b,DSC_7179.JPG,shot_type,wide,Wide view,0.232927,clip,1.0
a66f53ea872e42fbbf6e636af840cc4b,DSC_7179.JPG,people,no_people,No people,,threshold_rule,1.0
a66f53ea872e42fbbf6e636af840cc4b,DSC_7179.JPG,nature,exposed_rock,Exposed rock,0.248359,clip,1.0
a66f53ea872e42fbbf6e636af840cc4b,DSC_7179.JPG,condition,weathered_timber,Weathered timber,0.258522,clip,1.0
a66f53ea872e42fbbf6e636af840cc4b,DSC_7179.JPG,condition,structural_damage,Structural damage,0.241251,clip,1.0
3af778e8184f49a3b71fbe6770ef0370,DSC_7180.JPG,site,base_a,"Base A, Port Lockroy",,directory_path,1.0
3af778e8184f49a3b71fbe6770ef0370,DSC_7180.JPG,scene_type,exterior,Exterior,0.239569,clip,1.0
3af778e8184f49a3b71fbe6770ef0370,DSC_7180.JPG,shot_type,wide,Wide view,0.233189,clip,1.0
3af778e8184f49a3b71fbe6770ef0370,DSC_7180.JPG,people,no_people,No people,,threshold_rule,1.0
3af778e8184f49a3b71fbe6770ef0370,DSC_7180.JPG,nature,glacier,Glacier or ice cliff,0.240961,clip,1.0
3af778e8184f49a3b71fbe6770ef0370,DSC_7180.JPG,nature,exposed_rock,Exposed rock,0.246418,clip,1.0
3af778e8184f49a3b71fbe6770ef0370,DSC_7180.JPG,condition,weathered_timber,Weathered timber,0.257367,clip,1.0
a2265c4b08f34a75b2abd32581101634,DSC_7181.JPG,site,base_a,"Base A, Port Lockroy",,directory_path,1.0
a2265c4b08f34a75b2abd32581101634,DSC_7181.JPG,scene_type,exterior,Exterior,0.234063,clip,1.0
a2265c4b08f34a75b2abd32581101634,DSC_7181.JPG,shot_type,wide,Wide view,0.228982,clip,1.0
a2265c4b08f34a75b2abd32581101634,DSC_7181.JPG,people,no_people,No people,,threshold_rule,1.0
a2265c4b08f34a75b2abd32581101634,DSC_7181.JPG,nature,glacier,Glacier or ice cliff,0.262775,clip,1.0
a2265c4b08f34a75b2abd32581101634,DSC_7181.JPG,nature,exposed_rock,Exposed rock,0.247713,clip,1.0
a2265c4b08f34a75b2abd32581101634,DSC_7181.JPG,condition,weathered_timber,Weathered timber,0.268039,clip,1.0
a2265c4b08f34a75b2abd32581101634,DSC_7181.JPG,condition,structural_damage,Structural damage,0.24821,clip,1.0
48a3c1ad93bd4487b3e402d6c5c3a725,DSC_7182.JPG,site,base_a,"Base A, Port Lockroy",,directory_path,1.0
48a3c1ad93bd4487b3e402d6c5c3a725,DSC_7182.JPG,scene_type,exterior,Exterior,0.23596,clip,1.0
48a3c1ad93bd4487b3e402d6c5c3a725,DSC_7182.JPG,shot_type,wide,Wide view,0.234031,clip,1.0
48a3c1ad93bd4487b3e402d6c5c3a725,DSC_7182.JPG,people,no_people,No people,,threshold_rule,1.0
48a3c1ad93bd4487b3e402d6c5c3a725,DSC_7182.JPG,condition,weathered_timber,Weathered timber,0.266053,clip,1.0
48a3c1ad93bd4487b3e402d6c5c3a725,DSC_7182.JPG,condition,paint_loss,Paint loss,0.242527,clip,1.0
48a3c1ad93bd4487b3e402d6c5c3a725,DSC_7182.JPG,condition,structural_damage,Structural damage,0.247133,clip,1.0
48a3c1ad93bd4487b3e402d6c5c3a725,DSC_7182.JPG,condition,object_wear,Object wear,0.24298,clip,1.0
f7f4d3ef1b8f42ebb4567ccfe35c053a,DSC_7183.JPG,site,base_a,"Base A, Port Lockroy",,directory_path,1.0
f7f4d3ef1b8f42ebb4567ccfe35c053a,DSC_7183.JPG,scene_type,exterior,Exterior,0.237494,clip,1.0
f7f4d3ef1b8f42ebb4567ccfe35c053a,DSC_7183.JPG,shot_type,wide,Wide view,0.2375,clip,1.0
f7f4d3ef1b8f42ebb4567ccfe35c053a,DSC_7183.JPG,people,no_people,No people,,threshold_rule,1.0
f7f4d3ef1b8f42ebb4567ccfe35c053a,DSC_7183.JPG,condition,weathered_timber,Weathered timber,0.26645,clip,1.0
f7f4d3ef1b8f42ebb4567ccfe35c053a,DSC_7183.JPG,condition,paint_loss,Paint loss,0.240445,clip,1.0
f7f4d3ef1b8f42ebb4567ccfe35c053a,DSC_7183.JPG,condition,structural_damage,Structural damage,0.275788,clip,1.0
f7f4d3ef1b8f42ebb4567ccfe35c053a,DSC_7183.JPG,condition,object_wear,Object wear,0.243499,clip,1.0
e78d6cc869134519b556c3e56b574226,DSC_7184.JPG,site,base_a,"Base A, Port Lockroy",,directory_path,1.0
e78d6cc869134519b556c3e56b574226,DSC_7184.JPG,scene_type,exterior,Exterior,0.235828,clip,1.0
e78d6cc869134519b556c3e56b574226,DSC_7184.JPG,shot_type,wide,Wide view,0.231054,clip,1.0
e78d6cc869134519b556c3e56b574226,DSC_7184.JPG,people,no_people,No people,,threshold_rule,1.0
e78d6cc869134519b556c3e56b574226,DSC_7184.JPG,nature,penguin,Penguin,0.255387,clip,1.0
e78d6cc869134519b556c3e56b574226,DSC_7184.JPG,nature,glacier,Glacier or ice cliff,0.254573,clip,1.0
e78d6cc869134519b556c3e56b574226,DSC_7184.JPG,condition,weathered_timber,Weathered timber,0.259267,clip,1.0
e78d6cc869134519b556c3e56b574226,DSC_7184.JPG,condition,structural_damage,Structural damage,0.249198,clip,1.0
e753f4c615c743319c0029375d91d154,DSC_7185.JPG,site,base_a,"Base A, Port Lockroy",,directory_path,1.0
e753f4c615c743319c0029375d91d154,DSC_7185.JPG,scene_type,exterior,Exterior,0.242251,clip,1.0
e753f4c615c743319c0029375d91d154,DSC_7185.JPG,shot_type,wide,Wide view,0.230959,clip,1.0
e753f4c615c743319c0029375d91d154,DSC_7185.JPG,people,no_people,No people,,threshold_rule,1.0
e753f4c615c743319c0029375d91d154,DSC_7185.JPG,condition,weathered_timber,Weathered timber,0.266824,clip,1.0
e753f4c615c743319c0029375d91d154,DSC_7185.JPG,condition,structural_damage,Structural damage,0.245731,clip,1.0
67e02fcfd9ac4c8da699901e741597f2,DSC_7186.JPG,site,base_a,"Base A, Port Lockroy",,directory_path,1.0
67e02fcfd9ac4c8da699901e741597f2,DSC_7186.JPG,scene_type,exterior,Exterior,0.239876,clip,1.0
67e02fcfd9ac4c8da699901e741597f2,DSC_7186.JPG,shot_type,wide,Wide view,0.216765,clip,1.0
67e02fcfd9ac4c8da699901e741597f2,DSC_7186.JPG,people,no_people,No people,,threshold_rule,1.0
67e02fcfd9ac4c8da699901e741597f2,DSC_7186.JPG,nature,penguin,Penguin,0.265184,clip,1.0
67e02fcfd9ac4c8da699901e741597f2,DSC_7186.JPG,nature,glacier,Glacier or ice cliff,0.24828,clip,1.0
67e02fcfd9ac4c8da699901e741597f2,DSC_7186.JPG,nature,exposed_rock,Exposed rock,0.247083,clip,1.0
67e02fcfd9ac4c8da699901e741597f2,DSC_7186.JPG,condition,weathered_timber,Weathered timber,0.252602,clip,1.0
67e02fcfd9ac4c8da699901e741597f2,DSC_7186.JPG,condition,structural_damage,Structural damage,0.247431,clip,1.0
01f0cd61adb64b4b83b903fe688445aa,DSC_7187.JPG,site,base_a,"Base A, Port Lockroy",,directory_path,1.0
01f0cd61adb64b4b83b903fe688445aa,DSC_7187.JPG,scene_type,exterior,Exterior,0.251532,clip,1.0
01f0cd61adb64b4b83b903fe688445aa,DSC_7187.JPG,shot_type,wide,Wide view,0.24319,clip,1.0
01f0cd61adb64b4b83b903fe688445aa,DSC_7187.JPG,people,no_people,No people,,threshold_rule,1.0
01f0cd61adb64b4b83b903fe688445aa,DSC_7187.JPG,structure,main_hut,Main hut,0.240952,clip,1.0
01f0cd61adb64b4b83b903fe688445aa,DSC_7187.JPG,structure,outbuilding,Outbuilding,0.249016,clip,1.0
01f0cd61adb64b4b83b903fe688445aa,DSC_7187.JPG,nature,penguin,Penguin,0.258834,clip,1.0
01f0cd61adb64b4b83b903fe688445aa,DSC_7187.JPG,nature,glacier,Glacier or ice cliff,0.243548,clip,1.0
01f0cd61adb64b4b83b903fe688445aa,DSC_7187.JPG,nature,exposed_rock,Exposed rock,0.242942,clip,1.0
01f0cd61adb64b4b83b903fe688445aa,DSC_7187.JPG,condition,weathered_timber,Weathered timber,0.263206,clip,1.0
01f0cd61adb64b4b83b903fe688445aa,DSC_7187.JPG,condition,structural_damage,Structural damage,0.25008,clip,1.0
4c0ac09a836b4f329ff955dda65578ff,DSC_7188.JPG,site,base_a,"Base A, Port Lockroy",,directory_path,1.0
4c0ac09a836b4f329ff955dda65578ff,DSC_7188.JPG,scene_type,exterior,Exterior,0.242263,clip,1.0
4c0ac09a836b4f329ff955dda65578ff,DSC_7188.JPG,shot_type,wide,Wide view,0.234071,clip,1.0
4c0ac09a836b4f329ff955dda65578ff,DSC_7188.JPG,people,no_people,No people,,threshold_rule,1.0
4c0ac09a836b4f329ff955dda65578ff,DSC_7188.JPG,structure,main_hut,Main hut,0.242394,clip,1.0
4c0ac09a836b4f329ff955dda65578ff,DSC_7188.JPG,nature,glacier,Glacier or ice cliff,0.246222,clip,1.0
4c0ac09a836b4f329ff955dda65578ff,DSC_7188.JPG,nature,exposed_rock,Exposed rock,0.246982,clip,1.0
4c0ac09a836b4f329ff955dda65578ff,DSC_7188.JPG,nature,overcast,Overcast or storm,0.240567,clip,1.0
4c0ac09a836b4f329ff955dda65578ff,DSC_7188.JPG,condition,weathered_timber,Weathered timber,0.271038,clip,1.0
4c0ac09a836b4f329ff955dda65578ff,DSC_7188.JPG,condition,structural_damage,Structural damage,0.251529,clip,1.0
4c0ac09a836b4f329ff955dda65578ff,DSC_7188.JPG,condition,object_wear,Object wear,0.241677,clip,1.0
3dee2a7a93214427a4c78edb7a283ddf,DSC_7189.JPG,site,base_a,"Base A, Port Lockroy",,directory_path,1.0
3dee2a7a93214427a4c78edb7a283ddf,DSC_7189.JPG,scene_type,exterior,Exterior,0.236003,clip,1.0
3dee2a7a93214427a4c78edb7a283ddf,DSC_7189.JPG,shot_type,wide,Wide view,0.231173,clip,1.0
3dee2a7a93214427a4c78edb7a283ddf,DSC_7189.JPG,people,no_people,No people,,threshold_rule,1.0
3dee2a7a93214427a4c78edb7a283ddf,DSC_7189.JPG,structure,main_hut,Main hut,0.2649,clip,1.0
3dee2a7a93214427a4c78edb7a283ddf,DSC_7189.JPG,structure,outbuilding,Outbuilding,0.255396,clip,1.0
3dee2a7a93214427a4c78edb7a283ddf,DSC_7189.JPG,nature,penguin,Penguin,0.249456,clip,1.0
3dee2a7a93214427a4c78edb7a283ddf,DSC_7189.JPG,nature,glacier,Glacier or ice cliff,0.241829,clip,1.0
3dee2a7a93214427a4c78edb7a283ddf,DSC_7189.JPG,nature,exposed_rock,Exposed rock,0.246647,clip,1.0
3dee2a7a93214427a4c78edb7a283ddf,DSC_7189.JPG,condition,weathered_timber,Weathered timber,0.2738,clip,1.0
3dee2a7a93214427a4c78edb7a283ddf,DSC_7189.JPG,condition,object_wear,Object wear,0.241385,clip,1.0
56d47c64acb1496eaac2ad7592d25759,DSC_7190.JPG,site,base_a,"Base A, Port Lockroy",,directory_path,1.0
56d47c64acb1496eaac2ad7592d25759,DSC_7190.JPG,scene_type,exterior,Exterior,0.234983,clip,1.0
56d47c64acb1496eaac2ad7592d25759,DSC_7190.JPG,shot_type,wide,Wide view,0.230591,clip,1.0
56d47c64acb1496eaac2ad7592d25759,DSC_7190.JPG,people,no_people,No people,,threshold_rule,1.0
56d47c64acb1496eaac2ad7592d25759,DSC_7190.JPG,structure,outbuilding,Outbuilding,0.244146,clip,1.0
56d47c64acb1496eaac2ad7592d25759,DSC_7190.JPG,condition,weathered_timber,Weathered timber,0.262166,clip,1.0
56d47c64acb1496eaac2ad7592d25759,DSC_7190.JPG,condition,structural_damage,Structural damage,0.263748,clip,1.0
56d47c64acb1496eaac2ad7592d25759,DSC_7190.JPG,condition,object_wear,Object wear,0.246019,clip,1.0
75ed80448ef94728990ea3522033d616,DSC_7191.JPG,site,base_a,"Base A, Port Lockroy",,directory_path,1.0
75ed80448ef94728990ea3522033d616,DSC_7191.JPG,scene_type,exterior,Exterior,0.229055,clip,1.0
75ed80448ef94728990ea3522033d616,DSC_7191.JPG,shot_type,wide,Wide view,0.226766,clip,1.0
75ed80448ef94728990ea3522033d616,DSC_7191.JPG,people,no_people,No people,,threshold_rule,1.0
75ed80448ef94728990ea3522033d616,DSC_7191.JPG,structure,outbuilding,Outbuilding,0.250424,clip,1.0
75ed80448ef94728990ea3522033d616,DSC_7191.JPG,condition,weathered_timber,Weathered timber,0.252516,clip,1.0
75ed80448ef94728990ea3522033d616,DSC_7191.JPG,condition,structural_damage,Structural damage,0.258242,clip,1.0
85d9292a3ffe42bfb938ea42c5711dab,DSC_7192.JPG,site,base_a,"Base A, Port Lockroy",,directory_path,1.0
85d9292a3ffe42bfb938ea42c5711dab,DSC_7192.JPG,scene_type,exterior,Exterior,0.232495,clip,1.0
85d9292a3ffe42bfb938ea42c5711dab,DSC_7192.JPG,shot_type,wide,Wide view,0.228837,clip,1.0
85d9292a3ffe42bfb938ea42c5711dab,DSC_7192.JPG,people,no_people,No people,,threshold_rule,1.0
85d9292a3ffe42bfb938ea42c5711dab,DSC_7192.JPG,condition,weathered_timber,Weathered timber,0.261567,clip,1.0
85d9292a3ffe42bfb938ea42c5711dab,DSC_7192.JPG,condition,structural_damage,Structural damage,0.243362,clip,1.0
02918a26adee4dc88229177a4a2d897e,DSC_7193.JPG,site,base_a,"Base A, Port Lockroy",,directory_path,1.0
02918a26adee4dc88229177a4a2d897e,DSC_7193.JPG,scene_type,exterior,Exterior,0.213775,clip,1.0
02918a26adee4dc88229177a4a2d897e,DSC_7193.JPG,shot_type,detail,Detail,0.222568,clip,1.0
02918a26adee4dc88229177a4a2d897e,DSC_7193.JPG,people,no_people,No people,,threshold_rule,1.0
02918a26adee4dc88229177a4a2d897e,DSC_7193.JPG,condition,weathered_timber,Weathered timber,0.258506,clip,1.0
442d2ce785f74227a656a9ad75d10684,DSC_7194.JPG,site,base_a,"Base A, Port Lockroy",,directory_path,1.0
442d2ce785f74227a656a9ad75d10684,DSC_7194.JPG,scene_type,exterior,Exterior,0.236106,clip,1.0
442d2ce785f74227a656a9ad75d10684,DSC_7194.JPG,shot_type,wide,Wide view,0.227734,clip,1.0
442d2ce785f74227a656a9ad75d10684,DSC_7194.JPG,people,no_people,No people,,threshold_rule,1.0
442d2ce785f74227a656a9ad75d10684,DSC_7194.JPG,structure,main_hut,Main hut,0.243105,clip,1.0
442d2ce785f74227a656a9ad75d10684,DSC_7194.JPG,structure,outbuilding,Outbuilding,0.244865,clip,1.0
442d2ce785f74227a656a9ad75d10684,DSC_7194.JPG,condition,weathered_timber,Weathered timber,0.268305,clip,1.0
442d2ce785f74227a656a9ad75d10684,DSC_7194.JPG,condition,structural_damage,Structural damage,0.256647,clip,1.0
442d2ce785f74227a656a9ad75d10684,DSC_7194.JPG,condition,object_wear,Object wear,0.244897,clip,1.0
b29b2bb5a23c4a0ca37418f448d1e379,DSC_7195.JPG,site,base_a,"Base A, Port Lockroy",,directory_path,1.0
b29b2bb5a23c4a0ca37418f448d1e379,DSC_7195.JPG,scene_type,exterior,Exterior,0.242917,clip,1.0
b29b2bb5a23c4a0ca37418f448d1e379,DSC_7195.JPG,shot_type,detail,Detail,0.228152,clip,1.0
b29b2bb5a23c4a0ca37418f448d1e379,DSC_7195.JPG,people,no_people,No people,,threshold_rule,1.0
b29b2bb5a23c4a0ca37418f448d1e379,DSC_7195.JPG,structure,main_hut,Main hut,0.243788,clip,1.0
b29b2bb5a23c4a0ca37418f448d1e379,DSC_7195.JPG,condition,weathered_timber,Weathered timber,0.267091,clip,1.0
b29b2bb5a23c4a0ca37418f448d1e379,DSC_7195.JPG,condition,structural_damage,Structural damage,0.255022,clip,1.0
b29b2bb5a23c4a0ca37418f448d1e379,DSC_7195.JPG,condition,object_wear,Object wear,0.244173,clip,1.0
e39135220df9479f83d298e3416cdb49,DSC_7196.JPG,site,base_a,"Base A, Port Lockroy",,directory_path,1.0
e39135220df9479f83d298e3416cdb49,DSC_7196.JPG,scene_type,exterior,Exterior,0.205731,clip,1.0
e39135220df9479f83d298e3416cdb49,DSC_7196.JPG,shot_type,medium,Medium view,0.228243,clip,1.0
e39135220df9479f83d298e3416cdb49,DSC_7196.JPG,people,no_people,No people,,threshold_rule,1.0
e39135220df9479f83d298e3416cdb49,DSC_7196.JPG,condition,weathered_timber,Weathered timber,0.244644,clip,1.0
3de3da5bec6d4282b38b5e1e4c45b12f,DSC_7197.JPG,site,base_a,"Base A, Port Lockroy",,directory_path,1.0
3de3da5bec6d4282b38b5e1e4c45b12f,DSC_7197.JPG,scene_type,exterior,Exterior,0.241216,clip,1.0
3de3da5bec6d4282b38b5e1e4c45b12f,DSC_7197.JPG,shot_type,wide,Wide view,0.230025,clip,1.0
3de3da5bec6d4282b38b5e1e4c45b12f,DSC_7197.JPG,people,no_people,No people,,threshold_rule,1.0
3de3da5bec6d4282b38b5e1e4c45b12f,DSC_7197.JPG,structure,main_hut,Main hut,0.249598,clip,1.0
3de3da5bec6d4282b38b5e1e4c45b12f,DSC_7197.JPG,condition,weathered_timber,Weathered timber,0.25465,clip,1.0
3de3da5bec6d4282b38b5e1e4c45b12f,DSC_7197.JPG,condition,structural_damage,Structural damage,0.251691,clip,1.0
93f5efd56dc6436d893b5136145a44a3,DSC_7198.JPG,site,base_a,"Base A, Port Lockroy",,directory_path,1.0
93f5efd56dc6436d893b5136145a44a3,DSC_7198.JPG,scene_type,exterior,Exterior,0.237325,clip,1.0
93f5efd56dc6436d893b5136145a44a3,DSC_7198.JPG,shot_type,wide,Wide view,0.228803,clip,1.0
93f5efd56dc6436d893b5136145a44a3,DSC_7198.JPG,people,no_people,No people,,threshold_rule,1.0
93f5efd56dc6436d893b5136145a44a3,DSC_7198.JPG,condition,weathered_timber,Weathered timber,0.255762,clip,1.0
93f5efd56dc6436d893b5136145a44a3,DSC_7198.JPG,condition,structural_damage,Structural damage,0.249239,clip,1.0
39bb893395a1476f8c5c311c02347bee,DSC_7199.JPG,site,base_a,"Base A, Port Lockroy",,directory_path,1.0
39bb893395a1476f8c5c311c02347bee,DSC_7199.JPG,scene_type,exterior,Exterior,0.237067,clip,1.0
39bb893395a1476f8c5c311c02347bee,DSC_7199.JPG,shot_type,wide,Wide view,0.231015,clip,1.0
39bb893395a1476f8c5c311c02347bee,DSC_7199.JPG,people,no_people,No people,,threshold_rule,1.0
39bb893395a1476f8c5c311c02347bee,DSC_7199.JPG,nature,overcast,Overcast or storm,0.241998,clip,1.0
39bb893395a1476f8c5c311c02347bee,DSC_7199.JPG,condition,weathered_timber,Weathered timber,0.252768,clip,1.0
39bb893395a1476f8c5c311c02347bee,DSC_7199.JPG,condition,structural_damage,Structural damage,0.248511,clip,1.0
0be5995bc05544c5806f1321e221b50f,DSC_7200.JPG,site,base_a,"Base A, Port Lockroy",,directory_path,1.0
0be5995bc05544c5806f1321e221b50f,DSC_7200.JPG,scene_type,exterior,Exterior,0.231078,clip,1.0
0be5995bc05544c5806f1321e221b50f,DSC_7200.JPG,shot_type,wide,Wide view,0.223186,clip,1.0
0be5995bc05544c5806f1321e221b50f,DSC_7200.JPG,people,no_people,No people,,threshold_rule,1.0
0be5995bc05544c5806f1321e221b50f,DSC_7200.JPG,condition,structural_damage,Structural damage,0.25004,clip,1.0
4bfa51f937d747648a1fd781e2fc6260,DSC_7201.JPG,site,base_a,"Base A, Port Lockroy",,directory_path,1.0
4bfa51f937d747648a1fd781e2fc6260,DSC_7201.JPG,scene_type,exterior,Exterior,0.229291,clip,1.0
4bfa51f937d747648a1fd781e2fc6260,DSC_7201.JPG,shot_type,medium,Medium view,0.225701,clip,1.0
4bfa51f937d747648a1fd781e2fc6260,DSC_7201.JPG,people,no_people,No people,,threshold_rule,1.0
4bfa51f937d747648a1fd781e2fc6260,DSC_7201.JPG,structure,main_hut,Main hut,0.250135,clip,1.0
4bfa51f937d747648a1fd781e2fc6260,DSC_7201.JPG,condition,weathered_timber,Weathered timber,0.257425,clip,1.0
4bfa51f937d747648a1fd781e2fc6260,DSC_7201.JPG,condition,structural_damage,Structural damage,0.246008,clip,1.0
276f658970de4874af7a42b8beb3b57e,DSC_7202.JPG,site,base_a,"Base A, Port Lockroy",,directory_path,1.0
276f658970de4874af7a42b8beb3b57e,DSC_7202.JPG,scene_type,exterior,Exterior,0.233401,clip,1.0
276f658970de4874af7a42b8beb3b57e,DSC_7202.JPG,shot_type,wide,Wide view,0.230988,clip,1.0
276f658970de4874af7a42b8beb3b57e,DSC_7202.JPG,people,no_people,No people,,threshold_rule,1.0
276f658970de4874af7a42b8beb3b57e,DSC_7202.JPG,condition,weathered_timber,Weathered timber,0.248477,clip,1.0
276f658970de4874af7a42b8beb3b57e,DSC_7202.JPG,condition,structural_damage,Structural damage,0.244424,clip,1.0
09eeabe2127048f38eb398ecc326ad01,DSC_7203.JPG,site,base_a,"Base A, Port Lockroy",,directory_path,1.0
09eeabe2127048f38eb398ecc326ad01,DSC_7203.JPG,scene_type,exterior,Exterior,0.232932,clip,1.0
09eeabe2127048f38eb398ecc326ad01,DSC_7203.JPG,shot_type,wide,Wide view,0.230323,clip,1.0
09eeabe2127048f38eb398ecc326ad01,DSC_7203.JPG,people,no_people,No people,,threshold_rule,1.0
09eeabe2127048f38eb398ecc326ad01,DSC_7203.JPG,structure,main_hut,Main hut,0.256675,clip,1.0
09eeabe2127048f38eb398ecc326ad01,DSC_7203.JPG,structure,outbuilding,Outbuilding,0.265041,clip,1.0
09eeabe2127048f38eb398ecc326ad01,DSC_7203.JPG,nature,penguin,Penguin,0.278737,clip,1.0
09eeabe2127048f38eb398ecc326ad01,DSC_7203.JPG,nature,glacier,Glacier or ice cliff,0.242695,clip,1.0
09eeabe2127048f38eb398ecc326ad01,DSC_7203.JPG,condition,weathered_timber,Weathered timber,0.243798,clip,1.0
025bfbb232974c4590c2be1c1dc39470,DSC_7204.JPG,site,base_a,"Base A, Port Lockroy",,directory_path,1.0
025bfbb232974c4590c2be1c1dc39470,DSC_7204.JPG,scene_type,exterior,Exterior,0.218949,clip,1.0
025bfbb232974c4590c2be1c1dc39470,DSC_7204.JPG,shot_type,medium,Medium view,0.222094,clip,1.0
025bfbb232974c4590c2be1c1dc39470,DSC_7204.JPG,people,no_people,No people,,threshold_rule,1.0
025bfbb232974c4590c2be1c1dc39470,DSC_7204.JPG,condition,weathered_timber,Weathered timber,0.25951,clip,1.0
025bfbb232974c4590c2be1c1dc39470,DSC_7204.JPG,condition,structural_damage,Structural damage,0.25585,clip,1.0
9af4a012151847b1838d360c1304a845,DSC_7205.JPG,site,base_a,"Base A, Port Lockroy",,directory_path,1.0
9af4a012151847b1838d360c1304a845,DSC_7205.JPG,scene_type,exterior,Exterior,0.231457,clip,1.0
9af4a012151847b1838d360c1304a845,DSC_7205.JPG,shot_type,wide,Wide view,0.230291,clip,1.0
9af4a012151847b1838d360c1304a845,DSC_7205.JPG,people,no_people,No people,,threshold_rule,1.0
9af4a012151847b1838d360c1304a845,DSC_7205.JPG,structure,main_hut,Main hut,0.269127,clip,1.0
9af4a012151847b1838d360c1304a845,DSC_7205.JPG,structure,outbuilding,Outbuilding,0.269439,clip,1.0
9af4a012151847b1838d360c1304a845,DSC_7205.JPG,condition,weathered_timber,Weathered timber,0.251752,clip,1.0
7c2ca7e99bdd4e51b075aed869f37ff3,DSC_7206.JPG,site,base_a,"Base A, Port Lockroy",,directory_path,1.0
7c2ca7e99bdd4e51b075aed869f37ff3,DSC_7206.JPG,scene_type,exterior,Exterior,0.217816,clip,1.0
7c2ca7e99bdd4e51b075aed869f37ff3,DSC_7206.JPG,shot_type,wide,Wide view,0.212123,clip,1.0
7c2ca7e99bdd4e51b075aed869f37ff3,DSC_7206.JPG,people,no_people,No people,,threshold_rule,1.0
7c2ca7e99bdd4e51b075aed869f37ff3,DSC_7206.JPG,nature,glacier,Glacier or ice cliff,0.242466,clip,1.0
7c2ca7e99bdd4e51b075aed869f37ff3,DSC_7206.JPG,condition,weathered_timber,Weathered timber,0.257153,clip,1.0
7c2ca7e99bdd4e51b075aed869f37ff3,DSC_7206.JPG,condition,structural_damage,Structural damage,0.250202,clip,1.0
0484d3de7a90489689be421950784e02,DSC_7207.JPG,site,base_a,"Base A, Port Lockroy",,directory_path,1.0
0484d3de7a90489689be421950784e02,DSC_7207.JPG,scene_type,exterior,Exterior,0.229862,clip,1.0
0484d3de7a90489689be421950784e02,DSC_7207.JPG,shot_type,wide,Wide view,0.219443,clip,1.0
0484d3de7a90489689be421950784e02,DSC_7207.JPG,people,no_people,No people,,threshold_rule,1.0
0484d3de7a90489689be421950784e02,DSC_7207.JPG,structure,main_hut,Main hut,0.250129,clip,1.0
0484d3de7a90489689be421950784e02,DSC_7207.JPG,structure,outbuilding,Outbuilding,0.240731,clip,1.0
0484d3de7a90489689be421950784e02,DSC_7207.JPG,condition,weathered_timber,Weathered timber,0.264939,clip,1.0
0484d3de7a90489689be421950784e02,DSC_7207.JPG,condition,structural_damage,Structural damage,0.261568,clip,1.0
76d206622a26410ead2dfa83bf1fc5d4,DSC_7208.JPG,site,base_a,"Base A, Port Lockroy",,directory_path,1.0
76d206622a26410ead2dfa83bf1fc5d4,DSC_7208.JPG,scene_type,exterior,Exterior,0.225703,clip,1.0
76d206622a26410ead2dfa83bf1fc5d4,DSC_7208.JPG,shot_type,wide,Wide view,0.226418,clip,1.0
76d206622a26410ead2dfa83bf1fc5d4,DSC_7208.JPG,people,no_people,No people,,threshold_rule,1.0
76d206622a26410ead2dfa83bf1fc5d4,DSC_7208.JPG,nature,glacier,Glacier or ice cliff,0.247562,clip,1.0
76d206622a26410ead2dfa83bf1fc5d4,DSC_7208.JPG,condition,weathered_timber,Weathered timber,0.243005,clip,1.0
76d206622a26410ead2dfa83bf1fc5d4,DSC_7208.JPG,condition,structural_damage,Structural damage,0.246164,clip,1.0
11bec571b4144c13932a267eca2f01b5,DSC_0056.JPG,site,base_e,"Base E, Stonington Island",,directory_path,1.0
11bec571b4144c13932a267eca2f01b5,DSC_0056.JPG,scene_type,exterior,Exterior,0.237257,clip,1.0
11bec571b4144c13932a267eca2f01b5,DSC_0056.JPG,shot_type,wide,Wide view,0.230388,clip,1.0
11bec571b4144c13932a267eca2f01b5,DSC_0056.JPG,people,no_people,No people,,threshold_rule,1.0
11bec571b4144c13932a267eca2f01b5,DSC_0056.JPG,structure,main_hut,Main hut,0.274826,clip,1.0
11bec571b4144c13932a267eca2f01b5,DSC_0056.JPG,structure,outbuilding,Outbuilding,0.259727,clip,1.0
11bec571b4144c13932a267eca2f01b5,DSC_0056.JPG,condition,weathered_timber,Weathered timber,0.258569,clip,1.0
11bec571b4144c13932a267eca2f01b5,DSC_0056.JPG,condition,object_wear,Object wear,0.244994,clip,1.0
1a5177d61adf430191e6d3c2aacc68d4,DSC_0057.JPG,site,base_e,"Base E, Stonington Island",,directory_path,1.0
1a5177d61adf430191e6d3c2aacc68d4,DSC_0057.JPG,scene_type,landscape,Landscape,0.27501,clip,1.0
1a5177d61adf430191e6d3c2aacc68d4,DSC_0057.JPG,shot_type,wide,Wide view,0.202996,clip,1.0
1a5177d61adf430191e6d3c2aacc68d4,DSC_0057.JPG,people,no_people,No people,,threshold_rule,1.0
1a5177d61adf430191e6d3c2aacc68d4,DSC_0057.JPG,nature,penguin,Penguin,0.286474,clip,1.0
1a5177d61adf430191e6d3c2aacc68d4,DSC_0057.JPG,nature,seal,Seal,0.272716,clip,1.0
1a5177d61adf430191e6d3c2aacc68d4,DSC_0057.JPG,nature,sea_ice,Sea ice,0.280999,clip,1.0
1a5177d61adf430191e6d3c2aacc68d4,DSC_0057.JPG,nature,iceberg,Iceberg,0.247575,clip,1.0
1a5177d61adf430191e6d3c2aacc68d4,DSC_0057.JPG,nature,glacier,Glacier or ice cliff,0.290681,clip,1.0
1a5177d61adf430191e6d3c2aacc68d4,DSC_0057.JPG,nature,exposed_rock,Exposed rock,0.25364,clip,1.0
1a5177d61adf430191e6d3c2aacc68d4,DSC_0057.JPG,nature,overcast,Overcast or storm,0.244557,clip,1.0
26e8b79ebe904744952f63ff8d4abcec,DSC_0058.JPG,site,base_e,"Base E, Stonington Island",,directory_path,1.0
26e8b79ebe904744952f63ff8d4abcec,DSC_0058.JPG,scene_type,landscape,Landscape,0.237899,clip,1.0
26e8b79ebe904744952f63ff8d4abcec,DSC_0058.JPG,shot_type,wide,Wide view,0.227197,clip,1.0
26e8b79ebe904744952f63ff8d4abcec,DSC_0058.JPG,people,no_people,No people,,threshold_rule,1.0
26e8b79ebe904744952f63ff8d4abcec,DSC_0058.JPG,nature,sea_ice,Sea ice,0.249243,clip,1.0
26e8b79ebe904744952f63ff8d4abcec,DSC_0058.JPG,condition,weathered_timber,Weathered timber,0.256535,clip,1.0
f9357ad19d834c489303504828e2efce,DSC_0059.JPG,site,base_e,"Base E, Stonington Island",,directory_path,1.0
f9357ad19d834c489303504828e2efce,DSC_0059.JPG,scene_type,landscape,Landscape,0.270713,clip,1.0
f9357ad19d834c489303504828e2efce,DSC_0059.JPG,shot_type,wide,Wide view,0.208954,clip,1.0
f9357ad19d834c489303504828e2efce,DSC_0059.JPG,people,no_people,No people,,threshold_rule,1.0
f9357ad19d834c489303504828e2efce,DSC_0059.JPG,nature,penguin,Penguin,0.269333,clip,1.0
f9357ad19d834c489303504828e2efce,DSC_0059.JPG,nature,seal,Seal,0.254907,clip,1.0
f9357ad19d834c489303504828e2efce,DSC_0059.JPG,nature,sea_ice,Sea ice,0.268189,clip,1.0
f9357ad19d834c489303504828e2efce,DSC_0059.JPG,nature,glacier,Glacier or ice cliff,0.280826,clip,1.0
f9357ad19d834c489303504828e2efce,DSC_0059.JPG,nature,exposed_rock,Exposed rock,0.255926,clip,1.0
f9357ad19d834c489303504828e2efce,DSC_0059.JPG,nature,mountains,Mountains,0.244254,clip,1.0
10a9de0dae914c44b2dabac2b273f6a4,DSC_0061.JPG,site,base_e,"Base E, Stonington Island",,directory_path,1.0
10a9de0dae914c44b2dabac2b273f6a4,DSC_0061.JPG,scene_type,landscape,Landscape,0.232834,clip,1.0
10a9de0dae914c44b2dabac2b273f6a4,DSC_0061.JPG,shot_type,wide,Wide view,0.221888,clip,1.0
10a9de0dae914c44b2dabac2b273f6a4,DSC_0061.JPG,people,no_people,No people,,threshold_rule,1.0
10a9de0dae914c44b2dabac2b273f6a4,DSC_0061.JPG,condition,weathered_timber,Weathered timber,0.245297,clip,1.0
201d4d9c526f4abb89a926bf5d967ee2,DSC_0062.JPG,site,base_e,"Base E, Stonington Island",,directory_path,1.0
201d4d9c526f4abb89a926bf5d967ee2,DSC_0062.JPG,scene_type,landscape,Landscape,0.280024,clip,1.0
201d4d9c526f4abb89a926bf5d967ee2,DSC_0062.JPG,shot_type,wide,Wide view,0.228154,clip,1.0
201d4d9c526f4abb89a926bf5d967ee2,DSC_0062.JPG,people,no_people,No people,,threshold_rule,1.0
201d4d9c526f4abb89a926bf5d967ee2,DSC_0062.JPG,nature,sea_ice,Sea ice,0.268534,clip,1.0
201d4d9c526f4abb89a926bf5d967ee2,DSC_0062.JPG,nature,glacier,Glacier or ice cliff,0.271718,clip,1.0
201d4d9c526f4abb89a926bf5d967ee2,DSC_0062.JPG,nature,exposed_rock,Exposed rock,0.255047,clip,1.0
201d4d9c526f4abb89a926bf5d967ee2,DSC_0062.JPG,nature,mountains,Mountains,0.240753,clip,1.0
201d4d9c526f4abb89a926bf5d967ee2,DSC_0062.JPG,nature,coastline,Coastline,0.242301,clip,1.0
201d4d9c526f4abb89a926bf5d967ee2,DSC_0062.JPG,nature,overcast,Overcast or storm,0.243515,clip,1.0
5842b4248e8c47e38626678ac3f1696f,DSC_0063.JPG,site,base_e,"Base E, Stonington Island",,directory_path,1.0
5842b4248e8c47e38626678ac3f1696f,DSC_0063.JPG,scene_type,landscape,Landscape,0.253206,clip,1.0
5842b4248e8c47e38626678ac3f1696f,DSC_0063.JPG,shot_type,wide,Wide view,0.237927,clip,1.0
5842b4248e8c47e38626678ac3f1696f,DSC_0063.JPG,people,no_people,No people,,threshold_rule,1.0
5842b4248e8c47e38626678ac3f1696f,DSC_0063.JPG,nature,sea_ice,Sea ice,0.254772,clip,1.0
5842b4248e8c47e38626678ac3f1696f,DSC_0063.JPG,nature,glacier,Glacier or ice cliff,0.245921,clip,1.0
5842b4248e8c47e38626678ac3f1696f,DSC_0063.JPG,condition,weathered_timber,Weathered timber,0.249783,clip,1.0
5842b4248e8c47e38626678ac3f1696f,DSC_0063.JPG,condition,rust,Rust or corrosion,0.240016,clip,1.0
5842b4248e8c47e38626678ac3f1696f,DSC_0063.JPG,condition,structural_damage,Structural damage,0.240601,clip,1.0
5842b4248e8c47e38626678ac3f1696f,DSC_0063.JPG,condition,object_wear,Object wear,0.251693,clip,1.0
b3e20ccc5a474cbbbf3ac9a474455254,DSC_0064.JPG,site,base_e,"Base E, Stonington Island",,directory_path,1.0
b3e20ccc5a474cbbbf3ac9a474455254,DSC_0064.JPG,scene_type,landscape,Landscape,0.270429,clip,1.0
b3e20ccc5a474cbbbf3ac9a474455254,DSC_0064.JPG,shot_type,wide,Wide view,0.202316,clip,1.0
b3e20ccc5a474cbbbf3ac9a474455254,DSC_0064.JPG,people,no_people,No people,,threshold_rule,1.0
b3e20ccc5a474cbbbf3ac9a474455254,DSC_0064.JPG,nature,sea_ice,Sea ice,0.259779,clip,1.0
b3e20ccc5a474cbbbf3ac9a474455254,DSC_0064.JPG,nature,glacier,Glacier or ice cliff,0.274346,clip,1.0
0d130ffa80d045758404c5bf53a92cf4,DSC_0065.JPG,site,base_e,"Base E, Stonington Island",,directory_path,1.0
0d130ffa80d045758404c5bf53a92cf4,DSC_0065.JPG,scene_type,exterior,Exterior,0.241276,clip,1.0
0d130ffa80d045758404c5bf53a92cf4,DSC_0065.JPG,shot_type,wide,Wide view,0.229621,clip,1.0
0d130ffa80d045758404c5bf53a92cf4,DSC_0065.JPG,people,no_people,No people,,threshold_rule,1.0
0d130ffa80d045758404c5bf53a92cf4,DSC_0065.JPG,condition,rust,Rust or corrosion,0.260651,clip,1.0
0d130ffa80d045758404c5bf53a92cf4,DSC_0065.JPG,condition,structural_damage,Structural damage,0.248908,clip,1.0
0d130ffa80d045758404c5bf53a92cf4,DSC_0065.JPG,condition,object_wear,Object wear,0.252527,clip,1.0
b1d9b2e65c7a4c65b19592ac27e034df,DSC_0066.JPG,site,base_e,"Base E, Stonington Island",,directory_path,1.0
b1d9b2e65c7a4c65b19592ac27e034df,DSC_0066.JPG,scene_type,landscape,Landscape,0.274643,clip,1.0
b1d9b2e65c7a4c65b19592ac27e034df,DSC_0066.JPG,shot_type,wide,Wide view,0.205374,clip,1.0
b1d9b2e65c7a4c65b19592ac27e034df,DSC_0066.JPG,people,no_people,No people,,threshold_rule,1.0
b1d9b2e65c7a4c65b19592ac27e034df,DSC_0066.JPG,nature,sea_ice,Sea ice,0.263733,clip,1.0
b1d9b2e65c7a4c65b19592ac27e034df,DSC_0066.JPG,nature,glacier,Glacier or ice cliff,0.278139,clip,1.0
b1d9b2e65c7a4c65b19592ac27e034df,DSC_0066.JPG,nature,mountains,Mountains,0.243499,clip,1.0
b1d9b2e65c7a4c65b19592ac27e034df,DSC_0066.JPG,nature,overcast,Overcast or storm,0.242249,clip,1.0
c3ad21cce0e1423b9439bc954aace832,DSC_0067.JPG,site,base_e,"Base E, Stonington Island",,directory_path,1.0
c3ad21cce0e1423b9439bc954aace832,DSC_0067.JPG,scene_type,exterior,Exterior,0.240047,clip,1.0
c3ad21cce0e1423b9439bc954aace832,DSC_0067.JPG,shot_type,wide,Wide view,0.24366,clip,1.0
c3ad21cce0e1423b9439bc954aace832,DSC_0067.JPG,people,no_people,No people,,threshold_rule,1.0
c3ad21cce0e1423b9439bc954aace832,DSC_0067.JPG,condition,rust,Rust or corrosion,0.243472,clip,1.0
c3ad21cce0e1423b9439bc954aace832,DSC_0067.JPG,condition,structural_damage,Structural damage,0.250307,clip,1.0
c3ad21cce0e1423b9439bc954aace832,DSC_0067.JPG,condition,object_wear,Object wear,0.253969,clip,1.0
bed0b0b05e634df9a2c66a7035cdfdac,DSC_0068.JPG,site,base_e,"Base E, Stonington Island",,directory_path,1.0
bed0b0b05e634df9a2c66a7035cdfdac,DSC_0068.JPG,scene_type,landscape,Landscape,0.279634,clip,1.0
bed0b0b05e634df9a2c66a7035cdfdac,DSC_0068.JPG,shot_type,wide,Wide view,0.204638,clip,1.0
bed0b0b05e634df9a2c66a7035cdfdac,DSC_0068.JPG,people,no_people,No people,,threshold_rule,1.0
bed0b0b05e634df9a2c66a7035cdfdac,DSC_0068.JPG,nature,seal,Seal,0.241533,clip,1.0
bed0b0b05e634df9a2c66a7035cdfdac,DSC_0068.JPG,nature,sea_ice,Sea ice,0.255162,clip,1.0
bed0b0b05e634df9a2c66a7035cdfdac,DSC_0068.JPG,nature,glacier,Glacier or ice cliff,0.270766,clip,1.0
bed0b0b05e634df9a2c66a7035cdfdac,DSC_0068.JPG,nature,exposed_rock,Exposed rock,0.240974,clip,1.0
bed0b0b05e634df9a2c66a7035cdfdac,DSC_0068.JPG,nature,mountains,Mountains,0.24368,clip,1.0
bed0b0b05e634df9a2c66a7035cdfdac,DSC_0068.JPG,nature,overcast,Overcast or storm,0.245747,clip,1.0
c62b9c0af8904e588bd261890921f0be,DSC_0069.JPG,site,base_e,"Base E, Stonington Island",,directory_path,1.0
c62b9c0af8904e588bd261890921f0be,DSC_0069.JPG,scene_type,exterior,Exterior,0.243682,clip,1.0
c62b9c0af8904e588bd261890921f0be,DSC_0069.JPG,shot_type,wide,Wide view,0.23564,clip,1.0
c62b9c0af8904e588bd261890921f0be,DSC_0069.JPG,people,no_people,No people,,threshold_rule,1.0
c62b9c0af8904e588bd261890921f0be,DSC_0069.JPG,condition,weathered_timber,Weathered timber,0.241086,clip,1.0
c62b9c0af8904e588bd261890921f0be,DSC_0069.JPG,condition,structural_damage,Structural damage,0.260709,clip,1.0
c62b9c0af8904e588bd261890921f0be,DSC_0069.JPG,condition,object_wear,Object wear,0.248202,clip,1.0
80be87353b304824a015c620704d8d66,DSC_0070.JPG,site,base_e,"Base E, Stonington Island",,directory_path,1.0
80be87353b304824a015c620704d8d66,DSC_0070.JPG,scene_type,landscape,Landscape,0.266928,clip,1.0
80be87353b304824a015c620704d8d66,DSC_0070.JPG,shot_type,wide,Wide view,0.208177,clip,1.0
80be87353b304824a015c620704d8d66,DSC_0070.JPG,people,no_people,No people,,threshold_rule,1.0
80be87353b304824a015c620704d8d66,DSC_0070.JPG,nature,sea_ice,Sea ice,0.251937,clip,1.0
80be87353b304824a015c620704d8d66,DSC_0070.JPG,nature,glacier,Glacier or ice cliff,0.274769,clip,1.0
80be87353b304824a015c620704d8d66,DSC_0070.JPG,nature,exposed_rock,Exposed rock,0.247409,clip,1.0
718a7604ab1845fb82a874241a65f204,DSC_0071.JPG,site,base_e,"Base E, Stonington Island",,directory_path,1.0
718a7604ab1845fb82a874241a65f204,DSC_0071.JPG,scene_type,exterior,Exterior,0.240684,clip,1.0
718a7604ab1845fb82a874241a65f204,DSC_0071.JPG,shot_type,wide,Wide view,0.222296,clip,1.0
718a7604ab1845fb82a874241a65f204,DSC_0071.JPG,people,no_people,No people,,threshold_rule,1.0
718a7604ab1845fb82a874241a65f204,DSC_0071.JPG,structure,main_hut,Main hut,0.243055,clip,1.0
718a7604ab1845fb82a874241a65f204,DSC_0071.JPG,structure,outbuilding,Outbuilding,0.250083,clip,1.0
718a7604ab1845fb82a874241a65f204,DSC_0071.JPG,condition,weathered_timber,Weathered timber,0.244179,clip,1.0
718a7604ab1845fb82a874241a65f204,DSC_0071.JPG,condition,rust,Rust or corrosion,0.242357,clip,1.0
718a7604ab1845fb82a874241a65f204,DSC_0071.JPG,condition,structural_damage,Structural damage,0.247959,clip,1.0
718a7604ab1845fb82a874241a65f204,DSC_0071.JPG,condition,object_wear,Object wear,0.251301,clip,1.0
700aa52c5acd40bdb972a22d43bbd586,DSC_0072.JPG,site,base_e,"Base E, Stonington Island",,directory_path,1.0
700aa52c5acd40bdb972a22d43bbd586,DSC_0072.JPG,scene_type,landscape,Landscape,0.260754,clip,1.0
700aa52c5acd40bdb972a22d43bbd586,DSC_0072.JPG,shot_type,wide,Wide view,0.230301,clip,1.0
700aa52c5acd40bdb972a22d43bbd586,DSC_0072.JPG,people,no_people,No people,,threshold_rule,1.0
700aa52c5acd40bdb972a22d43bbd586,DSC_0072.JPG,nature,penguin,Penguin,0.244053,clip,1.0
700aa52c5acd40bdb972a22d43bbd586,DSC_0072.JPG,nature,dog,Dog,0.247232,clip,1.0
700aa52c5acd40bdb972a22d43bbd586,DSC_0072.JPG,nature,seal,Seal,0.242354,clip,1.0
2d0ab2715848496d85f2cdf1c2c16e13,DSC_0073.JPG,site,base_e,"Base E, Stonington Island",,directory_path,1.0
2d0ab2715848496d85f2cdf1c2c16e13,DSC_0073.JPG,scene_type,landscape,Landscape,0.251143,clip,1.0
2d0ab2715848496d85f2cdf1c2c16e13,DSC_0073.JPG,shot_type,wide,Wide view,0.225513,clip,1.0
2d0ab2715848496d85f2cdf1c2c16e13,DSC_0073.JPG,people,no_people,No people,,threshold_rule,1.0
2d0ab2715848496d85f2cdf1c2c16e13,DSC_0073.JPG,condition,weathered_timber,Weathered timber,0.25536,clip,1.0
2d0ab2715848496d85f2cdf1c2c16e13,DSC_0073.JPG,condition,rust,Rust or corrosion,0.253578,clip,1.0
2d0ab2715848496d85f2cdf1c2c16e13,DSC_0073.JPG,condition,structural_damage,Structural damage,0.257969,clip,1.0
2d0ab2715848496d85f2cdf1c2c16e13,DSC_0073.JPG,condition,object_wear,Object wear,0.25562,clip,1.0
74db460da8ae42a1ac5004e5bdcaf702,DSC_0074.JPG,site,base_e,"Base E, Stonington Island",,directory_path,1.0
74db460da8ae42a1ac5004e5bdcaf702,DSC_0074.JPG,scene_type,exterior,Exterior,0.233373,clip,1.0
74db460da8ae42a1ac5004e5bdcaf702,DSC_0074.JPG,shot_type,wide,Wide view,0.218053,clip,1.0
74db460da8ae42a1ac5004e5bdcaf702,DSC_0074.JPG,people,no_people,No people,,threshold_rule,1.0
74db460da8ae42a1ac5004e5bdcaf702,DSC_0074.JPG,structure,main_hut,Main hut,0.27013,clip,1.0
74db460da8ae42a1ac5004e5bdcaf702,DSC_0074.JPG,structure,outbuilding,Outbuilding,0.278175,clip,1.0
74db460da8ae42a1ac5004e5bdcaf702,DSC_0074.JPG,nature,glacier,Glacier or ice cliff,0.241063,clip,1.0
4a13b7d7101e4752a10aa8191a931a3a,DSC_0078.JPG,site,base_e,"Base E, Stonington Island",,directory_path,1.0
4a13b7d7101e4752a10aa8191a931a3a,DSC_0078.JPG,scene_type,landscape,Landscape,0.254876,clip,1.0
4a13b7d7101e4752a10aa8191a931a3a,DSC_0078.JPG,shot_type,wide,Wide view,0.238954,clip,1.0
4a13b7d7101e4752a10aa8191a931a3a,DSC_0078.JPG,people,no_people,No people,,threshold_rule,1.0
4a13b7d7101e4752a10aa8191a931a3a,DSC_0078.JPG,condition,object_wear,Object wear,0.246124,clip,1.0
117b7295dfdc48f2bc414117f71bf71a,DSC_0079.JPG,site,base_e,"Base E, Stonington Island",,directory_path,1.0
117b7295dfdc48f2bc414117f71bf71a,DSC_0079.JPG,scene_type,exterior,Exterior,0.225448,clip,1.0
117b7295dfdc48f2bc414117f71bf71a,DSC_0079.JPG,shot_type,medium,Medium view,0.211411,clip,1.0
117b7295dfdc48f2bc414117f71bf71a,DSC_0079.JPG,people,no_people,No people,,threshold_rule,1.0
117b7295dfdc48f2bc414117f71bf71a,DSC_0079.JPG,structure,main_hut,Main hut,0.243994,clip,1.0
117b7295dfdc48f2bc414117f71bf71a,DSC_0079.JPG,structure,outbuilding,Outbuilding,0.270755,clip,1.0
117b7295dfdc48f2bc414117f71bf71a,DSC_0079.JPG,condition,weathered_timber,Weathered timber,0.24343,clip,1.0
117b7295dfdc48f2bc414117f71bf71a,DSC_0079.JPG,condition,rust,Rust or corrosion,0.24042,clip,1.0
117b7295dfdc48f2bc414117f71bf71a,DSC_0079.JPG,condition,structural_damage,Structural damage,0.266931,clip,1.0
64420ac3453b4dae94e897421efba853,DSC_0081.JPG,site,base_e,"Base E, Stonington Island",,directory_path,1.0
64420ac3453b4dae94e897421efba853,DSC_0081.JPG,scene_type,landscape,Landscape,0.271428,clip,1.0
64420ac3453b4dae94e897421efba853,DSC_0081.JPG,shot_type,wide,Wide view,0.232544,clip,1.0
64420ac3453b4dae94e897421efba853,DSC_0081.JPG,people,no_people,No people,,threshold_rule,1.0
64420ac3453b4dae94e897421efba853,DSC_0081.JPG,nature,sea_ice,Sea ice,0.251539,clip,1.0
64420ac3453b4dae94e897421efba853,DSC_0081.JPG,nature,glacier,Glacier or ice cliff,0.245069,clip,1.0
524bd2f60b84481da9e32adf9fee0661,DSC_0082.JPG,site,base_e,"Base E, Stonington Island",,directory_path,1.0
524bd2f60b84481da9e32adf9fee0661,DSC_0082.JPG,scene_type,exterior,Exterior,0.227604,clip,1.0
524bd2f60b84481da9e32adf9fee0661,DSC_0082.JPG,shot_type,wide,Wide view,0.218322,clip,1.0
524bd2f60b84481da9e32adf9fee0661,DSC_0082.JPG,people,no_people,No people,,threshold_rule,1.0
524bd2f60b84481da9e32adf9fee0661,DSC_0082.JPG,structure,main_hut,Main hut,0.250131,clip,1.0
524bd2f60b84481da9e32adf9fee0661,DSC_0082.JPG,structure,outbuilding,Outbuilding,0.266078,clip,1.0
524bd2f60b84481da9e32adf9fee0661,DSC_0082.JPG,condition,weathered_timber,Weathered timber,0.273468,clip,1.0
524bd2f60b84481da9e32adf9fee0661,DSC_0082.JPG,condition,structural_damage,Structural damage,0.244293,clip,1.0
524bd2f60b84481da9e32adf9fee0661,DSC_0082.JPG,condition,object_wear,Object wear,0.243152,clip,1.0
6ad0c1736cfd43a98c7c23afeff0fb9c,DSC_0083.JPG,site,base_e,"Base E, Stonington Island",,directory_path,1.0
6ad0c1736cfd43a98c7c23afeff0fb9c,DSC_0083.JPG,scene_type,landscape,Landscape,0.253591,clip,1.0
6ad0c1736cfd43a98c7c23afeff0fb9c,DSC_0083.JPG,shot_type,wide,Wide view,0.246015,clip,1.0
6ad0c1736cfd43a98c7c23afeff0fb9c,DSC_0083.JPG,people,no_people,No people,,threshold_rule,1.0
6ad0c1736cfd43a98c7c23afeff0fb9c,DSC_0083.JPG,nature,glacier,Glacier or ice cliff,0.242025,clip,1.0
05005918eb094ec9bc228fe54a45bdf1,DSC_0084.JPG,site,base_e,"Base E, Stonington Island",,directory_path,1.0
05005918eb094ec9bc228fe54a45bdf1,DSC_0084.JPG,scene_type,landscape,Landscape,0.289287,clip,1.0
05005918eb094ec9bc228fe54a45bdf1,DSC_0084.JPG,shot_type,wide,Wide view,0.230208,clip,1.0
05005918eb094ec9bc228fe54a45bdf1,DSC_0084.JPG,people,no_people,No people,,threshold_rule,1.0
05005918eb094ec9bc228fe54a45bdf1,DSC_0084.JPG,nature,snow,Snow,0.245516,clip,1.0
05005918eb094ec9bc228fe54a45bdf1,DSC_0084.JPG,nature,exposed_rock,Exposed rock,0.245412,clip,1.0
05005918eb094ec9bc228fe54a45bdf1,DSC_0084.JPG,nature,overcast,Overcast or storm,0.248535,clip,1.0
0b10da0783c647288646843a4faa7bdf,DSC_0085.JPG,site,base_e,"Base E, Stonington Island",,directory_path,1.0
0b10da0783c647288646843a4faa7bdf,DSC_0085.JPG,scene_type,landscape,Landscape,0.233991,clip,1.0
0b10da0783c647288646843a4faa7bdf,DSC_0085.JPG,shot_type,wide,Wide view,0.223857,clip,1.0
0b10da0783c647288646843a4faa7bdf,DSC_0085.JPG,people,no_people,No people,,threshold_rule,1.0
0b10da0783c647288646843a4faa7bdf,DSC_0085.JPG,nature,sea_ice,Sea ice,0.242806,clip,1.0
c3c4201f02bf4efcae404e5911eea700,DSC_0086.JPG,site,base_e,"Base E, Stonington Island",,directory_path,1.0
c3c4201f02bf4efcae404e5911eea700,DSC_0086.JPG,scene_type,landscape,Landscape,0.282821,clip,1.0
c3c4201f02bf4efcae404e5911eea700,DSC_0086.JPG,shot_type,wide,Wide view,0.212607,clip,1.0
c3c4201f02bf4efcae404e5911eea700,DSC_0086.JPG,people,no_people,No people,,threshold_rule,1.0
c3c4201f02bf4efcae404e5911eea700,DSC_0086.JPG,nature,sea_ice,Sea ice,0.262658,clip,1.0
c3c4201f02bf4efcae404e5911eea700,DSC_0086.JPG,nature,glacier,Glacier or ice cliff,0.271769,clip,1.0
c3c4201f02bf4efcae404e5911eea700,DSC_0086.JPG,nature,exposed_rock,Exposed rock,0.249781,clip,1.0
c3c4201f02bf4efcae404e5911eea700,DSC_0086.JPG,nature,mountains,Mountains,0.24398,clip,1.0
c3c4201f02bf4efcae404e5911eea700,DSC_0086.JPG,nature,overcast,Overcast or storm,0.249801,clip,1.0
4e3ecbaa4c894f2c92f1373419a583a8,DSC_0087.JPG,site,base_e,"Base E, Stonington Island",,directory_path,1.0
4e3ecbaa4c894f2c92f1373419a583a8,DSC_0087.JPG,scene_type,landscape,Landscape,0.218961,clip,1.0
4e3ecbaa4c894f2c92f1373419a583a8,DSC_0087.JPG,shot_type,wide,Wide view,0.232874,clip,1.0
4e3ecbaa4c894f2c92f1373419a583a8,DSC_0087.JPG,people,no_people,No people,,threshold_rule,1.0
d037ff0fad644e43933083ed95aa726f,DSC_0088.JPG,site,base_e,"Base E, Stonington Island",,directory_path,1.0
d037ff0fad644e43933083ed95aa726f,DSC_0088.JPG,scene_type,landscape,Landscape,0.270225,clip,1.0
d037ff0fad644e43933083ed95aa726f,DSC_0088.JPG,shot_type,wide,Wide view,0.204724,clip,1.0
d037ff0fad644e43933083ed95aa726f,DSC_0088.JPG,people,no_people,No people,,threshold_rule,1.0
d037ff0fad644e43933083ed95aa726f,DSC_0088.JPG,nature,sea_ice,Sea ice,0.267893,clip,1.0
d037ff0fad644e43933083ed95aa726f,DSC_0088.JPG,nature,glacier,Glacier or ice cliff,0.273481,clip,1.0
d037ff0fad644e43933083ed95aa726f,DSC_0088.JPG,nature,exposed_rock,Exposed rock,0.249424,clip,1.0
d037ff0fad644e43933083ed95aa726f,DSC_0088.JPG,nature,mountains,Mountains,0.247124,clip,1.0
d037ff0fad644e43933083ed95aa726f,DSC_0088.JPG,nature,overcast,Overcast or storm,0.246015,clip,1.0
393ac9f7996e424da11dc4435a44d256,DSC_0089.JPG,site,base_e,"Base E, Stonington Island",,directory_path,1.0
393ac9f7996e424da11dc4435a44d256,DSC_0089.JPG,scene_type,landscape,Landscape,0.243106,clip,1.0
393ac9f7996e424da11dc4435a44d256,DSC_0089.JPG,shot_type,wide,Wide view,0.235858,clip,1.0
393ac9f7996e424da11dc4435a44d256,DSC_0089.JPG,people,no_people,No people,,threshold_rule,1.0
393ac9f7996e424da11dc4435a44d256,DSC_0089.JPG,nature,sea_ice,Sea ice,0.240102,clip,1.0
9850e9be94624915a095fa90706f7909,DSC_0090.JPG,site,base_e,"Base E, Stonington Island",,directory_path,1.0
9850e9be94624915a095fa90706f7909,DSC_0090.JPG,scene_type,landscape,Landscape,0.288414,clip,1.0
9850e9be94624915a095fa90706f7909,DSC_0090.JPG,shot_type,wide,Wide view,0.214721,clip,1.0
9850e9be94624915a095fa90706f7909,DSC_0090.JPG,people,no_people,No people,,threshold_rule,1.0
9850e9be94624915a095fa90706f7909,DSC_0090.JPG,nature,seal,Seal,0.243334,clip,1.0
9850e9be94624915a095fa90706f7909,DSC_0090.JPG,nature,sea_ice,Sea ice,0.265481,clip,1.0
9850e9be94624915a095fa90706f7909,DSC_0090.JPG,nature,glacier,Glacier or ice cliff,0.269205,clip,1.0
9850e9be94624915a095fa90706f7909,DSC_0090.JPG,nature,exposed_rock,Exposed rock,0.244405,clip,1.0
9850e9be94624915a095fa90706f7909,DSC_0090.JPG,nature,mountains,Mountains,0.246253,clip,1.0
9850e9be94624915a095fa90706f7909,DSC_0090.JPG,nature,overcast,Overcast or storm,0.24788,clip,1.0
ad258747ec1c4d51a5bfa72bd8d7cd33,DSC_0091.JPG,site,base_e,"Base E, Stonington Island",,directory_path,1.0
ad258747ec1c4d51a5bfa72bd8d7cd33,DSC_0091.JPG,scene_type,landscape,Landscape,0.231392,clip,1.0
ad258747ec1c4d51a5bfa72bd8d7cd33,DSC_0091.JPG,shot_type,wide,Wide view,0.236895,clip,1.0
ad258747ec1c4d51a5bfa72bd8d7cd33,DSC_0091.JPG,people,no_people,No people,,threshold_rule,1.0
813b66c4fc5f414e87b436bc90eab8db,DSC_0092.JPG,site,base_e,"Base E, Stonington Island",,directory_path,1.0
813b66c4fc5f414e87b436bc90eab8db,DSC_0092.JPG,scene_type,landscape,Landscape,0.277728,clip,1.0
813b66c4fc5f414e87b436bc90eab8db,DSC_0092.JPG,shot_type,wide,Wide view,0.223217,clip,1.0
813b66c4fc5f414e87b436bc90eab8db,DSC_0092.JPG,people,no_people,No people,,threshold_rule,1.0
813b66c4fc5f414e87b436bc90eab8db,DSC_0092.JPG,nature,seal,Seal,0.24603,clip,1.0
813b66c4fc5f414e87b436bc90eab8db,DSC_0092.JPG,nature,sea_ice,Sea ice,0.268437,clip,1.0
813b66c4fc5f414e87b436bc90eab8db,DSC_0092.JPG,nature,glacier,Glacier or ice cliff,0.276665,clip,1.0
813b66c4fc5f414e87b436bc90eab8db,DSC_0092.JPG,nature,mountains,Mountains,0.244911,clip,1.0
9ccdf981e6224f5ba969232e5032cc5d,DSC_0093.JPG,site,base_e,"Base E, Stonington Island",,directory_path,1.0
9ccdf981e6224f5ba969232e5032cc5d,DSC_0093.JPG,scene_type,landscape,Landscape,0.242596,clip,1.0
9ccdf981e6224f5ba969232e5032cc5d,DSC_0093.JPG,shot_type,medium,Medium view,0.214754,clip,1.0
9ccdf981e6224f5ba969232e5032cc5d,DSC_0093.JPG,people,no_people,No people,,threshold_rule,1.0
9ccdf981e6224f5ba969232e5032cc5d,DSC_0093.JPG,condition,weathered_timber,Weathered timber,0.253306,clip,1.0
b93d2de3cd5746b7b2e073ca1bc117f3,DSC_0094.JPG,site,base_e,"Base E, Stonington Island",,directory_path,1.0
b93d2de3cd5746b7b2e073ca1bc117f3,DSC_0094.JPG,scene_type,landscape,Landscape,0.277739,clip,1.0
b93d2de3cd5746b7b2e073ca1bc117f3,DSC_0094.JPG,shot_type,wide,Wide view,0.214305,clip,1.0
b93d2de3cd5746b7b2e073ca1bc117f3,DSC_0094.JPG,people,no_people,No people,,threshold_rule,1.0
b93d2de3cd5746b7b2e073ca1bc117f3,DSC_0094.JPG,nature,seal,Seal,0.248534,clip,1.0
b93d2de3cd5746b7b2e073ca1bc117f3,DSC_0094.JPG,nature,sea_ice,Sea ice,0.268929,clip,1.0
b93d2de3cd5746b7b2e073ca1bc117f3,DSC_0094.JPG,nature,glacier,Glacier or ice cliff,0.277911,clip,1.0
0fbd9a868e704360a830181d4f9bab85,DSC_0095.JPG,site,base_e,"Base E, Stonington Island",,directory_path,1.0
0fbd9a868e704360a830181d4f9bab85,DSC_0095.JPG,scene_type,exterior,Exterior,0.225257,clip,1.0
0fbd9a868e704360a830181d4f9bab85,DSC_0095.JPG,shot_type,wide,Wide view,0.242068,clip,1.0
0fbd9a868e704360a830181d4f9bab85,DSC_0095.JPG,people,no_people,No people,,threshold_rule,1.0
0fbd9a868e704360a830181d4f9bab85,DSC_0095.JPG,condition,weathered_timber,Weathered timber,0.246317,clip,1.0
0fbd9a868e704360a830181d4f9bab85,DSC_0095.JPG,condition,rust,Rust or corrosion,0.241663,clip,1.0
0fbd9a868e704360a830181d4f9bab85,DSC_0095.JPG,condition,structural_damage,Structural damage,0.251451,clip,1.0
0fbd9a868e704360a830181d4f9bab85,DSC_0095.JPG,condition,object_wear,Object wear,0.245416,clip,1.0
09fdb17e4232427e9451dbd48ebdb123,DSC_0096.JPG,site,base_e,"Base E, Stonington Island",,directory_path,1.0
09fdb17e4232427e9451dbd48ebdb123,DSC_0096.JPG,scene_type,landscape,Landscape,0.261682,clip,1.0
09fdb17e4232427e9451dbd48ebdb123,DSC_0096.JPG,shot_type,wide,Wide view,0.199797,clip,1.0
09fdb17e4232427e9451dbd48ebdb123,DSC_0096.JPG,people,no_people,No people,,threshold_rule,1.0
09fdb17e4232427e9451dbd48ebdb123,DSC_0096.JPG,nature,seal,Seal,0.242727,clip,1.0
09fdb17e4232427e9451dbd48ebdb123,DSC_0096.JPG,nature,sea_ice,Sea ice,0.267826,clip,1.0
09fdb17e4232427e9451dbd48ebdb123,DSC_0096.JPG,nature,glacier,Glacier or ice cliff,0.280833,clip,1.0
bdfb91d1d1a040b7bc5c883349d2c185,DSC_0097.JPG,site,base_e,"Base E, Stonington Island",,directory_path,1.0
bdfb91d1d1a040b7bc5c883349d2c185,DSC_0097.JPG,scene_type,landscape,Landscape,0.217016,clip,1.0
bdfb91d1d1a040b7bc5c883349d2c185,DSC_0097.JPG,shot_type,medium,Medium view,0.225263,clip,1.0
bdfb91d1d1a040b7bc5c883349d2c185,DSC_0097.JPG,people,no_people,No people,,threshold_rule,1.0
bdfb91d1d1a040b7bc5c883349d2c185,DSC_0097.JPG,condition,weathered_timber,Weathered timber,0.297657,clip,1.0
bdfb91d1d1a040b7bc5c883349d2c185,DSC_0097.JPG,condition,rust,Rust or corrosion,0.268202,clip,1.0
bdfb91d1d1a040b7bc5c883349d2c185,DSC_0097.JPG,condition,structural_damage,Structural damage,0.24484,clip,1.0
bdfb91d1d1a040b7bc5c883349d2c185,DSC_0097.JPG,condition,object_wear,Object wear,0.262032,clip,1.0
0b7f616de8c04fa0a5f5c131490b3666,DSC_0098.JPG,site,base_e,"Base E, Stonington Island",,directory_path,1.0
0b7f616de8c04fa0a5f5c131490b3666,DSC_0098.JPG,scene_type,landscape,Landscape,0.267778,clip,1.0
0b7f616de8c04fa0a5f5c131490b3666,DSC_0098.JPG,shot_type,wide,Wide view,0.201041,clip,1.0
0b7f616de8c04fa0a5f5c131490b3666,DSC_0098.JPG,people,no_people,No people,,threshold_rule,1.0
0b7f616de8c04fa0a5f5c131490b3666,DSC_0098.JPG,nature,penguin,Penguin,0.24142,clip,1.0
0b7f616de8c04fa0a5f5c131490b3666,DSC_0098.JPG,nature,seal,Seal,0.252984,clip,1.0
0b7f616de8c04fa0a5f5c131490b3666,DSC_0098.JPG,nature,sea_ice,Sea ice,0.2694,clip,1.0
0b7f616de8c04fa0a5f5c131490b3666,DSC_0098.JPG,nature,glacier,Glacier or ice cliff,0.281634,clip,1.0
0b7f616de8c04fa0a5f5c131490b3666,DSC_0098.JPG,nature,mountains,Mountains,0.245104,clip,1.0
2358e7f8ac5b494aac6b1e64bcfedabe,DSC_0099.JPG,site,base_e,"Base E, Stonington Island",,directory_path,1.0
2358e7f8ac5b494aac6b1e64bcfedabe,DSC_0099.JPG,scene_type,exterior,Exterior,0.228213,clip,1.0
2358e7f8ac5b494aac6b1e64bcfedabe,DSC_0099.JPG,shot_type,wide,Wide view,0.232664,clip,1.0
2358e7f8ac5b494aac6b1e64bcfedabe,DSC_0099.JPG,people,no_people,No people,,threshold_rule,1.0
2358e7f8ac5b494aac6b1e64bcfedabe,DSC_0099.JPG,structure,main_hut,Main hut,0.241625,clip,1.0
2358e7f8ac5b494aac6b1e64bcfedabe,DSC_0099.JPG,structure,outbuilding,Outbuilding,0.241226,clip,1.0
2358e7f8ac5b494aac6b1e64bcfedabe,DSC_0099.JPG,condition,weathered_timber,Weathered timber,0.286628,clip,1.0
2358e7f8ac5b494aac6b1e64bcfedabe,DSC_0099.JPG,condition,rust,Rust or corrosion,0.259482,clip,1.0
2358e7f8ac5b494aac6b1e64bcfedabe,DSC_0099.JPG,condition,structural_damage,Structural damage,0.24872,clip,1.0
2358e7f8ac5b494aac6b1e64bcfedabe,DSC_0099.JPG,condition,object_wear,Object wear,0.255599,clip,1.0
0e3f86a877294ce0ba98af0440c0cd04,DSC_0100.JPG,site,base_e,"Base E, Stonington Island",,directory_path,1.0
0e3f86a877294ce0ba98af0440c0cd04,DSC_0100.JPG,scene_type,landscape,Landscape,0.269294,clip,1.0
0e3f86a877294ce0ba98af0440c0cd04,DSC_0100.JPG,shot_type,wide,Wide view,0.205361,clip,1.0
0e3f86a877294ce0ba98af0440c0cd04,DSC_0100.JPG,people,no_people,No people,,threshold_rule,1.0
0e3f86a877294ce0ba98af0440c0cd04,DSC_0100.JPG,nature,penguin,Penguin,0.256154,clip,1.0
0e3f86a877294ce0ba98af0440c0cd04,DSC_0100.JPG,nature,seal,Seal,0.261789,clip,1.0
0e3f86a877294ce0ba98af0440c0cd04,DSC_0100.JPG,nature,sea_ice,Sea ice,0.280214,clip,1.0
0e3f86a877294ce0ba98af0440c0cd04,DSC_0100.JPG,nature,glacier,Glacier or ice cliff,0.292034,clip,1.0
0e3f86a877294ce0ba98af0440c0cd04,DSC_0100.JPG,nature,exposed_rock,Exposed rock,0.244333,clip,1.0
0e3f86a877294ce0ba98af0440c0cd04,DSC_0100.JPG,nature,mountains,Mountains,0.245402,clip,1.0
c7c715bdbb384cecb2f835aba94a3ed8,DSC_0102.JPG,site,base_e,"Base E, Stonington Island",,directory_path,1.0
c7c715bdbb384cecb2f835aba94a3ed8,DSC_0102.JPG,scene_type,exterior,Exterior,0.230244,clip,1.0
c7c715bdbb384cecb2f835aba94a3ed8,DSC_0102.JPG,shot_type,medium,Medium view,0.22684,clip,1.0
c7c715bdbb384cecb2f835aba94a3ed8,DSC_0102.JPG,people,no_people,No people,,threshold_rule,1.0
c7c715bdbb384cecb2f835aba94a3ed8,DSC_0102.JPG,condition,weathered_timber,Weathered timber,0.281914,clip,1.0
c7c715bdbb384cecb2f835aba94a3ed8,DSC_0102.JPG,condition,rust,Rust or corrosion,0.25851,clip,1.0
c7c715bdbb384cecb2f835aba94a3ed8,DSC_0102.JPG,condition,structural_damage,Structural damage,0.250116,clip,1.0
c7c715bdbb384cecb2f835aba94a3ed8,DSC_0102.JPG,condition,object_wear,Object wear,0.253548,clip,1.0
9f91b936819b446786733d876a5cf222,DSC_0103.JPG,site,base_e,"Base E, Stonington Island",,directory_path,1.0
9f91b936819b446786733d876a5cf222,DSC_0103.JPG,scene_type,landscape,Landscape,0.272515,clip,1.0
9f91b936819b446786733d876a5cf222,DSC_0103.JPG,shot_type,wide,Wide view,0.198487,clip,1.0
9f91b936819b446786733d876a5cf222,DSC_0103.JPG,people,no_people,No people,,threshold_rule,1.0
9f91b936819b446786733d876a5cf222,DSC_0103.JPG,nature,penguin,Penguin,0.276186,clip,1.0
9f91b936819b446786733d876a5cf222,DSC_0103.JPG,nature,seal,Seal,0.260226,clip,1.0
9f91b936819b446786733d876a5cf222,DSC_0103.JPG,nature,snow,Snow,0.240247,clip,1.0
9f91b936819b446786733d876a5cf222,DSC_0103.JPG,nature,sea_ice,Sea ice,0.274228,clip,1.0
9f91b936819b446786733d876a5cf222,DSC_0103.JPG,nature,glacier,Glacier or ice cliff,0.288381,clip,1.0
9f91b936819b446786733d876a5cf222,DSC_0103.JPG,nature,exposed_rock,Exposed rock,0.259148,clip,1.0
9f91b936819b446786733d876a5cf222,DSC_0103.JPG,nature,mountains,Mountains,0.24936,clip,1.0
ccf18b4dcefa450cb296ec25d7878a6e,DSC_0105.JPG,site,base_e,"Base E, Stonington Island",,directory_path,1.0
ccf18b4dcefa450cb296ec25d7878a6e,DSC_0105.JPG,scene_type,exterior,Exterior,0.232077,clip,1.0
ccf18b4dcefa450cb296ec25d7878a6e,DSC_0105.JPG,shot_type,wide,Wide view,0.228726,clip,1.0
ccf18b4dcefa450cb296ec25d7878a6e,DSC_0105.JPG,people,no_people,No people,,threshold_rule,1.0
ccf18b4dcefa450cb296ec25d7878a6e,DSC_0105.JPG,structure,main_hut,Main hut,0.269397,clip,1.0
ccf18b4dcefa450cb296ec25d7878a6e,DSC_0105.JPG,structure,outbuilding,Outbuilding,0.24617,clip,1.0
ccf18b4dcefa450cb296ec25d7878a6e,DSC_0105.JPG,condition,weathered_timber,Weathered timber,0.257648,clip,1.0
ccf18b4dcefa450cb296ec25d7878a6e,DSC_0105.JPG,condition,structural_damage,Structural damage,0.249325,clip,1.0
6fb5a7b3621b4a46a11623839b45676a,DSC_0106.JPG,site,base_e,"Base E, Stonington Island",,directory_path,1.0
6fb5a7b3621b4a46a11623839b45676a,DSC_0106.JPG,scene_type,landscape,Landscape,0.275127,clip,1.0
6fb5a7b3621b4a46a11623839b45676a,DSC_0106.JPG,shot_type,wide,Wide view,0.206182,clip,1.0
6fb5a7b3621b4a46a11623839b45676a,DSC_0106.JPG,people,no_people,No people,,threshold_rule,1.0
6fb5a7b3621b4a46a11623839b45676a,DSC_0106.JPG,nature,penguin,Penguin,0.276111,clip,1.0
6fb5a7b3621b4a46a11623839b45676a,DSC_0106.JPG,nature,seal,Seal,0.262999,clip,1.0
6fb5a7b3621b4a46a11623839b45676a,DSC_0106.JPG,nature,sea_ice,Sea ice,0.273302,clip,1.0
6fb5a7b3621b4a46a11623839b45676a,DSC_0106.JPG,nature,glacier,Glacier or ice cliff,0.295004,clip,1.0
6fb5a7b3621b4a46a11623839b45676a,DSC_0106.JPG,nature,exposed_rock,Exposed rock,0.257842,clip,1.0
6fb5a7b3621b4a46a11623839b45676a,DSC_0106.JPG,nature,mountains,Mountains,0.244734,clip,1.0
161808786f8b4ef580a5c72afb7a4d27,DSC_0110.JPG,site,base_e,"Base E, Stonington Island",,directory_path,1.0
161808786f8b4ef580a5c72afb7a4d27,DSC_0110.JPG,scene_type,exterior,Exterior,0.231117,clip,1.0
161808786f8b4ef580a5c72afb7a4d27,DSC_0110.JPG,shot_type,wide,Wide view,0.226386,clip,1.0
161808786f8b4ef580a5c72afb7a4d27,DSC_0110.JPG,people,no_people,No people,,threshold_rule,1.0
161808786f8b4ef580a5c72afb7a4d27,DSC_0110.JPG,structure,main_hut,Main hut,0.247097,clip,1.0
161808786f8b4ef580a5c72afb7a4d27,DSC_0110.JPG,structure,outbuilding,Outbuilding,0.243467,clip,1.0
161808786f8b4ef580a5c72afb7a4d27,DSC_0110.JPG,condition,weathered_timber,Weathered timber,0.246296,clip,1.0
161808786f8b4ef580a5c72afb7a4d27,DSC_0110.JPG,condition,rust,Rust or corrosion,0.243436,clip,1.0
161808786f8b4ef580a5c72afb7a4d27,DSC_0110.JPG,condition,structural_damage,Structural damage,0.255034,clip,1.0
161808786f8b4ef580a5c72afb7a4d27,DSC_0110.JPG,condition,object_wear,Object wear,0.244573,clip,1.0
43de780ecbd6456486f3e3d153f347af,DSC_0111.JPG,site,base_e,"Base E, Stonington Island",,directory_path,1.0
43de780ecbd6456486f3e3d153f347af,DSC_0111.JPG,scene_type,landscape,Landscape,0.269864,clip,1.0
43de780ecbd6456486f3e3d153f347af,DSC_0111.JPG,shot_type,wide,Wide view,0.199138,clip,1.0
43de780ecbd6456486f3e3d153f347af,DSC_0111.JPG,people,no_people,No people,,threshold_rule,1.0
43de780ecbd6456486f3e3d153f347af,DSC_0111.JPG,nature,penguin,Penguin,0.269216,clip,1.0
43de780ecbd6456486f3e3d153f347af,DSC_0111.JPG,nature,seal,Seal,0.253087,clip,1.0
43de780ecbd6456486f3e3d153f347af,DSC_0111.JPG,nature,sea_ice,Sea ice,0.272627,clip,1.0
43de780ecbd6456486f3e3d153f347af,DSC_0111.JPG,nature,glacier,Glacier or ice cliff,0.293682,clip,1.0
43de780ecbd6456486f3e3d153f347af,DSC_0111.JPG,nature,exposed_rock,Exposed rock,0.271805,clip,1.0
43de780ecbd6456486f3e3d153f347af,DSC_0111.JPG,nature,mountains,Mountains,0.247552,clip,1.0
c6a521e7bb894d47847a1c1dd41bfcf2,DSC_0112.JPG,site,base_e,"Base E, Stonington Island",,directory_path,1.0
c6a521e7bb894d47847a1c1dd41bfcf2,DSC_0112.JPG,scene_type,landscape,Landscape,0.248942,clip,1.0
c6a521e7bb894d47847a1c1dd41bfcf2,DSC_0112.JPG,shot_type,wide,Wide view,0.222604,clip,1.0
c6a521e7bb894d47847a1c1dd41bfcf2,DSC_0112.JPG,people,no_people,No people,,threshold_rule,1.0
c6a521e7bb894d47847a1c1dd41bfcf2,DSC_0112.JPG,nature,sea_ice,Sea ice,0.25039,clip,1.0
c6a521e7bb894d47847a1c1dd41bfcf2,DSC_0112.JPG,nature,glacier,Glacier or ice cliff,0.258813,clip,1.0
727fff6a79b04180a40c3871daa904cf,DSC_0113.JPG,site,base_e,"Base E, Stonington Island",,directory_path,1.0
727fff6a79b04180a40c3871daa904cf,DSC_0113.JPG,scene_type,landscape,Landscape,0.261514,clip,1.0
727fff6a79b04180a40c3871daa904cf,DSC_0113.JPG,shot_type,wide,Wide view,0.197098,clip,1.0
727fff6a79b04180a40c3871daa904cf,DSC_0113.JPG,people,no_people,No people,,threshold_rule,1.0
727fff6a79b04180a40c3871daa904cf,DSC_0113.JPG,nature,penguin,Penguin,0.271782,clip,1.0
727fff6a79b04180a40c3871daa904cf,DSC_0113.JPG,nature,seal,Seal,0.254727,clip,1.0
727fff6a79b04180a40c3871daa904cf,DSC_0113.JPG,nature,sea_ice,Sea ice,0.274774,clip,1.0
727fff6a79b04180a40c3871daa904cf,DSC_0113.JPG,nature,glacier,Glacier or ice cliff,0.290743,clip,1.0
727fff6a79b04180a40c3871daa904cf,DSC_0113.JPG,nature,exposed_rock,Exposed rock,0.26404,clip,1.0
727fff6a79b04180a40c3871daa904cf,DSC_0113.JPG,nature,mountains,Mountains,0.245121,clip,1.0
de57b1dc33a4496295df4c360c863895,DSC_0114.JPG,site,base_e,"Base E, Stonington Island",,directory_path,1.0
de57b1dc33a4496295df4c360c863895,DSC_0114.JPG,scene_type,landscape,Landscape,0.24925,clip,1.0
de57b1dc33a4496295df4c360c863895,DSC_0114.JPG,shot_type,wide,Wide view,0.240005,clip,1.0
de57b1dc33a4496295df4c360c863895,DSC_0114.JPG,people,no_people,No people,,threshold_rule,1.0
de57b1dc33a4496295df4c360c863895,DSC_0114.JPG,condition,weathered_timber,Weathered timber,0.257155,clip,1.0
de57b1dc33a4496295df4c360c863895,DSC_0114.JPG,condition,structural_damage,Structural damage,0.244052,clip,1.0
de57b1dc33a4496295df4c360c863895,DSC_0114.JPG,condition,object_wear,Object wear,0.242918,clip,1.0
5482eafc2dca45f98cb57e08d550d755,DSC_0115.JPG,site,base_e,"Base E, Stonington Island",,directory_path,1.0
5482eafc2dca45f98cb57e08d550d755,DSC_0115.JPG,scene_type,landscape,Landscape,0.289468,clip,1.0
5482eafc2dca45f98cb57e08d550d755,DSC_0115.JPG,shot_type,wide,Wide view,0.201088,clip,1.0
5482eafc2dca45f98cb57e08d550d755,DSC_0115.JPG,people,no_people,No people,,threshold_rule,1.0
5482eafc2dca45f98cb57e08d550d755,DSC_0115.JPG,nature,penguin,Penguin,0.27424,clip,1.0
5482eafc2dca45f98cb57e08d550d755,DSC_0115.JPG,nature,seal,Seal,0.259004,clip,1.0
5482eafc2dca45f98cb57e08d550d755,DSC_0115.JPG,nature,snow,Snow,0.254258,clip,1.0
5482eafc2dca45f98cb57e08d550d755,DSC_0115.JPG,nature,sea_ice,Sea ice,0.27916,clip,1.0
5482eafc2dca45f98cb57e08d550d755,DSC_0115.JPG,nature,glacier,Glacier or ice cliff,0.283519,clip,1.0
5482eafc2dca45f98cb57e08d550d755,DSC_0115.JPG,nature,exposed_rock,Exposed rock,0.260398,clip,1.0
5482eafc2dca45f98cb57e08d550d755,DSC_0115.JPG,nature,mountains,Mountains,0.249702,clip,1.0
5482eafc2dca45f98cb57e08d550d755,DSC_0115.JPG,nature,overcast,Overcast or storm,0.246314,clip,1.0
8e03447d0e1a4b559edf4f809973c18c,DSC_0075.JPG,site,base_e,"Base E, Stonington Island",,directory_path,1.0
8e03447d0e1a4b559edf4f809973c18c,DSC_0075.JPG,scene_type,exterior,Exterior,0.24683,clip,1.0
8e03447d0e1a4b559edf4f809973c18c,DSC_0075.JPG,shot_type,wide,Wide view,0.244396,clip,1.0
8e03447d0e1a4b559edf4f809973c18c,DSC_0075.JPG,people,no_people,No people,,threshold_rule,1.0
8e03447d0e1a4b559edf4f809973c18c,DSC_0075.JPG,condition,structural_damage,Structural damage,0.242323,clip,1.0
8e03447d0e1a4b559edf4f809973c18c,DSC_0075.JPG,condition,object_wear,Object wear,0.24144,clip,1.0
2e4f9911e1774fcda3cc7213e222469e,DSC_0076.JPG,site,base_e,"Base E, Stonington Island",,directory_path,1.0
2e4f9911e1774fcda3cc7213e222469e,DSC_0076.JPG,scene_type,exterior,Exterior,0.249159,clip,1.0
2e4f9911e1774fcda3cc7213e222469e,DSC_0076.JPG,shot_type,wide,Wide view,0.236649,clip,1.0
2e4f9911e1774fcda3cc7213e222469e,DSC_0076.JPG,people,no_people,No people,,threshold_rule,1.0
2e4f9911e1774fcda3cc7213e222469e,DSC_0076.JPG,condition,structural_damage,Structural damage,0.253041,clip,1.0
2e4f9911e1774fcda3cc7213e222469e,DSC_0076.JPG,condition,object_wear,Object wear,0.242775,clip,1.0
9669060bf8134cd4986a1b20aa5fac88,DSC_0109.JPG,site,base_e,"Base E, Stonington Island",,directory_path,1.0
9669060bf8134cd4986a1b20aa5fac88,DSC_0109.JPG,scene_type,exterior,Exterior,0.226132,clip,1.0
9669060bf8134cd4986a1b20aa5fac88,DSC_0109.JPG,shot_type,wide,Wide view,0.220737,clip,1.0
9669060bf8134cd4986a1b20aa5fac88,DSC_0109.JPG,people,no_people,No people,,threshold_rule,1.0
9669060bf8134cd4986a1b20aa5fac88,DSC_0109.JPG,structure,main_hut,Main hut,0.24207,clip,1.0
9669060bf8134cd4986a1b20aa5fac88,DSC_0109.JPG,condition,structural_damage,Structural damage,0.246955,clip,1.0
4b1bed8507ab489e96c8e2fabbaf1e06,S7R08440.JPG,site,base_w,"Base W, Detaille Island",,directory_path,1.0
4b1bed8507ab489e96c8e2fabbaf1e06,S7R08440.JPG,scene_type,landscape,Landscape,0.240644,clip,1.0
4b1bed8507ab489e96c8e2fabbaf1e06,S7R08440.JPG,shot_type,medium,Medium view,0.212335,clip,1.0
4b1bed8507ab489e96c8e2fabbaf1e06,S7R08440.JPG,people,no_people,No people,,threshold_rule,1.0
4b1bed8507ab489e96c8e2fabbaf1e06,S7R08440.JPG,condition,weathered_timber,Weathered timber,0.264394,clip,1.0
4b1bed8507ab489e96c8e2fabbaf1e06,S7R08440.JPG,condition,structural_damage,Structural damage,0.244147,clip,1.0
4b1bed8507ab489e96c8e2fabbaf1e06,S7R08440.JPG,condition,object_wear,Object wear,0.244192,clip,1.0
e64a04305183472bb815d3ce9e70cb66,S7R08441.JPG,site,base_w,"Base W, Detaille Island",,directory_path,1.0
e64a04305183472bb815d3ce9e70cb66,S7R08441.JPG,scene_type,exterior,Exterior,0.241773,clip,1.0
e64a04305183472bb815d3ce9e70cb66,S7R08441.JPG,shot_type,medium,Medium view,0.231325,clip,1.0
e64a04305183472bb815d3ce9e70cb66,S7R08441.JPG,people,no_people,No people,,threshold_rule,1.0
e64a04305183472bb815d3ce9e70cb66,S7R08441.JPG,structure,outbuilding,Outbuilding,0.255273,clip,1.0
e64a04305183472bb815d3ce9e70cb66,S7R08441.JPG,condition,weathered_timber,Weathered timber,0.275248,clip,1.0
e64a04305183472bb815d3ce9e70cb66,S7R08441.JPG,condition,object_wear,Object wear,0.258148,clip,1.0
c9f7ea54d7f64e038e6ce23551741b44,S7R08442.JPG,site,base_w,"Base W, Detaille Island",,directory_path,1.0
c9f7ea54d7f64e038e6ce23551741b44,S7R08442.JPG,scene_type,exterior,Exterior,0.243943,clip,1.0
c9f7ea54d7f64e038e6ce23551741b44,S7R08442.JPG,shot_type,medium,Medium view,0.240072,clip,1.0
c9f7ea54d7f64e038e6ce23551741b44,S7R08442.JPG,people,no_people,No people,,threshold_rule,1.0
c9f7ea54d7f64e038e6ce23551741b44,S7R08442.JPG,structure,outbuilding,Outbuilding,0.254463,clip,1.0
c9f7ea54d7f64e038e6ce23551741b44,S7R08442.JPG,nature,clear_sky,Clear sky,0.252521,clip,1.0
c9f7ea54d7f64e038e6ce23551741b44,S7R08442.JPG,condition,weathered_timber,Weathered timber,0.26924,clip,1.0
c9f7ea54d7f64e038e6ce23551741b44,S7R08442.JPG,condition,object_wear,Object wear,0.252742,clip,1.0
af55b70ce0cd4934bda1a5a6af0b3e2f,S7R08443.JPG,site,base_w,"Base W, Detaille Island",,directory_path,1.0
af55b70ce0cd4934bda1a5a6af0b3e2f,S7R08443.JPG,scene_type,landscape,Landscape,0.255204,clip,1.0
af55b70ce0cd4934bda1a5a6af0b3e2f,S7R08443.JPG,shot_type,wide,Wide view,0.249325,clip,1.0
af55b70ce0cd4934bda1a5a6af0b3e2f,S7R08443.JPG,people,no_people,No people,,threshold_rule,1.0
af55b70ce0cd4934bda1a5a6af0b3e2f,S7R08443.JPG,nature,exposed_rock,Exposed rock,0.240021,clip,1.0
af55b70ce0cd4934bda1a5a6af0b3e2f,S7R08443.JPG,condition,weathered_timber,Weathered timber,0.264009,clip,1.0
b8bf2ef0af7c4724a82dcc8e59fa8468,S7R08444.JPG,site,base_w,"Base W, Detaille Island",,directory_path,1.0
b8bf2ef0af7c4724a82dcc8e59fa8468,S7R08444.JPG,scene_type,landscape,Landscape,0.262465,clip,1.0
b8bf2ef0af7c4724a82dcc8e59fa8468,S7R08444.JPG,shot_type,wide,Wide view,0.234537,clip,1.0
b8bf2ef0af7c4724a82dcc8e59fa8468,S7R08444.JPG,people,no_people,No people,,threshold_rule,1.0
b8bf2ef0af7c4724a82dcc8e59fa8468,S7R08444.JPG,nature,penguin,Penguin,0.259268,clip,1.0
b8bf2ef0af7c4724a82dcc8e59fa8468,S7R08444.JPG,nature,glacier,Glacier or ice cliff,0.254587,clip,1.0
b8bf2ef0af7c4724a82dcc8e59fa8468,S7R08444.JPG,nature,exposed_rock,Exposed rock,0.257069,clip,1.0
c54133a4eb0548039e590e577f945649,S7R08445.JPG,site,base_w,"Base W, Detaille Island",,directory_path,1.0
c54133a4eb0548039e590e577f945649,S7R08445.JPG,scene_type,landscape,Landscape,0.255577,clip,1.0
c54133a4eb0548039e590e577f945649,S7R08445.JPG,shot_type,wide,Wide view,0.247355,clip,1.0
c54133a4eb0548039e590e577f945649,S7R08445.JPG,people,no_people,No people,,threshold_rule,1.0
c54133a4eb0548039e590e577f945649,S7R08445.JPG,nature,glacier,Glacier or ice cliff,0.240126,clip,1.0
c54133a4eb0548039e590e577f945649,S7R08445.JPG,nature,exposed_rock,Exposed rock,0.253482,clip,1.0
c54133a4eb0548039e590e577f945649,S7R08445.JPG,condition,weathered_timber,Weathered timber,0.254603,clip,1.0
9f142d153b1147cc948888b124f93571,S7R08446.JPG,site,base_w,"Base W, Detaille Island",,directory_path,1.0
9f142d153b1147cc948888b124f93571,S7R08446.JPG,scene_type,landscape,Landscape,0.267697,clip,1.0
9f142d153b1147cc948888b124f93571,S7R08446.JPG,shot_type,wide,Wide view,0.249822,clip,1.0
9f142d153b1147cc948888b124f93571,S7R08446.JPG,people,no_people,No people,,threshold_rule,1.0
9f142d153b1147cc948888b124f93571,S7R08446.JPG,nature,penguin,Penguin,0.244289,clip,1.0
9f142d153b1147cc948888b124f93571,S7R08446.JPG,nature,exposed_rock,Exposed rock,0.256124,clip,1.0
9f142d153b1147cc948888b124f93571,S7R08446.JPG,condition,weathered_timber,Weathered timber,0.259209,clip,1.0
d5026d595a684e669efb05086f4139e0,S7R08447.JPG,site,base_w,"Base W, Detaille Island",,directory_path,1.0
d5026d595a684e669efb05086f4139e0,S7R08447.JPG,scene_type,landscape,Landscape,0.254664,clip,1.0
d5026d595a684e669efb05086f4139e0,S7R08447.JPG,shot_type,wide,Wide view,0.236849,clip,1.0
d5026d595a684e669efb05086f4139e0,S7R08447.JPG,people,no_people,No people,,threshold_rule,1.0
d5026d595a684e669efb05086f4139e0,S7R08447.JPG,nature,exposed_rock,Exposed rock,0.243276,clip,1.0
d5026d595a684e669efb05086f4139e0,S7R08447.JPG,condition,weathered_timber,Weathered timber,0.261352,clip,1.0
d2f58a1aa29a40c88bd2f1f217a7f994,S7R08448.JPG,site,base_w,"Base W, Detaille Island",,directory_path,1.0
d2f58a1aa29a40c88bd2f1f217a7f994,S7R08448.JPG,scene_type,landscape,Landscape,0.251705,clip,1.0
d2f58a1aa29a40c88bd2f1f217a7f994,S7R08448.JPG,shot_type,wide,Wide view,0.236377,clip,1.0
d2f58a1aa29a40c88bd2f1f217a7f994,S7R08448.JPG,people,no_people,No people,,threshold_rule,1.0
d2f58a1aa29a40c88bd2f1f217a7f994,S7R08448.JPG,nature,sea_ice,Sea ice,0.242323,clip,1.0
d2f58a1aa29a40c88bd2f1f217a7f994,S7R08448.JPG,condition,weathered_timber,Weathered timber,0.258741,clip,1.0
e519e01c282849c294d61daf572ff2e8,S7R08449.JPG,site,base_w,"Base W, Detaille Island",,directory_path,1.0
e519e01c282849c294d61daf572ff2e8,S7R08449.JPG,scene_type,landscape,Landscape,0.256502,clip,1.0
e519e01c282849c294d61daf572ff2e8,S7R08449.JPG,shot_type,wide,Wide view,0.246821,clip,1.0
e519e01c282849c294d61daf572ff2e8,S7R08449.JPG,people,no_people,No people,,threshold_rule,1.0
e519e01c282849c294d61daf572ff2e8,S7R08449.JPG,nature,exposed_rock,Exposed rock,0.24015,clip,1.0
e519e01c282849c294d61daf572ff2e8,S7R08449.JPG,condition,weathered_timber,Weathered timber,0.255733,clip,1.0
ff0947d42c9549e684475cfbc637d77f,S7R08450.JPG,site,base_w,"Base W, Detaille Island",,directory_path,1.0
ff0947d42c9549e684475cfbc637d77f,S7R08450.JPG,scene_type,landscape,Landscape,0.244608,clip,1.0
ff0947d42c9549e684475cfbc637d77f,S7R08450.JPG,shot_type,wide,Wide view,0.237479,clip,1.0
ff0947d42c9549e684475cfbc637d77f,S7R08450.JPG,people,no_people,No people,,threshold_rule,1.0
ff0947d42c9549e684475cfbc637d77f,S7R08450.JPG,nature,exposed_rock,Exposed rock,0.241179,clip,1.0
ff0947d42c9549e684475cfbc637d77f,S7R08450.JPG,condition,weathered_timber,Weathered timber,0.26164,clip,1.0
ea5cb61fa0c944739309ad53fd3641a6,S7R08451.JPG,site,base_w,"Base W, Detaille Island",,directory_path,1.0
ea5cb61fa0c944739309ad53fd3641a6,S7R08451.JPG,scene_type,landscape,Landscape,0.265858,clip,1.0
ea5cb61fa0c944739309ad53fd3641a6,S7R08451.JPG,shot_type,wide,Wide view,0.22988,clip,1.0
ea5cb61fa0c944739309ad53fd3641a6,S7R08451.JPG,people,no_people,No people,,threshold_rule,1.0
ea5cb61fa0c944739309ad53fd3641a6,S7R08451.JPG,nature,sea_ice,Sea ice,0.241632,clip,1.0
ea5cb61fa0c944739309ad53fd3641a6,S7R08451.JPG,nature,glacier,Glacier or ice cliff,0.254452,clip,1.0
010559e386d541bbb99c225b9520c37e,S7R08452.JPG,site,base_w,"Base W, Detaille Island",,directory_path,1.0
010559e386d541bbb99c225b9520c37e,S7R08452.JPG,scene_type,landscape,Landscape,0.242944,clip,1.0
010559e386d541bbb99c225b9520c37e,S7R08452.JPG,shot_type,wide,Wide view,0.233727,clip,1.0
010559e386d541bbb99c225b9520c37e,S7R08452.JPG,people,no_people,No people,,threshold_rule,1.0
010559e386d541bbb99c225b9520c37e,S7R08452.JPG,condition,weathered_timber,Weathered timber,0.248154,clip,1.0
064c69c507fa41ddad36f3defc5e9220,S7R08453.JPG,site,base_w,"Base W, Detaille Island",,directory_path,1.0
064c69c507fa41ddad36f3defc5e9220,S7R08453.JPG,scene_type,landscape,Landscape,0.248051,clip,1.0
064c69c507fa41ddad36f3defc5e9220,S7R08453.JPG,shot_type,wide,Wide view,0.239511,clip,1.0
064c69c507fa41ddad36f3defc5e9220,S7R08453.JPG,people,no_people,No people,,threshold_rule,1.0
064c69c507fa41ddad36f3defc5e9220,S7R08453.JPG,nature,exposed_rock,Exposed rock,0.242582,clip,1.0
064c69c507fa41ddad36f3defc5e9220,S7R08453.JPG,condition,weathered_timber,Weathered timber,0.252208,clip,1.0
b2e1a0ee2dcb4b2c99d43744da0dd24a,S7R08454.JPG,site,base_w,"Base W, Detaille Island",,directory_path,1.0
b2e1a0ee2dcb4b2c99d43744da0dd24a,S7R08454.JPG,scene_type,landscape,Landscape,0.259166,clip,1.0
b2e1a0ee2dcb4b2c99d43744da0dd24a,S7R08454.JPG,shot_type,wide,Wide view,0.232657,clip,1.0
b2e1a0ee2dcb4b2c99d43744da0dd24a,S7R08454.JPG,people,no_people,No people,,threshold_rule,1.0
b2e1a0ee2dcb4b2c99d43744da0dd24a,S7R08454.JPG,nature,sea_ice,Sea ice,0.24325,clip,1.0
b2e1a0ee2dcb4b2c99d43744da0dd24a,S7R08454.JPG,nature,glacier,Glacier or ice cliff,0.252937,clip,1.0
b2e1a0ee2dcb4b2c99d43744da0dd24a,S7R08454.JPG,condition,weathered_timber,Weathered timber,0.24453,clip,1.0
c125d78f2c7b4b999ebfb597c96a5c41,S7R08455.JPG,site,base_w,"Base W, Detaille Island",,directory_path,1.0
c125d78f2c7b4b999ebfb597c96a5c41,S7R08455.JPG,scene_type,landscape,Landscape,0.256713,clip,1.0
c125d78f2c7b4b999ebfb597c96a5c41,S7R08455.JPG,shot_type,wide,Wide view,0.236669,clip,1.0
c125d78f2c7b4b999ebfb597c96a5c41,S7R08455.JPG,people,no_people,No people,,threshold_rule,1.0
c125d78f2c7b4b999ebfb597c96a5c41,S7R08455.JPG,nature,sea_ice,Sea ice,0.241572,clip,1.0
c125d78f2c7b4b999ebfb597c96a5c41,S7R08455.JPG,nature,glacier,Glacier or ice cliff,0.241923,clip,1.0
c125d78f2c7b4b999ebfb597c96a5c41,S7R08455.JPG,condition,weathered_timber,Weathered timber,0.250068,clip,1.0
e99d82e41a5c4a889581cf1f84c2bc55,S7R08456.JPG,site,base_w,"Base W, Detaille Island",,directory_path,1.0
e99d82e41a5c4a889581cf1f84c2bc55,S7R08456.JPG,scene_type,landscape,Landscape,0.245289,clip,1.0
e99d82e41a5c4a889581cf1f84c2bc55,S7R08456.JPG,shot_type,wide,Wide view,0.23955,clip,1.0
e99d82e41a5c4a889581cf1f84c2bc55,S7R08456.JPG,people,no_people,No people,,threshold_rule,1.0
e99d82e41a5c4a889581cf1f84c2bc55,S7R08456.JPG,condition,weathered_timber,Weathered timber,0.256767,clip,1.0
be2e471294034d1ead6b7afde4f0f240,S7R08457.JPG,site,base_w,"Base W, Detaille Island",,directory_path,1.0
be2e471294034d1ead6b7afde4f0f240,S7R08457.JPG,scene_type,landscape,Landscape,0.248303,clip,1.0
be2e471294034d1ead6b7afde4f0f240,S7R08457.JPG,shot_type,wide,Wide view,0.236034,clip,1.0
be2e471294034d1ead6b7afde4f0f240,S7R08457.JPG,people,no_people,No people,,threshold_rule,1.0
be2e471294034d1ead6b7afde4f0f240,S7R08457.JPG,condition,weathered_timber,Weathered timber,0.244069,clip,1.0
dbeb8d318da346b985c7539e9aa526e7,S7R08458.JPG,site,base_w,"Base W, Detaille Island",,directory_path,1.0
dbeb8d318da346b985c7539e9aa526e7,S7R08458.JPG,scene_type,landscape,Landscape,0.251619,clip,1.0
dbeb8d318da346b985c7539e9aa526e7,S7R08458.JPG,shot_type,wide,Wide view,0.245954,clip,1.0
dbeb8d318da346b985c7539e9aa526e7,S7R08458.JPG,people,no_people,No people,,threshold_rule,1.0
dbeb8d318da346b985c7539e9aa526e7,S7R08458.JPG,condition,weathered_timber,Weathered timber,0.240747,clip,1.0
e0c9afa8aaf54419bfa64e08f96bb9a3,S7R08459.JPG,site,base_w,"Base W, Detaille Island",,directory_path,1.0
e0c9afa8aaf54419bfa64e08f96bb9a3,S7R08459.JPG,scene_type,exterior,Exterior,0.239354,clip,1.0
e0c9afa8aaf54419bfa64e08f96bb9a3,S7R08459.JPG,shot_type,wide,Wide view,0.228954,clip,1.0
e0c9afa8aaf54419bfa64e08f96bb9a3,S7R08459.JPG,people,no_people,No people,,threshold_rule,1.0
e0c9afa8aaf54419bfa64e08f96bb9a3,S7R08459.JPG,structure,main_hut,Main hut,0.285131,clip,1.0
e0c9afa8aaf54419bfa64e08f96bb9a3,S7R08459.JPG,structure,outbuilding,Outbuilding,0.27904,clip,1.0
e0c9afa8aaf54419bfa64e08f96bb9a3,S7R08459.JPG,condition,weathered_timber,Weathered timber,0.248872,clip,1.0
acfe2ed465da488caf0c7a8fa3336cad,S7R08460.JPG,site,base_w,"Base W, Detaille Island",,directory_path,1.0
acfe2ed465da488caf0c7a8fa3336cad,S7R08460.JPG,scene_type,landscape,Landscape,0.252822,clip,1.0
acfe2ed465da488caf0c7a8fa3336cad,S7R08460.JPG,shot_type,wide,Wide view,0.242316,clip,1.0
acfe2ed465da488caf0c7a8fa3336cad,S7R08460.JPG,people,no_people,No people,,threshold_rule,1.0
acfe2ed465da488caf0c7a8fa3336cad,S7R08460.JPG,nature,exposed_rock,Exposed rock,0.242532,clip,1.0
acfe2ed465da488caf0c7a8fa3336cad,S7R08460.JPG,condition,weathered_timber,Weathered timber,0.256978,clip,1.0
8e45991d3cb248b6b3653324b6e89703,S7R08461.JPG,site,base_w,"Base W, Detaille Island",,directory_path,1.0
8e45991d3cb248b6b3653324b6e89703,S7R08461.JPG,scene_type,landscape,Landscape,0.236242,clip,1.0
8e45991d3cb248b6b3653324b6e89703,S7R08461.JPG,shot_type,wide,Wide view,0.223997,clip,1.0
8e45991d3cb248b6b3653324b6e89703,S7R08461.JPG,people,no_people,No people,,threshold_rule,1.0
8e45991d3cb248b6b3653324b6e89703,S7R08461.JPG,condition,weathered_timber,Weathered timber,0.245195,clip,1.0
c74128d813f24c33ae5256dfb710783b,S7R08462.JPG,site,base_w,"Base W, Detaille Island",,directory_path,1.0
c74128d813f24c33ae5256dfb710783b,S7R08462.JPG,scene_type,landscape,Landscape,0.244097,clip,1.0
c74128d813f24c33ae5256dfb710783b,S7R08462.JPG,shot_type,wide,Wide view,0.223756,clip,1.0
c74128d813f24c33ae5256dfb710783b,S7R08462.JPG,people,no_people,No people,,threshold_rule,1.0
3995d59e6ad44579883f0668ba0397d5,S7R08463.JPG,site,base_w,"Base W, Detaille Island",,directory_path,1.0
3995d59e6ad44579883f0668ba0397d5,S7R08463.JPG,scene_type,landscape,Landscape,0.239462,clip,1.0
3995d59e6ad44579883f0668ba0397d5,S7R08463.JPG,shot_type,wide,Wide view,0.22852,clip,1.0
3995d59e6ad44579883f0668ba0397d5,S7R08463.JPG,people,no_people,No people,,threshold_rule,1.0
3995d59e6ad44579883f0668ba0397d5,S7R08463.JPG,condition,weathered_timber,Weathered timber,0.250666,clip,1.0
cdf0ce78d669473a880cdd79cae4f2d9,S7R08464.JPG,site,base_w,"Base W, Detaille Island",,directory_path,1.0
cdf0ce78d669473a880cdd79cae4f2d9,S7R08464.JPG,scene_type,landscape,Landscape,0.244867,clip,1.0
cdf0ce78d669473a880cdd79cae4f2d9,S7R08464.JPG,shot_type,wide,Wide view,0.237707,clip,1.0
cdf0ce78d669473a880cdd79cae4f2d9,S7R08464.JPG,people,no_people,No people,,threshold_rule,1.0
cdf0ce78d669473a880cdd79cae4f2d9,S7R08464.JPG,nature,exposed_rock,Exposed rock,0.240544,clip,1.0
cdf0ce78d669473a880cdd79cae4f2d9,S7R08464.JPG,condition,weathered_timber,Weathered timber,0.258845,clip,1.0
be077ed484514f6c874081336170fb72,S7R08465.JPG,site,base_w,"Base W, Detaille Island",,directory_path,1.0
be077ed484514f6c874081336170fb72,S7R08465.JPG,scene_type,landscape,Landscape,0.256122,clip,1.0
be077ed484514f6c874081336170fb72,S7R08465.JPG,shot_type,wide,Wide view,0.244378,clip,1.0
be077ed484514f6c874081336170fb72,S7R08465.JPG,people,no_people,No people,,threshold_rule,1.0
f9502d0a5e9e4a0681b5f756edfc10bb,S7R08466.JPG,site,base_w,"Base W, Detaille Island",,directory_path,1.0
f9502d0a5e9e4a0681b5f756edfc10bb,S7R08466.JPG,scene_type,landscape,Landscape,0.250596,clip,1.0
f9502d0a5e9e4a0681b5f756edfc10bb,S7R08466.JPG,shot_type,wide,Wide view,0.238121,clip,1.0
f9502d0a5e9e4a0681b5f756edfc10bb,S7R08466.JPG,people,no_people,No people,,threshold_rule,1.0
f9502d0a5e9e4a0681b5f756edfc10bb,S7R08466.JPG,condition,weathered_timber,Weathered timber,0.246452,clip,1.0
255df8f871ca4146b2508290d40cb797,S7R08467.JPG,site,base_w,"Base W, Detaille Island",,directory_path,1.0
255df8f871ca4146b2508290d40cb797,S7R08467.JPG,scene_type,landscape,Landscape,0.251812,clip,1.0
255df8f871ca4146b2508290d40cb797,S7R08467.JPG,shot_type,wide,Wide view,0.225537,clip,1.0
255df8f871ca4146b2508290d40cb797,S7R08467.JPG,people,no_people,No people,,threshold_rule,1.0
6ed52101103e4e0cb3ac7787b76de167,S7R08468.JPG,site,base_w,"Base W, Detaille Island",,directory_path,1.0
6ed52101103e4e0cb3ac7787b76de167,S7R08468.JPG,scene_type,landscape,Landscape,0.260002,clip,1.0
6ed52101103e4e0cb3ac7787b76de167,S7R08468.JPG,shot_type,wide,Wide view,0.244553,clip,1.0
6ed52101103e4e0cb3ac7787b76de167,S7R08468.JPG,people,no_people,No people,,threshold_rule,1.0
6ed52101103e4e0cb3ac7787b76de167,S7R08468.JPG,condition,weathered_timber,Weathered timber,0.247116,clip,1.0
991d5adcf8bb4de4a4efff7e1d9ae221,S7R08469.JPG,site,base_w,"Base W, Detaille Island",,directory_path,1.0
991d5adcf8bb4de4a4efff7e1d9ae221,S7R08469.JPG,scene_type,landscape,Landscape,0.264607,clip,1.0
991d5adcf8bb4de4a4efff7e1d9ae221,S7R08469.JPG,shot_type,wide,Wide view,0.236573,clip,1.0
991d5adcf8bb4de4a4efff7e1d9ae221,S7R08469.JPG,people,no_people,No people,,threshold_rule,1.0
991d5adcf8bb4de4a4efff7e1d9ae221,S7R08469.JPG,nature,dog,Dog,0.24117,clip,1.0
991d5adcf8bb4de4a4efff7e1d9ae221,S7R08469.JPG,nature,snow,Snow,0.242257,clip,1.0
991d5adcf8bb4de4a4efff7e1d9ae221,S7R08469.JPG,nature,exposed_rock,Exposed rock,0.24006,clip,1.0
503040d230da4c269cdac8536dd0628a,S7R08470.JPG,site,base_w,"Base W, Detaille Island",,directory_path,1.0
503040d230da4c269cdac8536dd0628a,S7R08470.JPG,scene_type,exterior,Exterior,0.245971,clip,1.0
503040d230da4c269cdac8536dd0628a,S7R08470.JPG,shot_type,wide,Wide view,0.240322,clip,1.0
503040d230da4c269cdac8536dd0628a,S7R08470.JPG,people,no_people,No people,,threshold_rule,1.0
503040d230da4c269cdac8536dd0628a,S7R08470.JPG,structure,main_hut,Main hut,0.290087,clip,1.0
503040d230da4c269cdac8536dd0628a,S7R08470.JPG,structure,outbuilding,Outbuilding,0.293463,clip,1.0
503040d230da4c269cdac8536dd0628a,S7R08470.JPG,condition,weathered_timber,Weathered timber,0.261224,clip,1.0
0abc061968e14760bffac4e7f6bb44c4,S7R08471.JPG,site,base_w,"Base W, Detaille Island",,directory_path,1.0
0abc061968e14760bffac4e7f6bb44c4,S7R08471.JPG,scene_type,landscape,Landscape,0.243231,clip,1.0
0abc061968e14760bffac4e7f6bb44c4,S7R08471.JPG,shot_type,wide,Wide view,0.229248,clip,1.0
0abc061968e14760bffac4e7f6bb44c4,S7R08471.JPG,people,no_people,No people,,threshold_rule,1.0
b5ce2e562f0f42899dcf58bcd62ad0a9,S7R08472.JPG,site,base_w,"Base W, Detaille Island",,directory_path,1.0
b5ce2e562f0f42899dcf58bcd62ad0a9,S7R08472.JPG,scene_type,landscape,Landscape,0.254278,clip,1.0
b5ce2e562f0f42899dcf58bcd62ad0a9,S7R08472.JPG,shot_type,wide,Wide view,0.230014,clip,1.0
b5ce2e562f0f42899dcf58bcd62ad0a9,S7R08472.JPG,people,no_people,No people,,threshold_rule,1.0
6ee9ad5722fc40f5a0deb8796143bb8d,S7R08473.JPG,site,base_w,"Base W, Detaille Island",,directory_path,1.0
6ee9ad5722fc40f5a0deb8796143bb8d,S7R08473.JPG,scene_type,landscape,Landscape,0.250985,clip,1.0
6ee9ad5722fc40f5a0deb8796143bb8d,S7R08473.JPG,shot_type,wide,Wide view,0.235414,clip,1.0
6ee9ad5722fc40f5a0deb8796143bb8d,S7R08473.JPG,people,no_people,No people,,threshold_rule,1.0
6ee9ad5722fc40f5a0deb8796143bb8d,S7R08473.JPG,condition,weathered_timber,Weathered timber,0.253714,clip,1.0
c2076e0222ee45c1b810326491932946,S7R08474.JPG,site,base_w,"Base W, Detaille Island",,directory_path,1.0
c2076e0222ee45c1b810326491932946,S7R08474.JPG,scene_type,landscape,Landscape,0.255039,clip,1.0
c2076e0222ee45c1b810326491932946,S7R08474.JPG,shot_type,wide,Wide view,0.24209,clip,1.0
c2076e0222ee45c1b810326491932946,S7R08474.JPG,people,no_people,No people,,threshold_rule,1.0
c2076e0222ee45c1b810326491932946,S7R08474.JPG,condition,weathered_timber,Weathered timber,0.24253,clip,1.0
6a2fc8cd874345a6817406420a6ac4e7,S7R08475.JPG,site,base_w,"Base W, Detaille Island",,directory_path,1.0
6a2fc8cd874345a6817406420a6ac4e7,S7R08475.JPG,scene_type,landscape,Landscape,0.241435,clip,1.0
6a2fc8cd874345a6817406420a6ac4e7,S7R08475.JPG,shot_type,wide,Wide view,0.233942,clip,1.0
6a2fc8cd874345a6817406420a6ac4e7,S7R08475.JPG,people,no_people,No people,,threshold_rule,1.0
15f98477474c421f8692797d7d5ec010,S7R08476.JPG,site,base_w,"Base W, Detaille Island",,directory_path,1.0
15f98477474c421f8692797d7d5ec010,S7R08476.JPG,scene_type,landscape,Landscape,0.256492,clip,1.0
15f98477474c421f8692797d7d5ec010,S7R08476.JPG,shot_type,wide,Wide view,0.236893,clip,1.0
15f98477474c421f8692797d7d5ec010,S7R08476.JPG,people,no_people,No people,,threshold_rule,1.0
15f98477474c421f8692797d7d5ec010,S7R08476.JPG,nature,glacier,Glacier or ice cliff,0.248143,clip,1.0
15f98477474c421f8692797d7d5ec010,S7R08476.JPG,nature,exposed_rock,Exposed rock,0.247444,clip,1.0
3b18929d8c3b4f3e9b4fb9a064e7703f,S7R08477.JPG,site,base_w,"Base W, Detaille Island",,directory_path,1.0
3b18929d8c3b4f3e9b4fb9a064e7703f,S7R08477.JPG,scene_type,landscape,Landscape,0.238012,clip,1.0
3b18929d8c3b4f3e9b4fb9a064e7703f,S7R08477.JPG,shot_type,wide,Wide view,0.218818,clip,1.0
3b18929d8c3b4f3e9b4fb9a064e7703f,S7R08477.JPG,people,no_people,No people,,threshold_rule,1.0
3b18929d8c3b4f3e9b4fb9a064e7703f,S7R08477.JPG,nature,penguin,Penguin,0.242841,clip,1.0
3b18929d8c3b4f3e9b4fb9a064e7703f,S7R08477.JPG,nature,glacier,Glacier or ice cliff,0.243343,clip,1.0
3b18929d8c3b4f3e9b4fb9a064e7703f,S7R08477.JPG,nature,exposed_rock,Exposed rock,0.251116,clip,1.0
724cdccdb2584109ac3a3ed58ca49572,S7R08478.JPG,site,base_w,"Base W, Detaille Island",,directory_path,1.0
724cdccdb2584109ac3a3ed58ca49572,S7R08478.JPG,scene_type,landscape,Landscape,0.255418,clip,1.0
724cdccdb2584109ac3a3ed58ca49572,S7R08478.JPG,shot_type,wide,Wide view,0.23351,clip,1.0
724cdccdb2584109ac3a3ed58ca49572,S7R08478.JPG,people,no_people,No people,,threshold_rule,1.0
724cdccdb2584109ac3a3ed58ca49572,S7R08478.JPG,nature,exposed_rock,Exposed rock,0.242113,clip,1.0
93a125cdb3cb4cd9931040a318633f16,S7R08479.JPG,site,base_w,"Base W, Detaille Island",,directory_path,1.0
93a125cdb3cb4cd9931040a318633f16,S7R08479.JPG,scene_type,exterior,Exterior,0.243931,clip,1.0
93a125cdb3cb4cd9931040a318633f16,S7R08479.JPG,shot_type,wide,Wide view,0.231193,clip,1.0
93a125cdb3cb4cd9931040a318633f16,S7R08479.JPG,people,no_people,No people,,threshold_rule,1.0
93a125cdb3cb4cd9931040a318633f16,S7R08479.JPG,structure,main_hut,Main hut,0.281327,clip,1.0
93a125cdb3cb4cd9931040a318633f16,S7R08479.JPG,structure,outbuilding,Outbuilding,0.273446,clip,1.0
93a125cdb3cb4cd9931040a318633f16,S7R08479.JPG,condition,weathered_timber,Weathered timber,0.243961,clip,1.0
f947193a336745a787ef380aaf67e371,S7R08480.JPG,site,base_w,"Base W, Detaille Island",,directory_path,1.0
f947193a336745a787ef380aaf67e371,S7R08480.JPG,scene_type,landscape,Landscape,0.264867,clip,1.0
f947193a336745a787ef380aaf67e371,S7R08480.JPG,shot_type,wide,Wide view,0.242711,clip,1.0
f947193a336745a787ef380aaf67e371,S7R08480.JPG,people,no_people,No people,,threshold_rule,1.0
f947193a336745a787ef380aaf67e371,S7R08480.JPG,condition,weathered_timber,Weathered timber,0.247601,clip,1.0
82bcd30207344242a0ef0df6c11c385d,S7R08481.JPG,site,base_w,"Base W, Detaille Island",,directory_path,1.0
82bcd30207344242a0ef0df6c11c385d,S7R08481.JPG,scene_type,landscape,Landscape,0.246586,clip,1.0
82bcd30207344242a0ef0df6c11c385d,S7R08481.JPG,shot_type,wide,Wide view,0.232552,clip,1.0
82bcd30207344242a0ef0df6c11c385d,S7R08481.JPG,people,no_people,No people,,threshold_rule,1.0
82bcd30207344242a0ef0df6c11c385d,S7R08481.JPG,nature,exposed_rock,Exposed rock,0.242788,clip,1.0
82bcd30207344242a0ef0df6c11c385d,S7R08481.JPG,condition,weathered_timber,Weathered timber,0.262547,clip,1.0
cb96b02ce9a24b07b273303a1ca41f70,S7R08482.JPG,site,base_w,"Base W, Detaille Island",,directory_path,1.0
cb96b02ce9a24b07b273303a1ca41f70,S7R08482.JPG,scene_type,landscape,Landscape,0.263172,clip,1.0
cb96b02ce9a24b07b273303a1ca41f70,S7R08482.JPG,shot_type,wide,Wide view,0.237945,clip,1.0
cb96b02ce9a24b07b273303a1ca41f70,S7R08482.JPG,people,no_people,No people,,threshold_rule,1.0
cb96b02ce9a24b07b273303a1ca41f70,S7R08482.JPG,nature,snow,Snow,0.241102,clip,1.0
cb96b02ce9a24b07b273303a1ca41f70,S7R08482.JPG,nature,sea_ice,Sea ice,0.241186,clip,1.0
cb96b02ce9a24b07b273303a1ca41f70,S7R08482.JPG,nature,glacier,Glacier or ice cliff,0.250548,clip,1.0
24b48c8eb05b49c089c28b2d03360b73,S7R08483.JPG,site,base_w,"Base W, Detaille Island",,directory_path,1.0
24b48c8eb05b49c089c28b2d03360b73,S7R08483.JPG,scene_type,landscape,Landscape,0.222235,clip,1.0
24b48c8eb05b49c089c28b2d03360b73,S7R08483.JPG,shot_type,detail,Detail,0.210692,clip,1.0
24b48c8eb05b49c089c28b2d03360b73,S7R08483.JPG,people,no_people,No people,,threshold_rule,1.0
24b48c8eb05b49c089c28b2d03360b73,S7R08483.JPG,nature,exposed_rock,Exposed rock,0.247913,clip,1.0
e139a28d4d114e448bcd7b8523254ed8,S7R08484.JPG,site,base_w,"Base W, Detaille Island",,directory_path,1.0
e139a28d4d114e448bcd7b8523254ed8,S7R08484.JPG,scene_type,landscape,Landscape,0.244525,clip,1.0
e139a28d4d114e448bcd7b8523254ed8,S7R08484.JPG,shot_type,detail,Detail,0.211815,clip,1.0
e139a28d4d114e448bcd7b8523254ed8,S7R08484.JPG,people,no_people,No people,,threshold_rule,1.0
e139a28d4d114e448bcd7b8523254ed8,S7R08484.JPG,nature,penguin,Penguin,0.274,clip,1.0
e139a28d4d114e448bcd7b8523254ed8,S7R08484.JPG,nature,glacier,Glacier or ice cliff,0.266687,clip,1.0
e139a28d4d114e448bcd7b8523254ed8,S7R08484.JPG,nature,exposed_rock,Exposed rock,0.248688,clip,1.0
1d0615ea69f5498d80440502147425cd,S7R08485.JPG,site,base_w,"Base W, Detaille Island",,directory_path,1.0
1d0615ea69f5498d80440502147425cd,S7R08485.JPG,scene_type,landscape,Landscape,0.274561,clip,1.0
1d0615ea69f5498d80440502147425cd,S7R08485.JPG,shot_type,wide,Wide view,0.209122,clip,1.0
1d0615ea69f5498d80440502147425cd,S7R08485.JPG,people,no_people,No people,,threshold_rule,1.0
1d0615ea69f5498d80440502147425cd,S7R08485.JPG,nature,penguin,Penguin,0.260794,clip,1.0
1d0615ea69f5498d80440502147425cd,S7R08485.JPG,nature,glacier,Glacier or ice cliff,0.27275,clip,1.0
1d0615ea69f5498d80440502147425cd,S7R08485.JPG,nature,exposed_rock,Exposed rock,0.261294,clip,1.0
1d0615ea69f5498d80440502147425cd,S7R08485.JPG,nature,mountains,Mountains,0.252681,clip,1.0
f4c8ce22b2b8493981205551419d7479,S7R08486.JPG,site,base_w,"Base W, Detaille Island",,directory_path,1.0
f4c8ce22b2b8493981205551419d7479,S7R08486.JPG,scene_type,landscape,Landscape,0.285606,clip,1.0
f4c8ce22b2b8493981205551419d7479,S7R08486.JPG,shot_type,wide,Wide view,0.22639,clip,1.0
f4c8ce22b2b8493981205551419d7479,S7R08486.JPG,people,no_people,No people,,threshold_rule,1.0
f4c8ce22b2b8493981205551419d7479,S7R08486.JPG,nature,penguin,Penguin,0.272277,clip,1.0
f4c8ce22b2b8493981205551419d7479,S7R08486.JPG,nature,sea_ice,Sea ice,0.240558,clip,1.0
f4c8ce22b2b8493981205551419d7479,S7R08486.JPG,nature,glacier,Glacier or ice cliff,0.279783,clip,1.0
f4c8ce22b2b8493981205551419d7479,S7R08486.JPG,nature,exposed_rock,Exposed rock,0.264186,clip,1.0
f4c8ce22b2b8493981205551419d7479,S7R08486.JPG,nature,mountains,Mountains,0.240576,clip,1.0
f4c8ce22b2b8493981205551419d7479,S7R08486.JPG,nature,overcast,Overcast or storm,0.240943,clip,1.0
fa2b038ae4574972b5df6a6f1dff3ae6,S7R08487.JPG,site,base_w,"Base W, Detaille Island",,directory_path,1.0
fa2b038ae4574972b5df6a6f1dff3ae6,S7R08487.JPG,scene_type,landscape,Landscape,0.27057,clip,1.0
fa2b038ae4574972b5df6a6f1dff3ae6,S7R08487.JPG,shot_type,wide,Wide view,0.215496,clip,1.0
fa2b038ae4574972b5df6a6f1dff3ae6,S7R08487.JPG,people,no_people,No people,,threshold_rule,1.0
fa2b038ae4574972b5df6a6f1dff3ae6,S7R08487.JPG,nature,penguin,Penguin,0.260501,clip,1.0
fa2b038ae4574972b5df6a6f1dff3ae6,S7R08487.JPG,nature,seal,Seal,0.249316,clip,1.0
fa2b038ae4574972b5df6a6f1dff3ae6,S7R08487.JPG,nature,snow,Snow,0.243844,clip,1.0
fa2b038ae4574972b5df6a6f1dff3ae6,S7R08487.JPG,nature,glacier,Glacier or ice cliff,0.262771,clip,1.0
fa2b038ae4574972b5df6a6f1dff3ae6,S7R08487.JPG,nature,exposed_rock,Exposed rock,0.258396,clip,1.0
fa2b038ae4574972b5df6a6f1dff3ae6,S7R08487.JPG,nature,overcast,Overcast or storm,0.244383,clip,1.0
fa2b038ae4574972b5df6a6f1dff3ae6,S7R08487.JPG,condition,structural_damage,Structural damage,0.242347,clip,1.0
10174af65dbb4430889dce2709c257cb,S7R08488.JPG,site,base_w,"Base W, Detaille Island",,directory_path,1.0
10174af65dbb4430889dce2709c257cb,S7R08488.JPG,scene_type,landscape,Landscape,0.291906,clip,1.0
10174af65dbb4430889dce2709c257cb,S7R08488.JPG,shot_type,wide,Wide view,0.215915,clip,1.0
10174af65dbb4430889dce2709c257cb,S7R08488.JPG,people,no_people,No people,,threshold_rule,1.0
10174af65dbb4430889dce2709c257cb,S7R08488.JPG,nature,penguin,Penguin,0.260017,clip,1.0
10174af65dbb4430889dce2709c257cb,S7R08488.JPG,nature,seal,Seal,0.246345,clip,1.0
10174af65dbb4430889dce2709c257cb,S7R08488.JPG,nature,snow,Snow,0.251511,clip,1.0
10174af65dbb4430889dce2709c257cb,S7R08488.JPG,nature,sea_ice,Sea ice,0.243354,clip,1.0
10174af65dbb4430889dce2709c257cb,S7R08488.JPG,nature,glacier,Glacier or ice cliff,0.278249,clip,1.0
10174af65dbb4430889dce2709c257cb,S7R08488.JPG,nature,exposed_rock,Exposed rock,0.271424,clip,1.0
10174af65dbb4430889dce2709c257cb,S7R08488.JPG,nature,mountains,Mountains,0.2537,clip,1.0
10174af65dbb4430889dce2709c257cb,S7R08488.JPG,nature,overcast,Overcast or storm,0.257374,clip,1.0
19225dfe67bf47b0b3cd5549cab7cb05,S7R08489.JPG,site,base_w,"Base W, Detaille Island",,directory_path,1.0
19225dfe67bf47b0b3cd5549cab7cb05,S7R08489.JPG,scene_type,landscape,Landscape,0.315982,clip,1.0
19225dfe67bf47b0b3cd5549cab7cb05,S7R08489.JPG,shot_type,wide,Wide view,0.202214,clip,1.0
19225dfe67bf47b0b3cd5549cab7cb05,S7R08489.JPG,people,no_people,No people,,threshold_rule,1.0
19225dfe67bf47b0b3cd5549cab7cb05,S7R08489.JPG,nature,snow,Snow,0.260145,clip,1.0
19225dfe67bf47b0b3cd5549cab7cb05,S7R08489.JPG,nature,sea_ice,Sea ice,0.253316,clip,1.0
19225dfe67bf47b0b3cd5549cab7cb05,S7R08489.JPG,nature,glacier,Glacier or ice cliff,0.245757,clip,1.0
19225dfe67bf47b0b3cd5549cab7cb05,S7R08489.JPG,nature,exposed_rock,Exposed rock,0.265567,clip,1.0
19225dfe67bf47b0b3cd5549cab7cb05,S7R08489.JPG,nature,mountains,Mountains,0.258958,clip,1.0
19225dfe67bf47b0b3cd5549cab7cb05,S7R08489.JPG,nature,overcast,Overcast or storm,0.260767,clip,1.0
19225dfe67bf47b0b3cd5549cab7cb05,S7R08489.JPG,nature,clear_sky,Clear sky,0.256372,clip,1.0
d24b8438dc0b4af1b520168ca4db2d88,S7R08490.JPG,site,base_w,"Base W, Detaille Island",,directory_path,1.0
d24b8438dc0b4af1b520168ca4db2d88,S7R08490.JPG,scene_type,landscape,Landscape,0.28318,clip,1.0
d24b8438dc0b4af1b520168ca4db2d88,S7R08490.JPG,shot_type,wide,Wide view,0.205148,clip,1.0
d24b8438dc0b4af1b520168ca4db2d88,S7R08490.JPG,people,no_people,No people,,threshold_rule,1.0
d24b8438dc0b4af1b520168ca4db2d88,S7R08490.JPG,nature,penguin,Penguin,0.271635,clip,1.0
d24b8438dc0b4af1b520168ca4db2d88,S7R08490.JPG,nature,glacier,Glacier or ice cliff,0.259101,clip,1.0
d24b8438dc0b4af1b520168ca4db2d88,S7R08490.JPG,nature,exposed_rock,Exposed rock,0.268891,clip,1.0
d24b8438dc0b4af1b520168ca4db2d88,S7R08490.JPG,nature,mountains,Mountains,0.253883,clip,1.0
d24b8438dc0b4af1b520168ca4db2d88,S7R08490.JPG,nature,overcast,Overcast or storm,0.249277,clip,1.0
d24b8438dc0b4af1b520168ca4db2d88,S7R08490.JPG,nature,clear_sky,Clear sky,0.252242,clip,1.0
e1b0ae5a80824d5383892df7b3d3ccc3,S7R08491.JPG,site,base_w,"Base W, Detaille Island",,directory_path,1.0
e1b0ae5a80824d5383892df7b3d3ccc3,S7R08491.JPG,scene_type,landscape,Landscape,0.29261,clip,1.0
e1b0ae5a80824d5383892df7b3d3ccc3,S7R08491.JPG,shot_type,wide,Wide view,0.247539,clip,1.0
e1b0ae5a80824d5383892df7b3d3ccc3,S7R08491.JPG,people,no_people,No people,,threshold_rule,1.0
e1b0ae5a80824d5383892df7b3d3ccc3,S7R08491.JPG,nature,penguin,Penguin,0.250556,clip,1.0
e1b0ae5a80824d5383892df7b3d3ccc3,S7R08491.JPG,nature,sea_ice,Sea ice,0.250733,clip,1.0
e1b0ae5a80824d5383892df7b3d3ccc3,S7R08491.JPG,nature,glacier,Glacier or ice cliff,0.263876,clip,1.0
e1b0ae5a80824d5383892df7b3d3ccc3,S7R08491.JPG,nature,exposed_rock,Exposed rock,0.242799,clip,1.0
e1b0ae5a80824d5383892df7b3d3ccc3,S7R08491.JPG,nature,mountains,Mountains,0.256667,clip,1.0
e1b0ae5a80824d5383892df7b3d3ccc3,S7R08491.JPG,nature,overcast,Overcast or storm,0.245596,clip,1.0
aab4e117dc704dc7bda8fa1bf7a41c73,S7R08492.JPG,site,base_w,"Base W, Detaille Island",,directory_path,1.0
aab4e117dc704dc7bda8fa1bf7a41c73,S7R08492.JPG,scene_type,landscape,Landscape,0.281676,clip,1.0
aab4e117dc704dc7bda8fa1bf7a41c73,S7R08492.JPG,shot_type,wide,Wide view,0.235521,clip,1.0
aab4e117dc704dc7bda8fa1bf7a41c73,S7R08492.JPG,people,no_people,No people,,threshold_rule,1.0
aab4e117dc704dc7bda8fa1bf7a41c73,S7R08492.JPG,nature,penguin,Penguin,0.241071,clip,1.0
aab4e117dc704dc7bda8fa1bf7a41c73,S7R08492.JPG,nature,seal,Seal,0.241719,clip,1.0
aab4e117dc704dc7bda8fa1bf7a41c73,S7R08492.JPG,nature,sea_ice,Sea ice,0.257061,clip,1.0
aab4e117dc704dc7bda8fa1bf7a41c73,S7R08492.JPG,nature,glacier,Glacier or ice cliff,0.265575,clip,1.0
aab4e117dc704dc7bda8fa1bf7a41c73,S7R08492.JPG,nature,mountains,Mountains,0.247103,clip,1.0
34bc4e0ada514e849a664e2801e0e440,S7R08493.JPG,site,base_w,"Base W, Detaille Island",,directory_path,1.0
34bc4e0ada514e849a664e2801e0e440,S7R08493.JPG,scene_type,landscape,Landscape,0.253109,clip,1.0
34bc4e0ada514e849a664e2801e0e440,S7R08493.JPG,shot_type,wide,Wide view,0.242982,clip,1.0
34bc4e0ada514e849a664e2801e0e440,S7R08493.JPG,people,no_people,No people,,threshold_rule,1.0
34bc4e0ada514e849a664e2801e0e440,S7R08493.JPG,nature,exposed_rock,Exposed rock,0.241654,clip,1.0
34bc4e0ada514e849a664e2801e0e440,S7R08493.JPG,condition,weathered_timber,Weathered timber,0.263838,clip,1.0
33d8e7418ec2496f8c0ffdb77b86e169,S7R08494.JPG,site,base_w,"Base W, Detaille Island",,directory_path,1.0
33d8e7418ec2496f8c0ffdb77b86e169,S7R08494.JPG,scene_type,landscape,Landscape,0.265278,clip,1.0
33d8e7418ec2496f8c0ffdb77b86e169,S7R08494.JPG,shot_type,wide,Wide view,0.243402,clip,1.0
33d8e7418ec2496f8c0ffdb77b86e169,S7R08494.JPG,people,no_people,No people,,threshold_rule,1.0
33d8e7418ec2496f8c0ffdb77b86e169,S7R08494.JPG,nature,glacier,Glacier or ice cliff,0.24024,clip,1.0
33d8e7418ec2496f8c0ffdb77b86e169,S7R08494.JPG,nature,exposed_rock,Exposed rock,0.242345,clip,1.0
33d8e7418ec2496f8c0ffdb77b86e169,S7R08494.JPG,condition,weathered_timber,Weathered timber,0.265015,clip,1.0
b2a1ff2cce664108ab065c5830d1e990,S7R08495.JPG,site,base_w,"Base W, Detaille Island",,directory_path,1.0
b2a1ff2cce664108ab065c5830d1e990,S7R08495.JPG,scene_type,landscape,Landscape,0.265845,clip,1.0
b2a1ff2cce664108ab065c5830d1e990,S7R08495.JPG,shot_type,wide,Wide view,0.225017,clip,1.0
b2a1ff2cce664108ab065c5830d1e990,S7R08495.JPG,people,no_people,No people,,threshold_rule,1.0
b2a1ff2cce664108ab065c5830d1e990,S7R08495.JPG,nature,snow,Snow,0.242357,clip,1.0
00bfc1ad3cae45b1beedf00d2a7c5210,S7R08496.JPG,site,base_w,"Base W, Detaille Island",,directory_path,1.0
00bfc1ad3cae45b1beedf00d2a7c5210,S7R08496.JPG,scene_type,landscape,Landscape,0.256995,clip,1.0
00bfc1ad3cae45b1beedf00d2a7c5210,S7R08496.JPG,shot_type,wide,Wide view,0.235919,clip,1.0
00bfc1ad3cae45b1beedf00d2a7c5210,S7R08496.JPG,people,no_people,No people,,threshold_rule,1.0
4f6f3b9e3d4f400b992de84d30e60349,S7R08497.JPG,site,base_w,"Base W, Detaille Island",,directory_path,1.0
4f6f3b9e3d4f400b992de84d30e60349,S7R08497.JPG,scene_type,landscape,Landscape,0.249332,clip,1.0
4f6f3b9e3d4f400b992de84d30e60349,S7R08497.JPG,shot_type,wide,Wide view,0.243076,clip,1.0
4f6f3b9e3d4f400b992de84d30e60349,S7R08497.JPG,people,no_people,No people,,threshold_rule,1.0
85b0e9c224274af0bc0746a49ed3b1c8,S7R08498.JPG,site,base_w,"Base W, Detaille Island",,directory_path,1.0
85b0e9c224274af0bc0746a49ed3b1c8,S7R08498.JPG,scene_type,landscape,Landscape,0.274465,clip,1.0
85b0e9c224274af0bc0746a49ed3b1c8,S7R08498.JPG,shot_type,wide,Wide view,0.243221,clip,1.0
85b0e9c224274af0bc0746a49ed3b1c8,S7R08498.JPG,people,no_people,No people,,threshold_rule,1.0
221cf524e1594252bca76d924444195d,S7R08499.JPG,site,base_w,"Base W, Detaille Island",,directory_path,1.0
221cf524e1594252bca76d924444195d,S7R08499.JPG,scene_type,landscape,Landscape,0.216215,clip,1.0
221cf524e1594252bca76d924444195d,S7R08499.JPG,shot_type,detail,Detail,0.206885,clip,1.0
221cf524e1594252bca76d924444195d,S7R08499.JPG,people,no_people,No people,,threshold_rule,1.0
221cf524e1594252bca76d924444195d,S7R08499.JPG,nature,sea_ice,Sea ice,0.241443,clip,1.0
221cf524e1594252bca76d924444195d,S7R08499.JPG,nature,exposed_rock,Exposed rock,0.247947,clip,1.0
221cf524e1594252bca76d924444195d,S7R08499.JPG,condition,object_wear,Object wear,0.241664,clip,1.0
0531f7e2ca1c4993b3d265429ea964a9,S7R08500.JPG,site,base_w,"Base W, Detaille Island",,directory_path,1.0
0531f7e2ca1c4993b3d265429ea964a9,S7R08500.JPG,scene_type,landscape,Landscape,0.237856,clip,1.0
0531f7e2ca1c4993b3d265429ea964a9,S7R08500.JPG,shot_type,wide,Wide view,0.216506,clip,1.0
0531f7e2ca1c4993b3d265429ea964a9,S7R08500.JPG,people,no_people,No people,,threshold_rule,1.0
0531f7e2ca1c4993b3d265429ea964a9,S7R08500.JPG,nature,penguin,Penguin,0.249038,clip,1.0
0531f7e2ca1c4993b3d265429ea964a9,S7R08500.JPG,nature,dog,Dog,0.240976,clip,1.0
0531f7e2ca1c4993b3d265429ea964a9,S7R08500.JPG,nature,seal,Seal,0.253718,clip,1.0
0531f7e2ca1c4993b3d265429ea964a9,S7R08500.JPG,nature,sea_ice,Sea ice,0.244828,clip,1.0
0531f7e2ca1c4993b3d265429ea964a9,S7R08500.JPG,nature,glacier,Glacier or ice cliff,0.253426,clip,1.0
0531f7e2ca1c4993b3d265429ea964a9,S7R08500.JPG,nature,exposed_rock,Exposed rock,0.242448,clip,1.0
394fb31c54174f559f607f7755ae9a44,S7R08501.JPG,site,base_w,"Base W, Detaille Island",,directory_path,1.0
394fb31c54174f559f607f7755ae9a44,S7R08501.JPG,scene_type,landscape,Landscape,0.233838,clip,1.0
394fb31c54174f559f607f7755ae9a44,S7R08501.JPG,shot_type,detail,Detail,0.224216,clip,1.0
394fb31c54174f559f607f7755ae9a44,S7R08501.JPG,people,no_people,No people,,threshold_rule,1.0
394fb31c54174f559f607f7755ae9a44,S7R08501.JPG,nature,penguin,Penguin,0.258055,clip,1.0
394fb31c54174f559f607f7755ae9a44,S7R08501.JPG,nature,glacier,Glacier or ice cliff,0.25856,clip,1.0
394fb31c54174f559f607f7755ae9a44,S7R08501.JPG,nature,exposed_rock,Exposed rock,0.263194,clip,1.0
bf1de832ad4a46a2933f7745cbd79d87,S7R08502.JPG,site,base_w,"Base W, Detaille Island",,directory_path,1.0
bf1de832ad4a46a2933f7745cbd79d87,S7R08502.JPG,scene_type,landscape,Landscape,0.239993,clip,1.0
bf1de832ad4a46a2933f7745cbd79d87,S7R08502.JPG,shot_type,detail,Detail,0.221411,clip,1.0
bf1de832ad4a46a2933f7745cbd79d87,S7R08502.JPG,people,no_people,No people,,threshold_rule,1.0
bf1de832ad4a46a2933f7745cbd79d87,S7R08502.JPG,nature,penguin,Penguin,0.257497,clip,1.0
bf1de832ad4a46a2933f7745cbd79d87,S7R08502.JPG,nature,glacier,Glacier or ice cliff,0.275034,clip,1.0
bf1de832ad4a46a2933f7745cbd79d87,S7R08502.JPG,nature,exposed_rock,Exposed rock,0.250469,clip,1.0
d59bd3c4ecb34482be43547879f97c35,S7R08503.JPG,site,base_w,"Base W, Detaille Island",,directory_path,1.0
d59bd3c4ecb34482be43547879f97c35,S7R08503.JPG,scene_type,landscape,Landscape,0.269417,clip,1.0
d59bd3c4ecb34482be43547879f97c35,S7R08503.JPG,shot_type,wide,Wide view,0.214582,clip,1.0
d59bd3c4ecb34482be43547879f97c35,S7R08503.JPG,people,no_people,No people,,threshold_rule,1.0
d59bd3c4ecb34482be43547879f97c35,S7R08503.JPG,nature,penguin,Penguin,0.263391,clip,1.0
d59bd3c4ecb34482be43547879f97c35,S7R08503.JPG,nature,glacier,Glacier or ice cliff,0.27443,clip,1.0
d59bd3c4ecb34482be43547879f97c35,S7R08503.JPG,nature,exposed_rock,Exposed rock,0.270262,clip,1.0
d59bd3c4ecb34482be43547879f97c35,S7R08503.JPG,nature,mountains,Mountains,0.250142,clip,1.0
52726b011be14340b4eb831ae6f1c28f,S7R08504.JPG,site,base_w,"Base W, Detaille Island",,directory_path,1.0
52726b011be14340b4eb831ae6f1c28f,S7R08504.JPG,scene_type,landscape,Landscape,0.262329,clip,1.0
52726b011be14340b4eb831ae6f1c28f,S7R08504.JPG,shot_type,wide,Wide view,0.20117,clip,1.0
52726b011be14340b4eb831ae6f1c28f,S7R08504.JPG,people,no_people,No people,,threshold_rule,1.0
52726b011be14340b4eb831ae6f1c28f,S7R08504.JPG,nature,penguin,Penguin,0.267042,clip,1.0
52726b011be14340b4eb831ae6f1c28f,S7R08504.JPG,nature,glacier,Glacier or ice cliff,0.252326,clip,1.0
52726b011be14340b4eb831ae6f1c28f,S7R08504.JPG,nature,exposed_rock,Exposed rock,0.274134,clip,1.0
52726b011be14340b4eb831ae6f1c28f,S7R08504.JPG,nature,mountains,Mountains,0.254097,clip,1.0
21f19d0b206547e2aa494166d15262fa,S7R08505.JPG,site,base_w,"Base W, Detaille Island",,directory_path,1.0
21f19d0b206547e2aa494166d15262fa,S7R08505.JPG,scene_type,landscape,Landscape,0.27085,clip,1.0
21f19d0b206547e2aa494166d15262fa,S7R08505.JPG,shot_type,wide,Wide view,0.213708,clip,1.0
21f19d0b206547e2aa494166d15262fa,S7R08505.JPG,people,no_people,No people,,threshold_rule,1.0
21f19d0b206547e2aa494166d15262fa,S7R08505.JPG,nature,penguin,Penguin,0.255368,clip,1.0
21f19d0b206547e2aa494166d15262fa,S7R08505.JPG,nature,glacier,Glacier or ice cliff,0.260946,clip,1.0
21f19d0b206547e2aa494166d15262fa,S7R08505.JPG,nature,exposed_rock,Exposed rock,0.251272,clip,1.0
21f19d0b206547e2aa494166d15262fa,S7R08505.JPG,nature,mountains,Mountains,0.246491,clip,1.0
09a49b2343234ef9a78214309673179d,S7R08506.JPG,site,base_w,"Base W, Detaille Island",,directory_path,1.0
09a49b2343234ef9a78214309673179d,S7R08506.JPG,scene_type,landscape,Landscape,0.269017,clip,1.0
09a49b2343234ef9a78214309673179d,S7R08506.JPG,shot_type,wide,Wide view,0.209758,clip,1.0
09a49b2343234ef9a78214309673179d,S7R08506.JPG,people,no_people,No people,,threshold_rule,1.0
09a49b2343234ef9a78214309673179d,S7R08506.JPG,nature,penguin,Penguin,0.263621,clip,1.0
09a49b2343234ef9a78214309673179d,S7R08506.JPG,nature,glacier,Glacier or ice cliff,0.247304,clip,1.0
09a49b2343234ef9a78214309673179d,S7R08506.JPG,nature,exposed_rock,Exposed rock,0.258903,clip,1.0
09a49b2343234ef9a78214309673179d,S7R08506.JPG,nature,mountains,Mountains,0.261559,clip,1.0
16cb160c6d9c46b0ad2f0100f6243986,S7R08507.JPG,site,base_w,"Base W, Detaille Island",,directory_path,1.0
16cb160c6d9c46b0ad2f0100f6243986,S7R08507.JPG,scene_type,landscape,Landscape,0.303324,clip,1.0
16cb160c6d9c46b0ad2f0100f6243986,S7R08507.JPG,shot_type,wide,Wide view,0.208133,clip,1.0
16cb160c6d9c46b0ad2f0100f6243986,S7R08507.JPG,people,no_people,No people,,threshold_rule,1.0
16cb160c6d9c46b0ad2f0100f6243986,S7R08507.JPG,nature,penguin,Penguin,0.263228,clip,1.0
16cb160c6d9c46b0ad2f0100f6243986,S7R08507.JPG,nature,snow,Snow,0.258736,clip,1.0
16cb160c6d9c46b0ad2f0100f6243986,S7R08507.JPG,nature,sea_ice,Sea ice,0.256429,clip,1.0
16cb160c6d9c46b0ad2f0100f6243986,S7R08507.JPG,nature,glacier,Glacier or ice cliff,0.270111,clip,1.0
16cb160c6d9c46b0ad2f0100f6243986,S7R08507.JPG,nature,exposed_rock,Exposed rock,0.267529,clip,1.0
16cb160c6d9c46b0ad2f0100f6243986,S7R08507.JPG,nature,mountains,Mountains,0.258958,clip,1.0
16cb160c6d9c46b0ad2f0100f6243986,S7R08507.JPG,nature,overcast,Overcast or storm,0.25677,clip,1.0
16cb160c6d9c46b0ad2f0100f6243986,S7R08507.JPG,nature,clear_sky,Clear sky,0.246191,clip,1.0
c712ff581aa44dbfb807f55e11973b93,S7R08508.JPG,site,base_w,"Base W, Detaille Island",,directory_path,1.0
c712ff581aa44dbfb807f55e11973b93,S7R08508.JPG,scene_type,landscape,Landscape,0.287923,clip,1.0
c712ff581aa44dbfb807f55e11973b93,S7R08508.JPG,shot_type,wide,Wide view,0.215426,clip,1.0
c712ff581aa44dbfb807f55e11973b93,S7R08508.JPG,people,no_people,No people,,threshold_rule,1.0
c712ff581aa44dbfb807f55e11973b93,S7R08508.JPG,nature,penguin,Penguin,0.263593,clip,1.0
c712ff581aa44dbfb807f55e11973b93,S7R08508.JPG,nature,snow,Snow,0.241696,clip,1.0
c712ff581aa44dbfb807f55e11973b93,S7R08508.JPG,nature,glacier,Glacier or ice cliff,0.262449,clip,1.0
c712ff581aa44dbfb807f55e11973b93,S7R08508.JPG,nature,exposed_rock,Exposed rock,0.259406,clip,1.0
c712ff581aa44dbfb807f55e11973b93,S7R08508.JPG,nature,mountains,Mountains,0.256146,clip,1.0
c712ff581aa44dbfb807f55e11973b93,S7R08508.JPG,nature,overcast,Overcast or storm,0.249465,clip,1.0
c712ff581aa44dbfb807f55e11973b93,S7R08508.JPG,nature,clear_sky,Clear sky,0.243783,clip,1.0
9cd23c38569c42cf8a4762c9f8ec07a4,S7R08509.JPG,site,base_w,"Base W, Detaille Island",,directory_path,1.0
9cd23c38569c42cf8a4762c9f8ec07a4,S7R08509.JPG,scene_type,landscape,Landscape,0.300708,clip,1.0
9cd23c38569c42cf8a4762c9f8ec07a4,S7R08509.JPG,shot_type,wide,Wide view,0.248294,clip,1.0
9cd23c38569c42cf8a4762c9f8ec07a4,S7R08509.JPG,people,no_people,No people,,threshold_rule,1.0
9cd23c38569c42cf8a4762c9f8ec07a4,S7R08509.JPG,nature,penguin,Penguin,0.25489,clip,1.0
9cd23c38569c42cf8a4762c9f8ec07a4,S7R08509.JPG,nature,snow,Snow,0.242994,clip,1.0
9cd23c38569c42cf8a4762c9f8ec07a4,S7R08509.JPG,nature,sea_ice,Sea ice,0.253486,clip,1.0
9cd23c38569c42cf8a4762c9f8ec07a4,S7R08509.JPG,nature,glacier,Glacier or ice cliff,0.263284,clip,1.0
9cd23c38569c42cf8a4762c9f8ec07a4,S7R08509.JPG,nature,exposed_rock,Exposed rock,0.241789,clip,1.0
9cd23c38569c42cf8a4762c9f8ec07a4,S7R08509.JPG,nature,mountains,Mountains,0.253628,clip,1.0
9cd23c38569c42cf8a4762c9f8ec07a4,S7R08509.JPG,nature,overcast,Overcast or storm,0.248403,clip,1.0
4da91ade2a6b48028123e3a7948eeb7c,S7R08510.JPG,site,base_w,"Base W, Detaille Island",,directory_path,1.0
4da91ade2a6b48028123e3a7948eeb7c,S7R08510.JPG,scene_type,landscape,Landscape,0.270305,clip,1.0
4da91ade2a6b48028123e3a7948eeb7c,S7R08510.JPG,shot_type,wide,Wide view,0.214398,clip,1.0
4da91ade2a6b48028123e3a7948eeb7c,S7R08510.JPG,people,no_people,No people,,threshold_rule,1.0
4da91ade2a6b48028123e3a7948eeb7c,S7R08510.JPG,nature,penguin,Penguin,0.253456,clip,1.0
4da91ade2a6b48028123e3a7948eeb7c,S7R08510.JPG,nature,glacier,Glacier or ice cliff,0.252236,clip,1.0
4da91ade2a6b48028123e3a7948eeb7c,S7R08510.JPG,nature,exposed_rock,Exposed rock,0.260143,clip,1.0
4da91ade2a6b48028123e3a7948eeb7c,S7R08510.JPG,nature,mountains,Mountains,0.253083,clip,1.0
31e163e99a8e4912b46881854820652f,S7R08511.JPG,site,base_w,"Base W, Detaille Island",,directory_path,1.0
31e163e99a8e4912b46881854820652f,S7R08511.JPG,scene_type,landscape,Landscape,0.279471,clip,1.0
31e163e99a8e4912b46881854820652f,S7R08511.JPG,shot_type,wide,Wide view,0.213019,clip,1.0
31e163e99a8e4912b46881854820652f,S7R08511.JPG,people,no_people,No people,,threshold_rule,1.0
31e163e99a8e4912b46881854820652f,S7R08511.JPG,nature,penguin,Penguin,0.25909,clip,1.0
31e163e99a8e4912b46881854820652f,S7R08511.JPG,nature,glacier,Glacier or ice cliff,0.269834,clip,1.0
31e163e99a8e4912b46881854820652f,S7R08511.JPG,nature,exposed_rock,Exposed rock,0.25341,clip,1.0
31e163e99a8e4912b46881854820652f,S7R08511.JPG,nature,mountains,Mountains,0.256667,clip,1.0
31e163e99a8e4912b46881854820652f,S7R08511.JPG,nature,overcast,Overcast or storm,0.241897,clip,1.0
6ee4be8a62244b14b554fd786fe0765f,S7R08512.JPG,site,base_w,"Base W, Detaille Island",,directory_path,1.0
6ee4be8a62244b14b554fd786fe0765f,S7R08512.JPG,scene_type,landscape,Landscape,0.259533,clip,1.0
6ee4be8a62244b14b554fd786fe0765f,S7R08512.JPG,shot_type,wide,Wide view,0.240014,clip,1.0
6ee4be8a62244b14b554fd786fe0765f,S7R08512.JPG,people,no_people,No people,,threshold_rule,1.0
6ee4be8a62244b14b554fd786fe0765f,S7R08512.JPG,nature,exposed_rock,Exposed rock,0.240681,clip,1.0
6ee4be8a62244b14b554fd786fe0765f,S7R08512.JPG,condition,weathered_timber,Weathered timber,0.254489,clip,1.0
a2facc83d3f3437c97ff62c52c3cdb76,S7R08513.JPG,site,base_w,"Base W, Detaille Island",,directory_path,1.0
a2facc83d3f3437c97ff62c52c3cdb76,S7R08513.JPG,scene_type,landscape,Landscape,0.269062,clip,1.0
a2facc83d3f3437c97ff62c52c3cdb76,S7R08513.JPG,shot_type,wide,Wide view,0.236791,clip,1.0
a2facc83d3f3437c97ff62c52c3cdb76,S7R08513.JPG,people,no_people,No people,,threshold_rule,1.0
a2facc83d3f3437c97ff62c52c3cdb76,S7R08513.JPG,condition,weathered_timber,Weathered timber,0.242264,clip,1.0
665dfe83d430442cb4df553f7b8ebe54,S7R08514.JPG,site,base_w,"Base W, Detaille Island",,directory_path,1.0
665dfe83d430442cb4df553f7b8ebe54,S7R08514.JPG,scene_type,landscape,Landscape,0.243207,clip,1.0
665dfe83d430442cb4df553f7b8ebe54,S7R08514.JPG,shot_type,wide,Wide view,0.234717,clip,1.0
665dfe83d430442cb4df553f7b8ebe54,S7R08514.JPG,people,no_people,No people,,threshold_rule,1.0
665dfe83d430442cb4df553f7b8ebe54,S7R08514.JPG,condition,weathered_timber,Weathered timber,0.261211,clip,1.0
c16b14f2ed404f66b17c886680353bdd,S7R08515.JPG,site,base_w,"Base W, Detaille Island",,directory_path,1.0
c16b14f2ed404f66b17c886680353bdd,S7R08515.JPG,scene_type,exterior,Exterior,0.245156,clip,1.0
c16b14f2ed404f66b17c886680353bdd,S7R08515.JPG,shot_type,wide,Wide view,0.244771,clip,1.0
c16b14f2ed404f66b17c886680353bdd,S7R08515.JPG,people,no_people,No people,,threshold_rule,1.0
c16b14f2ed404f66b17c886680353bdd,S7R08515.JPG,structure,main_hut,Main hut,0.2656,clip,1.0
c16b14f2ed404f66b17c886680353bdd,S7R08515.JPG,structure,outbuilding,Outbuilding,0.275271,clip,1.0
c16b14f2ed404f66b17c886680353bdd,S7R08515.JPG,condition,weathered_timber,Weathered timber,0.246976,clip,1.0
4f3bd3ab18464082aa57c47fa718b696,S7R08516.JPG,site,base_w,"Base W, Detaille Island",,directory_path,1.0
4f3bd3ab18464082aa57c47fa718b696,S7R08516.JPG,scene_type,landscape,Landscape,0.285078,clip,1.0
4f3bd3ab18464082aa57c47fa718b696,S7R08516.JPG,shot_type,wide,Wide view,0.240168,clip,1.0
4f3bd3ab18464082aa57c47fa718b696,S7R08516.JPG,people,no_people,No people,,threshold_rule,1.0
4f3bd3ab18464082aa57c47fa718b696,S7R08516.JPG,nature,seal,Seal,0.243597,clip,1.0
4f3bd3ab18464082aa57c47fa718b696,S7R08516.JPG,nature,snow,Snow,0.242008,clip,1.0
4f3bd3ab18464082aa57c47fa718b696,S7R08516.JPG,nature,sea_ice,Sea ice,0.265402,clip,1.0
4f3bd3ab18464082aa57c47fa718b696,S7R08516.JPG,nature,glacier,Glacier or ice cliff,0.271058,clip,1.0
4f3bd3ab18464082aa57c47fa718b696,S7R08516.JPG,nature,mountains,Mountains,0.242114,clip,1.0
4f3bd3ab18464082aa57c47fa718b696,S7R08516.JPG,nature,coastline,Coastline,0.241354,clip,1.0
4f3bd3ab18464082aa57c47fa718b696,S7R08516.JPG,nature,overcast,Overcast or storm,0.25155,clip,1.0
fb3175f4552e4c839c9ec574f93e8f4f,S7R08517.JPG,site,base_w,"Base W, Detaille Island",,directory_path,1.0
fb3175f4552e4c839c9ec574f93e8f4f,S7R08517.JPG,scene_type,landscape,Landscape,0.28968,clip,1.0
fb3175f4552e4c839c9ec574f93e8f4f,S7R08517.JPG,shot_type,wide,Wide view,0.209782,clip,1.0
fb3175f4552e4c839c9ec574f93e8f4f,S7R08517.JPG,people,no_people,No people,,threshold_rule,1.0
fb3175f4552e4c839c9ec574f93e8f4f,S7R08517.JPG,nature,penguin,Penguin,0.276314,clip,1.0
fb3175f4552e4c839c9ec574f93e8f4f,S7R08517.JPG,nature,seal,Seal,0.243371,clip,1.0
fb3175f4552e4c839c9ec574f93e8f4f,S7R08517.JPG,nature,snow,Snow,0.246989,clip,1.0
fb3175f4552e4c839c9ec574f93e8f4f,S7R08517.JPG,nature,sea_ice,Sea ice,0.267282,clip,1.0
fb3175f4552e4c839c9ec574f93e8f4f,S7R08517.JPG,nature,glacier,Glacier or ice cliff,0.283114,clip,1.0
fb3175f4552e4c839c9ec574f93e8f4f,S7R08517.JPG,nature,exposed_rock,Exposed rock,0.262626,clip,1.0
fb3175f4552e4c839c9ec574f93e8f4f,S7R08517.JPG,nature,mountains,Mountains,0.249214,clip,1.0
fb3175f4552e4c839c9ec574f93e8f4f,S7R08517.JPG,nature,overcast,Overcast or storm,0.245047,clip,1.0
762f9942eac2447d9c64c9c32c0ee1fa,S7R08518.JPG,site,base_w,"Base W, Detaille Island",,directory_path,1.0
762f9942eac2447d9c64c9c32c0ee1fa,S7R08518.JPG,scene_type,landscape,Landscape,0.29309,clip,1.0
762f9942eac2447d9c64c9c32c0ee1fa,S7R08518.JPG,shot_type,wide,Wide view,0.198346,clip,1.0
762f9942eac2447d9c64c9c32c0ee1fa,S7R08518.JPG,people,no_people,No people,,threshold_rule,1.0
762f9942eac2447d9c64c9c32c0ee1fa,S7R08518.JPG,nature,penguin,Penguin,0.254422,clip,1.0
762f9942eac2447d9c64c9c32c0ee1fa,S7R08518.JPG,nature,snow,Snow,0.260195,clip,1.0
762f9942eac2447d9c64c9c32c0ee1fa,S7R08518.JPG,nature,sea_ice,Sea ice,0.24927,clip,1.0
762f9942eac2447d9c64c9c32c0ee1fa,S7R08518.JPG,nature,glacier,Glacier or ice cliff,0.263467,clip,1.0
762f9942eac2447d9c64c9c32c0ee1fa,S7R08518.JPG,nature,exposed_rock,Exposed rock,0.267768,clip,1.0
762f9942eac2447d9c64c9c32c0ee1fa,S7R08518.JPG,nature,mountains,Mountains,0.255264,clip,1.0
762f9942eac2447d9c64c9c32c0ee1fa,S7R08518.JPG,nature,overcast,Overcast or storm,0.255286,clip,1.0
762f9942eac2447d9c64c9c32c0ee1fa,S7R08518.JPG,nature,clear_sky,Clear sky,0.242472,clip,1.0
8f8c0ede2959437685d32f72f04f4ba3,S7R08519.JPG,site,base_w,"Base W, Detaille Island",,directory_path,1.0
8f8c0ede2959437685d32f72f04f4ba3,S7R08519.JPG,scene_type,landscape,Landscape,0.285947,clip,1.0
8f8c0ede2959437685d32f72f04f4ba3,S7R08519.JPG,shot_type,wide,Wide view,0.199963,clip,1.0
8f8c0ede2959437685d32f72f04f4ba3,S7R08519.JPG,people,no_people,No people,,threshold_rule,1.0
8f8c0ede2959437685d32f72f04f4ba3,S7R08519.JPG,nature,penguin,Penguin,0.251228,clip,1.0
8f8c0ede2959437685d32f72f04f4ba3,S7R08519.JPG,nature,snow,Snow,0.249227,clip,1.0
8f8c0ede2959437685d32f72f04f4ba3,S7R08519.JPG,nature,sea_ice,Sea ice,0.265608,clip,1.0
8f8c0ede2959437685d32f72f04f4ba3,S7R08519.JPG,nature,glacier,Glacier or ice cliff,0.27891,clip,1.0
8f8c0ede2959437685d32f72f04f4ba3,S7R08519.JPG,nature,exposed_rock,Exposed rock,0.259917,clip,1.0
8f8c0ede2959437685d32f72f04f4ba3,S7R08519.JPG,nature,mountains,Mountains,0.247531,clip,1.0
8f8c0ede2959437685d32f72f04f4ba3,S7R08519.JPG,nature,overcast,Overcast or storm,0.243522,clip,1.0
cfcdf234c4164aacbb9bd2badf15080d,S7R08520.JPG,site,base_w,"Base W, Detaille Island",,directory_path,1.0
cfcdf234c4164aacbb9bd2badf15080d,S7R08520.JPG,scene_type,landscape,Landscape,0.263605,clip,1.0
cfcdf234c4164aacbb9bd2badf15080d,S7R08520.JPG,shot_type,wide,Wide view,0.222927,clip,1.0
cfcdf234c4164aacbb9bd2badf15080d,S7R08520.JPG,people,no_people,No people,,threshold_rule,1.0
cfcdf234c4164aacbb9bd2badf15080d,S7R08520.JPG,nature,penguin,Penguin,0.249302,clip,1.0
cfcdf234c4164aacbb9bd2badf15080d,S7R08520.JPG,nature,snow,Snow,0.243491,clip,1.0
cfcdf234c4164aacbb9bd2badf15080d,S7R08520.JPG,nature,sea_ice,Sea ice,0.241592,clip,1.0
cfcdf234c4164aacbb9bd2badf15080d,S7R08520.JPG,nature,glacier,Glacier or ice cliff,0.257164,clip,1.0
cfcdf234c4164aacbb9bd2badf15080d,S7R08520.JPG,nature,exposed_rock,Exposed rock,0.249216,clip,1.0
f34298cb29674011a9d81ac502db2d45,S7R08521.JPG,site,base_w,"Base W, Detaille Island",,directory_path,1.0
f34298cb29674011a9d81ac502db2d45,S7R08521.JPG,scene_type,landscape,Landscape,0.25163,clip,1.0
f34298cb29674011a9d81ac502db2d45,S7R08521.JPG,shot_type,wide,Wide view,0.215108,clip,1.0
f34298cb29674011a9d81ac502db2d45,S7R08521.JPG,people,no_people,No people,,threshold_rule,1.0
f34298cb29674011a9d81ac502db2d45,S7R08521.JPG,nature,penguin,Penguin,0.259528,clip,1.0
f34298cb29674011a9d81ac502db2d45,S7R08521.JPG,nature,seal,Seal,0.244166,clip,1.0
f34298cb29674011a9d81ac502db2d45,S7R08521.JPG,nature,glacier,Glacier or ice cliff,0.268206,clip,1.0
f34298cb29674011a9d81ac502db2d45,S7R08521.JPG,nature,exposed_rock,Exposed rock,0.259722,clip,1.0
f34298cb29674011a9d81ac502db2d45,S7R08521.JPG,nature,mountains,Mountains,0.253435,clip,1.0
00917e7e23184fd2b63c48a83476fae1,S7R08522.JPG,site,base_w,"Base W, Detaille Island",,directory_path,1.0
00917e7e23184fd2b63c48a83476fae1,S7R08522.JPG,scene_type,landscape,Landscape,0.22644,clip,1.0
00917e7e23184fd2b63c48a83476fae1,S7R08522.JPG,shot_type,detail,Detail,0.227246,clip,1.0
00917e7e23184fd2b63c48a83476fae1,S7R08522.JPG,people,no_people,No people,,threshold_rule,1.0
00917e7e23184fd2b63c48a83476fae1,S7R08522.JPG,nature,penguin,Penguin,0.248093,clip,1.0
00917e7e23184fd2b63c48a83476fae1,S7R08522.JPG,nature,glacier,Glacier or ice cliff,0.264286,clip,1.0
00917e7e23184fd2b63c48a83476fae1,S7R08522.JPG,nature,exposed_rock,Exposed rock,0.274393,clip,1.0
42a037e24ca64b38b8e45066da4eb6bf,S7R08523.JPG,site,base_w,"Base W, Detaille Island",,directory_path,1.0
42a037e24ca64b38b8e45066da4eb6bf,S7R08523.JPG,scene_type,landscape,Landscape,0.250077,clip,1.0
42a037e24ca64b38b8e45066da4eb6bf,S7R08523.JPG,shot_type,detail,Detail,0.229148,clip,1.0
42a037e24ca64b38b8e45066da4eb6bf,S7R08523.JPG,people,no_people,No people,,threshold_rule,1.0
42a037e24ca64b38b8e45066da4eb6bf,S7R08523.JPG,nature,penguin,Penguin,0.281875,clip,1.0
42a037e24ca64b38b8e45066da4eb6bf,S7R08523.JPG,nature,seal,Seal,0.246603,clip,1.0
42a037e24ca64b38b8e45066da4eb6bf,S7R08523.JPG,nature,sea_ice,Sea ice,0.258394,clip,1.0
42a037e24ca64b38b8e45066da4eb6bf,S7R08523.JPG,nature,glacier,Glacier or ice cliff,0.278344,clip,1.0
42a037e24ca64b38b8e45066da4eb6bf,S7R08523.JPG,nature,exposed_rock,Exposed rock,0.277575,clip,1.0
519e2ea8a4f64243ad78ff78c093248c,S7R08524.JPG,site,base_w,"Base W, Detaille Island",,directory_path,1.0
519e2ea8a4f64243ad78ff78c093248c,S7R08524.JPG,scene_type,landscape,Landscape,0.259001,clip,1.0
519e2ea8a4f64243ad78ff78c093248c,S7R08524.JPG,shot_type,detail,Detail,0.231717,clip,1.0
519e2ea8a4f64243ad78ff78c093248c,S7R08524.JPG,people,no_people,No people,,threshold_rule,1.0
519e2ea8a4f64243ad78ff78c093248c,S7R08524.JPG,nature,penguin,Penguin,0.271275,clip,1.0
519e2ea8a4f64243ad78ff78c093248c,S7R08524.JPG,nature,seal,Seal,0.262712,clip,1.0
519e2ea8a4f64243ad78ff78c093248c,S7R08524.JPG,nature,snow,Snow,0.253712,clip,1.0
519e2ea8a4f64243ad78ff78c093248c,S7R08524.JPG,nature,sea_ice,Sea ice,0.272236,clip,1.0
519e2ea8a4f64243ad78ff78c093248c,S7R08524.JPG,nature,glacier,Glacier or ice cliff,0.274923,clip,1.0
519e2ea8a4f64243ad78ff78c093248c,S7R08524.JPG,nature,exposed_rock,Exposed rock,0.278333,clip,1.0
d5513878a02447ae9b548e1c1033478c,S7R08525.JPG,site,base_w,"Base W, Detaille Island",,directory_path,1.0
d5513878a02447ae9b548e1c1033478c,S7R08525.JPG,scene_type,landscape,Landscape,0.243064,clip,1.0
d5513878a02447ae9b548e1c1033478c,S7R08525.JPG,shot_type,detail,Detail,0.236684,clip,1.0
d5513878a02447ae9b548e1c1033478c,S7R08525.JPG,people,no_people,No people,,threshold_rule,1.0
d5513878a02447ae9b548e1c1033478c,S7R08525.JPG,nature,penguin,Penguin,0.267211,clip,1.0
d5513878a02447ae9b548e1c1033478c,S7R08525.JPG,nature,seal,Seal,0.248091,clip,1.0
d5513878a02447ae9b548e1c1033478c,S7R08525.JPG,nature,glacier,Glacier or ice cliff,0.256665,clip,1.0
d5513878a02447ae9b548e1c1033478c,S7R08525.JPG,nature,exposed_rock,Exposed rock,0.251775,clip,1.0
ab5c28fb74f645bc8f5b47deedea8def,S7R08526.JPG,site,base_w,"Base W, Detaille Island",,directory_path,1.0
ab5c28fb74f645bc8f5b47deedea8def,S7R08526.JPG,scene_type,exterior,Exterior,0.224034,clip,1.0
ab5c28fb74f645bc8f5b47deedea8def,S7R08526.JPG,shot_type,wide,Wide view,0.204924,clip,1.0
ab5c28fb74f645bc8f5b47deedea8def,S7R08526.JPG,people,no_people,No people,,threshold_rule,1.0
ab5c28fb74f645bc8f5b47deedea8def,S7R08526.JPG,condition,structural_damage,Structural damage,0.243055,clip,1.0
0a2861dda4494bf385821a5e40963228,S7R08527.JPG,site,base_w,"Base W, Detaille Island",,directory_path,1.0
0a2861dda4494bf385821a5e40963228,S7R08527.JPG,scene_type,landscape,Landscape,0.222819,clip,1.0
0a2861dda4494bf385821a5e40963228,S7R08527.JPG,shot_type,detail,Detail,0.213638,clip,1.0
0a2861dda4494bf385821a5e40963228,S7R08527.JPG,people,no_people,No people,,threshold_rule,1.0
0a2861dda4494bf385821a5e40963228,S7R08527.JPG,nature,penguin,Penguin,0.26171,clip,1.0
0a2861dda4494bf385821a5e40963228,S7R08527.JPG,nature,seal,Seal,0.255045,clip,1.0
0a2861dda4494bf385821a5e40963228,S7R08527.JPG,nature,glacier,Glacier or ice cliff,0.255989,clip,1.0
0a2861dda4494bf385821a5e40963228,S7R08527.JPG,nature,exposed_rock,Exposed rock,0.244468,clip,1.0
e4a6890259cb4f858c25e7f947287d02,S7R08528.JPG,site,base_w,"Base W, Detaille Island",,directory_path,1.0
e4a6890259cb4f858c25e7f947287d02,S7R08528.JPG,scene_type,landscape,Landscape,0.250382,clip,1.0
e4a6890259cb4f858c25e7f947287d02,S7R08528.JPG,shot_type,wide,Wide view,0.235983,clip,1.0
e4a6890259cb4f858c25e7f947287d02,S7R08528.JPG,people,no_people,No people,,threshold_rule,1.0
e4a6890259cb4f858c25e7f947287d02,S7R08528.JPG,nature,penguin,Penguin,0.247167,clip,1.0
e4a6890259cb4f858c25e7f947287d02,S7R08528.JPG,nature,glacier,Glacier or ice cliff,0.25464,clip,1.0
e4a6890259cb4f858c25e7f947287d02,S7R08528.JPG,nature,exposed_rock,Exposed rock,0.246644,clip,1.0
e4a6890259cb4f858c25e7f947287d02,S7R08528.JPG,condition,structural_damage,Structural damage,0.240348,clip,1.0
b26e3a4669bd4ec8bc41914207e0dd39,S7R08529.JPG,site,base_w,"Base W, Detaille Island",,directory_path,1.0
b26e3a4669bd4ec8bc41914207e0dd39,S7R08529.JPG,scene_type,landscape,Landscape,0.252184,clip,1.0
b26e3a4669bd4ec8bc41914207e0dd39,S7R08529.JPG,shot_type,wide,Wide view,0.21127,clip,1.0
b26e3a4669bd4ec8bc41914207e0dd39,S7R08529.JPG,people,no_people,No people,,threshold_rule,1.0
b26e3a4669bd4ec8bc41914207e0dd39,S7R08529.JPG,nature,penguin,Penguin,0.243136,clip,1.0
b26e3a4669bd4ec8bc41914207e0dd39,S7R08529.JPG,nature,seal,Seal,0.240298,clip,1.0
b26e3a4669bd4ec8bc41914207e0dd39,S7R08529.JPG,nature,glacier,Glacier or ice cliff,0.245943,clip,1.0
1911a672ae40403a9ce09ce6f9b92da3,S7R08530.JPG,site,base_w,"Base W, Detaille Island",,directory_path,1.0
1911a672ae40403a9ce09ce6f9b92da3,S7R08530.JPG,scene_type,landscape,Landscape,0.215911,clip,1.0
1911a672ae40403a9ce09ce6f9b92da3,S7R08530.JPG,shot_type,detail,Detail,0.236021,clip,1.0
1911a672ae40403a9ce09ce6f9b92da3,S7R08530.JPG,people,no_people,No people,,threshold_rule,1.0
1911a672ae40403a9ce09ce6f9b92da3,S7R08530.JPG,nature,penguin,Penguin,0.249809,clip,1.0
1911a672ae40403a9ce09ce6f9b92da3,S7R08530.JPG,nature,sea_ice,Sea ice,0.241203,clip,1.0
1911a672ae40403a9ce09ce6f9b92da3,S7R08530.JPG,nature,glacier,Glacier or ice cliff,0.262684,clip,1.0
1911a672ae40403a9ce09ce6f9b92da3,S7R08530.JPG,nature,exposed_rock,Exposed rock,0.268555,clip,1.0
488285bf39484c2a9c61965188b05476,S7R08531.JPG,site,base_w,"Base W, Detaille Island",,directory_path,1.0
488285bf39484c2a9c61965188b05476,S7R08531.JPG,scene_type,landscape,Landscape,0.270708,clip,1.0
488285bf39484c2a9c61965188b05476,S7R08531.JPG,shot_type,wide,Wide view,0.234275,clip,1.0
488285bf39484c2a9c61965188b05476,S7R08531.JPG,people,no_people,No people,,threshold_rule,1.0
488285bf39484c2a9c61965188b05476,S7R08531.JPG,condition,weathered_timber,Weathered timber,0.258594,clip,1.0
1977d93126e44b05853205a265a6ecec,S7R08532.JPG,site,base_w,"Base W, Detaille Island",,directory_path,1.0
1977d93126e44b05853205a265a6ecec,S7R08532.JPG,scene_type,landscape,Landscape,0.256357,clip,1.0
1977d93126e44b05853205a265a6ecec,S7R08532.JPG,shot_type,wide,Wide view,0.221433,clip,1.0
1977d93126e44b05853205a265a6ecec,S7R08532.JPG,people,no_people,No people,,threshold_rule,1.0
1977d93126e44b05853205a265a6ecec,S7R08532.JPG,condition,weathered_timber,Weathered timber,0.24028,clip,1.0
7f43a6e591df4d21a5d9d92941f0b32e,S7R08533.JPG,site,base_w,"Base W, Detaille Island",,directory_path,1.0
7f43a6e591df4d21a5d9d92941f0b32e,S7R08533.JPG,scene_type,landscape,Landscape,0.251826,clip,1.0
7f43a6e591df4d21a5d9d92941f0b32e,S7R08533.JPG,shot_type,wide,Wide view,0.235766,clip,1.0
7f43a6e591df4d21a5d9d92941f0b32e,S7R08533.JPG,people,no_people,No people,,threshold_rule,1.0
7f43a6e591df4d21a5d9d92941f0b32e,S7R08533.JPG,nature,exposed_rock,Exposed rock,0.243417,clip,1.0
7f43a6e591df4d21a5d9d92941f0b32e,S7R08533.JPG,condition,weathered_timber,Weathered timber,0.250307,clip,1.0
e76a4ee794a847eb87d0b49adef690e2,S7R08534.JPG,site,base_w,"Base W, Detaille Island",,directory_path,1.0
e76a4ee794a847eb87d0b49adef690e2,S7R08534.JPG,scene_type,landscape,Landscape,0.261283,clip,1.0
e76a4ee794a847eb87d0b49adef690e2,S7R08534.JPG,shot_type,wide,Wide view,0.244364,clip,1.0
e76a4ee794a847eb87d0b49adef690e2,S7R08534.JPG,people,no_people,No people,,threshold_rule,1.0
e76a4ee794a847eb87d0b49adef690e2,S7R08534.JPG,condition,weathered_timber,Weathered timber,0.25273,clip,1.0
284b7fa7caf94cceb35eed725972ad39,S7R08535.JPG,site,base_w,"Base W, Detaille Island",,directory_path,1.0
284b7fa7caf94cceb35eed725972ad39,S7R08535.JPG,scene_type,landscape,Landscape,0.256645,clip,1.0
284b7fa7caf94cceb35eed725972ad39,S7R08535.JPG,shot_type,wide,Wide view,0.244137,clip,1.0
284b7fa7caf94cceb35eed725972ad39,S7R08535.JPG,people,no_people,No people,,threshold_rule,1.0
284b7fa7caf94cceb35eed725972ad39,S7R08535.JPG,nature,sea_ice,Sea ice,0.245022,clip,1.0
988c1358dfa64caca24a54af373db064,S7R08536.JPG,site,base_w,"Base W, Detaille Island",,directory_path,1.0
988c1358dfa64caca24a54af373db064,S7R08536.JPG,scene_type,landscape,Landscape,0.244918,clip,1.0
988c1358dfa64caca24a54af373db064,S7R08536.JPG,shot_type,wide,Wide view,0.231408,clip,1.0
988c1358dfa64caca24a54af373db064,S7R08536.JPG,people,no_people,No people,,threshold_rule,1.0
988c1358dfa64caca24a54af373db064,S7R08536.JPG,nature,penguin,Penguin,0.240857,clip,1.0
988c1358dfa64caca24a54af373db064,S7R08536.JPG,nature,sea_ice,Sea ice,0.249393,clip,1.0
988c1358dfa64caca24a54af373db064,S7R08536.JPG,nature,glacier,Glacier or ice cliff,0.254621,clip,1.0
fc22330edd174dfcbe205d11a7ec506a,S7R08537.JPG,site,base_w,"Base W, Detaille Island",,directory_path,1.0
fc22330edd174dfcbe205d11a7ec506a,S7R08537.JPG,scene_type,landscape,Landscape,0.271358,clip,1.0
fc22330edd174dfcbe205d11a7ec506a,S7R08537.JPG,shot_type,wide,Wide view,0.200485,clip,1.0
fc22330edd174dfcbe205d11a7ec506a,S7R08537.JPG,people,no_people,No people,,threshold_rule,1.0
fc22330edd174dfcbe205d11a7ec506a,S7R08537.JPG,nature,penguin,Penguin,0.266688,clip,1.0
fc22330edd174dfcbe205d11a7ec506a,S7R08537.JPG,nature,seal,Seal,0.240759,clip,1.0
fc22330edd174dfcbe205d11a7ec506a,S7R08537.JPG,nature,sea_ice,Sea ice,0.267709,clip,1.0
fc22330edd174dfcbe205d11a7ec506a,S7R08537.JPG,nature,glacier,Glacier or ice cliff,0.29382,clip,1.0
fc22330edd174dfcbe205d11a7ec506a,S7R08537.JPG,nature,exposed_rock,Exposed rock,0.263779,clip,1.0
fc22330edd174dfcbe205d11a7ec506a,S7R08537.JPG,nature,mountains,Mountains,0.251047,clip,1.0
56c7f45a74374eb7990d1a165dff3d5b,S7R08538.JPG,site,base_w,"Base W, Detaille Island",,directory_path,1.0
56c7f45a74374eb7990d1a165dff3d5b,S7R08538.JPG,scene_type,landscape,Landscape,0.251898,clip,1.0
56c7f45a74374eb7990d1a165dff3d5b,S7R08538.JPG,shot_type,detail,Detail,0.201818,clip,1.0
56c7f45a74374eb7990d1a165dff3d5b,S7R08538.JPG,people,no_people,No people,,threshold_rule,1.0
56c7f45a74374eb7990d1a165dff3d5b,S7R08538.JPG,nature,penguin,Penguin,0.265798,clip,1.0
56c7f45a74374eb7990d1a165dff3d5b,S7R08538.JPG,nature,snow,Snow,0.251304,clip,1.0
56c7f45a74374eb7990d1a165dff3d5b,S7R08538.JPG,nature,sea_ice,Sea ice,0.254386,clip,1.0
56c7f45a74374eb7990d1a165dff3d5b,S7R08538.JPG,nature,glacier,Glacier or ice cliff,0.274484,clip,1.0
56c7f45a74374eb7990d1a165dff3d5b,S7R08538.JPG,nature,exposed_rock,Exposed rock,0.268996,clip,1.0
56c7f45a74374eb7990d1a165dff3d5b,S7R08538.JPG,nature,mountains,Mountains,0.252661,clip,1.0
412a1a8e700d4587b7a0f765020308e8,S7R08539.JPG,site,base_w,"Base W, Detaille Island",,directory_path,1.0
412a1a8e700d4587b7a0f765020308e8,S7R08539.JPG,scene_type,landscape,Landscape,0.267297,clip,1.0
412a1a8e700d4587b7a0f765020308e8,S7R08539.JPG,shot_type,detail,Detail,0.201824,clip,1.0
412a1a8e700d4587b7a0f765020308e8,S7R08539.JPG,people,no_people,No people,,threshold_rule,1.0
412a1a8e700d4587b7a0f765020308e8,S7R08539.JPG,nature,penguin,Penguin,0.268008,clip,1.0
412a1a8e700d4587b7a0f765020308e8,S7R08539.JPG,nature,snow,Snow,0.244359,clip,1.0
412a1a8e700d4587b7a0f765020308e8,S7R08539.JPG,nature,glacier,Glacier or ice cliff,0.252596,clip,1.0
412a1a8e700d4587b7a0f765020308e8,S7R08539.JPG,nature,exposed_rock,Exposed rock,0.275476,clip,1.0
412a1a8e700d4587b7a0f765020308e8,S7R08539.JPG,nature,mountains,Mountains,0.246017,clip,1.0
412a1a8e700d4587b7a0f765020308e8,S7R08539.JPG,nature,overcast,Overcast or storm,0.248467,clip,1.0
d7d09f86eff74a5d8fce5aedd62ab72b,S7R08540.JPG,site,base_w,"Base W, Detaille Island",,directory_path,1.0
d7d09f86eff74a5d8fce5aedd62ab72b,S7R08540.JPG,scene_type,landscape,Landscape,0.235815,clip,1.0
d7d09f86eff74a5d8fce5aedd62ab72b,S7R08540.JPG,shot_type,wide,Wide view,0.21301,clip,1.0
d7d09f86eff74a5d8fce5aedd62ab72b,S7R08540.JPG,people,no_people,No people,,threshold_rule,1.0
d7d09f86eff74a5d8fce5aedd62ab72b,S7R08540.JPG,nature,penguin,Penguin,0.246118,clip,1.0
d7d09f86eff74a5d8fce5aedd62ab72b,S7R08540.JPG,nature,glacier,Glacier or ice cliff,0.254865,clip,1.0
d7d09f86eff74a5d8fce5aedd62ab72b,S7R08540.JPG,nature,exposed_rock,Exposed rock,0.280813,clip,1.0
946dbc06c7f342aebb545a06d56f7e19,S7R08541.JPG,site,base_w,"Base W, Detaille Island",,directory_path,1.0
946dbc06c7f342aebb545a06d56f7e19,S7R08541.JPG,scene_type,landscape,Landscape,0.246365,clip,1.0
946dbc06c7f342aebb545a06d56f7e19,S7R08541.JPG,shot_type,wide,Wide view,0.225732,clip,1.0
946dbc06c7f342aebb545a06d56f7e19,S7R08541.JPG,people,no_people,No people,,threshold_rule,1.0
946dbc06c7f342aebb545a06d56f7e19,S7R08541.JPG,nature,penguin,Penguin,0.245433,clip,1.0
946dbc06c7f342aebb545a06d56f7e19,S7R08541.JPG,nature,glacier,Glacier or ice cliff,0.272036,clip,1.0
946dbc06c7f342aebb545a06d56f7e19,S7R08541.JPG,nature,exposed_rock,Exposed rock,0.254098,clip,1.0
946dbc06c7f342aebb545a06d56f7e19,S7R08541.JPG,nature,mountains,Mountains,0.251945,clip,1.0
015997e0c07442b8a86db444a4c84a67,S7R08542.JPG,site,base_w,"Base W, Detaille Island",,directory_path,1.0
015997e0c07442b8a86db444a4c84a67,S7R08542.JPG,scene_type,landscape,Landscape,0.267314,clip,1.0
015997e0c07442b8a86db444a4c84a67,S7R08542.JPG,shot_type,wide,Wide view,0.228851,clip,1.0
015997e0c07442b8a86db444a4c84a67,S7R08542.JPG,people,no_people,No people,,threshold_rule,1.0
015997e0c07442b8a86db444a4c84a67,S7R08542.JPG,nature,penguin,Penguin,0.263905,clip,1.0
015997e0c07442b8a86db444a4c84a67,S7R08542.JPG,nature,seal,Seal,0.241199,clip,1.0
015997e0c07442b8a86db444a4c84a67,S7R08542.JPG,nature,sea_ice,Sea ice,0.251313,clip,1.0
015997e0c07442b8a86db444a4c84a67,S7R08542.JPG,nature,glacier,Glacier or ice cliff,0.298176,clip,1.0
015997e0c07442b8a86db444a4c84a67,S7R08542.JPG,nature,exposed_rock,Exposed rock,0.242204,clip,1.0
e54147cdb89f4fbf8ce50b59c92185e5,S7R08543.JPG,site,base_w,"Base W, Detaille Island",,directory_path,1.0
e54147cdb89f4fbf8ce50b59c92185e5,S7R08543.JPG,scene_type,landscape,Landscape,0.270356,clip,1.0
e54147cdb89f4fbf8ce50b59c92185e5,S7R08543.JPG,shot_type,wide,Wide view,0.209589,clip,1.0
e54147cdb89f4fbf8ce50b59c92185e5,S7R08543.JPG,people,no_people,No people,,threshold_rule,1.0
e54147cdb89f4fbf8ce50b59c92185e5,S7R08543.JPG,nature,penguin,Penguin,0.262348,clip,1.0
e54147cdb89f4fbf8ce50b59c92185e5,S7R08543.JPG,nature,snow,Snow,0.249867,clip,1.0
e54147cdb89f4fbf8ce50b59c92185e5,S7R08543.JPG,nature,sea_ice,Sea ice,0.251167,clip,1.0
e54147cdb89f4fbf8ce50b59c92185e5,S7R08543.JPG,nature,glacier,Glacier or ice cliff,0.287878,clip,1.0
e54147cdb89f4fbf8ce50b59c92185e5,S7R08543.JPG,nature,exposed_rock,Exposed rock,0.259435,clip,1.0
5e3143de9f4a4a868f608257bed03740,S7R08544.JPG,site,base_w,"Base W, Detaille Island",,directory_path,1.0
5e3143de9f4a4a868f608257bed03740,S7R08544.JPG,scene_type,landscape,Landscape,0.247117,clip,1.0
5e3143de9f4a4a868f608257bed03740,S7R08544.JPG,shot_type,detail,Detail,0.223152,clip,1.0
5e3143de9f4a4a868f608257bed03740,S7R08544.JPG,people,no_people,No people,,threshold_rule,1.0
5e3143de9f4a4a868f608257bed03740,S7R08544.JPG,nature,penguin,Penguin,0.261004,clip,1.0
5e3143de9f4a4a868f608257bed03740,S7R08544.JPG,nature,glacier,Glacier or ice cliff,0.278057,clip,1.0
5e3143de9f4a4a868f608257bed03740,S7R08544.JPG,nature,exposed_rock,Exposed rock,0.251298,clip,1.0
38ae999c5b0f4f0084e37393fbfcbc3c,S7R08545.JPG,site,base_w,"Base W, Detaille Island",,directory_path,1.0
38ae999c5b0f4f0084e37393fbfcbc3c,S7R08545.JPG,scene_type,landscape,Landscape,0.244078,clip,1.0
38ae999c5b0f4f0084e37393fbfcbc3c,S7R08545.JPG,shot_type,detail,Detail,0.222707,clip,1.0
38ae999c5b0f4f0084e37393fbfcbc3c,S7R08545.JPG,people,no_people,No people,,threshold_rule,1.0
38ae999c5b0f4f0084e37393fbfcbc3c,S7R08545.JPG,nature,penguin,Penguin,0.26429,clip,1.0
38ae999c5b0f4f0084e37393fbfcbc3c,S7R08545.JPG,nature,dog,Dog,0.240717,clip,1.0
38ae999c5b0f4f0084e37393fbfcbc3c,S7R08545.JPG,nature,seal,Seal,0.265632,clip,1.0
38ae999c5b0f4f0084e37393fbfcbc3c,S7R08545.JPG,nature,sea_ice,Sea ice,0.242781,clip,1.0
38ae999c5b0f4f0084e37393fbfcbc3c,S7R08545.JPG,nature,glacier,Glacier or ice cliff,0.269546,clip,1.0
38ae999c5b0f4f0084e37393fbfcbc3c,S7R08545.JPG,nature,exposed_rock,Exposed rock,0.246325,clip,1.0
98bc2a1bb07d49fc97c9371231f60097,S7R08546.JPG,site,base_w,"Base W, Detaille Island",,directory_path,1.0
98bc2a1bb07d49fc97c9371231f60097,S7R08546.JPG,scene_type,landscape,Landscape,0.23495,clip,1.0
98bc2a1bb07d49fc97c9371231f60097,S7R08546.JPG,shot_type,detail,Detail,0.218253,clip,1.0
98bc2a1bb07d49fc97c9371231f60097,S7R08546.JPG,people,no_people,No people,,threshold_rule,1.0
98bc2a1bb07d49fc97c9371231f60097,S7R08546.JPG,nature,penguin,Penguin,0.244563,clip,1.0
98bc2a1bb07d49fc97c9371231f60097,S7R08546.JPG,nature,seal,Seal,0.257154,clip,1.0
7ae240d3ecae44dcbb221ad0f0d8d66c,S7R08547.JPG,site,base_w,"Base W, Detaille Island",,directory_path,1.0
7ae240d3ecae44dcbb221ad0f0d8d66c,S7R08547.JPG,scene_type,landscape,Landscape,0.265645,clip,1.0
7ae240d3ecae44dcbb221ad0f0d8d66c,S7R08547.JPG,shot_type,wide,Wide view,0.227222,clip,1.0
7ae240d3ecae44dcbb221ad0f0d8d66c,S7R08547.JPG,people,no_people,No people,,threshold_rule,1.0
7ae240d3ecae44dcbb221ad0f0d8d66c,S7R08547.JPG,nature,snow,Snow,0.241888,clip,1.0
7ae240d3ecae44dcbb221ad0f0d8d66c,S7R08547.JPG,condition,weathered_timber,Weathered timber,0.249437,clip,1.0
dbe5d87c83c741c59541b461cea506e8,S7R08548.JPG,site,base_w,"Base W, Detaille Island",,directory_path,1.0
dbe5d87c83c741c59541b461cea506e8,S7R08548.JPG,scene_type,exterior,Exterior,0.235478,clip,1.0
dbe5d87c83c741c59541b461cea506e8,S7R08548.JPG,shot_type,wide,Wide view,0.239408,clip,1.0
dbe5d87c83c741c59541b461cea506e8,S7R08548.JPG,people,no_people,No people,,threshold_rule,1.0
dbe5d87c83c741c59541b461cea506e8,S7R08548.JPG,structure,main_hut,Main hut,0.265293,clip,1.0
dbe5d87c83c741c59541b461cea506e8,S7R08548.JPG,structure,outbuilding,Outbuilding,0.268537,clip,1.0
dbe5d87c83c741c59541b461cea506e8,S7R08548.JPG,nature,sea_ice,Sea ice,0.248446,clip,1.0
dbe5d87c83c741c59541b461cea506e8,S7R08548.JPG,nature,glacier,Glacier or ice cliff,0.244385,clip,1.0
dbe5d87c83c741c59541b461cea506e8,S7R08548.JPG,condition,weathered_timber,Weathered timber,0.262253,clip,1.0
bd5d6828130043489c691724d80b9b43,S7R08549.JPG,site,base_w,"Base W, Detaille Island",,directory_path,1.0
bd5d6828130043489c691724d80b9b43,S7R08549.JPG,scene_type,landscape,Landscape,0.250706,clip,1.0
bd5d6828130043489c691724d80b9b43,S7R08549.JPG,shot_type,wide,Wide view,0.24105,clip,1.0
bd5d6828130043489c691724d80b9b43,S7R08549.JPG,people,no_people,No people,,threshold_rule,1.0
bd5d6828130043489c691724d80b9b43,S7R08549.JPG,condition,weathered_timber,Weathered timber,0.258455,clip,1.0
dc33a4d356864a43b6e385ec9260d635,S7R08550.JPG,site,base_w,"Base W, Detaille Island",,directory_path,1.0
dc33a4d356864a43b6e385ec9260d635,S7R08550.JPG,scene_type,landscape,Landscape,0.280968,clip,1.0
dc33a4d356864a43b6e385ec9260d635,S7R08550.JPG,shot_type,wide,Wide view,0.23426,clip,1.0
dc33a4d356864a43b6e385ec9260d635,S7R08550.JPG,people,no_people,No people,,threshold_rule,1.0
dc33a4d356864a43b6e385ec9260d635,S7R08550.JPG,nature,snow,Snow,0.25199,clip,1.0
dc33a4d356864a43b6e385ec9260d635,S7R08550.JPG,nature,sea_ice,Sea ice,0.242031,clip,1.0
dc33a4d356864a43b6e385ec9260d635,S7R08550.JPG,nature,glacier,Glacier or ice cliff,0.24089,clip,1.0
dc33a4d356864a43b6e385ec9260d635,S7R08550.JPG,nature,overcast,Overcast or storm,0.250004,clip,1.0
f96156d90dd34095a0fca066ff662995,S7R08551.JPG,site,base_w,"Base W, Detaille Island",,directory_path,1.0
f96156d90dd34095a0fca066ff662995,S7R08551.JPG,scene_type,landscape,Landscape,0.286898,clip,1.0
f96156d90dd34095a0fca066ff662995,S7R08551.JPG,shot_type,wide,Wide view,0.214738,clip,1.0
f96156d90dd34095a0fca066ff662995,S7R08551.JPG,people,no_people,No people,,threshold_rule,1.0
f96156d90dd34095a0fca066ff662995,S7R08551.JPG,nature,penguin,Penguin,0.261893,clip,1.0
f96156d90dd34095a0fca066ff662995,S7R08551.JPG,nature,snow,Snow,0.247987,clip,1.0
f96156d90dd34095a0fca066ff662995,S7R08551.JPG,nature,glacier,Glacier or ice cliff,0.257823,clip,1.0
f96156d90dd34095a0fca066ff662995,S7R08551.JPG,nature,exposed_rock,Exposed rock,0.254481,clip,1.0
f96156d90dd34095a0fca066ff662995,S7R08551.JPG,nature,mountains,Mountains,0.25724,clip,1.0
f96156d90dd34095a0fca066ff662995,S7R08551.JPG,nature,overcast,Overcast or storm,0.252866,clip,1.0
63a835ac35774a38970f46dfa0786c7c,S7R08552.JPG,site,base_w,"Base W, Detaille Island",,directory_path,1.0
63a835ac35774a38970f46dfa0786c7c,S7R08552.JPG,scene_type,landscape,Landscape,0.279675,clip,1.0
63a835ac35774a38970f46dfa0786c7c,S7R08552.JPG,shot_type,wide,Wide view,0.212742,clip,1.0
63a835ac35774a38970f46dfa0786c7c,S7R08552.JPG,people,no_people,No people,,threshold_rule,1.0
63a835ac35774a38970f46dfa0786c7c,S7R08552.JPG,nature,penguin,Penguin,0.289296,clip,1.0
63a835ac35774a38970f46dfa0786c7c,S7R08552.JPG,nature,glacier,Glacier or ice cliff,0.252444,clip,1.0
63a835ac35774a38970f46dfa0786c7c,S7R08552.JPG,nature,exposed_rock,Exposed rock,0.278596,clip,1.0
63a835ac35774a38970f46dfa0786c7c,S7R08552.JPG,nature,mountains,Mountains,0.248337,clip,1.0
63a835ac35774a38970f46dfa0786c7c,S7R08552.JPG,nature,overcast,Overcast or storm,0.24272,clip,1.0
77645f3d84d247339345ee8f162e572d,S7R08553.JPG,site,base_w,"Base W, Detaille Island",,directory_path,1.0
77645f3d84d247339345ee8f162e572d,S7R08553.JPG,scene_type,landscape,Landscape,0.241904,clip,1.0
77645f3d84d247339345ee8f162e572d,S7R08553.JPG,shot_type,detail,Detail,0.209639,clip,1.0
77645f3d84d247339345ee8f162e572d,S7R08553.JPG,people,no_people,No people,,threshold_rule,1.0
77645f3d84d247339345ee8f162e572d,S7R08553.JPG,nature,penguin,Penguin,0.271336,clip,1.0
77645f3d84d247339345ee8f162e572d,S7R08553.JPG,nature,glacier,Glacier or ice cliff,0.259816,clip,1.0
77645f3d84d247339345ee8f162e572d,S7R08553.JPG,nature,exposed_rock,Exposed rock,0.26927,clip,1.0
40c8955be5834bc185b426c09f5e63c8,S7R08554.JPG,site,base_w,"Base W, Detaille Island",,directory_path,1.0
40c8955be5834bc185b426c09f5e63c8,S7R08554.JPG,scene_type,landscape,Landscape,0.279615,clip,1.0
40c8955be5834bc185b426c09f5e63c8,S7R08554.JPG,shot_type,wide,Wide view,0.208623,clip,1.0
40c8955be5834bc185b426c09f5e63c8,S7R08554.JPG,people,no_people,No people,,threshold_rule,1.0
40c8955be5834bc185b426c09f5e63c8,S7R08554.JPG,nature,penguin,Penguin,0.269801,clip,1.0
40c8955be5834bc185b426c09f5e63c8,S7R08554.JPG,nature,sea_ice,Sea ice,0.24305,clip,1.0
40c8955be5834bc185b426c09f5e63c8,S7R08554.JPG,nature,glacier,Glacier or ice cliff,0.26319,clip,1.0
40c8955be5834bc185b426c09f5e63c8,S7R08554.JPG,nature,exposed_rock,Exposed rock,0.261569,clip,1.0
40c8955be5834bc185b426c09f5e63c8,S7R08554.JPG,nature,mountains,Mountains,0.245439,clip,1.0
fb4611ae8b154fc19b5b0a84d6201f20,S7R08555.JPG,site,base_w,"Base W, Detaille Island",,directory_path,1.0
fb4611ae8b154fc19b5b0a84d6201f20,S7R08555.JPG,scene_type,landscape,Landscape,0.31751,clip,1.0
fb4611ae8b154fc19b5b0a84d6201f20,S7R08555.JPG,shot_type,wide,Wide view,0.231096,clip,1.0
fb4611ae8b154fc19b5b0a84d6201f20,S7R08555.JPG,people,no_people,No people,,threshold_rule,1.0
fb4611ae8b154fc19b5b0a84d6201f20,S7R08555.JPG,nature,penguin,Penguin,0.282297,clip,1.0
fb4611ae8b154fc19b5b0a84d6201f20,S7R08555.JPG,nature,dog,Dog,0.246924,clip,1.0
fb4611ae8b154fc19b5b0a84d6201f20,S7R08555.JPG,nature,seal,Seal,0.25033,clip,1.0
fb4611ae8b154fc19b5b0a84d6201f20,S7R08555.JPG,nature,snow,Snow,0.260646,clip,1.0
fb4611ae8b154fc19b5b0a84d6201f20,S7R08555.JPG,nature,sea_ice,Sea ice,0.263054,clip,1.0
fb4611ae8b154fc19b5b0a84d6201f20,S7R08555.JPG,nature,glacier,Glacier or ice cliff,0.26972,clip,1.0
fb4611ae8b154fc19b5b0a84d6201f20,S7R08555.JPG,nature,exposed_rock,Exposed rock,0.267238,clip,1.0
fb4611ae8b154fc19b5b0a84d6201f20,S7R08555.JPG,nature,mountains,Mountains,0.26501,clip,1.0
fb4611ae8b154fc19b5b0a84d6201f20,S7R08555.JPG,nature,overcast,Overcast or storm,0.243522,clip,1.0
fb4611ae8b154fc19b5b0a84d6201f20,S7R08555.JPG,nature,clear_sky,Clear sky,0.245196,clip,1.0
5ed42d08547441219f4626706bd2e249,S7R08556.JPG,site,base_w,"Base W, Detaille Island",,directory_path,1.0
5ed42d08547441219f4626706bd2e249,S7R08556.JPG,scene_type,landscape,Landscape,0.288438,clip,1.0
5ed42d08547441219f4626706bd2e249,S7R08556.JPG,shot_type,wide,Wide view,0.204826,clip,1.0
5ed42d08547441219f4626706bd2e249,S7R08556.JPG,people,no_people,No people,,threshold_rule,1.0
5ed42d08547441219f4626706bd2e249,S7R08556.JPG,nature,penguin,Penguin,0.251479,clip,1.0
5ed42d08547441219f4626706bd2e249,S7R08556.JPG,nature,snow,Snow,0.259395,clip,1.0
5ed42d08547441219f4626706bd2e249,S7R08556.JPG,nature,sea_ice,Sea ice,0.25993,clip,1.0
5ed42d08547441219f4626706bd2e249,S7R08556.JPG,nature,glacier,Glacier or ice cliff,0.268177,clip,1.0
5ed42d08547441219f4626706bd2e249,S7R08556.JPG,nature,exposed_rock,Exposed rock,0.249497,clip,1.0
5ed42d08547441219f4626706bd2e249,S7R08556.JPG,nature,mountains,Mountains,0.274743,clip,1.0
5ed42d08547441219f4626706bd2e249,S7R08556.JPG,nature,overcast,Overcast or storm,0.249618,clip,1.0
5ed42d08547441219f4626706bd2e249,S7R08556.JPG,nature,clear_sky,Clear sky,0.245208,clip,1.0
dc630b60c765458c9848ba4f1854950a,S7R08557.JPG,site,base_w,"Base W, Detaille Island",,directory_path,1.0
dc630b60c765458c9848ba4f1854950a,S7R08557.JPG,scene_type,landscape,Landscape,0.255011,clip,1.0
dc630b60c765458c9848ba4f1854950a,S7R08557.JPG,shot_type,wide,Wide view,0.223661,clip,1.0
dc630b60c765458c9848ba4f1854950a,S7R08557.JPG,people,no_people,No people,,threshold_rule,1.0
dc630b60c765458c9848ba4f1854950a,S7R08557.JPG,nature,sea_ice,Sea ice,0.243532,clip,1.0
dc630b60c765458c9848ba4f1854950a,S7R08557.JPG,nature,glacier,Glacier or ice cliff,0.250487,clip,1.0
dc630b60c765458c9848ba4f1854950a,S7R08557.JPG,nature,mountains,Mountains,0.243348,clip,1.0
3b262ef737d04291ab72a41a363455dc,S7R08558.JPG,site,base_w,"Base W, Detaille Island",,directory_path,1.0
3b262ef737d04291ab72a41a363455dc,S7R08558.JPG,scene_type,exterior,Exterior,0.245217,clip,1.0
3b262ef737d04291ab72a41a363455dc,S7R08558.JPG,shot_type,wide,Wide view,0.243358,clip,1.0
3b262ef737d04291ab72a41a363455dc,S7R08558.JPG,people,no_people,No people,,threshold_rule,1.0
3b262ef737d04291ab72a41a363455dc,S7R08558.JPG,structure,main_hut,Main hut,0.27336,clip,1.0
3b262ef737d04291ab72a41a363455dc,S7R08558.JPG,structure,outbuilding,Outbuilding,0.280865,clip,1.0
3b262ef737d04291ab72a41a363455dc,S7R08558.JPG,condition,weathered_timber,Weathered timber,0.247249,clip,1.0
f4bdab57c96c4c0a92ba68778015a57d,S7R08559.JPG,site,base_w,"Base W, Detaille Island",,directory_path,1.0
f4bdab57c96c4c0a92ba68778015a57d,S7R08559.JPG,scene_type,landscape,Landscape,0.272082,clip,1.0
f4bdab57c96c4c0a92ba68778015a57d,S7R08559.JPG,shot_type,detail,Detail,0.232151,clip,1.0
f4bdab57c96c4c0a92ba68778015a57d,S7R08559.JPG,people,no_people,No people,,threshold_rule,1.0
f4bdab57c96c4c0a92ba68778015a57d,S7R08559.JPG,nature,penguin,Penguin,0.283972,clip,1.0
f4bdab57c96c4c0a92ba68778015a57d,S7R08559.JPG,nature,seal,Seal,0.264678,clip,1.0
f4bdab57c96c4c0a92ba68778015a57d,S7R08559.JPG,nature,snow,Snow,0.262865,clip,1.0
f4bdab57c96c4c0a92ba68778015a57d,S7R08559.JPG,nature,sea_ice,Sea ice,0.25553,clip,1.0
f4bdab57c96c4c0a92ba68778015a57d,S7R08559.JPG,nature,glacier,Glacier or ice cliff,0.282281,clip,1.0
f4bdab57c96c4c0a92ba68778015a57d,S7R08559.JPG,nature,exposed_rock,Exposed rock,0.265735,clip,1.0
a5bd8ac5a89e4a10b43b5f90598087be,S7R08560.JPG,site,base_w,"Base W, Detaille Island",,directory_path,1.0
a5bd8ac5a89e4a10b43b5f90598087be,S7R08560.JPG,scene_type,landscape,Landscape,0.24425,clip,1.0
a5bd8ac5a89e4a10b43b5f90598087be,S7R08560.JPG,shot_type,wide,Wide view,0.201982,clip,1.0
a5bd8ac5a89e4a10b43b5f90598087be,S7R08560.JPG,people,no_people,No people,,threshold_rule,1.0
a5bd8ac5a89e4a10b43b5f90598087be,S7R08560.JPG,nature,penguin,Penguin,0.255702,clip,1.0
a5bd8ac5a89e4a10b43b5f90598087be,S7R08560.JPG,nature,dog,Dog,0.247383,clip,1.0
a5bd8ac5a89e4a10b43b5f90598087be,S7R08560.JPG,nature,snow,Snow,0.240054,clip,1.0
a5bd8ac5a89e4a10b43b5f90598087be,S7R08560.JPG,nature,exposed_rock,Exposed rock,0.244751,clip,1.0
a5bd8ac5a89e4a10b43b5f90598087be,S7R08560.JPG,condition,structural_damage,Structural damage,0.240579,clip,1.0
6c48eb45c9314ba9aafdd53ad5066ed4,S7R08561.JPG,site,base_w,"Base W, Detaille Island",,directory_path,1.0
6c48eb45c9314ba9aafdd53ad5066ed4,S7R08561.JPG,scene_type,exterior,Exterior,0.248639,clip,1.0
6c48eb45c9314ba9aafdd53ad5066ed4,S7R08561.JPG,shot_type,wide,Wide view,0.241658,clip,1.0
6c48eb45c9314ba9aafdd53ad5066ed4,S7R08561.JPG,people,no_people,No people,,threshold_rule,1.0
6c48eb45c9314ba9aafdd53ad5066ed4,S7R08561.JPG,structure,main_hut,Main hut,0.270968,clip,1.0
6c48eb45c9314ba9aafdd53ad5066ed4,S7R08561.JPG,structure,outbuilding,Outbuilding,0.283374,clip,1.0
6c48eb45c9314ba9aafdd53ad5066ed4,S7R08561.JPG,condition,weathered_timber,Weathered timber,0.243351,clip,1.0
88f48fa8714b47439078ffdd550b4402,S7R08562.JPG,site,base_w,"Base W, Detaille Island",,directory_path,1.0
88f48fa8714b47439078ffdd550b4402,S7R08562.JPG,scene_type,landscape,Landscape,0.230136,clip,1.0
88f48fa8714b47439078ffdd550b4402,S7R08562.JPG,shot_type,wide,Wide view,0.221279,clip,1.0
88f48fa8714b47439078ffdd550b4402,S7R08562.JPG,people,no_people,No people,,threshold_rule,1.0
88f48fa8714b47439078ffdd550b4402,S7R08562.JPG,nature,sea_ice,Sea ice,0.252564,clip,1.0
88f48fa8714b47439078ffdd550b4402,S7R08562.JPG,nature,glacier,Glacier or ice cliff,0.277732,clip,1.0
88f48fa8714b47439078ffdd550b4402,S7R08562.JPG,nature,exposed_rock,Exposed rock,0.255672,clip,1.0
39d9847546364d788c505a4f9fc458ab,S7R08563.JPG,site,base_w,"Base W, Detaille Island",,directory_path,1.0
39d9847546364d788c505a4f9fc458ab,S7R08563.JPG,scene_type,landscape,Landscape,0.237094,clip,1.0
39d9847546364d788c505a4f9fc458ab,S7R08563.JPG,shot_type,wide,Wide view,0.228565,clip,1.0
39d9847546364d788c505a4f9fc458ab,S7R08563.JPG,people,no_people,No people,,threshold_rule,1.0
39d9847546364d788c505a4f9fc458ab,S7R08563.JPG,nature,glacier,Glacier or ice cliff,0.243292,clip,1.0
5fecfe2b83904ccab43dff05186e61a2,S7R08564.JPG,site,base_w,"Base W, Detaille Island",,directory_path,1.0
5fecfe2b83904ccab43dff05186e61a2,S7R08564.JPG,scene_type,landscape,Landscape,0.237544,clip,1.0
5fecfe2b83904ccab43dff05186e61a2,S7R08564.JPG,shot_type,wide,Wide view,0.219341,clip,1.0
5fecfe2b83904ccab43dff05186e61a2,S7R08564.JPG,people,no_people,No people,,threshold_rule,1.0
5fecfe2b83904ccab43dff05186e61a2,S7R08564.JPG,nature,glacier,Glacier or ice cliff,0.242532,clip,1.0
543be414203343f79c3807b1c982b1d5,S7R08565.JPG,site,base_w,"Base W, Detaille Island",,directory_path,1.0
543be414203343f79c3807b1c982b1d5,S7R08565.JPG,scene_type,landscape,Landscape,0.217622,clip,1.0
543be414203343f79c3807b1c982b1d5,S7R08565.JPG,shot_type,wide,Wide view,0.219435,clip,1.0
543be414203343f79c3807b1c982b1d5,S7R08565.JPG,people,no_people,No people,,threshold_rule,1.0
543be414203343f79c3807b1c982b1d5,S7R08565.JPG,nature,penguin,Penguin,0.247364,clip,1.0
543be414203343f79c3807b1c982b1d5,S7R08565.JPG,nature,sea_ice,Sea ice,0.244984,clip,1.0
543be414203343f79c3807b1c982b1d5,S7R08565.JPG,nature,glacier,Glacier or ice cliff,0.270436,clip,1.0
543be414203343f79c3807b1c982b1d5,S7R08565.JPG,nature,exposed_rock,Exposed rock,0.252707,clip,1.0
543be414203343f79c3807b1c982b1d5,S7R08565.JPG,condition,structural_damage,Structural damage,0.248247,clip,1.0
28e735ef602c46ae8ecca90d05f584f1,S7R08566.JPG,site,base_w,"Base W, Detaille Island",,directory_path,1.0
28e735ef602c46ae8ecca90d05f584f1,S7R08566.JPG,scene_type,landscape,Landscape,0.239258,clip,1.0
28e735ef602c46ae8ecca90d05f584f1,S7R08566.JPG,shot_type,wide,Wide view,0.229512,clip,1.0
28e735ef602c46ae8ecca90d05f584f1,S7R08566.JPG,people,no_people,No people,,threshold_rule,1.0
28e735ef602c46ae8ecca90d05f584f1,S7R08566.JPG,nature,penguin,Penguin,0.252599,clip,1.0
28e735ef602c46ae8ecca90d05f584f1,S7R08566.JPG,nature,dog,Dog,0.240834,clip,1.0
28e735ef602c46ae8ecca90d05f584f1,S7R08566.JPG,nature,seal,Seal,0.241346,clip,1.0
28e735ef602c46ae8ecca90d05f584f1,S7R08566.JPG,nature,sea_ice,Sea ice,0.246643,clip,1.0
28e735ef602c46ae8ecca90d05f584f1,S7R08566.JPG,nature,glacier,Glacier or ice cliff,0.258839,clip,1.0
28e735ef602c46ae8ecca90d05f584f1,S7R08566.JPG,nature,exposed_rock,Exposed rock,0.247647,clip,1.0
28e735ef602c46ae8ecca90d05f584f1,S7R08566.JPG,condition,weathered_timber,Weathered timber,0.254346,clip,1.0
28e735ef602c46ae8ecca90d05f584f1,S7R08566.JPG,condition,rust,Rust or corrosion,0.246012,clip,1.0
28e735ef602c46ae8ecca90d05f584f1,S7R08566.JPG,condition,structural_damage,Structural damage,0.252644,clip,1.0
28e735ef602c46ae8ecca90d05f584f1,S7R08566.JPG,condition,object_wear,Object wear,0.240455,clip,1.0
299ed20abe68446f84d655db05e72120,S7R08567.JPG,site,base_w,"Base W, Detaille Island",,directory_path,1.0
299ed20abe68446f84d655db05e72120,S7R08567.JPG,scene_type,exterior,Exterior,0.235035,clip,1.0
299ed20abe68446f84d655db05e72120,S7R08567.JPG,shot_type,wide,Wide view,0.231864,clip,1.0
299ed20abe68446f84d655db05e72120,S7R08567.JPG,people,no_people,No people,,threshold_rule,1.0
299ed20abe68446f84d655db05e72120,S7R08567.JPG,structure,main_hut,Main hut,0.251468,clip,1.0
299ed20abe68446f84d655db05e72120,S7R08567.JPG,structure,outbuilding,Outbuilding,0.266547,clip,1.0
299ed20abe68446f84d655db05e72120,S7R08567.JPG,nature,glacier,Glacier or ice cliff,0.249287,clip,1.0
299ed20abe68446f84d655db05e72120,S7R08567.JPG,condition,weathered_timber,Weathered timber,0.260188,clip,1.0
299ed20abe68446f84d655db05e72120,S7R08567.JPG,condition,structural_damage,Structural damage,0.244069,clip,1.0
8f46e246c2c448518ce00b86cb087a15,S7R08568.JPG,site,base_w,"Base W, Detaille Island",,directory_path,1.0
8f46e246c2c448518ce00b86cb087a15,S7R08568.JPG,scene_type,exterior,Exterior,0.246288,clip,1.0
8f46e246c2c448518ce00b86cb087a15,S7R08568.JPG,shot_type,wide,Wide view,0.241157,clip,1.0
8f46e246c2c448518ce00b86cb087a15,S7R08568.JPG,people,no_people,No people,,threshold_rule,1.0
8f46e246c2c448518ce00b86cb087a15,S7R08568.JPG,structure,main_hut,Main hut,0.255181,clip,1.0
8f46e246c2c448518ce00b86cb087a15,S7R08568.JPG,structure,outbuilding,Outbuilding,0.274939,clip,1.0
8f46e246c2c448518ce00b86cb087a15,S7R08568.JPG,condition,weathered_timber,Weathered timber,0.272963,clip,1.0
8f46e246c2c448518ce00b86cb087a15,S7R08568.JPG,condition,object_wear,Object wear,0.240233,clip,1.0
0a6eea1734ba475e97e010e0d1bdc8ac,S7R08569.JPG,site,base_w,"Base W, Detaille Island",,directory_path,1.0
0a6eea1734ba475e97e010e0d1bdc8ac,S7R08569.JPG,scene_type,exterior,Exterior,0.245485,clip,1.0
0a6eea1734ba475e97e010e0d1bdc8ac,S7R08569.JPG,shot_type,wide,Wide view,0.236289,clip,1.0
0a6eea1734ba475e97e010e0d1bdc8ac,S7R08569.JPG,people,no_people,No people,,threshold_rule,1.0
0a6eea1734ba475e97e010e0d1bdc8ac,S7R08569.JPG,structure,main_hut,Main hut,0.242916,clip,1.0
0a6eea1734ba475e97e010e0d1bdc8ac,S7R08569.JPG,structure,outbuilding,Outbuilding,0.262343,clip,1.0
0a6eea1734ba475e97e010e0d1bdc8ac,S7R08569.JPG,condition,weathered_timber,Weathered timber,0.270783,clip,1.0
7374f18cd9ff4828980845ee3fcbb6bd,S7R08570.JPG,site,base_w,"Base W, Detaille Island",,directory_path,1.0
7374f18cd9ff4828980845ee3fcbb6bd,S7R08570.JPG,scene_type,landscape,Landscape,0.233579,clip,1.0
7374f18cd9ff4828980845ee3fcbb6bd,S7R08570.JPG,shot_type,wide,Wide view,0.222616,clip,1.0
7374f18cd9ff4828980845ee3fcbb6bd,S7R08570.JPG,people,no_people,No people,,threshold_rule,1.0
7374f18cd9ff4828980845ee3fcbb6bd,S7R08570.JPG,condition,weathered_timber,Weathered timber,0.25557,clip,1.0
7374f18cd9ff4828980845ee3fcbb6bd,S7R08570.JPG,condition,structural_damage,Structural damage,0.240844,clip,1.0
7374f18cd9ff4828980845ee3fcbb6bd,S7R08570.JPG,condition,object_wear,Object wear,0.241312,clip,1.0
bacd585a60ee4128be14507aecbb8829,S7R08571.JPG,site,base_w,"Base W, Detaille Island",,directory_path,1.0
bacd585a60ee4128be14507aecbb8829,S7R08571.JPG,scene_type,exterior,Exterior,0.239182,clip,1.0
bacd585a60ee4128be14507aecbb8829,S7R08571.JPG,shot_type,wide,Wide view,0.237693,clip,1.0
bacd585a60ee4128be14507aecbb8829,S7R08571.JPG,people,no_people,No people,,threshold_rule,1.0
bacd585a60ee4128be14507aecbb8829,S7R08571.JPG,structure,main_hut,Main hut,0.259301,clip,1.0
bacd585a60ee4128be14507aecbb8829,S7R08571.JPG,structure,outbuilding,Outbuilding,0.271178,clip,1.0
bacd585a60ee4128be14507aecbb8829,S7R08571.JPG,nature,glacier,Glacier or ice cliff,0.244701,clip,1.0
bacd585a60ee4128be14507aecbb8829,S7R08571.JPG,nature,exposed_rock,Exposed rock,0.241737,clip,1.0
bacd585a60ee4128be14507aecbb8829,S7R08571.JPG,condition,weathered_timber,Weathered timber,0.267485,clip,1.0
26286ecde23644f2880d4f21b4f2c7b8,S7R08572.JPG,site,base_w,"Base W, Detaille Island",,directory_path,1.0
26286ecde23644f2880d4f21b4f2c7b8,S7R08572.JPG,scene_type,landscape,Landscape,0.245167,clip,1.0
26286ecde23644f2880d4f21b4f2c7b8,S7R08572.JPG,shot_type,wide,Wide view,0.225055,clip,1.0
26286ecde23644f2880d4f21b4f2c7b8,S7R08572.JPG,people,no_people,No people,,threshold_rule,1.0
26286ecde23644f2880d4f21b4f2c7b8,S7R08572.JPG,nature,dog,Dog,0.244118,clip,1.0
26286ecde23644f2880d4f21b4f2c7b8,S7R08572.JPG,condition,weathered_timber,Weathered timber,0.257856,clip,1.0
26286ecde23644f2880d4f21b4f2c7b8,S7R08572.JPG,condition,rust,Rust or corrosion,0.242007,clip,1.0
26286ecde23644f2880d4f21b4f2c7b8,S7R08572.JPG,condition,structural_damage,Structural damage,0.245584,clip,1.0
26286ecde23644f2880d4f21b4f2c7b8,S7R08572.JPG,condition,object_wear,Object wear,0.240791,clip,1.0
04904d7be7f84bd4994bc2ac71188466,S7R08573.JPG,site,base_w,"Base W, Detaille Island",,directory_path,1.0
04904d7be7f84bd4994bc2ac71188466,S7R08573.JPG,scene_type,exterior,Exterior,0.236695,clip,1.0
04904d7be7f84bd4994bc2ac71188466,S7R08573.JPG,shot_type,wide,Wide view,0.220039,clip,1.0
04904d7be7f84bd4994bc2ac71188466,S7R08573.JPG,people,no_people,No people,,threshold_rule,1.0
04904d7be7f84bd4994bc2ac71188466,S7R08573.JPG,structure,outbuilding,Outbuilding,0.258273,clip,1.0
04904d7be7f84bd4994bc2ac71188466,S7R08573.JPG,nature,dog,Dog,0.251644,clip,1.0
04904d7be7f84bd4994bc2ac71188466,S7R08573.JPG,condition,weathered_timber,Weathered timber,0.245298,clip,1.0
04904d7be7f84bd4994bc2ac71188466,S7R08573.JPG,condition,structural_damage,Structural damage,0.243805,clip,1.0
04904d7be7f84bd4994bc2ac71188466,S7R08573.JPG,condition,object_wear,Object wear,0.240044,clip,1.0
a69a6e08f44e4b46b88490a79c3b7518,S7R08574.JPG,site,base_w,"Base W, Detaille Island",,directory_path,1.0
a69a6e08f44e4b46b88490a79c3b7518,S7R08574.JPG,scene_type,exterior,Exterior,0.246428,clip,1.0
a69a6e08f44e4b46b88490a79c3b7518,S7R08574.JPG,shot_type,wide,Wide view,0.241478,clip,1.0
a69a6e08f44e4b46b88490a79c3b7518,S7R08574.JPG,people,no_people,No people,,threshold_rule,1.0
a69a6e08f44e4b46b88490a79c3b7518,S7R08574.JPG,structure,main_hut,Main hut,0.245292,clip,1.0
a69a6e08f44e4b46b88490a79c3b7518,S7R08574.JPG,structure,outbuilding,Outbuilding,0.261309,clip,1.0
a69a6e08f44e4b46b88490a79c3b7518,S7R08574.JPG,nature,penguin,Penguin,0.244418,clip,1.0
a69a6e08f44e4b46b88490a79c3b7518,S7R08574.JPG,nature,sea_ice,Sea ice,0.242585,clip,1.0
a69a6e08f44e4b46b88490a79c3b7518,S7R08574.JPG,nature,glacier,Glacier or ice cliff,0.248036,clip,1.0
a69a6e08f44e4b46b88490a79c3b7518,S7R08574.JPG,condition,weathered_timber,Weathered timber,0.251575,clip,1.0
a69a6e08f44e4b46b88490a79c3b7518,S7R08574.JPG,condition,structural_damage,Structural damage,0.252172,clip,1.0
a69a6e08f44e4b46b88490a79c3b7518,S7R08574.JPG,condition,object_wear,Object wear,0.242994,clip,1.0
47e1334563b044759da51a2642e25f7e,S7R08575.JPG,site,base_w,"Base W, Detaille Island",,directory_path,1.0
47e1334563b044759da51a2642e25f7e,S7R08575.JPG,scene_type,exterior,Exterior,0.232344,clip,1.0
47e1334563b044759da51a2642e25f7e,S7R08575.JPG,shot_type,wide,Wide view,0.215196,clip,1.0
47e1334563b044759da51a2642e25f7e,S7R08575.JPG,people,no_people,No people,,threshold_rule,1.0
47e1334563b044759da51a2642e25f7e,S7R08575.JPG,structure,outbuilding,Outbuilding,0.250144,clip,1.0
47e1334563b044759da51a2642e25f7e,S7R08575.JPG,condition,weathered_timber,Weathered timber,0.241166,clip,1.0
e53469c1cfec4f9ba0da2a5ee75c6679,S7R08576.JPG,site,base_w,"Base W, Detaille Island",,directory_path,1.0
e53469c1cfec4f9ba0da2a5ee75c6679,S7R08576.JPG,scene_type,exterior,Exterior,0.228136,clip,1.0
e53469c1cfec4f9ba0da2a5ee75c6679,S7R08576.JPG,shot_type,wide,Wide view,0.222513,clip,1.0
e53469c1cfec4f9ba0da2a5ee75c6679,S7R08576.JPG,people,no_people,No people,,threshold_rule,1.0
e53469c1cfec4f9ba0da2a5ee75c6679,S7R08576.JPG,structure,main_hut,Main hut,0.247996,clip,1.0
e53469c1cfec4f9ba0da2a5ee75c6679,S7R08576.JPG,structure,outbuilding,Outbuilding,0.265932,clip,1.0
af76f777c4b44a01807053adf4fd362f,S7R08577.JPG,site,base_w,"Base W, Detaille Island",,directory_path,1.0
af76f777c4b44a01807053adf4fd362f,S7R08577.JPG,scene_type,exterior,Exterior,0.24081,clip,1.0
af76f777c4b44a01807053adf4fd362f,S7R08577.JPG,shot_type,wide,Wide view,0.22825,clip,1.0
af76f777c4b44a01807053adf4fd362f,S7R08577.JPG,people,no_people,No people,,threshold_rule,1.0
af76f777c4b44a01807053adf4fd362f,S7R08577.JPG,structure,main_hut,Main hut,0.270879,clip,1.0
af76f777c4b44a01807053adf4fd362f,S7R08577.JPG,structure,outbuilding,Outbuilding,0.275344,clip,1.0
af76f777c4b44a01807053adf4fd362f,S7R08577.JPG,condition,weathered_timber,Weathered timber,0.263411,clip,1.0
af76f777c4b44a01807053adf4fd362f,S7R08577.JPG,condition,structural_damage,Structural damage,0.244133,clip,1.0
af76f777c4b44a01807053adf4fd362f,S7R08577.JPG,condition,object_wear,Object wear,0.24592,clip,1.0
0487c34d6f0a4c25ba57fceca9fc78e5,S7R08578.JPG,site,base_w,"Base W, Detaille Island",,directory_path,1.0
0487c34d6f0a4c25ba57fceca9fc78e5,S7R08578.JPG,scene_type,exterior,Exterior,0.244237,clip,1.0
0487c34d6f0a4c25ba57fceca9fc78e5,S7R08578.JPG,shot_type,wide,Wide view,0.240776,clip,1.0
0487c34d6f0a4c25ba57fceca9fc78e5,S7R08578.JPG,people,no_people,No people,,threshold_rule,1.0
0487c34d6f0a4c25ba57fceca9fc78e5,S7R08578.JPG,structure,main_hut,Main hut,0.265458,clip,1.0
0487c34d6f0a4c25ba57fceca9fc78e5,S7R08578.JPG,structure,outbuilding,Outbuilding,0.273107,clip,1.0
0487c34d6f0a4c25ba57fceca9fc78e5,S7R08578.JPG,nature,penguin,Penguin,0.240454,clip,1.0
0487c34d6f0a4c25ba57fceca9fc78e5,S7R08578.JPG,nature,exposed_rock,Exposed rock,0.241375,clip,1.0
0487c34d6f0a4c25ba57fceca9fc78e5,S7R08578.JPG,condition,weathered_timber,Weathered timber,0.253618,clip,1.0
0487c34d6f0a4c25ba57fceca9fc78e5,S7R08578.JPG,condition,structural_damage,Structural damage,0.242082,clip,1.0
ef197fb564cd4bf49a70b92ccaceacc6,S7R08579.JPG,site,base_w,"Base W, Detaille Island",,directory_path,1.0
ef197fb564cd4bf49a70b92ccaceacc6,S7R08579.JPG,scene_type,exterior,Exterior,0.228392,clip,1.0
ef197fb564cd4bf49a70b92ccaceacc6,S7R08579.JPG,shot_type,wide,Wide view,0.212213,clip,1.0
ef197fb564cd4bf49a70b92ccaceacc6,S7R08579.JPG,people,no_people,No people,,threshold_rule,1.0
ef197fb564cd4bf49a70b92ccaceacc6,S7R08579.JPG,structure,main_hut,Main hut,0.26459,clip,1.0
ef197fb564cd4bf49a70b92ccaceacc6,S7R08579.JPG,structure,outbuilding,Outbuilding,0.267899,clip,1.0
ef197fb564cd4bf49a70b92ccaceacc6,S7R08579.JPG,condition,weathered_timber,Weathered timber,0.256582,clip,1.0
b84245763b2f47338309d919a96d57b0,S7R08580.JPG,site,base_w,"Base W, Detaille Island",,directory_path,1.0
b84245763b2f47338309d919a96d57b0,S7R08580.JPG,scene_type,landscape,Landscape,0.250675,clip,1.0
b84245763b2f47338309d919a96d57b0,S7R08580.JPG,shot_type,wide,Wide view,0.233498,clip,1.0
b84245763b2f47338309d919a96d57b0,S7R08580.JPG,people,no_people,No people,,threshold_rule,1.0
b84245763b2f47338309d919a96d57b0,S7R08580.JPG,condition,weathered_timber,Weathered timber,0.249786,clip,1.0
b84245763b2f47338309d919a96d57b0,S7R08580.JPG,condition,object_wear,Object wear,0.240018,clip,1.0
3f2d6f18c3cc4e21b6757a6ebf6cfd93,S7R08581.JPG,site,base_w,"Base W, Detaille Island",,directory_path,1.0
3f2d6f18c3cc4e21b6757a6ebf6cfd93,S7R08581.JPG,scene_type,landscape,Landscape,0.264669,clip,1.0
3f2d6f18c3cc4e21b6757a6ebf6cfd93,S7R08581.JPG,shot_type,wide,Wide view,0.22846,clip,1.0
3f2d6f18c3cc4e21b6757a6ebf6cfd93,S7R08581.JPG,people,no_people,No people,,threshold_rule,1.0
3f2d6f18c3cc4e21b6757a6ebf6cfd93,S7R08581.JPG,nature,penguin,Penguin,0.247326,clip,1.0
3f2d6f18c3cc4e21b6757a6ebf6cfd93,S7R08581.JPG,nature,seal,Seal,0.250675,clip,1.0
3f2d6f18c3cc4e21b6757a6ebf6cfd93,S7R08581.JPG,nature,sea_ice,Sea ice,0.271348,clip,1.0
3f2d6f18c3cc4e21b6757a6ebf6cfd93,S7R08581.JPG,nature,glacier,Glacier or ice cliff,0.273515,clip,1.0
3f2d6f18c3cc4e21b6757a6ebf6cfd93,S7R08581.JPG,nature,exposed_rock,Exposed rock,0.240456,clip,1.0
0336a3297c224f1f9fd1be130ae795ea,S7R08582.JPG,site,base_w,"Base W, Detaille Island",,directory_path,1.0
0336a3297c224f1f9fd1be130ae795ea,S7R08582.JPG,scene_type,exterior,Exterior,0.244182,clip,1.0
0336a3297c224f1f9fd1be130ae795ea,S7R08582.JPG,shot_type,wide,Wide view,0.230057,clip,1.0
0336a3297c224f1f9fd1be130ae795ea,S7R08582.JPG,people,no_people,No people,,threshold_rule,1.0
0336a3297c224f1f9fd1be130ae795ea,S7R08582.JPG,structure,outbuilding,Outbuilding,0.267673,clip,1.0
0336a3297c224f1f9fd1be130ae795ea,S7R08582.JPG,condition,weathered_timber,Weathered timber,0.273103,clip,1.0
0336a3297c224f1f9fd1be130ae795ea,S7R08582.JPG,condition,object_wear,Object wear,0.252025,clip,1.0
931a0e25de4c4e1f8409875540712315,1 (10).JPG,site,site_unknown,Site not determined,,directory_path,1.0
931a0e25de4c4e1f8409875540712315,1 (10).JPG,scene_type,exterior,Exterior,0.228692,clip,1.0
931a0e25de4c4e1f8409875540712315,1 (10).JPG,shot_type,detail,Detail,0.205934,clip,1.0
931a0e25de4c4e1f8409875540712315,1 (10).JPG,people,no_people,No people,,threshold_rule,1.0
931a0e25de4c4e1f8409875540712315,1 (10).JPG,condition,weathered_timber,Weathered timber,0.256019,clip,1.0
3cae6513130e4af09b3e3ef0f1c92b19,1 (12).JPG,site,site_unknown,Site not determined,,directory_path,1.0
3cae6513130e4af09b3e3ef0f1c92b19,1 (12).JPG,scene_type,landscape,Landscape,0.192003,clip,1.0
3cae6513130e4af09b3e3ef0f1c92b19,1 (12).JPG,shot_type,wide,Wide view,0.171779,clip,1.0
3cae6513130e4af09b3e3ef0f1c92b19,1 (12).JPG,people,no_people,No people,,threshold_rule,1.0
3cae6513130e4af09b3e3ef0f1c92b19,1 (12).JPG,nature,bird,Bird,0.243933,clip,1.0
8ceaf4da9f8c4a9cb51be51ffb169f68,1 (19).JPG,site,site_unknown,Site not determined,,directory_path,1.0
8ceaf4da9f8c4a9cb51be51ffb169f68,1 (19).JPG,scene_type,interior,Interior,0.194931,clip,1.0
8ceaf4da9f8c4a9cb51be51ffb169f68,1 (19).JPG,shot_type,medium,Medium view,0.193422,clip,1.0
8ceaf4da9f8c4a9cb51be51ffb169f68,1 (19).JPG,people,no_people,No people,,threshold_rule,1.0
8ceaf4da9f8c4a9cb51be51ffb169f68,1 (19).JPG,room,workshop,Workshop,0.267508,clip,1.0
6cd6f7345fb448c6b3009f06b4cb454f,1 (39).JPG,site,site_unknown,Site not determined,,directory_path,1.0
6cd6f7345fb448c6b3009f06b4cb454f,1 (39).JPG,scene_type,landscape,Landscape,0.195845,clip,1.0
6cd6f7345fb448c6b3009f06b4cb454f,1 (39).JPG,shot_type,medium,Medium view,0.193693,clip,1.0
6cd6f7345fb448c6b3009f06b4cb454f,1 (39).JPG,people,no_people,No people,,threshold_rule,1.0
4f370ca4c6de45599800cd5d9083c54e,1 (47).JPG,site,site_unknown,Site not determined,,directory_path,1.0
4f370ca4c6de45599800cd5d9083c54e,1 (47).JPG,scene_type,exterior,Exterior,0.191833,clip,1.0
4f370ca4c6de45599800cd5d9083c54e,1 (47).JPG,shot_type,detail,Detail,0.208623,clip,1.0
4f370ca4c6de45599800cd5d9083c54e,1 (47).JPG,people,no_people,No people,,threshold_rule,1.0
478b884e83594712bedfaeb74066df88,1 (8).JPG,site,site_unknown,Site not determined,,directory_path,1.0
478b884e83594712bedfaeb74066df88,1 (8).JPG,scene_type,landscape,Landscape,0.222407,clip,1.0
478b884e83594712bedfaeb74066df88,1 (8).JPG,shot_type,wide,Wide view,0.223384,clip,1.0
478b884e83594712bedfaeb74066df88,1 (8).JPG,people,no_people,No people,,threshold_rule,1.0
6c880f57b31245da982fcc0b602e16a0,1.JPG,site,site_unknown,Site not determined,,directory_path,1.0
6c880f57b31245da982fcc0b602e16a0,1.JPG,scene_type,landscape,Landscape,0.292573,clip,1.0
6c880f57b31245da982fcc0b602e16a0,1.JPG,shot_type,wide,Wide view,0.234542,clip,1.0
6c880f57b31245da982fcc0b602e16a0,1.JPG,people,no_people,No people,,threshold_rule,1.0
6c880f57b31245da982fcc0b602e16a0,1.JPG,nature,dog,Dog,0.25603,clip,1.0
6c880f57b31245da982fcc0b602e16a0,1.JPG,nature,snow,Snow,0.248815,clip,1.0
6c880f57b31245da982fcc0b602e16a0,1.JPG,nature,sea_ice,Sea ice,0.246769,clip,1.0
6c880f57b31245da982fcc0b602e16a0,1.JPG,nature,mountains,Mountains,0.250032,clip,1.0
6c880f57b31245da982fcc0b602e16a0,1.JPG,nature,overcast,Overcast or storm,0.243264,clip,1.0
ea6eb349d62e4b46969a8c5e8bdf31f2,2.JPG,site,site_unknown,Site not determined,,directory_path,1.0
ea6eb349d62e4b46969a8c5e8bdf31f2,2.JPG,scene_type,interior,Interior,0.255696,clip,1.0
ea6eb349d62e4b46969a8c5e8bdf31f2,2.JPG,shot_type,medium,Medium view,0.231099,clip,1.0
ea6eb349d62e4b46969a8c5e8bdf31f2,2.JPG,people,no_people,No people,,threshold_rule,1.0
ea6eb349d62e4b46969a8c5e8bdf31f2,2.JPG,room,living_room,Living room,0.266985,clip,1.0
1fd1c1530df443739bd77707e79a9677,20121121-DSC_0811 FK.jpg,site,site_unknown,Site not determined,,directory_path,1.0
1fd1c1530df443739bd77707e79a9677,20121121-DSC_0811 FK.jpg,scene_type,interior,Interior,0.245476,clip,1.0
1fd1c1530df443739bd77707e79a9677,20121121-DSC_0811 FK.jpg,shot_type,medium,Medium view,0.236235,clip,1.0
1fd1c1530df443739bd77707e79a9677,20121121-DSC_0811 FK.jpg,people,no_people,No people,,threshold_rule,1.0
1fd1c1530df443739bd77707e79a9677,20121121-DSC_0811 FK.jpg,room,workshop,Workshop,0.333611,clip,1.0
1fd1c1530df443739bd77707e79a9677,20121121-DSC_0811 FK.jpg,condition,object_wear,Object wear,0.240001,clip,1.0
2a37751837614441922424902425f259,3.JPG,site,site_unknown,Site not determined,,directory_path,1.0
2a37751837614441922424902425f259,3.JPG,scene_type,interior,Interior,0.256701,clip,1.0
2a37751837614441922424902425f259,3.JPG,shot_type,medium,Medium view,0.211924,clip,1.0
2a37751837614441922424902425f259,3.JPG,people,no_people,No people,,threshold_rule,1.0
2a37751837614441922424902425f259,3.JPG,room,kitchen,Kitchen,0.274695,clip,1.0
520f71ccf985465e8fa3413b88a4e472,4.JPG,site,site_unknown,Site not determined,,directory_path,1.0
520f71ccf985465e8fa3413b88a4e472,4.JPG,scene_type,interior,Interior,0.225677,clip,1.0
520f71ccf985465e8fa3413b88a4e472,4.JPG,shot_type,medium,Medium view,0.180432,clip,1.0
520f71ccf985465e8fa3413b88a4e472,4.JPG,people,no_people,No people,,threshold_rule,1.0
520f71ccf985465e8fa3413b88a4e472,4.JPG,room,bunkroom,Bunkroom,0.284514,clip,1.0
5d065c454d3e4980ad9b6c555b9ae974,a Calire IMG_1633.JPG,site,site_unknown,Site not determined,,directory_path,1.0
5d065c454d3e4980ad9b6c555b9ae974,a Calire IMG_1633.JPG,scene_type,landscape,Landscape,0.235628,clip,1.0
5d065c454d3e4980ad9b6c555b9ae974,a Calire IMG_1633.JPG,shot_type,wide,Wide view,0.22167,clip,1.0
5d065c454d3e4980ad9b6c555b9ae974,a Calire IMG_1633.JPG,people,no_people,No people,,threshold_rule,1.0
5d065c454d3e4980ad9b6c555b9ae974,a Calire IMG_1633.JPG,nature,penguin,Penguin,0.270787,clip,1.0
62234286d46444e6a4727133a04a6a96,a Cat IMG_5756.JPG,site,site_unknown,Site not determined,,directory_path,1.0
62234286d46444e6a4727133a04a6a96,a Cat IMG_5756.JPG,scene_type,landscape,Landscape,0.199877,clip,1.0
62234286d46444e6a4727133a04a6a96,a Cat IMG_5756.JPG,shot_type,detail,Detail,0.185954,clip,1.0
62234286d46444e6a4727133a04a6a96,a Cat IMG_5756.JPG,people,no_people,No people,,threshold_rule,1.0
62234286d46444e6a4727133a04a6a96,a Cat IMG_5756.JPG,nature,penguin,Penguin,0.282798,clip,1.0
62234286d46444e6a4727133a04a6a96,a Cat IMG_5756.JPG,nature,seal,Seal,0.250677,clip,1.0
62234286d46444e6a4727133a04a6a96,a Cat IMG_5756.JPG,nature,sea_ice,Sea ice,0.245472,clip,1.0
3eeba11b17484070a938948233b7a717,a Cat IMG_5781 50_.jpg,site,site_unknown,Site not determined,,directory_path,1.0
3eeba11b17484070a938948233b7a717,a Cat IMG_5781 50_.jpg,scene_type,interior,Interior,0.239753,clip,1.0
3eeba11b17484070a938948233b7a717,a Cat IMG_5781 50_.jpg,shot_type,medium,Medium view,0.19619,clip,1.0
3eeba11b17484070a938948233b7a717,a Cat IMG_5781 50_.jpg,people,no_people,No people,,threshold_rule,1.0
3eeba11b17484070a938948233b7a717,a Cat IMG_5781 50_.jpg,room,radio_room,Radio room,0.241953,clip,1.0
5429f64ae0cf498fac2c72f1bd7ee898,a Cat IMG_5781 50_1.jpg,site,site_unknown,Site not determined,,directory_path,1.0
5429f64ae0cf498fac2c72f1bd7ee898,a Cat IMG_5781 50_1.jpg,scene_type,interior,Interior,0.239753,clip,1.0
5429f64ae0cf498fac2c72f1bd7ee898,a Cat IMG_5781 50_1.jpg,shot_type,medium,Medium view,0.19619,clip,1.0
5429f64ae0cf498fac2c72f1bd7ee898,a Cat IMG_5781 50_1.jpg,people,no_people,No people,,threshold_rule,1.0
5429f64ae0cf498fac2c72f1bd7ee898,a Cat IMG_5781 50_1.jpg,room,radio_room,Radio room,0.241953,clip,1.0
88584eddc50b47cd978e1e59849e5e45,a Cat IMG_7551-Optimized.JPG,site,site_unknown,Site not determined,,directory_path,1.0
88584eddc50b47cd978e1e59849e5e45,a Cat IMG_7551-Optimized.JPG,scene_type,landscape,Landscape,0.25918,clip,1.0
88584eddc50b47cd978e1e59849e5e45,a Cat IMG_7551-Optimized.JPG,shot_type,wide,Wide view,0.229073,clip,1.0
88584eddc50b47cd978e1e59849e5e45,a Cat IMG_7551-Optimized.JPG,people,no_people,No people,,threshold_rule,1.0
88584eddc50b47cd978e1e59849e5e45,a Cat IMG_7551-Optimized.JPG,nature,snow,Snow,0.242054,clip,1.0
88584eddc50b47cd978e1e59849e5e45,a Cat IMG_7551-Optimized.JPG,nature,overcast,Overcast or storm,0.25717,clip,1.0
172c8b26b45a4529a62ff8541d9d2d3c,a Cat IMG_7551-Optimized1.JPG,site,site_unknown,Site not determined,,directory_path,1.0
172c8b26b45a4529a62ff8541d9d2d3c,a Cat IMG_7551-Optimized1.JPG,scene_type,landscape,Landscape,0.25918,clip,1.0
172c8b26b45a4529a62ff8541d9d2d3c,a Cat IMG_7551-Optimized1.JPG,shot_type,wide,Wide view,0.229073,clip,1.0
172c8b26b45a4529a62ff8541d9d2d3c,a Cat IMG_7551-Optimized1.JPG,people,no_people,No people,,threshold_rule,1.0
172c8b26b45a4529a62ff8541d9d2d3c,a Cat IMG_7551-Optimized1.JPG,nature,snow,Snow,0.242054,clip,1.0
172c8b26b45a4529a62ff8541d9d2d3c,a Cat IMG_7551-Optimized1.JPG,nature,overcast,Overcast or storm,0.25717,clip,1.0
ac4167003b634643be1ea978480593bb,a Cat IMG_7551.JPG,site,site_unknown,Site not determined,,directory_path,1.0
ac4167003b634643be1ea978480593bb,a Cat IMG_7551.JPG,scene_type,landscape,Landscape,0.257306,clip,1.0
ac4167003b634643be1ea978480593bb,a Cat IMG_7551.JPG,shot_type,wide,Wide view,0.232238,clip,1.0
ac4167003b634643be1ea978480593bb,a Cat IMG_7551.JPG,people,no_people,No people,,threshold_rule,1.0
ac4167003b634643be1ea978480593bb,a Cat IMG_7551.JPG,nature,overcast,Overcast or storm,0.247014,clip,1.0
275f33ffb35d436690ccd7e1ba3b93b3,a Cat IMG_8594.JPG,site,site_unknown,Site not determined,,directory_path,1.0
275f33ffb35d436690ccd7e1ba3b93b3,a Cat IMG_8594.JPG,scene_type,exterior,Exterior,0.186721,clip,1.0
275f33ffb35d436690ccd7e1ba3b93b3,a Cat IMG_8594.JPG,shot_type,detail,Detail,0.18492,clip,1.0
275f33ffb35d436690ccd7e1ba3b93b3,a Cat IMG_8594.JPG,people,no_people,No people,,threshold_rule,1.0
7f3c6a5f2c1c429da2f398079a2584df,a Cat IMG_9332.JPG,site,site_unknown,Site not determined,,directory_path,1.0
7f3c6a5f2c1c429da2f398079a2584df,a Cat IMG_9332.JPG,scene_type,interior,Interior,0.195683,clip,1.0
7f3c6a5f2c1c429da2f398079a2584df,a Cat IMG_9332.JPG,shot_type,detail,Detail,0.214502,clip,1.0
7f3c6a5f2c1c429da2f398079a2584df,a Cat IMG_9332.JPG,people,no_people,No people,,threshold_rule,1.0
7f3c6a5f2c1c429da2f398079a2584df,a Cat IMG_9332.JPG,room,room_unknown,Room not determined,,threshold_rule,1.0
85851f6e2f684443897c7ca8908bd24d,a Cat IMG_93321.JPG,site,site_unknown,Site not determined,,directory_path,1.0
85851f6e2f684443897c7ca8908bd24d,a Cat IMG_93321.JPG,scene_type,interior,Interior,0.195683,clip,1.0
85851f6e2f684443897c7ca8908bd24d,a Cat IMG_93321.JPG,shot_type,detail,Detail,0.214502,clip,1.0
85851f6e2f684443897c7ca8908bd24d,a Cat IMG_93321.JPG,people,no_people,No people,,threshold_rule,1.0
85851f6e2f684443897c7ca8908bd24d,a Cat IMG_93321.JPG,room,room_unknown,Room not determined,,threshold_rule,1.0
c2a978e6a917409e975c9411b17ea725,a Cat IMG_9758.JPG,site,site_unknown,Site not determined,,directory_path,1.0
c2a978e6a917409e975c9411b17ea725,a Cat IMG_9758.JPG,scene_type,object_study,Object study,0.161707,clip,1.0
c2a978e6a917409e975c9411b17ea725,a Cat IMG_9758.JPG,shot_type,detail,Detail,0.206091,clip,1.0
c2a978e6a917409e975c9411b17ea725,a Cat IMG_9758.JPG,people,no_people,No people,,threshold_rule,1.0
f7ebac8fcfec4a54b49f70c79e757b28,a Cat IMG_97581.JPG,site,site_unknown,Site not determined,,directory_path,1.0
f7ebac8fcfec4a54b49f70c79e757b28,a Cat IMG_97581.JPG,scene_type,object_study,Object study,0.161707,clip,1.0
f7ebac8fcfec4a54b49f70c79e757b28,a Cat IMG_97581.JPG,shot_type,detail,Detail,0.206091,clip,1.0
f7ebac8fcfec4a54b49f70c79e757b28,a Cat IMG_97581.JPG,people,no_people,No people,,threshold_rule,1.0
234fd062a9c3464f9e007006bed2aec6,a Claire DSC07803.JPG,site,site_unknown,Site not determined,,directory_path,1.0
234fd062a9c3464f9e007006bed2aec6,a Claire DSC07803.JPG,scene_type,exterior,Exterior,0.196775,clip,1.0
234fd062a9c3464f9e007006bed2aec6,a Claire DSC07803.JPG,shot_type,detail,Detail,0.210658,clip,1.0
234fd062a9c3464f9e007006bed2aec6,a Claire DSC07803.JPG,people,no_people,No people,,threshold_rule,1.0
234fd062a9c3464f9e007006bed2aec6,a Claire DSC07803.JPG,nature,seal,Seal,0.251644,clip,1.0
ef90871216e04242bfe92d8e98bdba1c,a Claire DSC078031.JPG,site,site_unknown,Site not determined,,directory_path,1.0
ef90871216e04242bfe92d8e98bdba1c,a Claire DSC078031.JPG,scene_type,exterior,Exterior,0.196775,clip,1.0
ef90871216e04242bfe92d8e98bdba1c,a Claire DSC078031.JPG,shot_type,detail,Detail,0.210658,clip,1.0
ef90871216e04242bfe92d8e98bdba1c,a Claire DSC078031.JPG,people,no_people,No people,,threshold_rule,1.0
ef90871216e04242bfe92d8e98bdba1c,a Claire DSC078031.JPG,nature,seal,Seal,0.251644,clip,1.0
889f438e86884f56aacd1cd81655dc23,a Claire IMG_1985.JPG,site,site_unknown,Site not determined,,directory_path,1.0
889f438e86884f56aacd1cd81655dc23,a Claire IMG_1985.JPG,scene_type,landscape,Landscape,0.248809,clip,1.0
889f438e86884f56aacd1cd81655dc23,a Claire IMG_1985.JPG,shot_type,wide,Wide view,0.23451,clip,1.0
889f438e86884f56aacd1cd81655dc23,a Claire IMG_1985.JPG,people,no_people,No people,,threshold_rule,1.0
889f438e86884f56aacd1cd81655dc23,a Claire IMG_1985.JPG,nature,penguin,Penguin,0.245048,clip,1.0
ca21acdd200d4267b069eefacaf76979,a Claire IMG_19851.JPG,site,site_unknown,Site not determined,,directory_path,1.0
ca21acdd200d4267b069eefacaf76979,a Claire IMG_19851.JPG,scene_type,landscape,Landscape,0.248809,clip,1.0
ca21acdd200d4267b069eefacaf76979,a Claire IMG_19851.JPG,shot_type,wide,Wide view,0.23451,clip,1.0
ca21acdd200d4267b069eefacaf76979,a Claire IMG_19851.JPG,people,no_people,No people,,threshold_rule,1.0
ca21acdd200d4267b069eefacaf76979,a Claire IMG_19851.JPG,nature,penguin,Penguin,0.245048,clip,1.0
425d74ce96f84df8aa291942997e76f0,a Claire IMG_3388.JPG,site,site_unknown,Site not determined,,directory_path,1.0
425d74ce96f84df8aa291942997e76f0,a Claire IMG_3388.JPG,scene_type,landscape,Landscape,0.227996,clip,1.0
425d74ce96f84df8aa291942997e76f0,a Claire IMG_3388.JPG,shot_type,wide,Wide view,0.221725,clip,1.0
425d74ce96f84df8aa291942997e76f0,a Claire IMG_3388.JPG,people,no_people,No people,,threshold_rule,1.0
398fd84f68c7493f84cad6e76132df73,a Claire IMG_6340.JPG,site,site_unknown,Site not determined,,directory_path,1.0
398fd84f68c7493f84cad6e76132df73,a Claire IMG_6340.JPG,scene_type,landscape,Landscape,0.233241,clip,1.0
398fd84f68c7493f84cad6e76132df73,a Claire IMG_6340.JPG,shot_type,wide,Wide view,0.212184,clip,1.0
398fd84f68c7493f84cad6e76132df73,a Claire IMG_6340.JPG,people,no_people,No people,,threshold_rule,1.0
398fd84f68c7493f84cad6e76132df73,a Claire IMG_6340.JPG,nature,penguin,Penguin,0.285426,clip,1.0
398fd84f68c7493f84cad6e76132df73,a Claire IMG_6340.JPG,nature,sea_ice,Sea ice,0.246627,clip,1.0
398fd84f68c7493f84cad6e76132df73,a Claire IMG_6340.JPG,nature,glacier,Glacier or ice cliff,0.2691,clip,1.0
0a44b70afb384a18a2590e44871aa954,a Claire IMG_6407.JPG,site,site_unknown,Site not determined,,directory_path,1.0
0a44b70afb384a18a2590e44871aa954,a Claire IMG_6407.JPG,scene_type,object_study,Object study,0.189959,clip,1.0
0a44b70afb384a18a2590e44871aa954,a Claire IMG_6407.JPG,shot_type,detail,Detail,0.210549,clip,1.0
0a44b70afb384a18a2590e44871aa954,a Claire IMG_6407.JPG,people,no_people,No people,,threshold_rule,1.0
0a44b70afb384a18a2590e44871aa954,a Claire IMG_6407.JPG,nature,penguin,Penguin,0.268272,clip,1.0
f6a665c9c37d4c478b89b3ced05f7333,a Claire IMG_64071.JPG,site,site_unknown,Site not determined,,directory_path,1.0
f6a665c9c37d4c478b89b3ced05f7333,a Claire IMG_64071.JPG,scene_type,object_study,Object study,0.189959,clip,1.0
f6a665c9c37d4c478b89b3ced05f7333,a Claire IMG_64071.JPG,shot_type,detail,Detail,0.210549,clip,1.0
f6a665c9c37d4c478b89b3ced05f7333,a Claire IMG_64071.JPG,people,no_people,No people,,threshold_rule,1.0
f6a665c9c37d4c478b89b3ced05f7333,a Claire IMG_64071.JPG,nature,penguin,Penguin,0.268272,clip,1.0
dd007e7723c543e3bf35176f5d36cceb,a Michael DSC_1154.JPG,site,site_unknown,Site not determined,,directory_path,1.0
dd007e7723c543e3bf35176f5d36cceb,a Michael DSC_1154.JPG,scene_type,landscape,Landscape,0.247468,clip,1.0
dd007e7723c543e3bf35176f5d36cceb,a Michael DSC_1154.JPG,shot_type,wide,Wide view,0.244365,clip,1.0
dd007e7723c543e3bf35176f5d36cceb,a Michael DSC_1154.JPG,people,no_people,No people,,threshold_rule,1.0
026e03c68a98422b88d063b25a4cd297,a Michael DSC_11541.JPG,site,site_unknown,Site not determined,,directory_path,1.0
026e03c68a98422b88d063b25a4cd297,a Michael DSC_11541.JPG,scene_type,landscape,Landscape,0.247468,clip,1.0
026e03c68a98422b88d063b25a4cd297,a Michael DSC_11541.JPG,shot_type,wide,Wide view,0.244365,clip,1.0
026e03c68a98422b88d063b25a4cd297,a Michael DSC_11541.JPG,people,no_people,No people,,threshold_rule,1.0
0c765419aad24b4ab623734b80c0c7b6,a Michael DSC_1736.JPG,site,site_unknown,Site not determined,,directory_path,1.0
0c765419aad24b4ab623734b80c0c7b6,a Michael DSC_1736.JPG,scene_type,object_study,Object study,0.194997,clip,1.0
0c765419aad24b4ab623734b80c0c7b6,a Michael DSC_1736.JPG,shot_type,detail,Detail,0.215669,clip,1.0
0c765419aad24b4ab623734b80c0c7b6,a Michael DSC_1736.JPG,people,no_people,No people,,threshold_rule,1.0
a12e9e38f35c4bbdab9de00d1b1039e4,a RACHEL MORGAN - Ylva P1010042.JPG,site,site_unknown,Site not determined,,directory_path,1.0
a12e9e38f35c4bbdab9de00d1b1039e4,a RACHEL MORGAN - Ylva P1010042.JPG,scene_type,landscape,Landscape,0.188628,clip,1.0
a12e9e38f35c4bbdab9de00d1b1039e4,a RACHEL MORGAN - Ylva P1010042.JPG,shot_type,wide,Wide view,0.201371,clip,1.0
a12e9e38f35c4bbdab9de00d1b1039e4,a RACHEL MORGAN - Ylva P1010042.JPG,people,no_people,No people,,threshold_rule,1.0
67c04bc2a86740e89ed58d84c57c10eb,a RACHEL MORGAN - Ylva P10100421.JPG,site,site_unknown,Site not determined,,directory_path,1.0
67c04bc2a86740e89ed58d84c57c10eb,a RACHEL MORGAN - Ylva P10100421.JPG,scene_type,landscape,Landscape,0.188628,clip,1.0
67c04bc2a86740e89ed58d84c57c10eb,a RACHEL MORGAN - Ylva P10100421.JPG,shot_type,wide,Wide view,0.201371,clip,1.0
67c04bc2a86740e89ed58d84c57c10eb,a RACHEL MORGAN - Ylva P10100421.JPG,people,no_people,No people,,threshold_rule,1.0
dc0c530ed1754c0295c6701582a82dae,A true Antarctic scene. Kristine Hannon.jpg,site,site_unknown,Site not determined,,directory_path,1.0
dc0c530ed1754c0295c6701582a82dae,A true Antarctic scene. Kristine Hannon.jpg,scene_type,landscape,Landscape,0.242298,clip,1.0
dc0c530ed1754c0295c6701582a82dae,A true Antarctic scene. Kristine Hannon.jpg,shot_type,detail,Detail,0.195389,clip,1.0
dc0c530ed1754c0295c6701582a82dae,A true Antarctic scene. Kristine Hannon.jpg,people,no_people,No people,,threshold_rule,1.0
dc0c530ed1754c0295c6701582a82dae,A true Antarctic scene. Kristine Hannon.jpg,nature,penguin,Penguin,0.27921,clip,1.0
dc0c530ed1754c0295c6701582a82dae,A true Antarctic scene. Kristine Hannon.jpg,nature,dog,Dog,0.249831,clip,1.0
dc0c530ed1754c0295c6701582a82dae,A true Antarctic scene. Kristine Hannon.jpg,nature,snow,Snow,0.242451,clip,1.0
dc0c530ed1754c0295c6701582a82dae,A true Antarctic scene. Kristine Hannon.jpg,nature,overcast,Overcast or storm,0.250778,clip,1.0
d365504ad6964df180a2fae5ade78a03,a Ylva P1000662.jpg,site,site_unknown,Site not determined,,directory_path,1.0
d365504ad6964df180a2fae5ade78a03,a Ylva P1000662.jpg,scene_type,landscape,Landscape,0.266989,clip,1.0
d365504ad6964df180a2fae5ade78a03,a Ylva P1000662.jpg,shot_type,wide,Wide view,0.245496,clip,1.0
d365504ad6964df180a2fae5ade78a03,a Ylva P1000662.jpg,people,no_people,No people,,threshold_rule,1.0
d365504ad6964df180a2fae5ade78a03,a Ylva P1000662.jpg,nature,penguin,Penguin,0.268635,clip,1.0
d365504ad6964df180a2fae5ade78a03,a Ylva P1000662.jpg,nature,sea_ice,Sea ice,0.244116,clip,1.0
d365504ad6964df180a2fae5ade78a03,a Ylva P1000662.jpg,nature,overcast,Overcast or storm,0.243447,clip,1.0
bb899eb072654c46a0b493183e75a711,a Ylva P10006621.jpg,site,site_unknown,Site not determined,,directory_path,1.0
bb899eb072654c46a0b493183e75a711,a Ylva P10006621.jpg,scene_type,landscape,Landscape,0.266989,clip,1.0
bb899eb072654c46a0b493183e75a711,a Ylva P10006621.jpg,shot_type,wide,Wide view,0.245496,clip,1.0
bb899eb072654c46a0b493183e75a711,a Ylva P10006621.jpg,people,no_people,No people,,threshold_rule,1.0
bb899eb072654c46a0b493183e75a711,a Ylva P10006621.jpg,nature,penguin,Penguin,0.268635,clip,1.0
bb899eb072654c46a0b493183e75a711,a Ylva P10006621.jpg,nature,sea_ice,Sea ice,0.244116,clip,1.0
bb899eb072654c46a0b493183e75a711,a Ylva P10006621.jpg,nature,overcast,Overcast or storm,0.243447,clip,1.0
5eb79362b2854ec1baf13d725b4470b6,aa Cat IMG_7551.JPG,site,site_unknown,Site not determined,,directory_path,1.0
5eb79362b2854ec1baf13d725b4470b6,aa Cat IMG_7551.JPG,scene_type,landscape,Landscape,0.257306,clip,1.0
5eb79362b2854ec1baf13d725b4470b6,aa Cat IMG_7551.JPG,shot_type,wide,Wide view,0.232238,clip,1.0
5eb79362b2854ec1baf13d725b4470b6,aa Cat IMG_7551.JPG,people,no_people,No people,,threshold_rule,1.0
5eb79362b2854ec1baf13d725b4470b6,aa Cat IMG_7551.JPG,nature,overcast,Overcast or storm,0.247014,clip,1.0
989933e4c8f4479296a6c3ece34041e6,Ad Chart scan 3.jpg,site,site_unknown,Site not determined,,directory_path,1.0
989933e4c8f4479296a6c3ece34041e6,Ad Chart scan 3.jpg,scene_type,object_study,Object study,0.180231,clip,1.0
989933e4c8f4479296a6c3ece34041e6,Ad Chart scan 3.jpg,shot_type,detail,Detail,0.225553,clip,1.0
989933e4c8f4479296a6c3ece34041e6,Ad Chart scan 3.jpg,people,no_people,No people,,threshold_rule,1.0
989933e4c8f4479296a6c3ece34041e6,Ad Chart scan 3.jpg,nature,glacier,Glacier or ice cliff,0.240933,clip,1.0
989933e4c8f4479296a6c3ece34041e6,Ad Chart scan 3.jpg,nature,open_water,Open water,0.244352,clip,1.0
e4ff79a5b92d4e8c881c434e4dfc7a92,BaseASign.JPG,site,site_unknown,Site not determined,,directory_path,1.0
e4ff79a5b92d4e8c881c434e4dfc7a92,BaseASign.JPG,scene_type,interior,Interior,0.219828,clip,1.0
e4ff79a5b92d4e8c881c434e4dfc7a92,BaseASign.JPG,shot_type,detail,Detail,0.202765,clip,1.0
e4ff79a5b92d4e8c881c434e4dfc7a92,BaseASign.JPG,people,no_people,No people,,threshold_rule,1.0
e4ff79a5b92d4e8c881c434e4dfc7a92,BaseASign.JPG,room,room_unknown,Room not determined,,threshold_rule,1.0
cca73692fb1545a6aaf1ca342dc170c4,BHPorch2.JPG,site,site_unknown,Site not determined,,directory_path,1.0
cca73692fb1545a6aaf1ca342dc170c4,BHPorch2.JPG,scene_type,interior,Interior,0.196469,clip,1.0
cca73692fb1545a6aaf1ca342dc170c4,BHPorch2.JPG,shot_type,detail,Detail,0.190147,clip,1.0
cca73692fb1545a6aaf1ca342dc170c4,BHPorch2.JPG,people,no_people,No people,,threshold_rule,1.0
cca73692fb1545a6aaf1ca342dc170c4,BHPorch2.JPG,room,room_unknown,Room not determined,,threshold_rule,1.0
c54cac66f11e48a59c4976b25b78df6e,BitumenBoatShedDSC02535.JPG,site,site_unknown,Site not determined,,directory_path,1.0
c54cac66f11e48a59c4976b25b78df6e,BitumenBoatShedDSC02535.JPG,scene_type,landscape,Landscape,0.222765,clip,1.0
c54cac66f11e48a59c4976b25b78df6e,BitumenBoatShedDSC02535.JPG,shot_type,wide,Wide view,0.201135,clip,1.0
c54cac66f11e48a59c4976b25b78df6e,BitumenBoatShedDSC02535.JPG,people,no_people,No people,,threshold_rule,1.0
c54cac66f11e48a59c4976b25b78df6e,BitumenBoatShedDSC02535.JPG,condition,weathered_timber,Weathered timber,0.248702,clip,1.0
161ebc4e44194f38893e537c5e921708,Bransfield House 2011 Ylva Grams P1000662.jpg,site,site_unknown,Site not determined,,directory_path,1.0
161ebc4e44194f38893e537c5e921708,Bransfield House 2011 Ylva Grams P1000662.jpg,scene_type,landscape,Landscape,0.266989,clip,1.0
161ebc4e44194f38893e537c5e921708,Bransfield House 2011 Ylva Grams P1000662.jpg,shot_type,wide,Wide view,0.245496,clip,1.0
161ebc4e44194f38893e537c5e921708,Bransfield House 2011 Ylva Grams P1000662.jpg,people,no_people,No people,,threshold_rule,1.0
161ebc4e44194f38893e537c5e921708,Bransfield House 2011 Ylva Grams P1000662.jpg,nature,penguin,Penguin,0.268635,clip,1.0
161ebc4e44194f38893e537c5e921708,Bransfield House 2011 Ylva Grams P1000662.jpg,nature,sea_ice,Sea ice,0.244116,clip,1.0
161ebc4e44194f38893e537c5e921708,Bransfield House 2011 Ylva Grams P1000662.jpg,nature,overcast,Overcast or storm,0.243447,clip,1.0
2d3dd70d69464ad2ad1807c2b0af9e95,BRANSFIELD HOUSE Ylva P1010793.JPG,site,site_unknown,Site not determined,,directory_path,1.0
2d3dd70d69464ad2ad1807c2b0af9e95,BRANSFIELD HOUSE Ylva P1010793.JPG,scene_type,landscape,Landscape,0.235649,clip,1.0
2d3dd70d69464ad2ad1807c2b0af9e95,BRANSFIELD HOUSE Ylva P1010793.JPG,shot_type,wide,Wide view,0.232894,clip,1.0
2d3dd70d69464ad2ad1807c2b0af9e95,BRANSFIELD HOUSE Ylva P1010793.JPG,people,no_people,No people,,threshold_rule,1.0
2d3dd70d69464ad2ad1807c2b0af9e95,BRANSFIELD HOUSE Ylva P1010793.JPG,nature,snow,Snow,0.243649,clip,1.0
2d3dd70d69464ad2ad1807c2b0af9e95,BRANSFIELD HOUSE Ylva P1010793.JPG,nature,sea_ice,Sea ice,0.240824,clip,1.0
2d3dd70d69464ad2ad1807c2b0af9e95,BRANSFIELD HOUSE Ylva P1010793.JPG,nature,glacier,Glacier or ice cliff,0.240429,clip,1.0
2d3dd70d69464ad2ad1807c2b0af9e95,BRANSFIELD HOUSE Ylva P1010793.JPG,nature,exposed_rock,Exposed rock,0.248228,clip,1.0
2d3dd70d69464ad2ad1807c2b0af9e95,BRANSFIELD HOUSE Ylva P1010793.JPG,nature,coastline,Coastline,0.240687,clip,1.0
0a9cef2de6ab424eafa1dbe56964feb9,BRANSFIELD HOUSE Ylva P10107931.JPG,site,site_unknown,Site not determined,,directory_path,1.0
0a9cef2de6ab424eafa1dbe56964feb9,BRANSFIELD HOUSE Ylva P10107931.JPG,scene_type,landscape,Landscape,0.235649,clip,1.0
0a9cef2de6ab424eafa1dbe56964feb9,BRANSFIELD HOUSE Ylva P10107931.JPG,shot_type,wide,Wide view,0.232894,clip,1.0
0a9cef2de6ab424eafa1dbe56964feb9,BRANSFIELD HOUSE Ylva P10107931.JPG,people,no_people,No people,,threshold_rule,1.0
0a9cef2de6ab424eafa1dbe56964feb9,BRANSFIELD HOUSE Ylva P10107931.JPG,nature,snow,Snow,0.243649,clip,1.0
0a9cef2de6ab424eafa1dbe56964feb9,BRANSFIELD HOUSE Ylva P10107931.JPG,nature,sea_ice,Sea ice,0.240824,clip,1.0
0a9cef2de6ab424eafa1dbe56964feb9,BRANSFIELD HOUSE Ylva P10107931.JPG,nature,glacier,Glacier or ice cliff,0.240429,clip,1.0
0a9cef2de6ab424eafa1dbe56964feb9,BRANSFIELD HOUSE Ylva P10107931.JPG,nature,exposed_rock,Exposed rock,0.248228,clip,1.0
0a9cef2de6ab424eafa1dbe56964feb9,BRANSFIELD HOUSE Ylva P10107931.JPG,nature,coastline,Coastline,0.240687,clip,1.0
14ab52001c8f4461bdb93a3cd2072ec2,"Bransfield House, Kristine Hannon (1).jpg",site,site_unknown,Site not determined,,directory_path,1.0
14ab52001c8f4461bdb93a3cd2072ec2,"Bransfield House, Kristine Hannon (1).jpg",scene_type,landscape,Landscape,0.23658,clip,1.0
14ab52001c8f4461bdb93a3cd2072ec2,"Bransfield House, Kristine Hannon (1).jpg",shot_type,wide,Wide view,0.244288,clip,1.0
14ab52001c8f4461bdb93a3cd2072ec2,"Bransfield House, Kristine Hannon (1).jpg",people,no_people,No people,,threshold_rule,1.0
14ab52001c8f4461bdb93a3cd2072ec2,"Bransfield House, Kristine Hannon (1).jpg",nature,glacier,Glacier or ice cliff,0.246035,clip,1.0
e159d18a74064652bae6e833fd3dd4ee,Cat IMG_0846.JPG,site,site_unknown,Site not determined,,directory_path,1.0
e159d18a74064652bae6e833fd3dd4ee,Cat IMG_0846.JPG,scene_type,landscape,Landscape,0.23956,clip,1.0
e159d18a74064652bae6e833fd3dd4ee,Cat IMG_0846.JPG,shot_type,detail,Detail,0.215827,clip,1.0
e159d18a74064652bae6e833fd3dd4ee,Cat IMG_0846.JPG,people,no_people,No people,,threshold_rule,1.0
e159d18a74064652bae6e833fd3dd4ee,Cat IMG_0846.JPG,nature,penguin,Penguin,0.247691,clip,1.0
e159d18a74064652bae6e833fd3dd4ee,Cat IMG_0846.JPG,nature,seal,Seal,0.305564,clip,1.0
e159d18a74064652bae6e833fd3dd4ee,Cat IMG_0846.JPG,nature,sea_ice,Sea ice,0.281646,clip,1.0
e159d18a74064652bae6e833fd3dd4ee,Cat IMG_0846.JPG,nature,glacier,Glacier or ice cliff,0.264419,clip,1.0
667d013a4b724b5b9cc3b432262e4eff,CAT TOTTY - Claire DSC06438.JPG,site,site_unknown,Site not determined,,directory_path,1.0
667d013a4b724b5b9cc3b432262e4eff,CAT TOTTY - Claire DSC06438.JPG,scene_type,interior,Interior,0.184033,clip,1.0
667d013a4b724b5b9cc3b432262e4eff,CAT TOTTY - Claire DSC06438.JPG,shot_type,medium,Medium view,0.157486,clip,1.0
667d013a4b724b5b9cc3b432262e4eff,CAT TOTTY - Claire DSC06438.JPG,people,no_people,No people,,threshold_rule,1.0
667d013a4b724b5b9cc3b432262e4eff,CAT TOTTY - Claire DSC06438.JPG,room,room_unknown,Room not determined,,threshold_rule,1.0
a50908d18fe940dd8ab5c5eeadd234d2,CAT TOTTY - Rachel P1040162.jpg,site,site_unknown,Site not determined,,directory_path,1.0
a50908d18fe940dd8ab5c5eeadd234d2,CAT TOTTY - Rachel P1040162.jpg,scene_type,exterior,Exterior,0.207434,clip,1.0
a50908d18fe940dd8ab5c5eeadd234d2,CAT TOTTY - Rachel P1040162.jpg,shot_type,detail,Detail,0.212702,clip,1.0
a50908d18fe940dd8ab5c5eeadd234d2,CAT TOTTY - Rachel P1040162.jpg,people,no_people,No people,,threshold_rule,1.0
c465ba3a7886456e92b90c8c55257698,CAT TOTTY P1000953 Ylva.JPG,site,site_unknown,Site not determined,,directory_path,1.0
c465ba3a7886456e92b90c8c55257698,CAT TOTTY P1000953 Ylva.JPG,scene_type,interior,Interior,0.211754,clip,1.0
c465ba3a7886456e92b90c8c55257698,CAT TOTTY P1000953 Ylva.JPG,shot_type,medium,Medium view,0.189482,clip,1.0
c465ba3a7886456e92b90c8c55257698,CAT TOTTY P1000953 Ylva.JPG,people,no_people,No people,,threshold_rule,1.0
c465ba3a7886456e92b90c8c55257698,CAT TOTTY P1000953 Ylva.JPG,room,room_unknown,Room not determined,,threshold_rule,1.0
6981d5c60f834d68a4330ac56789fda5,CAT TOTTY Rachel P1040161.JPG,site,site_unknown,Site not determined,,directory_path,1.0
6981d5c60f834d68a4330ac56789fda5,CAT TOTTY Rachel P1040161.JPG,scene_type,exterior,Exterior,0.217476,clip,1.0
6981d5c60f834d68a4330ac56789fda5,CAT TOTTY Rachel P1040161.JPG,shot_type,medium,Medium view,0.207372,clip,1.0
6981d5c60f834d68a4330ac56789fda5,CAT TOTTY Rachel P1040161.JPG,people,no_people,No people,,threshold_rule,1.0
6981d5c60f834d68a4330ac56789fda5,CAT TOTTY Rachel P1040161.JPG,condition,weathered_timber,Weathered timber,0.24439,clip,1.0
a76769e6c54d4378ac6790bc0524fac0,Claire IMG_1633.JPG,site,site_unknown,Site not determined,,directory_path,1.0
a76769e6c54d4378ac6790bc0524fac0,Claire IMG_1633.JPG,scene_type,landscape,Landscape,0.235628,clip,1.0
a76769e6c54d4378ac6790bc0524fac0,Claire IMG_1633.JPG,shot_type,wide,Wide view,0.22167,clip,1.0
a76769e6c54d4378ac6790bc0524fac0,Claire IMG_1633.JPG,people,no_people,No people,,threshold_rule,1.0
a76769e6c54d4378ac6790bc0524fac0,Claire IMG_1633.JPG,nature,penguin,Penguin,0.270787,clip,1.0
02fed63efade428883a06c0d5d8c6eb4,DSC_0025.JPG,site,site_unknown,Site not determined,,directory_path,1.0
02fed63efade428883a06c0d5d8c6eb4,DSC_0025.JPG,scene_type,landscape,Landscape,0.262853,clip,1.0
02fed63efade428883a06c0d5d8c6eb4,DSC_0025.JPG,shot_type,wide,Wide view,0.22492,clip,1.0
02fed63efade428883a06c0d5d8c6eb4,DSC_0025.JPG,people,no_people,No people,,threshold_rule,1.0
02fed63efade428883a06c0d5d8c6eb4,DSC_0025.JPG,nature,dog,Dog,0.241918,clip,1.0
9f8db52695bd4083bab2d2fdefaf0a5c,DSC_0029.JPG,site,site_unknown,Site not determined,,directory_path,1.0
9f8db52695bd4083bab2d2fdefaf0a5c,DSC_0029.JPG,scene_type,object_study,Object study,0.191592,clip,1.0
9f8db52695bd4083bab2d2fdefaf0a5c,DSC_0029.JPG,shot_type,detail,Detail,0.24631,clip,1.0
9f8db52695bd4083bab2d2fdefaf0a5c,DSC_0029.JPG,people,no_people,No people,,threshold_rule,1.0
788d7758685e4902aca961def453331a,DSC_0033.JPG,site,site_unknown,Site not determined,,directory_path,1.0
788d7758685e4902aca961def453331a,DSC_0033.JPG,scene_type,landscape,Landscape,0.254102,clip,1.0
788d7758685e4902aca961def453331a,DSC_0033.JPG,shot_type,wide,Wide view,0.237503,clip,1.0
788d7758685e4902aca961def453331a,DSC_0033.JPG,people,no_people,No people,,threshold_rule,1.0
788d7758685e4902aca961def453331a,DSC_0033.JPG,nature,sea_ice,Sea ice,0.247059,clip,1.0
788d7758685e4902aca961def453331a,DSC_0033.JPG,nature,glacier,Glacier or ice cliff,0.251478,clip,1.0
2d71c257de2c4dd89dacf2a0260c40bc,DSC_0037.JPG,site,site_unknown,Site not determined,,directory_path,1.0
2d71c257de2c4dd89dacf2a0260c40bc,DSC_0037.JPG,scene_type,landscape,Landscape,0.20261,clip,1.0
2d71c257de2c4dd89dacf2a0260c40bc,DSC_0037.JPG,shot_type,detail,Detail,0.192458,clip,1.0
2d71c257de2c4dd89dacf2a0260c40bc,DSC_0037.JPG,people,no_people,No people,,threshold_rule,1.0
afd1bc06ea9642718ab4c887221708b5,DSC_0039.JPG,site,site_unknown,Site not determined,,directory_path,1.0
afd1bc06ea9642718ab4c887221708b5,DSC_0039.JPG,scene_type,object_study,Object study,0.210981,clip,1.0
afd1bc06ea9642718ab4c887221708b5,DSC_0039.JPG,shot_type,detail,Detail,0.208864,clip,1.0
afd1bc06ea9642718ab4c887221708b5,DSC_0039.JPG,people,no_people,No people,,threshold_rule,1.0
afd1bc06ea9642718ab4c887221708b5,DSC_0039.JPG,condition,object_wear,Object wear,0.244264,clip,1.0
b7faa1eeb5434f329e614d6e634a9798,DSC_0040.JPG,site,site_unknown,Site not determined,,directory_path,1.0
b7faa1eeb5434f329e614d6e634a9798,DSC_0040.JPG,scene_type,landscape,Landscape,0.243557,clip,1.0
b7faa1eeb5434f329e614d6e634a9798,DSC_0040.JPG,shot_type,wide,Wide view,0.212533,clip,1.0
b7faa1eeb5434f329e614d6e634a9798,DSC_0040.JPG,people,no_people,No people,,threshold_rule,1.0
b7faa1eeb5434f329e614d6e634a9798,DSC_0040.JPG,nature,penguin,Penguin,0.300687,clip,1.0
b7faa1eeb5434f329e614d6e634a9798,DSC_0040.JPG,nature,dog,Dog,0.257083,clip,1.0
b7faa1eeb5434f329e614d6e634a9798,DSC_0040.JPG,nature,snow,Snow,0.248258,clip,1.0
b7faa1eeb5434f329e614d6e634a9798,DSC_0040.JPG,nature,sea_ice,Sea ice,0.241903,clip,1.0
03c58c12fe8348909d5214506718f527,DSC_0046.JPG,site,site_unknown,Site not determined,,directory_path,1.0
03c58c12fe8348909d5214506718f527,DSC_0046.JPG,scene_type,landscape,Landscape,0.252671,clip,1.0
03c58c12fe8348909d5214506718f527,DSC_0046.JPG,shot_type,wide,Wide view,0.224247,clip,1.0
03c58c12fe8348909d5214506718f527,DSC_0046.JPG,people,no_people,No people,,threshold_rule,1.0
03c58c12fe8348909d5214506718f527,DSC_0046.JPG,nature,penguin,Penguin,0.281691,clip,1.0
03c58c12fe8348909d5214506718f527,DSC_0046.JPG,nature,dog,Dog,0.254482,clip,1.0
03c58c12fe8348909d5214506718f527,DSC_0046.JPG,nature,snow,Snow,0.249573,clip,1.0
c4242b9ae6e34c0bb78621c654de2878,DSC_0047.JPG,site,site_unknown,Site not determined,,directory_path,1.0
c4242b9ae6e34c0bb78621c654de2878,DSC_0047.JPG,scene_type,exterior,Exterior,0.213239,clip,1.0
c4242b9ae6e34c0bb78621c654de2878,DSC_0047.JPG,shot_type,detail,Detail,0.192842,clip,1.0
c4242b9ae6e34c0bb78621c654de2878,DSC_0047.JPG,people,no_people,No people,,threshold_rule,1.0
c4242b9ae6e34c0bb78621c654de2878,DSC_0047.JPG,nature,penguin,Penguin,0.252844,clip,1.0
d47b1325acff4ef7baad0fbfbe40cfae,DSC_0057.JPG,site,site_unknown,Site not determined,,directory_path,1.0
d47b1325acff4ef7baad0fbfbe40cfae,DSC_0057.JPG,scene_type,interior,Interior,0.20382,clip,1.0
d47b1325acff4ef7baad0fbfbe40cfae,DSC_0057.JPG,shot_type,detail,Detail,0.23372,clip,1.0
d47b1325acff4ef7baad0fbfbe40cfae,DSC_0057.JPG,people,no_people,No people,,threshold_rule,1.0
d47b1325acff4ef7baad0fbfbe40cfae,DSC_0057.JPG,room,room_unknown,Room not determined,,threshold_rule,1.0
aa0633159ac04309bb92d9ee1d84781f,DSC_0058.JPG,site,site_unknown,Site not determined,,directory_path,1.0
aa0633159ac04309bb92d9ee1d84781f,DSC_0058.JPG,scene_type,landscape,Landscape,0.259012,clip,1.0
aa0633159ac04309bb92d9ee1d84781f,DSC_0058.JPG,shot_type,wide,Wide view,0.228732,clip,1.0
aa0633159ac04309bb92d9ee1d84781f,DSC_0058.JPG,people,no_people,No people,,threshold_rule,1.0
ea374f2b3716462083982d0c315db5bf,DSC_0061.JPG,site,site_unknown,Site not determined,,directory_path,1.0
ea374f2b3716462083982d0c315db5bf,DSC_0061.JPG,scene_type,object_study,Object study,0.222917,clip,1.0
ea374f2b3716462083982d0c315db5bf,DSC_0061.JPG,shot_type,detail,Detail,0.249381,clip,1.0
ea374f2b3716462083982d0c315db5bf,DSC_0061.JPG,people,no_people,No people,,threshold_rule,1.0
ea374f2b3716462083982d0c315db5bf,DSC_0061.JPG,condition,rust,Rust or corrosion,0.280953,clip,1.0
ea374f2b3716462083982d0c315db5bf,DSC_0061.JPG,condition,object_wear,Object wear,0.25691,clip,1.0
74ecbc83c7064accbec0552991417bc1,DSC_00611.JPG,site,site_unknown,Site not determined,,directory_path,1.0
74ecbc83c7064accbec0552991417bc1,DSC_00611.JPG,scene_type,object_study,Object study,0.222917,clip,1.0
74ecbc83c7064accbec0552991417bc1,DSC_00611.JPG,shot_type,detail,Detail,0.249381,clip,1.0
74ecbc83c7064accbec0552991417bc1,DSC_00611.JPG,people,no_people,No people,,threshold_rule,1.0
74ecbc83c7064accbec0552991417bc1,DSC_00611.JPG,condition,rust,Rust or corrosion,0.280953,clip,1.0
74ecbc83c7064accbec0552991417bc1,DSC_00611.JPG,condition,object_wear,Object wear,0.25691,clip,1.0
8191a6c6582d48d6bc41cd09654e48b9,DSC_0066 TJOM.JPG,site,site_unknown,Site not determined,,directory_path,1.0
8191a6c6582d48d6bc41cd09654e48b9,DSC_0066 TJOM.JPG,scene_type,interior,Interior,0.256349,clip,1.0
8191a6c6582d48d6bc41cd09654e48b9,DSC_0066 TJOM.JPG,shot_type,medium,Medium view,0.259709,clip,1.0
8191a6c6582d48d6bc41cd09654e48b9,DSC_0066 TJOM.JPG,people,no_people,No people,,threshold_rule,1.0
8191a6c6582d48d6bc41cd09654e48b9,DSC_0066 TJOM.JPG,room,kitchen,Kitchen,0.316453,clip,1.0
d42f498160b74592bab083838fd4e2d8,DSC_0068 - TJOM.JPG,site,site_unknown,Site not determined,,directory_path,1.0
d42f498160b74592bab083838fd4e2d8,DSC_0068 - TJOM.JPG,scene_type,interior,Interior,0.256701,clip,1.0
d42f498160b74592bab083838fd4e2d8,DSC_0068 - TJOM.JPG,shot_type,medium,Medium view,0.211924,clip,1.0
d42f498160b74592bab083838fd4e2d8,DSC_0068 - TJOM.JPG,people,no_people,No people,,threshold_rule,1.0
d42f498160b74592bab083838fd4e2d8,DSC_0068 - TJOM.JPG,room,kitchen,Kitchen,0.274695,clip,1.0
9abfd29ecb0f4dcda19456e872c65516,DSC_0069 TJOM.JPG,site,site_unknown,Site not determined,,directory_path,1.0
9abfd29ecb0f4dcda19456e872c65516,DSC_0069 TJOM.JPG,scene_type,interior,Interior,0.2383,clip,1.0
9abfd29ecb0f4dcda19456e872c65516,DSC_0069 TJOM.JPG,shot_type,medium,Medium view,0.19877,clip,1.0
9abfd29ecb0f4dcda19456e872c65516,DSC_0069 TJOM.JPG,people,no_people,No people,,threshold_rule,1.0
9abfd29ecb0f4dcda19456e872c65516,DSC_0069 TJOM.JPG,room,kitchen,Kitchen,0.277117,clip,1.0
aea525f5c7d84f1d98526679c04c6967,DSC_0069.JPG,site,site_unknown,Site not determined,,directory_path,1.0
aea525f5c7d84f1d98526679c04c6967,DSC_0069.JPG,scene_type,object_study,Object study,0.223543,clip,1.0
aea525f5c7d84f1d98526679c04c6967,DSC_0069.JPG,shot_type,detail,Detail,0.250989,clip,1.0
aea525f5c7d84f1d98526679c04c6967,DSC_0069.JPG,people,no_people,No people,,threshold_rule,1.0
aea525f5c7d84f1d98526679c04c6967,DSC_0069.JPG,condition,rust,Rust or corrosion,0.267283,clip,1.0
5a2fe7958d40454f9ea3a22fd1e27baf,DSC_00691.jpg,site,site_unknown,Site not determined,,directory_path,1.0
5a2fe7958d40454f9ea3a22fd1e27baf,DSC_00691.jpg,scene_type,object_study,Object study,0.226878,clip,1.0
5a2fe7958d40454f9ea3a22fd1e27baf,DSC_00691.jpg,shot_type,detail,Detail,0.256888,clip,1.0
5a2fe7958d40454f9ea3a22fd1e27baf,DSC_00691.jpg,people,no_people,No people,,threshold_rule,1.0
5a2fe7958d40454f9ea3a22fd1e27baf,DSC_00691.jpg,condition,rust,Rust or corrosion,0.268297,clip,1.0
5a2fe7958d40454f9ea3a22fd1e27baf,DSC_00691.jpg,condition,object_wear,Object wear,0.241667,clip,1.0
038e22273b704d3b9999976d564b45d5,DSC_0070 TJOM.JPG,site,site_unknown,Site not determined,,directory_path,1.0
038e22273b704d3b9999976d564b45d5,DSC_0070 TJOM.JPG,scene_type,interior,Interior,0.257767,clip,1.0
038e22273b704d3b9999976d564b45d5,DSC_0070 TJOM.JPG,shot_type,medium,Medium view,0.234153,clip,1.0
038e22273b704d3b9999976d564b45d5,DSC_0070 TJOM.JPG,people,no_people,No people,,threshold_rule,1.0
038e22273b704d3b9999976d564b45d5,DSC_0070 TJOM.JPG,room,kitchen,Kitchen,0.302539,clip,1.0
e01289a322ee4d9e826172d4fa620eb7,DSC_0071 TJOM.JPG,site,site_unknown,Site not determined,,directory_path,1.0
e01289a322ee4d9e826172d4fa620eb7,DSC_0071 TJOM.JPG,scene_type,interior,Interior,0.244041,clip,1.0
e01289a322ee4d9e826172d4fa620eb7,DSC_0071 TJOM.JPG,shot_type,medium,Medium view,0.227411,clip,1.0
e01289a322ee4d9e826172d4fa620eb7,DSC_0071 TJOM.JPG,people,no_people,No people,,threshold_rule,1.0
e01289a322ee4d9e826172d4fa620eb7,DSC_0071 TJOM.JPG,room,living_room,Living room,0.283775,clip,1.0
d18ce433366343d3a2dfd6bdde5ce424,DSC_0072 TJOM.JPG,site,site_unknown,Site not determined,,directory_path,1.0
d18ce433366343d3a2dfd6bdde5ce424,DSC_0072 TJOM.JPG,scene_type,interior,Interior,0.255696,clip,1.0
d18ce433366343d3a2dfd6bdde5ce424,DSC_0072 TJOM.JPG,shot_type,medium,Medium view,0.231099,clip,1.0
d18ce433366343d3a2dfd6bdde5ce424,DSC_0072 TJOM.JPG,people,no_people,No people,,threshold_rule,1.0
d18ce433366343d3a2dfd6bdde5ce424,DSC_0072 TJOM.JPG,room,living_room,Living room,0.266985,clip,1.0
ab2d0e7c160b4328a67d914b2ac40441,DSC_0079 TJOM.JPG,site,site_unknown,Site not determined,,directory_path,1.0
ab2d0e7c160b4328a67d914b2ac40441,DSC_0079 TJOM.JPG,scene_type,interior,Interior,0.240673,clip,1.0
ab2d0e7c160b4328a67d914b2ac40441,DSC_0079 TJOM.JPG,shot_type,medium,Medium view,0.244853,clip,1.0
ab2d0e7c160b4328a67d914b2ac40441,DSC_0079 TJOM.JPG,people,no_people,No people,,threshold_rule,1.0
ab2d0e7c160b4328a67d914b2ac40441,DSC_0079 TJOM.JPG,room,workshop,Workshop,0.264418,clip,1.0
f89b1044800a4ad28cfd6d496249d523,DSC_0081.JPG,site,site_unknown,Site not determined,,directory_path,1.0
f89b1044800a4ad28cfd6d496249d523,DSC_0081.JPG,scene_type,landscape,Landscape,0.24215,clip,1.0
f89b1044800a4ad28cfd6d496249d523,DSC_0081.JPG,shot_type,detail,Detail,0.217919,clip,1.0
f89b1044800a4ad28cfd6d496249d523,DSC_0081.JPG,people,no_people,No people,,threshold_rule,1.0
f89b1044800a4ad28cfd6d496249d523,DSC_0081.JPG,nature,penguin,Penguin,0.27088,clip,1.0
f89b1044800a4ad28cfd6d496249d523,DSC_0081.JPG,nature,seal,Seal,0.26246,clip,1.0
f89b1044800a4ad28cfd6d496249d523,DSC_0081.JPG,nature,snow,Snow,0.248945,clip,1.0
f89b1044800a4ad28cfd6d496249d523,DSC_0081.JPG,nature,sea_ice,Sea ice,0.280689,clip,1.0
f89b1044800a4ad28cfd6d496249d523,DSC_0081.JPG,nature,iceberg,Iceberg,0.259385,clip,1.0
f89b1044800a4ad28cfd6d496249d523,DSC_0081.JPG,nature,glacier,Glacier or ice cliff,0.279574,clip,1.0
f89b1044800a4ad28cfd6d496249d523,DSC_0081.JPG,nature,exposed_rock,Exposed rock,0.240624,clip,1.0
f89b1044800a4ad28cfd6d496249d523,DSC_0081.JPG,nature,overcast,Overcast or storm,0.253692,clip,1.0
d1a111c36f4748028d6d98d30823c821,DSC_0083.JPG,site,site_unknown,Site not determined,,directory_path,1.0
d1a111c36f4748028d6d98d30823c821,DSC_0083.JPG,scene_type,landscape,Landscape,0.262644,clip,1.0
d1a111c36f4748028d6d98d30823c821,DSC_0083.JPG,shot_type,wide,Wide view,0.242897,clip,1.0
d1a111c36f4748028d6d98d30823c821,DSC_0083.JPG,people,no_people,No people,,threshold_rule,1.0
d1a111c36f4748028d6d98d30823c821,DSC_0083.JPG,nature,glacier,Glacier or ice cliff,0.240366,clip,1.0
291a074dbfba4f45aec3dc923bf9e922,DSC_0086.JPG,site,site_unknown,Site not determined,,directory_path,1.0
291a074dbfba4f45aec3dc923bf9e922,DSC_0086.JPG,scene_type,object_study,Object study,0.186789,clip,1.0
291a074dbfba4f45aec3dc923bf9e922,DSC_0086.JPG,shot_type,detail,Detail,0.235925,clip,1.0
291a074dbfba4f45aec3dc923bf9e922,DSC_0086.JPG,people,no_people,No people,,threshold_rule,1.0
3c87fd3afca54763926a1ff48a211565,DSC_0089 TJOM.JPG,site,site_unknown,Site not determined,,directory_path,1.0
3c87fd3afca54763926a1ff48a211565,DSC_0089 TJOM.JPG,scene_type,interior,Interior,0.239955,clip,1.0
3c87fd3afca54763926a1ff48a211565,DSC_0089 TJOM.JPG,shot_type,medium,Medium view,0.244735,clip,1.0
3c87fd3afca54763926a1ff48a211565,DSC_0089 TJOM.JPG,people,no_people,No people,,threshold_rule,1.0
3c87fd3afca54763926a1ff48a211565,DSC_0089 TJOM.JPG,room,workshop,Workshop,0.271792,clip,1.0
04e241b3c438400aa8d4032d4ff33c9c,DSC_0089.JPG,site,site_unknown,Site not determined,,directory_path,1.0
04e241b3c438400aa8d4032d4ff33c9c,DSC_0089.JPG,scene_type,object_study,Object study,0.210572,clip,1.0
04e241b3c438400aa8d4032d4ff33c9c,DSC_0089.JPG,shot_type,detail,Detail,0.270985,clip,1.0
04e241b3c438400aa8d4032d4ff33c9c,DSC_0089.JPG,people,no_people,No people,,threshold_rule,1.0
04e241b3c438400aa8d4032d4ff33c9c,DSC_0089.JPG,nature,penguin,Penguin,0.243006,clip,1.0
e7a58067b8ad48afad07b15c84943423,DSC_0101 TJOM.JPG,site,site_unknown,Site not determined,,directory_path,1.0
e7a58067b8ad48afad07b15c84943423,DSC_0101 TJOM.JPG,scene_type,interior,Interior,0.266882,clip,1.0
e7a58067b8ad48afad07b15c84943423,DSC_0101 TJOM.JPG,shot_type,medium,Medium view,0.284276,clip,1.0
e7a58067b8ad48afad07b15c84943423,DSC_0101 TJOM.JPG,people,no_people,No people,,threshold_rule,1.0
e7a58067b8ad48afad07b15c84943423,DSC_0101 TJOM.JPG,room,kitchen,Kitchen,0.32367,clip,1.0
b9d804ebb42e4d16a3bda27fc028f294,DSC_0104.JPG,site,site_unknown,Site not determined,,directory_path,1.0
b9d804ebb42e4d16a3bda27fc028f294,DSC_0104.JPG,scene_type,interior,Interior,0.203601,clip,1.0
b9d804ebb42e4d16a3bda27fc028f294,DSC_0104.JPG,shot_type,detail,Detail,0.247304,clip,1.0
b9d804ebb42e4d16a3bda27fc028f294,DSC_0104.JPG,people,no_people,No people,,threshold_rule,1.0
b9d804ebb42e4d16a3bda27fc028f294,DSC_0104.JPG,room,room_unknown,Room not determined,,threshold_rule,1.0
62e792f0738648aabb35dc97d4a117ce,DSC_0107 TJOM.JPG,site,site_unknown,Site not determined,,directory_path,1.0
62e792f0738648aabb35dc97d4a117ce,DSC_0107 TJOM.JPG,scene_type,interior,Interior,0.225677,clip,1.0
62e792f0738648aabb35dc97d4a117ce,DSC_0107 TJOM.JPG,shot_type,medium,Medium view,0.180432,clip,1.0
62e792f0738648aabb35dc97d4a117ce,DSC_0107 TJOM.JPG,people,no_people,No people,,threshold_rule,1.0
62e792f0738648aabb35dc97d4a117ce,DSC_0107 TJOM.JPG,room,bunkroom,Bunkroom,0.284514,clip,1.0
77e21f1583a44b29b61b73f0cb8a8b79,DSC_0108 TJOM.JPG,site,site_unknown,Site not determined,,directory_path,1.0
77e21f1583a44b29b61b73f0cb8a8b79,DSC_0108 TJOM.JPG,scene_type,interior,Interior,0.260458,clip,1.0
77e21f1583a44b29b61b73f0cb8a8b79,DSC_0108 TJOM.JPG,shot_type,medium,Medium view,0.219101,clip,1.0
77e21f1583a44b29b61b73f0cb8a8b79,DSC_0108 TJOM.JPG,people,no_people,No people,,threshold_rule,1.0
77e21f1583a44b29b61b73f0cb8a8b79,DSC_0108 TJOM.JPG,room,bunkroom,Bunkroom,0.280326,clip,1.0
4a2a29ed5423491b946544d79fe34497,DSC_0112.JPG,site,site_unknown,Site not determined,,directory_path,1.0
4a2a29ed5423491b946544d79fe34497,DSC_0112.JPG,scene_type,landscape,Landscape,0.290532,clip,1.0
4a2a29ed5423491b946544d79fe34497,DSC_0112.JPG,shot_type,wide,Wide view,0.217315,clip,1.0
4a2a29ed5423491b946544d79fe34497,DSC_0112.JPG,people,no_people,No people,,threshold_rule,1.0
4a2a29ed5423491b946544d79fe34497,DSC_0112.JPG,nature,dog,Dog,0.272649,clip,1.0
4a2a29ed5423491b946544d79fe34497,DSC_0112.JPG,nature,snow,Snow,0.253233,clip,1.0
4a2a29ed5423491b946544d79fe34497,DSC_0112.JPG,nature,sea_ice,Sea ice,0.242503,clip,1.0
4a2a29ed5423491b946544d79fe34497,DSC_0112.JPG,nature,mountains,Mountains,0.253356,clip,1.0
4a2a29ed5423491b946544d79fe34497,DSC_0112.JPG,nature,overcast,Overcast or storm,0.240578,clip,1.0
c256fffbf5cc4488843bcfea36c0a008,DSC_0115.JPG,site,site_unknown,Site not determined,,directory_path,1.0
c256fffbf5cc4488843bcfea36c0a008,DSC_0115.JPG,scene_type,landscape,Landscape,0.264698,clip,1.0
c256fffbf5cc4488843bcfea36c0a008,DSC_0115.JPG,shot_type,wide,Wide view,0.197183,clip,1.0
c256fffbf5cc4488843bcfea36c0a008,DSC_0115.JPG,people,no_people,No people,,threshold_rule,1.0
c256fffbf5cc4488843bcfea36c0a008,DSC_0115.JPG,nature,sea_ice,Sea ice,0.245708,clip,1.0
c256fffbf5cc4488843bcfea36c0a008,DSC_0115.JPG,nature,glacier,Glacier or ice cliff,0.265584,clip,1.0
585f64836700488b86e3ef7244895b9c,DSC_0116.JPG,site,site_unknown,Site not determined,,directory_path,1.0
585f64836700488b86e3ef7244895b9c,DSC_0116.JPG,scene_type,landscape,Landscape,0.234297,clip,1.0
585f64836700488b86e3ef7244895b9c,DSC_0116.JPG,shot_type,wide,Wide view,0.188028,clip,1.0
585f64836700488b86e3ef7244895b9c,DSC_0116.JPG,people,no_people,No people,,threshold_rule,1.0
585f64836700488b86e3ef7244895b9c,DSC_0116.JPG,nature,penguin,Penguin,0.271051,clip,1.0
585f64836700488b86e3ef7244895b9c,DSC_0116.JPG,nature,seal,Seal,0.240724,clip,1.0
585f64836700488b86e3ef7244895b9c,DSC_0116.JPG,nature,glacier,Glacier or ice cliff,0.24775,clip,1.0
2c1317cbd5b04a0cb1b94a2b7019dba9,DSC_0120.JPG,site,site_unknown,Site not determined,,directory_path,1.0
2c1317cbd5b04a0cb1b94a2b7019dba9,DSC_0120.JPG,scene_type,landscape,Landscape,0.226668,clip,1.0
2c1317cbd5b04a0cb1b94a2b7019dba9,DSC_0120.JPG,shot_type,wide,Wide view,0.19144,clip,1.0
2c1317cbd5b04a0cb1b94a2b7019dba9,DSC_0120.JPG,people,no_people,No people,,threshold_rule,1.0
2c1317cbd5b04a0cb1b94a2b7019dba9,DSC_0120.JPG,nature,seal,Seal,0.240414,clip,1.0
2c1317cbd5b04a0cb1b94a2b7019dba9,DSC_0120.JPG,nature,sea_ice,Sea ice,0.259107,clip,1.0
2c1317cbd5b04a0cb1b94a2b7019dba9,DSC_0120.JPG,nature,iceberg,Iceberg,0.253089,clip,1.0
2c1317cbd5b04a0cb1b94a2b7019dba9,DSC_0120.JPG,nature,glacier,Glacier or ice cliff,0.28404,clip,1.0
254954cc4f324f0993fa8007fed4e096,DSC_0142.JPG,site,site_unknown,Site not determined,,directory_path,1.0
254954cc4f324f0993fa8007fed4e096,DSC_0142.JPG,scene_type,object_study,Object study,0.197311,clip,1.0
254954cc4f324f0993fa8007fed4e096,DSC_0142.JPG,shot_type,detail,Detail,0.209579,clip,1.0
254954cc4f324f0993fa8007fed4e096,DSC_0142.JPG,people,no_people,No people,,threshold_rule,1.0
254954cc4f324f0993fa8007fed4e096,DSC_0142.JPG,nature,seal,Seal,0.31816,clip,1.0
254954cc4f324f0993fa8007fed4e096,DSC_0142.JPG,nature,whale,Whale,0.258102,clip,1.0
254954cc4f324f0993fa8007fed4e096,DSC_0142.JPG,nature,sea_ice,Sea ice,0.249787,clip,1.0
3cbf4d480ed149178083fa77ba184717,DSC_0146 (2).JPG,site,site_unknown,Site not determined,,directory_path,1.0
3cbf4d480ed149178083fa77ba184717,DSC_0146 (2).JPG,scene_type,object_study,Object study,0.230463,clip,1.0
3cbf4d480ed149178083fa77ba184717,DSC_0146 (2).JPG,shot_type,detail,Detail,0.272782,clip,1.0
3cbf4d480ed149178083fa77ba184717,DSC_0146 (2).JPG,people,no_people,No people,,threshold_rule,1.0
3cbf4d480ed149178083fa77ba184717,DSC_0146 (2).JPG,condition,weathered_timber,Weathered timber,0.249652,clip,1.0
3cbf4d480ed149178083fa77ba184717,DSC_0146 (2).JPG,condition,rust,Rust or corrosion,0.255759,clip,1.0
3cbf4d480ed149178083fa77ba184717,DSC_0146 (2).JPG,condition,object_wear,Object wear,0.260804,clip,1.0
e0b10e8ddb83427daa7c7a1180ce60d0,DSC_0146.JPG,site,site_unknown,Site not determined,,directory_path,1.0
e0b10e8ddb83427daa7c7a1180ce60d0,DSC_0146.JPG,scene_type,object_study,Object study,0.171978,clip,1.0
e0b10e8ddb83427daa7c7a1180ce60d0,DSC_0146.JPG,shot_type,detail,Detail,0.216088,clip,1.0
e0b10e8ddb83427daa7c7a1180ce60d0,DSC_0146.JPG,people,no_people,No people,,threshold_rule,1.0
e0b10e8ddb83427daa7c7a1180ce60d0,DSC_0146.JPG,nature,penguin,Penguin,0.248724,clip,1.0
33c6dab04502445aa9b66de6a979ed30,DSC_0154.JPG,site,site_unknown,Site not determined,,directory_path,1.0
33c6dab04502445aa9b66de6a979ed30,DSC_0154.JPG,scene_type,object_study,Object study,0.197741,clip,1.0
33c6dab04502445aa9b66de6a979ed30,DSC_0154.JPG,shot_type,detail,Detail,0.23164,clip,1.0
33c6dab04502445aa9b66de6a979ed30,DSC_0154.JPG,people,no_people,No people,,threshold_rule,1.0
33c6dab04502445aa9b66de6a979ed30,DSC_0154.JPG,nature,seal,Seal,0.323491,clip,1.0
33c6dab04502445aa9b66de6a979ed30,DSC_0154.JPG,nature,sea_ice,Sea ice,0.251913,clip,1.0
c8f3ff76e4df45739fadf6f07f200ec4,DSC_0161.JPG,site,site_unknown,Site not determined,,directory_path,1.0
c8f3ff76e4df45739fadf6f07f200ec4,DSC_0161.JPG,scene_type,landscape,Landscape,0.25371,clip,1.0
c8f3ff76e4df45739fadf6f07f200ec4,DSC_0161.JPG,shot_type,wide,Wide view,0.195304,clip,1.0
c8f3ff76e4df45739fadf6f07f200ec4,DSC_0161.JPG,people,no_people,No people,,threshold_rule,1.0
c8f3ff76e4df45739fadf6f07f200ec4,DSC_0161.JPG,nature,penguin,Penguin,0.286801,clip,1.0
5d8b5c4f56d640609d72b9d829e3dabe,DSC_0166.JPG,site,site_unknown,Site not determined,,directory_path,1.0
5d8b5c4f56d640609d72b9d829e3dabe,DSC_0166.JPG,scene_type,landscape,Landscape,0.254732,clip,1.0
5d8b5c4f56d640609d72b9d829e3dabe,DSC_0166.JPG,shot_type,wide,Wide view,0.219518,clip,1.0
5d8b5c4f56d640609d72b9d829e3dabe,DSC_0166.JPG,people,no_people,No people,,threshold_rule,1.0
52594502a3bc46bc9aaae668d2d1f7cb,DSC_0175.JPG,site,site_unknown,Site not determined,,directory_path,1.0
52594502a3bc46bc9aaae668d2d1f7cb,DSC_0175.JPG,scene_type,landscape,Landscape,0.233885,clip,1.0
52594502a3bc46bc9aaae668d2d1f7cb,DSC_0175.JPG,shot_type,wide,Wide view,0.220465,clip,1.0
52594502a3bc46bc9aaae668d2d1f7cb,DSC_0175.JPG,people,no_people,No people,,threshold_rule,1.0
6a37e1ed757445ff8479682922a4cf9e,DSC_0177.JPG,site,site_unknown,Site not determined,,directory_path,1.0
6a37e1ed757445ff8479682922a4cf9e,DSC_0177.JPG,scene_type,landscape,Landscape,0.248949,clip,1.0
6a37e1ed757445ff8479682922a4cf9e,DSC_0177.JPG,shot_type,wide,Wide view,0.228318,clip,1.0
6a37e1ed757445ff8479682922a4cf9e,DSC_0177.JPG,people,no_people,No people,,threshold_rule,1.0
6a37e1ed757445ff8479682922a4cf9e,DSC_0177.JPG,nature,penguin,Penguin,0.257511,clip,1.0
6a37e1ed757445ff8479682922a4cf9e,DSC_0177.JPG,nature,seal,Seal,0.247602,clip,1.0
6a37e1ed757445ff8479682922a4cf9e,DSC_0177.JPG,nature,sea_ice,Sea ice,0.242558,clip,1.0
6a37e1ed757445ff8479682922a4cf9e,DSC_0177.JPG,nature,glacier,Glacier or ice cliff,0.25734,clip,1.0
3eaaa85ed13c4c00877aa9bb3d50021a,DSC_0180.JPG,site,site_unknown,Site not determined,,directory_path,1.0
3eaaa85ed13c4c00877aa9bb3d50021a,DSC_0180.JPG,scene_type,object_study,Object study,0.212668,clip,1.0
3eaaa85ed13c4c00877aa9bb3d50021a,DSC_0180.JPG,shot_type,detail,Detail,0.227464,clip,1.0
3eaaa85ed13c4c00877aa9bb3d50021a,DSC_0180.JPG,people,no_people,No people,,threshold_rule,1.0
3eaaa85ed13c4c00877aa9bb3d50021a,DSC_0180.JPG,nature,bird,Bird,0.246245,clip,1.0
a3c75a09902b4b0ab0293e39495d5a1a,DSC_0181.JPG,site,site_unknown,Site not determined,,directory_path,1.0
a3c75a09902b4b0ab0293e39495d5a1a,DSC_0181.JPG,scene_type,landscape,Landscape,0.213175,clip,1.0
a3c75a09902b4b0ab0293e39495d5a1a,DSC_0181.JPG,shot_type,wide,Wide view,0.199108,clip,1.0
a3c75a09902b4b0ab0293e39495d5a1a,DSC_0181.JPG,people,no_people,No people,,threshold_rule,1.0
f64355cfddb74d6b88b6d60992a251c2,DSC_0188.JPG,site,site_unknown,Site not determined,,directory_path,1.0
f64355cfddb74d6b88b6d60992a251c2,DSC_0188.JPG,scene_type,interior,Interior,0.254476,clip,1.0
f64355cfddb74d6b88b6d60992a251c2,DSC_0188.JPG,shot_type,medium,Medium view,0.252186,clip,1.0
f64355cfddb74d6b88b6d60992a251c2,DSC_0188.JPG,people,no_people,No people,,threshold_rule,1.0
f64355cfddb74d6b88b6d60992a251c2,DSC_0188.JPG,room,workshop,Workshop,0.284127,clip,1.0
c3e189e953544991a3782c71db5cc191,DSC_0195.JPG,site,site_unknown,Site not determined,,directory_path,1.0
c3e189e953544991a3782c71db5cc191,DSC_0195.JPG,scene_type,interior,Interior,0.25823,clip,1.0
c3e189e953544991a3782c71db5cc191,DSC_0195.JPG,shot_type,detail,Detail,0.206595,clip,1.0
c3e189e953544991a3782c71db5cc191,DSC_0195.JPG,people,no_people,No people,,threshold_rule,1.0
c3e189e953544991a3782c71db5cc191,DSC_0195.JPG,room,radio_room,Radio room,0.328419,clip,1.0
c3e189e953544991a3782c71db5cc191,DSC_0195.JPG,condition,object_wear,Object wear,0.253869,clip,1.0
95bcc790e54648588e4306e91fcc0c5c,DSC_01951.JPG,site,site_unknown,Site not determined,,directory_path,1.0
95bcc790e54648588e4306e91fcc0c5c,DSC_01951.JPG,scene_type,interior,Interior,0.25823,clip,1.0
95bcc790e54648588e4306e91fcc0c5c,DSC_01951.JPG,shot_type,detail,Detail,0.206595,clip,1.0
95bcc790e54648588e4306e91fcc0c5c,DSC_01951.JPG,people,no_people,No people,,threshold_rule,1.0
95bcc790e54648588e4306e91fcc0c5c,DSC_01951.JPG,room,radio_room,Radio room,0.328419,clip,1.0
95bcc790e54648588e4306e91fcc0c5c,DSC_01951.JPG,condition,object_wear,Object wear,0.253869,clip,1.0
e08c11c89cd84c05aa43c4c8916147bb,DSC_0198.JPG,site,site_unknown,Site not determined,,directory_path,1.0
e08c11c89cd84c05aa43c4c8916147bb,DSC_0198.JPG,scene_type,interior,Interior,0.21891,clip,1.0
e08c11c89cd84c05aa43c4c8916147bb,DSC_0198.JPG,shot_type,medium,Medium view,0.217158,clip,1.0
e08c11c89cd84c05aa43c4c8916147bb,DSC_0198.JPG,people,no_people,No people,,threshold_rule,1.0
e08c11c89cd84c05aa43c4c8916147bb,DSC_0198.JPG,room,museum_display,Museum display,0.315182,clip,1.0
79aa7dc152664b058efc5d68cbf8ba06,DSC_0199.JPG,site,site_unknown,Site not determined,,directory_path,1.0
79aa7dc152664b058efc5d68cbf8ba06,DSC_0199.JPG,scene_type,interior,Interior,0.239685,clip,1.0
79aa7dc152664b058efc5d68cbf8ba06,DSC_0199.JPG,shot_type,medium,Medium view,0.248516,clip,1.0
79aa7dc152664b058efc5d68cbf8ba06,DSC_0199.JPG,people,no_people,No people,,threshold_rule,1.0
79aa7dc152664b058efc5d68cbf8ba06,DSC_0199.JPG,room,kitchen,Kitchen,0.295046,clip,1.0
79aa7dc152664b058efc5d68cbf8ba06,DSC_0199.JPG,condition,object_wear,Object wear,0.258308,clip,1.0
bdabc20352c047cba9555c33305c8b1d,DSC_0200.JPG,site,site_unknown,Site not determined,,directory_path,1.0
bdabc20352c047cba9555c33305c8b1d,DSC_0200.JPG,scene_type,interior,Interior,0.242041,clip,1.0
bdabc20352c047cba9555c33305c8b1d,DSC_0200.JPG,shot_type,medium,Medium view,0.222542,clip,1.0
bdabc20352c047cba9555c33305c8b1d,DSC_0200.JPG,people,no_people,No people,,threshold_rule,1.0
bdabc20352c047cba9555c33305c8b1d,DSC_0200.JPG,room,bunkroom,Bunkroom,0.307809,clip,1.0
bdabc20352c047cba9555c33305c8b1d,DSC_0200.JPG,condition,object_wear,Object wear,0.241085,clip,1.0
97d22e1c82954176b2a47f905c85fa86,DSC_0201.JPG,site,site_unknown,Site not determined,,directory_path,1.0
97d22e1c82954176b2a47f905c85fa86,DSC_0201.JPG,scene_type,interior,Interior,0.252815,clip,1.0
97d22e1c82954176b2a47f905c85fa86,DSC_0201.JPG,shot_type,medium,Medium view,0.207607,clip,1.0
97d22e1c82954176b2a47f905c85fa86,DSC_0201.JPG,people,no_people,No people,,threshold_rule,1.0
97d22e1c82954176b2a47f905c85fa86,DSC_0201.JPG,room,bunkroom,Bunkroom,0.324228,clip,1.0
c60a9d560b3942678f290ea5557b858c,DSC_02011.JPG,site,site_unknown,Site not determined,,directory_path,1.0
c60a9d560b3942678f290ea5557b858c,DSC_02011.JPG,scene_type,interior,Interior,0.252815,clip,1.0
c60a9d560b3942678f290ea5557b858c,DSC_02011.JPG,shot_type,medium,Medium view,0.207607,clip,1.0
c60a9d560b3942678f290ea5557b858c,DSC_02011.JPG,people,no_people,No people,,threshold_rule,1.0
c60a9d560b3942678f290ea5557b858c,DSC_02011.JPG,room,bunkroom,Bunkroom,0.324228,clip,1.0
827a78eca0d945cea74d9cbe2f5452fc,DSC_0202.JPG,site,site_unknown,Site not determined,,directory_path,1.0
827a78eca0d945cea74d9cbe2f5452fc,DSC_0202.JPG,scene_type,interior,Interior,0.229186,clip,1.0
827a78eca0d945cea74d9cbe2f5452fc,DSC_0202.JPG,shot_type,detail,Detail,0.230769,clip,1.0
827a78eca0d945cea74d9cbe2f5452fc,DSC_0202.JPG,people,no_people,No people,,threshold_rule,1.0
827a78eca0d945cea74d9cbe2f5452fc,DSC_0202.JPG,room,bunkroom,Bunkroom,0.263969,clip,1.0
827a78eca0d945cea74d9cbe2f5452fc,DSC_0202.JPG,condition,object_wear,Object wear,0.248276,clip,1.0
a1f49aab194e4d108384e0eadda68626,DSC_0203.JPG,site,site_unknown,Site not determined,,directory_path,1.0
a1f49aab194e4d108384e0eadda68626,DSC_0203.JPG,scene_type,interior,Interior,0.259085,clip,1.0
a1f49aab194e4d108384e0eadda68626,DSC_0203.JPG,shot_type,medium,Medium view,0.236518,clip,1.0
a1f49aab194e4d108384e0eadda68626,DSC_0203.JPG,people,no_people,No people,,threshold_rule,1.0
a1f49aab194e4d108384e0eadda68626,DSC_0203.JPG,room,kitchen,Kitchen,0.26823,clip,1.0
a1f49aab194e4d108384e0eadda68626,DSC_0203.JPG,condition,paint_loss,Paint loss,0.260406,clip,1.0
a1f49aab194e4d108384e0eadda68626,DSC_0203.JPG,condition,object_wear,Object wear,0.249023,clip,1.0
0e0a4b76b4d34f6fabcc00ea3cd2dc66,DSC_0204.JPG,site,site_unknown,Site not determined,,directory_path,1.0
0e0a4b76b4d34f6fabcc00ea3cd2dc66,DSC_0204.JPG,scene_type,interior,Interior,0.235843,clip,1.0
0e0a4b76b4d34f6fabcc00ea3cd2dc66,DSC_0204.JPG,shot_type,medium,Medium view,0.230326,clip,1.0
0e0a4b76b4d34f6fabcc00ea3cd2dc66,DSC_0204.JPG,people,no_people,No people,,threshold_rule,1.0
0e0a4b76b4d34f6fabcc00ea3cd2dc66,DSC_0204.JPG,room,bunkroom,Bunkroom,0.297295,clip,1.0
eecbff8ad5264c01a799748fc0438883,DSC_0205.JPG,site,site_unknown,Site not determined,,directory_path,1.0
eecbff8ad5264c01a799748fc0438883,DSC_0205.JPG,scene_type,interior,Interior,0.234817,clip,1.0
eecbff8ad5264c01a799748fc0438883,DSC_0205.JPG,shot_type,detail,Detail,0.233287,clip,1.0
eecbff8ad5264c01a799748fc0438883,DSC_0205.JPG,people,no_people,No people,,threshold_rule,1.0
eecbff8ad5264c01a799748fc0438883,DSC_0205.JPG,room,room_unknown,Room not determined,,threshold_rule,1.0
eecbff8ad5264c01a799748fc0438883,DSC_0205.JPG,condition,paint_loss,Paint loss,0.281515,clip,1.0
eecbff8ad5264c01a799748fc0438883,DSC_0205.JPG,condition,object_wear,Object wear,0.24986,clip,1.0
ab47ed5faa204d959f200a64e74e902b,DSC_0206.JPG,site,site_unknown,Site not determined,,directory_path,1.0
ab47ed5faa204d959f200a64e74e902b,DSC_0206.JPG,scene_type,interior,Interior,0.252257,clip,1.0
ab47ed5faa204d959f200a64e74e902b,DSC_0206.JPG,shot_type,medium,Medium view,0.204174,clip,1.0
ab47ed5faa204d959f200a64e74e902b,DSC_0206.JPG,people,no_people,No people,,threshold_rule,1.0
ab47ed5faa204d959f200a64e74e902b,DSC_0206.JPG,room,bunkroom,Bunkroom,0.312108,clip,1.0
4fa7f86113e84554943962786d94c52c,DSC_0207.JPG,site,site_unknown,Site not determined,,directory_path,1.0
4fa7f86113e84554943962786d94c52c,DSC_0207.JPG,scene_type,interior,Interior,0.254232,clip,1.0
4fa7f86113e84554943962786d94c52c,DSC_0207.JPG,shot_type,medium,Medium view,0.25085,clip,1.0
4fa7f86113e84554943962786d94c52c,DSC_0207.JPG,people,no_people,No people,,threshold_rule,1.0
4fa7f86113e84554943962786d94c52c,DSC_0207.JPG,room,museum_display,Museum display,0.265324,clip,1.0
0c00d993f4ac46e3894b07f2f8f1c21e,DSC_0215.JPG,site,site_unknown,Site not determined,,directory_path,1.0
0c00d993f4ac46e3894b07f2f8f1c21e,DSC_0215.JPG,scene_type,object_study,Object study,0.194189,clip,1.0
0c00d993f4ac46e3894b07f2f8f1c21e,DSC_0215.JPG,shot_type,detail,Detail,0.196876,clip,1.0
0c00d993f4ac46e3894b07f2f8f1c21e,DSC_0215.JPG,people,no_people,No people,,threshold_rule,1.0
0c00d993f4ac46e3894b07f2f8f1c21e,DSC_0215.JPG,nature,penguin,Penguin,0.286405,clip,1.0
f2dfc029d9694bf79724395fbcbf9fa1,DSC_0216.JPG,site,site_unknown,Site not determined,,directory_path,1.0
f2dfc029d9694bf79724395fbcbf9fa1,DSC_0216.JPG,scene_type,interior,Interior,0.25596,clip,1.0
f2dfc029d9694bf79724395fbcbf9fa1,DSC_0216.JPG,shot_type,medium,Medium view,0.231454,clip,1.0
f2dfc029d9694bf79724395fbcbf9fa1,DSC_0216.JPG,people,no_people,No people,,threshold_rule,1.0
f2dfc029d9694bf79724395fbcbf9fa1,DSC_0216.JPG,room,bunkroom,Bunkroom,0.318372,clip,1.0
f2dfc029d9694bf79724395fbcbf9fa1,DSC_0216.JPG,condition,object_wear,Object wear,0.246219,clip,1.0
244564f01f3c4634bb42342cf29ad97e,DSC_02161.JPG,site,site_unknown,Site not determined,,directory_path,1.0
244564f01f3c4634bb42342cf29ad97e,DSC_02161.JPG,scene_type,interior,Interior,0.25596,clip,1.0
244564f01f3c4634bb42342cf29ad97e,DSC_02161.JPG,shot_type,medium,Medium view,0.231454,clip,1.0
244564f01f3c4634bb42342cf29ad97e,DSC_02161.JPG,people,no_people,No people,,threshold_rule,1.0
244564f01f3c4634bb42342cf29ad97e,DSC_02161.JPG,room,bunkroom,Bunkroom,0.318372,clip,1.0
244564f01f3c4634bb42342cf29ad97e,DSC_02161.JPG,condition,object_wear,Object wear,0.246219,clip,1.0
4293cb08e19f480e9954e852dc98c745,DSC_0217.JPG,site,site_unknown,Site not determined,,directory_path,1.0
4293cb08e19f480e9954e852dc98c745,DSC_0217.JPG,scene_type,interior,Interior,0.243423,clip,1.0
4293cb08e19f480e9954e852dc98c745,DSC_0217.JPG,shot_type,medium,Medium view,0.235224,clip,1.0
4293cb08e19f480e9954e852dc98c745,DSC_0217.JPG,people,no_people,No people,,threshold_rule,1.0
4293cb08e19f480e9954e852dc98c745,DSC_0217.JPG,room,museum_display,Museum display,0.31742,clip,1.0
558d25060d7e4256b1d95581f9a26408,DSC_0219.JPG,site,site_unknown,Site not determined,,directory_path,1.0
558d25060d7e4256b1d95581f9a26408,DSC_0219.JPG,scene_type,interior,Interior,0.240027,clip,1.0
558d25060d7e4256b1d95581f9a26408,DSC_0219.JPG,shot_type,medium,Medium view,0.23235,clip,1.0
558d25060d7e4256b1d95581f9a26408,DSC_0219.JPG,people,no_people,No people,,threshold_rule,1.0
558d25060d7e4256b1d95581f9a26408,DSC_0219.JPG,room,museum_display,Museum display,0.313345,clip,1.0
3f2e1037d81044a6a780d3c2e33506c7,DSC_0221.JPG,site,site_unknown,Site not determined,,directory_path,1.0
3f2e1037d81044a6a780d3c2e33506c7,DSC_0221.JPG,scene_type,interior,Interior,0.24946,clip,1.0
3f2e1037d81044a6a780d3c2e33506c7,DSC_0221.JPG,shot_type,medium,Medium view,0.232766,clip,1.0
3f2e1037d81044a6a780d3c2e33506c7,DSC_0221.JPG,people,no_people,No people,,threshold_rule,1.0
3f2e1037d81044a6a780d3c2e33506c7,DSC_0221.JPG,room,museum_display,Museum display,0.314514,clip,1.0
3f2e1037d81044a6a780d3c2e33506c7,DSC_0221.JPG,condition,object_wear,Object wear,0.241371,clip,1.0
5250519eb3344d8bb43ad0a6431f452d,DSC_0222.JPG,site,site_unknown,Site not determined,,directory_path,1.0
5250519eb3344d8bb43ad0a6431f452d,DSC_0222.JPG,scene_type,interior,Interior,0.226773,clip,1.0
5250519eb3344d8bb43ad0a6431f452d,DSC_0222.JPG,shot_type,medium,Medium view,0.232417,clip,1.0
5250519eb3344d8bb43ad0a6431f452d,DSC_0222.JPG,people,no_people,No people,,threshold_rule,1.0
5250519eb3344d8bb43ad0a6431f452d,DSC_0222.JPG,room,museum_display,Museum display,0.294809,clip,1.0
f10d18611e01405aa48c23a5c9418286,DSC_0227.JPG,site,site_unknown,Site not determined,,directory_path,1.0
f10d18611e01405aa48c23a5c9418286,DSC_0227.JPG,scene_type,interior,Interior,0.262102,clip,1.0
f10d18611e01405aa48c23a5c9418286,DSC_0227.JPG,shot_type,medium,Medium view,0.236749,clip,1.0
f10d18611e01405aa48c23a5c9418286,DSC_0227.JPG,people,no_people,No people,,threshold_rule,1.0
f10d18611e01405aa48c23a5c9418286,DSC_0227.JPG,room,museum_display,Museum display,0.312339,clip,1.0
901024f986da4f9ca06f482d2c8952bc,DSC_0228.JPG,site,site_unknown,Site not determined,,directory_path,1.0
901024f986da4f9ca06f482d2c8952bc,DSC_0228.JPG,scene_type,interior,Interior,0.257335,clip,1.0
901024f986da4f9ca06f482d2c8952bc,DSC_0228.JPG,shot_type,medium,Medium view,0.212208,clip,1.0
901024f986da4f9ca06f482d2c8952bc,DSC_0228.JPG,people,no_people,No people,,threshold_rule,1.0
901024f986da4f9ca06f482d2c8952bc,DSC_0228.JPG,room,kitchen,Kitchen,0.301155,clip,1.0
3d2ed5bd0d8b48d89ec8f2efa4b04022,DSC_0229.JPG,site,site_unknown,Site not determined,,directory_path,1.0
3d2ed5bd0d8b48d89ec8f2efa4b04022,DSC_0229.JPG,scene_type,interior,Interior,0.230763,clip,1.0
3d2ed5bd0d8b48d89ec8f2efa4b04022,DSC_0229.JPG,shot_type,medium,Medium view,0.247952,clip,1.0
3d2ed5bd0d8b48d89ec8f2efa4b04022,DSC_0229.JPG,people,no_people,No people,,threshold_rule,1.0
3d2ed5bd0d8b48d89ec8f2efa4b04022,DSC_0229.JPG,room,museum_display,Museum display,0.285303,clip,1.0
0c2d6e26e7d4460ca3354ff6a99aba70,DSC_0230.JPG,site,site_unknown,Site not determined,,directory_path,1.0
0c2d6e26e7d4460ca3354ff6a99aba70,DSC_0230.JPG,scene_type,interior,Interior,0.227271,clip,1.0
0c2d6e26e7d4460ca3354ff6a99aba70,DSC_0230.JPG,shot_type,medium,Medium view,0.259811,clip,1.0
0c2d6e26e7d4460ca3354ff6a99aba70,DSC_0230.JPG,people,no_people,No people,,threshold_rule,1.0
0c2d6e26e7d4460ca3354ff6a99aba70,DSC_0230.JPG,room,museum_display,Museum display,0.291844,clip,1.0
0d7258cf94594f59a1f2055ccb74204c,DSC_02301.JPG,site,site_unknown,Site not determined,,directory_path,1.0
0d7258cf94594f59a1f2055ccb74204c,DSC_02301.JPG,scene_type,interior,Interior,0.227271,clip,1.0
0d7258cf94594f59a1f2055ccb74204c,DSC_02301.JPG,shot_type,medium,Medium view,0.259811,clip,1.0
0d7258cf94594f59a1f2055ccb74204c,DSC_02301.JPG,people,no_people,No people,,threshold_rule,1.0
0d7258cf94594f59a1f2055ccb74204c,DSC_02301.JPG,room,museum_display,Museum display,0.291844,clip,1.0
184ced57a072439f93832c12a061ff3e,DSC_0231.JPG,site,site_unknown,Site not determined,,directory_path,1.0
184ced57a072439f93832c12a061ff3e,DSC_0231.JPG,scene_type,interior,Interior,0.258129,clip,1.0
184ced57a072439f93832c12a061ff3e,DSC_0231.JPG,shot_type,medium,Medium view,0.233624,clip,1.0
184ced57a072439f93832c12a061ff3e,DSC_0231.JPG,people,no_people,No people,,threshold_rule,1.0
184ced57a072439f93832c12a061ff3e,DSC_0231.JPG,room,workshop,Workshop,0.293558,clip,1.0
60fbb3c60f96487a8869e09caf9fb4f9,DSC_02311.JPG,site,site_unknown,Site not determined,,directory_path,1.0
60fbb3c60f96487a8869e09caf9fb4f9,DSC_02311.JPG,scene_type,interior,Interior,0.258129,clip,1.0
60fbb3c60f96487a8869e09caf9fb4f9,DSC_02311.JPG,shot_type,medium,Medium view,0.233624,clip,1.0
60fbb3c60f96487a8869e09caf9fb4f9,DSC_02311.JPG,people,no_people,No people,,threshold_rule,1.0
60fbb3c60f96487a8869e09caf9fb4f9,DSC_02311.JPG,room,workshop,Workshop,0.293558,clip,1.0
1dd0ed8bbf8e4df3b0b5c8216426b4a1,DSC_0232.JPG,site,site_unknown,Site not determined,,directory_path,1.0
1dd0ed8bbf8e4df3b0b5c8216426b4a1,DSC_0232.JPG,scene_type,interior,Interior,0.261244,clip,1.0
1dd0ed8bbf8e4df3b0b5c8216426b4a1,DSC_0232.JPG,shot_type,medium,Medium view,0.278523,clip,1.0
1dd0ed8bbf8e4df3b0b5c8216426b4a1,DSC_0232.JPG,people,no_people,No people,,threshold_rule,1.0
1dd0ed8bbf8e4df3b0b5c8216426b4a1,DSC_0232.JPG,room,kitchen,Kitchen,0.310324,clip,1.0
517f28a59e334aa8baf4c829e0779d1c,DSC_0233.JPG,site,site_unknown,Site not determined,,directory_path,1.0
517f28a59e334aa8baf4c829e0779d1c,DSC_0233.JPG,scene_type,interior,Interior,0.227959,clip,1.0
517f28a59e334aa8baf4c829e0779d1c,DSC_0233.JPG,shot_type,medium,Medium view,0.269284,clip,1.0
517f28a59e334aa8baf4c829e0779d1c,DSC_0233.JPG,people,no_people,No people,,threshold_rule,1.0
517f28a59e334aa8baf4c829e0779d1c,DSC_0233.JPG,room,kitchen,Kitchen,0.30808,clip,1.0
fa22bbf9f87245019197f09aa2cac558,DSC_0234.JPG,site,site_unknown,Site not determined,,directory_path,1.0
fa22bbf9f87245019197f09aa2cac558,DSC_0234.JPG,scene_type,interior,Interior,0.22671,clip,1.0
fa22bbf9f87245019197f09aa2cac558,DSC_0234.JPG,shot_type,medium,Medium view,0.263523,clip,1.0
fa22bbf9f87245019197f09aa2cac558,DSC_0234.JPG,people,no_people,No people,,threshold_rule,1.0
fa22bbf9f87245019197f09aa2cac558,DSC_0234.JPG,room,kitchen,Kitchen,0.297729,clip,1.0
b875ff55a4514522b6ea4bbefd48b5ab,DSC_0235.JPG,site,site_unknown,Site not determined,,directory_path,1.0
b875ff55a4514522b6ea4bbefd48b5ab,DSC_0235.JPG,scene_type,interior,Interior,0.250965,clip,1.0
b875ff55a4514522b6ea4bbefd48b5ab,DSC_0235.JPG,shot_type,medium,Medium view,0.267332,clip,1.0
b875ff55a4514522b6ea4bbefd48b5ab,DSC_0235.JPG,people,no_people,No people,,threshold_rule,1.0
b875ff55a4514522b6ea4bbefd48b5ab,DSC_0235.JPG,room,museum_display,Museum display,0.297402,clip,1.0
199c993db7cb47e2b88699a14cc41697,DSC_0236.JPG,site,site_unknown,Site not determined,,directory_path,1.0
199c993db7cb47e2b88699a14cc41697,DSC_0236.JPG,scene_type,interior,Interior,0.240592,clip,1.0
199c993db7cb47e2b88699a14cc41697,DSC_0236.JPG,shot_type,medium,Medium view,0.228012,clip,1.0
199c993db7cb47e2b88699a14cc41697,DSC_0236.JPG,people,no_people,No people,,threshold_rule,1.0
199c993db7cb47e2b88699a14cc41697,DSC_0236.JPG,room,museum_display,Museum display,0.311683,clip,1.0
199c993db7cb47e2b88699a14cc41697,DSC_0236.JPG,condition,object_wear,Object wear,0.250876,clip,1.0
b8603c450c404cdf8c235b1606147c99,DSC_0237.JPG,site,site_unknown,Site not determined,,directory_path,1.0
b8603c450c404cdf8c235b1606147c99,DSC_0237.JPG,scene_type,interior,Interior,0.237702,clip,1.0
b8603c450c404cdf8c235b1606147c99,DSC_0237.JPG,shot_type,medium,Medium view,0.225486,clip,1.0
b8603c450c404cdf8c235b1606147c99,DSC_0237.JPG,people,no_people,No people,,threshold_rule,1.0
b8603c450c404cdf8c235b1606147c99,DSC_0237.JPG,room,museum_display,Museum display,0.288144,clip,1.0
1a0fc7a214c243baa082cc1e6d47cd44,DSC_0238.JPG,site,site_unknown,Site not determined,,directory_path,1.0
1a0fc7a214c243baa082cc1e6d47cd44,DSC_0238.JPG,scene_type,interior,Interior,0.228771,clip,1.0
1a0fc7a214c243baa082cc1e6d47cd44,DSC_0238.JPG,shot_type,medium,Medium view,0.242345,clip,1.0
1a0fc7a214c243baa082cc1e6d47cd44,DSC_0238.JPG,people,no_people,No people,,threshold_rule,1.0
1a0fc7a214c243baa082cc1e6d47cd44,DSC_0238.JPG,room,kitchen,Kitchen,0.337104,clip,1.0
1a0fc7a214c243baa082cc1e6d47cd44,DSC_0238.JPG,condition,object_wear,Object wear,0.266011,clip,1.0
0321d0085f2147479be3d18959730be2,DSC_02381.JPG,site,site_unknown,Site not determined,,directory_path,1.0
0321d0085f2147479be3d18959730be2,DSC_02381.JPG,scene_type,interior,Interior,0.228771,clip,1.0
0321d0085f2147479be3d18959730be2,DSC_02381.JPG,shot_type,medium,Medium view,0.242345,clip,1.0
0321d0085f2147479be3d18959730be2,DSC_02381.JPG,people,no_people,No people,,threshold_rule,1.0
0321d0085f2147479be3d18959730be2,DSC_02381.JPG,room,kitchen,Kitchen,0.337104,clip,1.0
0321d0085f2147479be3d18959730be2,DSC_02381.JPG,condition,object_wear,Object wear,0.266011,clip,1.0
e05dd3d57eb8447f886dc86118b3010e,DSC_0239.JPG,site,site_unknown,Site not determined,,directory_path,1.0
e05dd3d57eb8447f886dc86118b3010e,DSC_0239.JPG,scene_type,interior,Interior,0.238197,clip,1.0
e05dd3d57eb8447f886dc86118b3010e,DSC_0239.JPG,shot_type,medium,Medium view,0.256082,clip,1.0
e05dd3d57eb8447f886dc86118b3010e,DSC_0239.JPG,people,no_people,No people,,threshold_rule,1.0
e05dd3d57eb8447f886dc86118b3010e,DSC_0239.JPG,room,kitchen,Kitchen,0.296866,clip,1.0
e05dd3d57eb8447f886dc86118b3010e,DSC_0239.JPG,condition,object_wear,Object wear,0.245128,clip,1.0
f90b88fc59fa4e0fbee92f7878d03053,DSC_02391.JPG,site,site_unknown,Site not determined,,directory_path,1.0
f90b88fc59fa4e0fbee92f7878d03053,DSC_02391.JPG,scene_type,interior,Interior,0.238197,clip,1.0
f90b88fc59fa4e0fbee92f7878d03053,DSC_02391.JPG,shot_type,medium,Medium view,0.256082,clip,1.0
f90b88fc59fa4e0fbee92f7878d03053,DSC_02391.JPG,people,no_people,No people,,threshold_rule,1.0
f90b88fc59fa4e0fbee92f7878d03053,DSC_02391.JPG,room,kitchen,Kitchen,0.296866,clip,1.0
f90b88fc59fa4e0fbee92f7878d03053,DSC_02391.JPG,condition,object_wear,Object wear,0.245128,clip,1.0
1ee2f54c60bb4212beb6cfdb95a2a078,DSC_0240.JPG,site,site_unknown,Site not determined,,directory_path,1.0
1ee2f54c60bb4212beb6cfdb95a2a078,DSC_0240.JPG,scene_type,interior,Interior,0.248187,clip,1.0
1ee2f54c60bb4212beb6cfdb95a2a078,DSC_0240.JPG,shot_type,medium,Medium view,0.266283,clip,1.0
1ee2f54c60bb4212beb6cfdb95a2a078,DSC_0240.JPG,people,no_people,No people,,threshold_rule,1.0
1ee2f54c60bb4212beb6cfdb95a2a078,DSC_0240.JPG,room,kitchen,Kitchen,0.313187,clip,1.0
43941e9b089d4f4cba539905fc73a8a7,DSC_0242.JPG,site,site_unknown,Site not determined,,directory_path,1.0
43941e9b089d4f4cba539905fc73a8a7,DSC_0242.JPG,scene_type,interior,Interior,0.227864,clip,1.0
43941e9b089d4f4cba539905fc73a8a7,DSC_0242.JPG,shot_type,medium,Medium view,0.234305,clip,1.0
43941e9b089d4f4cba539905fc73a8a7,DSC_0242.JPG,people,no_people,No people,,threshold_rule,1.0
43941e9b089d4f4cba539905fc73a8a7,DSC_0242.JPG,room,kitchen,Kitchen,0.305094,clip,1.0
0bba94cf27214501948d2b6caf35a46e,DSC_0247.JPG,site,site_unknown,Site not determined,,directory_path,1.0
0bba94cf27214501948d2b6caf35a46e,DSC_0247.JPG,scene_type,object_study,Object study,0.225292,clip,1.0
0bba94cf27214501948d2b6caf35a46e,DSC_0247.JPG,shot_type,medium,Medium view,0.255901,clip,1.0
0bba94cf27214501948d2b6caf35a46e,DSC_0247.JPG,people,no_people,No people,,threshold_rule,1.0
be3b30ae2d8b417384d2ba0fcdcb22d4,DSC_02471.JPG,site,site_unknown,Site not determined,,directory_path,1.0
be3b30ae2d8b417384d2ba0fcdcb22d4,DSC_02471.JPG,scene_type,object_study,Object study,0.225292,clip,1.0
be3b30ae2d8b417384d2ba0fcdcb22d4,DSC_02471.JPG,shot_type,medium,Medium view,0.255901,clip,1.0
be3b30ae2d8b417384d2ba0fcdcb22d4,DSC_02471.JPG,people,no_people,No people,,threshold_rule,1.0
376bc5c6132c4563bce9e76ba0d138fb,DSC_0249.JPG,site,site_unknown,Site not determined,,directory_path,1.0
376bc5c6132c4563bce9e76ba0d138fb,DSC_0249.JPG,scene_type,landscape,Landscape,0.186434,clip,1.0
376bc5c6132c4563bce9e76ba0d138fb,DSC_0249.JPG,shot_type,detail,Detail,0.215969,clip,1.0
376bc5c6132c4563bce9e76ba0d138fb,DSC_0249.JPG,people,two_people,Two people,0.247044,clip,1.0
376bc5c6132c4563bce9e76ba0d138fb,DSC_0249.JPG,nature,penguin,Penguin,0.293265,clip,1.0
20213f04219c403e803c2f1edcc1764a,DSC_0255.JPG.jpg,site,site_unknown,Site not determined,,directory_path,1.0
20213f04219c403e803c2f1edcc1764a,DSC_0255.JPG.jpg,scene_type,object_study,Object study,0.211932,clip,1.0
20213f04219c403e803c2f1edcc1764a,DSC_0255.JPG.jpg,shot_type,detail,Detail,0.233445,clip,1.0
20213f04219c403e803c2f1edcc1764a,DSC_0255.JPG.jpg,people,no_people,No people,,threshold_rule,1.0
20213f04219c403e803c2f1edcc1764a,DSC_0255.JPG.jpg,nature,penguin,Penguin,0.270419,clip,1.0
7ea24f3a78604301877653deb893281b,DSC_0281.JPG,site,site_unknown,Site not determined,,directory_path,1.0
7ea24f3a78604301877653deb893281b,DSC_0281.JPG,scene_type,interior,Interior,0.247787,clip,1.0
7ea24f3a78604301877653deb893281b,DSC_0281.JPG,shot_type,medium,Medium view,0.203483,clip,1.0
7ea24f3a78604301877653deb893281b,DSC_0281.JPG,people,no_people,No people,,threshold_rule,1.0
7ea24f3a78604301877653deb893281b,DSC_0281.JPG,room,kitchen,Kitchen,0.294036,clip,1.0
41933ed79af544d28b9e8e0d12c83598,DSC_0282 TJOM.JPG,site,site_unknown,Site not determined,,directory_path,1.0
41933ed79af544d28b9e8e0d12c83598,DSC_0282 TJOM.JPG,scene_type,interior,Interior,0.271479,clip,1.0
41933ed79af544d28b9e8e0d12c83598,DSC_0282 TJOM.JPG,shot_type,medium,Medium view,0.23944,clip,1.0
41933ed79af544d28b9e8e0d12c83598,DSC_0282 TJOM.JPG,people,no_people,No people,,threshold_rule,1.0
41933ed79af544d28b9e8e0d12c83598,DSC_0282 TJOM.JPG,room,bunkroom,Bunkroom,0.306854,clip,1.0
a08ea10a16674edb99bdf17a1b1f9bec,DSC_0294.JPG,site,site_unknown,Site not determined,,directory_path,1.0
a08ea10a16674edb99bdf17a1b1f9bec,DSC_0294.JPG,scene_type,object_study,Object study,0.184916,clip,1.0
a08ea10a16674edb99bdf17a1b1f9bec,DSC_0294.JPG,shot_type,detail,Detail,0.24535,clip,1.0
a08ea10a16674edb99bdf17a1b1f9bec,DSC_0294.JPG,people,no_people,No people,,threshold_rule,1.0
a08ea10a16674edb99bdf17a1b1f9bec,DSC_0294.JPG,nature,seal,Seal,0.24757,clip,1.0
82d6f58626334d0ebbe207f533889ce3,DSC_0463.JPG,site,site_unknown,Site not determined,,directory_path,1.0
82d6f58626334d0ebbe207f533889ce3,DSC_0463.JPG,scene_type,landscape,Landscape,0.197731,clip,1.0
82d6f58626334d0ebbe207f533889ce3,DSC_0463.JPG,shot_type,detail,Detail,0.206116,clip,1.0
82d6f58626334d0ebbe207f533889ce3,DSC_0463.JPG,people,no_people,No people,,threshold_rule,1.0
82d6f58626334d0ebbe207f533889ce3,DSC_0463.JPG,nature,penguin,Penguin,0.290399,clip,1.0
20f8899f8e6c4e69aac46246a40fa5b1,DSC_0539.JPG,site,site_unknown,Site not determined,,directory_path,1.0
20f8899f8e6c4e69aac46246a40fa5b1,DSC_0539.JPG,scene_type,object_study,Object study,0.224115,clip,1.0
20f8899f8e6c4e69aac46246a40fa5b1,DSC_0539.JPG,shot_type,detail,Detail,0.248908,clip,1.0
20f8899f8e6c4e69aac46246a40fa5b1,DSC_0539.JPG,people,no_people,No people,,threshold_rule,1.0
20f8899f8e6c4e69aac46246a40fa5b1,DSC_0539.JPG,nature,penguin,Penguin,0.290602,clip,1.0
505865c8068e4686a5dff54f344109a9,DSC_0582.JPG,site,site_unknown,Site not determined,,directory_path,1.0
505865c8068e4686a5dff54f344109a9,DSC_0582.JPG,scene_type,interior,Interior,0.178571,clip,1.0
505865c8068e4686a5dff54f344109a9,DSC_0582.JPG,shot_type,detail,Detail,0.182876,clip,1.0
505865c8068e4686a5dff54f344109a9,DSC_0582.JPG,people,no_people,No people,,threshold_rule,1.0
505865c8068e4686a5dff54f344109a9,DSC_0582.JPG,room,workshop,Workshop,0.24958,clip,1.0
505865c8068e4686a5dff54f344109a9,DSC_0582.JPG,condition,weathered_timber,Weathered timber,0.24083,clip,1.0
43c67b7785a349c49d85910c0142d2e7,DSC_0591.JPG,site,site_unknown,Site not determined,,directory_path,1.0
43c67b7785a349c49d85910c0142d2e7,DSC_0591.JPG,scene_type,object_study,Object study,0.206858,clip,1.0
43c67b7785a349c49d85910c0142d2e7,DSC_0591.JPG,shot_type,detail,Detail,0.238385,clip,1.0
43c67b7785a349c49d85910c0142d2e7,DSC_0591.JPG,people,two_people,Two people,0.255293,clip,1.0
43c67b7785a349c49d85910c0142d2e7,DSC_0591.JPG,nature,penguin,Penguin,0.283881,clip,1.0
75681bccdc44487bab1c10c62cb31a45,DSC_0641.JPG,site,site_unknown,Site not determined,,directory_path,1.0
75681bccdc44487bab1c10c62cb31a45,DSC_0641.JPG,scene_type,landscape,Landscape,0.204715,clip,1.0
75681bccdc44487bab1c10c62cb31a45,DSC_0641.JPG,shot_type,detail,Detail,0.178305,clip,1.0
75681bccdc44487bab1c10c62cb31a45,DSC_0641.JPG,people,no_people,No people,,threshold_rule,1.0
20ee126280ac4cde94c243397a1e6a95,DSC_0728.JPG,site,site_unknown,Site not determined,,directory_path,1.0
20ee126280ac4cde94c243397a1e6a95,DSC_0728.JPG,scene_type,interior,Interior,0.183018,clip,1.0
20ee126280ac4cde94c243397a1e6a95,DSC_0728.JPG,shot_type,detail,Detail,0.255095,clip,1.0
20ee126280ac4cde94c243397a1e6a95,DSC_0728.JPG,people,no_people,No people,,threshold_rule,1.0
20ee126280ac4cde94c243397a1e6a95,DSC_0728.JPG,room,room_unknown,Room not determined,,threshold_rule,1.0
3d3ac55afb8e465885dba3a2e7a66f33,DSC_0735.JPG,site,site_unknown,Site not determined,,directory_path,1.0
3d3ac55afb8e465885dba3a2e7a66f33,DSC_0735.JPG,scene_type,object_study,Object study,0.191489,clip,1.0
3d3ac55afb8e465885dba3a2e7a66f33,DSC_0735.JPG,shot_type,detail,Detail,0.24732,clip,1.0
3d3ac55afb8e465885dba3a2e7a66f33,DSC_0735.JPG,people,no_people,No people,,threshold_rule,1.0
3d3ac55afb8e465885dba3a2e7a66f33,DSC_0735.JPG,nature,penguin,Penguin,0.265159,clip,1.0
fab3f0b2e885406396a0b83cb9940f9f,IMG_1633.JPG,site,site_unknown,Site not determined,,directory_path,1.0
fab3f0b2e885406396a0b83cb9940f9f,IMG_1633.JPG,scene_type,landscape,Landscape,0.235628,clip,1.0
fab3f0b2e885406396a0b83cb9940f9f,IMG_1633.JPG,shot_type,wide,Wide view,0.22167,clip,1.0
fab3f0b2e885406396a0b83cb9940f9f,IMG_1633.JPG,people,no_people,No people,,threshold_rule,1.0
fab3f0b2e885406396a0b83cb9940f9f,IMG_1633.JPG,nature,penguin,Penguin,0.270787,clip,1.0
9cc17da57b0644ed9ac1017d20e08a20,"© UK Antarctic Heritage Trust, 2011, Photo by Rick Price, 2 copy.jpg",site,site_unknown,Site not determined,,directory_path,1.0
9cc17da57b0644ed9ac1017d20e08a20,"© UK Antarctic Heritage Trust, 2011, Photo by Rick Price, 2 copy.jpg",scene_type,exterior,Exterior,0.181146,clip,1.0
9cc17da57b0644ed9ac1017d20e08a20,"© UK Antarctic Heritage Trust, 2011, Photo by Rick Price, 2 copy.jpg",shot_type,detail,Detail,0.20656,clip,1.0
9cc17da57b0644ed9ac1017d20e08a20,"© UK Antarctic Heritage Trust, 2011, Photo by Rick Price, 2 copy.jpg",people,no_people,No people,,threshold_rule,1.0
