image_uid,file_name,relative_path,cluster_id,cluster_type,similarity_score,is_representative,clustered_at
62931cac9c104adc9de294f5d89a3c9f,P7630236 (Large).jpg,UK Antarctic Heritage Trust Data/3rdParty_A_2020_Copyright_JNH/JNH/P7630236 (Large).jpg,1,phashing,100.0,True,2026-08-17T12:37:29+00:00
5ed1c1882c144e81b49b84119cc68561,P7630258 (Large).JPG,UK Antarctic Heritage Trust Data/3rdParty_A_2020_Copyright_JNH/JNH/P7630258 (Large).JPG,2,phashing,100.0,True,2026-08-17T12:37:29+00:00
5a9b9bc7f1ba4ea6b6daab5e4045f24a,P7630259 (Large).JPG,UK Antarctic Heritage Trust Data/3rdParty_A_2020_Copyright_JNH/JNH/P7630259 (Large).JPG,3,phashing,100.0,True,2026-08-17T12:37:29+00:00
93ba7920f8034cf6a49dfd4c4242bb14,P7630260 (Large).JPG,UK Antarctic Heritage Trust Data/3rdParty_A_2020_Copyright_JNH/JNH/P7630260 (Large).JPG,4,phashing,100.0,True,2026-08-17T12:37:29+00:00
4301ad566c8e4944b30715af398563d3,P7630262 (Large).JPG,UK Antarctic Heritage Trust Data/3rdParty_A_2020_Copyright_JNH/JNH/P7630262 (Large).JPG,5,phashing,100.0,True,2026-08-17T12:37:29+00:00
a7fd2c4d0ef8411b826c0864a0dae101,P7630263 (Large).JPG,UK Antarctic Heritage Trust Data/3rdParty_A_2020_Copyright_JNH/JNH/P7630263 (Large).JPG,6,phashing,100.0,True,2026-08-17T12:37:29+00:00
164b40a691974d0d94b5decd9cfb23b1,P7630264 (Large).JPG,UK Antarctic Heritage Trust Data/3rdParty_A_2020_Copyright_JNH/JNH/P7630264 (Large).JPG,7,phashing,100.0,True,2026-08-17T12:37:29+00:00
b80d16d76aa943f396e8490c39480e7e,P7630265 (Large).JPG,UK Antarctic Heritage Trust Data/3rdParty_A_2020_Copyright_JNH/JNH/P7630265 (Large).JPG,8,phashing,100.0,True,2026-08-17T12:37:29+00:00
f2361418fc424297975d9115f918df35,P7630266 (Large).JPG,UK Antarctic Heritage Trust Data/3rdParty_A_2020_Copyright_JNH/JNH/P7630266 (Large).JPG,9,phashing,100.0,True,2026-08-17T12:37:29+00:00
971063d20f2e4d8d9ea38fab364bcdc4,P7630267 (Large).JPG,UK Antarctic Heritage Trust Data/3rdParty_A_2020_Copyright_JNH/JNH/P7630267 (Large).JPG,10,phashing,100.0,True,2026-08-17T12:37:29+00:00
1189d07eef534ef58ac492318de87cee,P7630268 (Large).JPG,UK Antarctic Heritage Trust Data/3rdParty_A_2020_Copyright_JNH/JNH/P7630268 (Large).JPG,11,phashing,100.0,True,2026-08-17T12:37:29+00:00
b65dd1a9a780495993f20af3880341ed,P7630273 (Large).jpg,UK Antarctic Heritage Trust Data/3rdParty_A_2020_Copyright_JNH/JNH/P7630273 (Large).jpg,12,phashing,100.0,True,2026-08-17T12:37:29+00:00
05476fd8e66c492eaf9abc1289f3e641,P7630276 (Large).JPG,UK Antarctic Heritage Trust Data/3rdParty_A_2020_Copyright_JNH/JNH/P7630276 (Large).JPG,13,phashing,100.0,True,2026-08-17T12:37:29+00:00
7d6bcd104d8a40c488c5f7a9fe2234c4,Port Lockroy 24th April 2020 JNH (1) (Large).jpg,UK Antarctic Heritage Trust Data/3rdParty_A_2020_Copyright_JNH/JNH/Port Lockroy 24th April 2020 JNH (1) (Large).jpg,14,phashing,100.0,True,2026-08-17T12:37:29+00:00
78ec9b7d4cc14380a228eb0a4e9ae313,Port Lockroy 24th April 2020 JNH (10) (Large).jpg,UK Antarctic Heritage Trust Data/3rdParty_A_2020_Copyright_JNH/JNH/Port Lockroy 24th April 2020 JNH (10) (Large).jpg,15,phashing,100.0,True,2026-08-17T12:37:29+00:00
947ba9ec938d4e4487db081d3f8bb032,Port Lockroy 24th April 2020 JNH (11) (Large).jpg,UK Antarctic Heritage Trust Data/3rdParty_A_2020_Copyright_JNH/JNH/Port Lockroy 24th April 2020 JNH (11) (Large).jpg,16,phashing,100.0,True,2026-08-17T12:37:29+00:00
ab2291f51d8e4592bc6d87866ea7cc60,Port Lockroy 24th April 2020 JNH (12) (Large).jpg,UK Antarctic Heritage Trust Data/3rdParty_A_2020_Copyright_JNH/JNH/Port Lockroy 24th April 2020 JNH (12) (Large).jpg,17,phashing,100.0,True,2026-08-17T12:37:29+00:00
ccc717b468fe427aa962689f4977f892,Port Lockroy 24th April 2020 JNH (13) (Large).jpg,UK Antarctic Heritage Trust Data/3rdParty_A_2020_Copyright_JNH/JNH/Port Lockroy 24th April 2020 JNH (13) (Large).jpg,18,phashing,100.0,True,2026-08-17T12:37:29+00:00
a3f8557790d3439790966271ccdeb624,Port Lockroy 24th April 2020 JNH (14) (Large).jpg,UK Antarctic Heritage Trust Data/3rdParty_A_2020_Copyright_JNH/JNH/Port Lockroy 24th April 2020 JNH (14) (Large).jpg,19,phashing,100.0,True,2026-08-17T12:37:29+00:00
4d0b60205ebb426d8727295dac6f9e14,Port Lockroy 24th April 2020 JNH (16) (Large).jpg,UK Antarctic Heritage Trust Data/3rdParty_A_2020_Copyright_JNH/JNH/Port Lockroy 24th April 2020 JNH (16) (Large).jpg,20,phashing,100.0,True,2026-08-17T12:37:29+00:00
a650f66abf47423196ea4af08a9d038e,Port Lockroy 24th April 2020 JNH (17) (Large).jpg,UK Antarctic Heritage Trust Data/3rdParty_A_2020_Copyright_JNH/JNH/Port Lockroy 24th April 2020 JNH (17) (Large).jpg,21,phashing,100.0,True,2026-08-17T12:37:29+00:00
f2f000a983d54d0f8e22471b9c7e868f,Port Lockroy 24th April 2020 JNH (18) (Large).jpg,UK Antarctic Heritage Trust Data/3rdParty_A_2020_Copyright_JNH/JNH/Port Lockroy 24th April 2020 JNH (18) (Large).jpg,22,phashing,100.0,True,2026-08-17T12:37:29+00:00
419bf8d8e1df481da507ec41d3f3c499,Port Lockroy 24th April 2020 JNH (19) (Large).jpg,UK Antarctic Heritage Trust Data/3rdParty_A_2020_Copyright_JNH/JNH/Port Lockroy 24th April 2020 JNH (19) (Large).jpg,23,phashing,100.0,True,2026-08-17T12:37:29+00:00
69c3cac4fac4494eb48f071cecb888a9,Port Lockroy 24th April 2020 JNH (2) (Large).jpg,UK Antarctic Heritage Trust Data/3rdParty_A_2020_Copyright_JNH/JNH/Port Lockroy 24th April 2020 JNH (2) (Large).jpg,24,phashing,100.0,True,2026-08-17T12:37:29+00:00
bc084c6fb71744c1a257a4f8b2cc02ca,Port Lockroy 24th April 2020 JNH (20) (Large).jpg,UK Antarctic Heritage Trust Data/3rdParty_A_2020_Copyright_JNH/JNH/Port Lockroy 24th April 2020 JNH (20) (Large).jpg,25,phashing,100.0,True,2026-08-17T12:37:29+00:00
e6f5d0ceca8b47209cfacd19ceb93e2c,Port Lockroy 24th April 2020 JNH (21) (Large).jpg,UK Antarctic Heritage Trust Data/3rdParty_A_2020_Copyright_JNH/JNH/Port Lockroy 24th April 2020 JNH (21) (Large).jpg,26,phashing,100.0,True,2026-08-17T12:37:29+00:00
10245befc7a44d5083fc7e74d348b2a8,Port Lockroy 24th April 2020 JNH (22) (Large).jpg,UK Antarctic Heritage Trust Data/3rdParty_A_2020_Copyright_JNH/JNH/Port Lockroy 24th April 2020 JNH (22) (Large).jpg,27,phashing,100.0,True,2026-08-17T12:37:29+00:00
1b523b788e314b7991f2574625372b62,Port Lockroy 24th April 2020 JNH (23) (Large).jpg,UK Antarctic Heritage Trust Data/3rdParty_A_2020_Copyright_JNH/JNH/Port Lockroy 24th April 2020 JNH (23) (Large).jpg,28,phashing,100.0,True,2026-08-17T12:37:29+00:00
4fd15d4336684a52800894ba59a98e3b,Port Lockroy 24th April 2020 JNH (24) (Large).jpg,UK Antarctic Heritage Trust Data/3rdParty_A_2020_Copyright_JNH/JNH/Port Lockroy 24th April 2020 JNH (24) (Large).jpg,29,phashing,100.0,True,2026-08-17T12:37:29+00:00
b625b72161154159b53597b35d600515,Port Lockroy 24th April 2020 JNH (25) (Large).jpg,UK Antarctic Heritage Trust Data/3rdParty_A_2020_Copyright_JNH/JNH/Port Lockroy 24th April 2020 JNH (25) (Large).jpg,30,phashing,100.0,True,2026-08-17T12:37:29+00:00
49bd5094242d45f9a76ff0d2c32406b3,Port Lockroy 24th April 2020 JNH (26) (Large).jpg,UK Antarctic Heritage Trust Data/3rdParty_A_2020_Copyright_JNH/JNH/Port Lockroy 24th April 2020 JNH (26) (Large).jpg,31,phashing,100.0,True,2026-08-17T12:37:29+00:00
4b0610c2429a4253a36e1257ac585fb3,Port Lockroy 24th April 2020 JNH (27) (Large).jpg,UK Antarctic Heritage Trust Data/3rdParty_A_2020_Copyright_JNH/JNH/Port Lockroy 24th April 2020 JNH (27) (Large).jpg,32,phashing,100.0,True,2026-08-17T12:37:29+00:00
5a77ca8d6b284b9a8089b34acc132880,Port Lockroy 24th April 2020 JNH (28) (Large).jpg,UK Antarctic Heritage Trust Data/3rdParty_A_2020_Copyright_JNH/JNH/Port Lockroy 24th April 2020 JNH (28) (Large).jpg,33,phashing,100.0,True,2026-08-17T12:37:29+00:00
ecf3a001232e460aa92cc8497da192f4,Port Lockroy 24th April 2020 JNH (29) (Large).jpg,UK Antarctic Heritage Trust Data/3rdParty_A_2020_Copyright_JNH/JNH/Port Lockroy 24th April 2020 JNH (29) (Large).jpg,34,phashing,100.0,True,2026-08-17T12:37:29+00:00
a2014dc02afc4519a6e1218eb1108f38,Port Lockroy 24th April 2020 JNH (3) (Large).jpg,UK Antarctic Heritage Trust Data/3rdParty_A_2020_Copyright_JNH/JNH/Port Lockroy 24th April 2020 JNH (3) (Large).jpg,35,phashing,100.0,True,2026-08-17T12:37:29+00:00
62736b3b4cc24b3fb866ae076ec270b7,Port Lockroy 24th April 2020 JNH (30) (Large).jpg,UK Antarctic Heritage Trust Data/3rdParty_A_2020_Copyright_JNH/JNH/Port Lockroy 24th April 2020 JNH (30) (Large).jpg,36,phashing,100.0,True,2026-08-17T12:37:29+00:00
90aded0eee494ec9b126bf10daba60c5,Port Lockroy 24th April 2020 JNH (31) (Large).jpg,UK Antarctic Heritage Trust Data/3rdParty_A_2020_Copyright_JNH/JNH/Port Lockroy 24th April 2020 JNH (31) (Large).jpg,37,phashing,100.0,True,2026-08-17T12:37:29+00:00
2ee0c05cd1be45e68ba29d66835a0850,Port Lockroy 24th April 2020 JNH (32) (Large).jpg,UK Antarctic Heritage Trust Data/3rdParty_A_2020_Copyright_JNH/JNH/Port Lockroy 24th April 2020 JNH (32) (Large).jpg,38,phashing,100.0,True,2026-08-17T12:37:29+00:00
7457a28faa3e482499e9524c1e74abf9,Port Lockroy 24th April 2020 JNH (33) (Large).jpg,UK Antarctic Heritage Trust Data/3rdParty_A_2020_Copyright_JNH/JNH/Port Lockroy 24th April 2020 JNH (33) (Large).jpg,39,phashing,100.0,True,2026-08-17T12:37:29+00:00
9efd55e43e5a4045b48092e3d06eaa89,Port Lockroy 24th April 2020 JNH (34) (Large).jpg,UK Antarctic Heritage Trust Data/3rdParty_A_2020_Copyright_JNH/JNH/Port Lockroy 24th April 2020 JNH (34) (Large).jpg,40,phashing,100.0,True,2026-08-17T12:37:29+00:00
1a64f65cbcf0422b9f3690854f47ea22,Port Lockroy 24th April 2020 JNH (36) (Large).jpg,UK Antarctic Heritage Trust Data/3rdParty_A_2020_Copyright_JNH/JNH/Port Lockroy 24th April 2020 JNH (36) (Large).jpg,41,phashing,100.0,True,2026-08-17T12:37:29+00:00
9f1e0792205c41a08feb08ba748b1479,Port Lockroy 24th April 2020 JNH (37) (Large).jpg,UK Antarctic Heritage Trust Data/3rdParty_A_2020_Copyright_JNH/JNH/Port Lockroy 24th April 2020 JNH (37) (Large).jpg,42,phashing,100.0,True,2026-08-17T12:37:29+00:00
c3f4a53affb843e2b08ae88aa6f87deb,Port Lockroy 24th April 2020 JNH (39) (Large).jpg,UK Antarctic Heritage Trust Data/3rdParty_A_2020_Copyright_JNH/JNH/Port Lockroy 24th April 2020 JNH (39) (Large).jpg,43,phashing,100.0,True,2026-08-17T12:37:29+00:00
f32fd60df35442858619a3a14a114216,Port Lockroy 24th April 2020 JNH (4) (Large).jpg,UK Antarctic Heritage Trust Data/3rdParty_A_2020_Copyright_JNH/JNH/Port Lockroy 24th April 2020 JNH (4) (Large).jpg,44,phashing,100.0,True,2026-08-17T12:37:29+00:00
1ec1a623c6f340f5ae322eb46592b631,Port Lockroy 24th April 2020 JNH (40) (Large).jpg,UK Antarctic Heritage Trust Data/3rdParty_A_2020_Copyright_JNH/JNH/Port Lockroy 24th April 2020 JNH (40) (Large).jpg,45,phashing,100.0,True,2026-08-17T12:37:29+00:00
643afad87f1947aeb4b76e1db15ddc5e,Port Lockroy 24th April 2020 JNH (41) (Large).jpg,UK Antarctic Heritage Trust Data/3rdParty_A_2020_Copyright_JNH/JNH/Port Lockroy 24th April 2020 JNH (41) (Large).jpg,46,phashing,100.0,True,2026-08-17T12:37:29+00:00
6ea123ba5c9647778154c69c83511f74,Port Lockroy 24th April 2020 JNH (42) (Large).jpg,UK Antarctic Heritage Trust Data/3rdParty_A_2020_Copyright_JNH/JNH/Port Lockroy 24th April 2020 JNH (42) (Large).jpg,47,phashing,100.0,True,2026-08-17T12:37:29+00:00
29df1e70e10a4ca4b8dfaf7365ebe163,Port Lockroy 24th April 2020 JNH (43) (Large).jpg,UK Antarctic Heritage Trust Data/3rdParty_A_2020_Copyright_JNH/JNH/Port Lockroy 24th April 2020 JNH (43) (Large).jpg,48,phashing,100.0,True,2026-08-17T12:37:29+00:00
3f31efebe696436baac08747f3e6637a,Port Lockroy 24th April 2020 JNH (44) (Large).jpg,UK Antarctic Heritage Trust Data/3rdParty_A_2020_Copyright_JNH/JNH/Port Lockroy 24th April 2020 JNH (44) (Large).jpg,49,phashing,100.0,True,2026-08-17T12:37:29+00:00
33519580b11b43ecb169768e822cbe10,Port Lockroy 24th April 2020 JNH (47) (Large).jpg,UK Antarctic Heritage Trust Data/3rdParty_A_2020_Copyright_JNH/JNH/Port Lockroy 24th April 2020 JNH (47) (Large).jpg,50,phashing,100.0,True,2026-08-17T12:37:29+00:00
ff3b09a382794be9a579f3ff6c211bfd,Port Lockroy 24th April 2020 JNH (48) (Large).jpg,UK Antarctic Heritage Trust Data/3rdParty_A_2020_Copyright_JNH/JNH/Port Lockroy 24th April 2020 JNH (48) (Large).jpg,51,phashing,100.0,True,2026-08-17T12:37:29+00:00
72fc9dbfff75400ebc3b9f7e344cf6a6,Port Lockroy 24th April 2020 JNH (49) (Large).jpg,UK Antarctic Heritage Trust Data/3rdParty_A_2020_Copyright_JNH/JNH/Port Lockroy 24th April 2020 JNH (49) (Large).jpg,52,phashing,100.0,True,2026-08-17T12:37:29+00:00
0e7d1e395f144908b500e6f9792ead2b,Port Lockroy 24th April 2020 JNH (5) (Large).jpg,UK Antarctic Heritage Trust Data/3rdParty_A_2020_Copyright_JNH/JNH/Port Lockroy 24th April 2020 JNH (5) (Large).jpg,53,phashing,100.0,True,2026-08-17T12:37:29+00:00
5196cf5521414836a02facd008efba22,Port Lockroy 24th April 2020 JNH (51) (Large).jpg,UK Antarctic Heritage Trust Data/3rdParty_A_2020_Copyright_JNH/JNH/Port Lockroy 24th April 2020 JNH (51) (Large).jpg,54,phashing,100.0,True,2026-08-17T12:37:29+00:00
7f50dd56518748c390aab00331b1dce8,Port Lockroy 24th April 2020 JNH (52) (Large).jpg,UK Antarctic Heritage Trust Data/3rdParty_A_2020_Copyright_JNH/JNH/Port Lockroy 24th April 2020 JNH (52) (Large).jpg,55,phashing,100.0,True,2026-08-17T12:37:29+00:00
5d383d68768546f1bfdaf5f477fe4b27,Port Lockroy 24th April 2020 JNH (53) (Large).jpg,UK Antarctic Heritage Trust Data/3rdParty_A_2020_Copyright_JNH/JNH/Port Lockroy 24th April 2020 JNH (53) (Large).jpg,56,phashing,100.0,True,2026-08-17T12:37:29+00:00
45f24c19cd06430488c020113130c0a8,Port Lockroy 24th April 2020 JNH (54) (Large).jpg,UK Antarctic Heritage Trust Data/3rdParty_A_2020_Copyright_JNH/JNH/Port Lockroy 24th April 2020 JNH (54) (Large).jpg,57,phashing,100.0,True,2026-08-17T12:37:29+00:00
b0432c6066794766812c69e3ac01b503,Port Lockroy 24th April 2020 JNH (55) (Large).jpg,UK Antarctic Heritage Trust Data/3rdParty_A_2020_Copyright_JNH/JNH/Port Lockroy 24th April 2020 JNH (55) (Large).jpg,58,phashing,100.0,True,2026-08-17T12:37:29+00:00
118e17f9eb0e4784b3dc8c2cfadf8f67,Port Lockroy 24th April 2020 JNH (56) (Large).jpg,UK Antarctic Heritage Trust Data/3rdParty_A_2020_Copyright_JNH/JNH/Port Lockroy 24th April 2020 JNH (56) (Large).jpg,59,phashing,100.0,True,2026-08-17T12:37:29+00:00
93974620bb004202bab0b1449d77b291,Port Lockroy 24th April 2020 JNH (6) (Large).jpg,UK Antarctic Heritage Trust Data/3rdParty_A_2020_Copyright_JNH/JNH/Port Lockroy 24th April 2020 JNH (6) (Large).jpg,60,phashing,100.0,True,2026-08-17T12:37:29+00:00
14406fdc995647bcb2da74bd025e8634,Port Lockroy 24th April 2020 JNH (7) (Large).jpg,UK Antarctic Heritage Trust Data/3rdParty_A_2020_Copyright_JNH/JNH/Port Lockroy 24th April 2020 JNH (7) (Large).jpg,61,phashing,100.0,True,2026-08-17T12:37:29+00:00
6158349b83074e27ac407a44b76834e4,Port Lockroy 24th April 2020 JNH (8) (Large).jpg,UK Antarctic Heritage Trust Data/3rdParty_A_2020_Copyright_JNH/JNH/Port Lockroy 24th April 2020 JNH (8) (Large).jpg,62,phashing,100.0,True,2026-08-17T12:37:29+00:00
749323e1024b416a8dff7017622b64d3,Port Lockroy 24th April 2020 JNH (9) (Large).jpg,UK Antarctic Heritage Trust Data/3rdParty_A_2020_Copyright_JNH/JNH/Port Lockroy 24th April 2020 JNH (9) (Large).jpg,63,phashing,100.0,True,2026-08-17T12:37:29+00:00
449c0ed1bf33459a83321a745ab8a75d,A_1_h_16(1).jpg,UK Antarctic Heritage Trust Data/Condition_Artefacts/Artefacts_A_1_h_16_Ionospherics/A_1_h_16/A_1_h_16(1).jpg,64,phashing,100.0,True,2026-08-17T12:37:29+00:00
3611223c8f9144a8b28bc45536b62744,HY9A2343.jpg,UK Antarctic Heritage Trust Data/Condition_Artefacts/Artefacts_A_1_h_16_Ionospherics/A_1_h_16/HY9A2343.jpg,64,phashing,100.0,False,2026-08-17T12:37:29+00:00
f1595166f7b442a39748c269d328430f,A_1_h_16(10).JPG,UK Antarctic Heritage Trust Data/Condition_Artefacts/Artefacts_A_1_h_16_Ionospherics/A_1_h_16/A_1_h_16(10).JPG,65,phashing,100.0,True,2026-08-17T12:37:29+00:00
e201a304e1e042cd8fbfbe8103b58972,PC130169.JPG,UK Antarctic Heritage Trust Data/Condition_Artefacts/Artefacts_A_1_h_16_Ionospherics/A_1_h_16/PC130169.JPG,65,phashing,100.0,False,2026-08-17T12:37:29+00:00
9fe26a7dd86d400d9808d64cfada7bd4,A_1_h_16(11).JPG,UK Antarctic Heritage Trust Data/Condition_Artefacts/Artefacts_A_1_h_16_Ionospherics/A_1_h_16/A_1_h_16(11).JPG,66,phashing,100.0,True,2026-08-17T12:37:29+00:00
1790cc44fc5e4970a77000c49d9ce0a1,PC130170.JPG,UK Antarctic Heritage Trust Data/Condition_Artefacts/Artefacts_A_1_h_16_Ionospherics/A_1_h_16/PC130170.JPG,66,phashing,100.0,False,2026-08-17T12:37:29+00:00
0673e85e756b433499c3f89643ff1cbe,A_1_h_16(12).JPG,UK Antarctic Heritage Trust Data/Condition_Artefacts/Artefacts_A_1_h_16_Ionospherics/A_1_h_16/A_1_h_16(12).JPG,67,phashing,100.0,True,2026-08-17T12:37:29+00:00
b628dae5c8da4f2399bb1d561cb0046e,PC130171.JPG,UK Antarctic Heritage Trust Data/Condition_Artefacts/Artefacts_A_1_h_16_Ionospherics/A_1_h_16/PC130171.JPG,67,phashing,100.0,False,2026-08-17T12:37:29+00:00
aef04dc327634806a92dbf780de21e2b,A_1_h_16(13).JPG,UK Antarctic Heritage Trust Data/Condition_Artefacts/Artefacts_A_1_h_16_Ionospherics/A_1_h_16/A_1_h_16(13).JPG,68,phashing,100.0,True,2026-08-17T12:37:29+00:00
adba8a12685e440288ffb80cf2d297e7,PC130172.JPG,UK Antarctic Heritage Trust Data/Condition_Artefacts/Artefacts_A_1_h_16_Ionospherics/A_1_h_16/PC130172.JPG,68,phashing,100.0,False,2026-08-17T12:37:29+00:00
913b89dbd9a54249b224a8cc3da23948,A_1_h_16(14).JPG,UK Antarctic Heritage Trust Data/Condition_Artefacts/Artefacts_A_1_h_16_Ionospherics/A_1_h_16/A_1_h_16(14).JPG,69,phashing,100.0,True,2026-08-17T12:37:29+00:00
cb807d8ecc4d40f6962f2491ad5e8246,PC130173.JPG,UK Antarctic Heritage Trust Data/Condition_Artefacts/Artefacts_A_1_h_16_Ionospherics/A_1_h_16/PC130173.JPG,69,phashing,100.0,False,2026-08-17T12:37:29+00:00
c6e58099da0847fea6d5c9c8b29c85db,A_1_h_16(2).jpg,UK Antarctic Heritage Trust Data/Condition_Artefacts/Artefacts_A_1_h_16_Ionospherics/A_1_h_16/A_1_h_16(2).jpg,70,phashing,100.0,True,2026-08-17T12:37:29+00:00
bd84f2eef6fb49148a6fabf118323d26,HY9A2344.jpg,UK Antarctic Heritage Trust Data/Condition_Artefacts/Artefacts_A_1_h_16_Ionospherics/A_1_h_16/HY9A2344.jpg,70,phashing,100.0,False,2026-08-17T12:37:29+00:00
a57a61b9c705439fa05da29a8f31e61d,A_1_h_16(3).jpg,UK Antarctic Heritage Trust Data/Condition_Artefacts/Artefacts_A_1_h_16_Ionospherics/A_1_h_16/A_1_h_16(3).jpg,71,phashing,100.0,True,2026-08-17T12:37:29+00:00
80d83b55721d418b9d1212edd0ac7b3b,HY9A2345.jpg,UK Antarctic Heritage Trust Data/Condition_Artefacts/Artefacts_A_1_h_16_Ionospherics/A_1_h_16/HY9A2345.jpg,71,phashing,100.0,False,2026-08-17T12:37:29+00:00
188c76cd8f0040048bb358986c04dafe,A_1_h_16(4).jpg,UK Antarctic Heritage Trust Data/Condition_Artefacts/Artefacts_A_1_h_16_Ionospherics/A_1_h_16/A_1_h_16(4).jpg,72,phashing,100.0,True,2026-08-17T12:37:29+00:00
c632f96bfad84937a8eeda6ceb085c90,HY9A2346.jpg,UK Antarctic Heritage Trust Data/Condition_Artefacts/Artefacts_A_1_h_16_Ionospherics/A_1_h_16/HY9A2346.jpg,72,phashing,100.0,False,2026-08-17T12:37:29+00:00
9a6ffb2f931b4e489d4c72ee3023a7fa,A_1_h_16(5).JPG,UK Antarctic Heritage Trust Data/Condition_Artefacts/Artefacts_A_1_h_16_Ionospherics/A_1_h_16/A_1_h_16(5).JPG,73,phashing,100.0,True,2026-08-17T12:37:29+00:00
b0a70942070143989b2c873f9f4d9b9f,P1010138.JPG,UK Antarctic Heritage Trust Data/Condition_Artefacts/Artefacts_A_1_h_16_Ionospherics/A_1_h_16/P1010138.JPG,73,phashing,100.0,False,2026-08-17T12:37:29+00:00
62568840ce8344cd8bcf52976258fd99,A_1_h_16(6).JPG,UK Antarctic Heritage Trust Data/Condition_Artefacts/Artefacts_A_1_h_16_Ionospherics/A_1_h_16/A_1_h_16(6).JPG,74,phashing,100.0,True,2026-08-17T12:37:29+00:00
b59f33f113da41c18ba4e89bd8d1d81a,P1010139.JPG,UK Antarctic Heritage Trust Data/Condition_Artefacts/Artefacts_A_1_h_16_Ionospherics/A_1_h_16/P1010139.JPG,74,phashing,100.0,False,2026-08-17T12:37:29+00:00
ad2161dc4cd64c06aee5593d1cf20afe,A_1_h_16(7).JPG,UK Antarctic Heritage Trust Data/Condition_Artefacts/Artefacts_A_1_h_16_Ionospherics/A_1_h_16/A_1_h_16(7).JPG,75,phashing,100.0,True,2026-08-17T12:37:29+00:00
d4d6b674f4d744d1b50b828fd4134ad3,P1010140.JPG,UK Antarctic Heritage Trust Data/Condition_Artefacts/Artefacts_A_1_h_16_Ionospherics/A_1_h_16/P1010140.JPG,75,phashing,100.0,False,2026-08-17T12:37:29+00:00
3ab2b7357ce149bc96cf0f71c94dfdd2,A_1_h_16(8).JPG,UK Antarctic Heritage Trust Data/Condition_Artefacts/Artefacts_A_1_h_16_Ionospherics/A_1_h_16/A_1_h_16(8).JPG,76,phashing,100.0,True,2026-08-17T12:37:29+00:00
3dd45cd3369d41b18c46da2fcaa91d89,P1010141.JPG,UK Antarctic Heritage Trust Data/Condition_Artefacts/Artefacts_A_1_h_16_Ionospherics/A_1_h_16/P1010141.JPG,76,phashing,100.0,False,2026-08-17T12:37:29+00:00
c0bc6645b47d4aa2a91b44274902a600,A_1_h_16(9).JPG,UK Antarctic Heritage Trust Data/Condition_Artefacts/Artefacts_A_1_h_16_Ionospherics/A_1_h_16/A_1_h_16(9).JPG,77,phashing,100.0,True,2026-08-17T12:37:29+00:00
f8abb887d3b14306a24d008001895400,P1010143.JPG,UK Antarctic Heritage Trust Data/Condition_Artefacts/Artefacts_A_1_h_16_Ionospherics/A_1_h_16/P1010143.JPG,77,phashing,100.0,False,2026-08-17T12:37:29+00:00
597af92a29844e84892f50f7b4038adf,A1a60a.JPG,UK Antarctic Heritage Trust Data/Condition_Artefacts/Artefacts_A_Var_1112NewAcquisitions/1112 new acquisitions/A1a60a.JPG,78,phashing,100.0,True,2026-08-17T12:37:29+00:00
abed11d50a1844f38c7397330992fad0,A1a60b.JPG,UK Antarctic Heritage Trust Data/Condition_Artefacts/Artefacts_A_Var_1112NewAcquisitions/1112 new acquisitions/A1a60b.JPG,79,phashing,100.0,True,2026-08-17T12:37:29+00:00
27bf0f8e59a94ecd99545e0d456ab320,A1a60c.JPG,UK Antarctic Heritage Trust Data/Condition_Artefacts/Artefacts_A_Var_1112NewAcquisitions/1112 new acquisitions/A1a60c.JPG,80,phashing,100.0,True,2026-08-17T12:37:29+00:00
40b49b8f7e024e84aefded0277afffb8,A1a60d.JPG,UK Antarctic Heritage Trust Data/Condition_Artefacts/Artefacts_A_Var_1112NewAcquisitions/1112 new acquisitions/A1a60d.JPG,81,phashing,100.0,True,2026-08-17T12:37:29+00:00
3606e455a1b94400b5d60c5994ccc6f9,A1a61a.JPG,UK Antarctic Heritage Trust Data/Condition_Artefacts/Artefacts_A_Var_1112NewAcquisitions/1112 new acquisitions/A1a61a.JPG,82,phashing,100.0,True,2026-08-17T12:37:29+00:00
f990c5aa2a144280934661f2f7364da3,A1a61b.JPG,UK Antarctic Heritage Trust Data/Condition_Artefacts/Artefacts_A_Var_1112NewAcquisitions/1112 new acquisitions/A1a61b.JPG,83,phashing,100.0,True,2026-08-17T12:37:29+00:00
88b509a8c16247038b8da10d12df70a0,A1a61c.JPG,UK Antarctic Heritage Trust Data/Condition_Artefacts/Artefacts_A_Var_1112NewAcquisitions/1112 new acquisitions/A1a61c.JPG,84,phashing,100.0,True,2026-08-17T12:37:29+00:00
5f6e64c95fc240c5a3e107d26581530e,A1a61d.JPG,UK Antarctic Heritage Trust Data/Condition_Artefacts/Artefacts_A_Var_1112NewAcquisitions/1112 new acquisitions/A1a61d.JPG,85,phashing,100.0,True,2026-08-17T12:37:29+00:00
ab23d9c511de499fa24423da8722a832,A1h164a.JPG,UK Antarctic Heritage Trust Data/Condition_Artefacts/Artefacts_A_Var_1112NewAcquisitions/1112 new acquisitions/A1h164a.JPG,86,phashing,100.0,True,2026-08-17T12:37:29+00:00
6d6a6f628752480f96b68ceb031f1410,A1h164b.JPG,UK Antarctic Heritage Trust Data/Condition_Artefacts/Artefacts_A_Var_1112NewAcquisitions/1112 new acquisitions/A1h164b.JPG,87,phashing,100.0,True,2026-08-17T12:37:29+00:00
5960d41723b5435abc33ad8741d1c77f,A1h164c.JPG,UK Antarctic Heritage Trust Data/Condition_Artefacts/Artefacts_A_Var_1112NewAcquisitions/1112 new acquisitions/A1h164c.JPG,88,phashing,100.0,True,2026-08-17T12:37:29+00:00
98233d7dc0284d499a637706d41a09ce,A1h164d.JPG,UK Antarctic Heritage Trust Data/Condition_Artefacts/Artefacts_A_Var_1112NewAcquisitions/1112 new acquisitions/A1h164d.JPG,89,phashing,100.0,True,2026-08-17T12:37:29+00:00
eb445130959a4e3b9cd641f9ad048a87,A1h165.JPG,UK Antarctic Heritage Trust Data/Condition_Artefacts/Artefacts_A_Var_1112NewAcquisitions/1112 new acquisitions/A1h165.JPG,90,phashing,100.0,True,2026-08-17T12:37:29+00:00
15398aea0ddc47c5b9b47ebded32ecc9,A1h165a.JPG,UK Antarctic Heritage Trust Data/Condition_Artefacts/Artefacts_A_Var_1112NewAcquisitions/1112 new acquisitions/A1h165a.JPG,91,phashing,100.0,True,2026-08-17T12:37:29+00:00
6e62d245b86c418ca523780345a36efe,A1h165b.JPG,UK Antarctic Heritage Trust Data/Condition_Artefacts/Artefacts_A_Var_1112NewAcquisitions/1112 new acquisitions/A1h165b.JPG,92,phashing,100.0,True,2026-08-17T12:37:29+00:00
b084f9d8e4f94f78ad4a88e110674477,A1h165c.JPG,UK Antarctic Heritage Trust Data/Condition_Artefacts/Artefacts_A_Var_1112NewAcquisitions/1112 new acquisitions/A1h165c.JPG,93,phashing,100.0,True,2026-08-17T12:37:29+00:00
a2267fb8d3e24f1eac41b9c370385a03,A1h166.JPG,UK Antarctic Heritage Trust Data/Condition_Artefacts/Artefacts_A_Var_1112NewAcquisitions/1112 new acquisitions/A1h166.JPG,94,phashing,100.0,True,2026-08-17T12:37:29+00:00
dd3041edfcab48cba8868ff77e685582,A1h167.JPG,UK Antarctic Heritage Trust Data/Condition_Artefacts/Artefacts_A_Var_1112NewAcquisitions/1112 new acquisitions/A1h167.JPG,95,phashing,100.0,True,2026-08-17T12:37:29+00:00
47ce921f3f9445ab90f147ccc260f9d4,A1h167a.JPG,UK Antarctic Heritage Trust Data/Condition_Artefacts/Artefacts_A_Var_1112NewAcquisitions/1112 new acquisitions/A1h167a.JPG,96,phashing,100.0,True,2026-08-17T12:37:29+00:00
5aa884a020824df59f2025dd35cf56b9,DSC03189.JPG,UK Antarctic Heritage Trust Data/Condition_Artefacts/Artefacts_A_Var_1112NewAcquisitions/1112 new acquisitions/DSC03189.JPG,97,phashing,100.0,True,2026-08-17T12:37:29+00:00
7529ea5197774480840b2b6ad71d63f6,DSC03193.JPG,UK Antarctic Heritage Trust Data/Condition_Artefacts/Artefacts_A_Var_1112NewAcquisitions/1112 new acquisitions/DSC03193.JPG,98,phashing,100.0,True,2026-08-17T12:37:29+00:00
0c1f835ffec347e6891e95317b953a44,DSC03194.JPG,UK Antarctic Heritage Trust Data/Condition_Artefacts/Artefacts_A_Var_1112NewAcquisitions/1112 new acquisitions/DSC03194.JPG,99,phashing,100.0,True,2026-08-17T12:37:29+00:00
e0aaf90527a148fcaf7363501503c1e9,DSC03198.JPG,UK Antarctic Heritage Trust Data/Condition_Artefacts/Artefacts_A_Var_1112NewAcquisitions/1112 new acquisitions/DSC03198.JPG,100,phashing,100.0,True,2026-08-17T12:37:29+00:00
77c0efe98d7b4687b5f5ecc5bc90cfcd,DSC03199.JPG,UK Antarctic Heritage Trust Data/Condition_Artefacts/Artefacts_A_Var_1112NewAcquisitions/1112 new acquisitions/DSC03199.JPG,101,phashing,100.0,True,2026-08-17T12:37:29+00:00
d2cfab86b9b249f387b6cab71c3423e5,DSC03200.JPG,UK Antarctic Heritage Trust Data/Condition_Artefacts/Artefacts_A_Var_1112NewAcquisitions/1112 new acquisitions/DSC03200.JPG,102,phashing,100.0,True,2026-08-17T12:37:29+00:00
991988eb789f4270a61c1c2513fed281,DSC03204.JPG,UK Antarctic Heritage Trust Data/Condition_Artefacts/Artefacts_A_Var_1112NewAcquisitions/1112 new acquisitions/DSC03204.JPG,103,phashing,100.0,True,2026-08-17T12:37:29+00:00
58f9f51f82a6473d932fe5afe946367b,DSC03205.JPG,UK Antarctic Heritage Trust Data/Condition_Artefacts/Artefacts_A_Var_1112NewAcquisitions/1112 new acquisitions/DSC03205.JPG,104,phashing,100.0,True,2026-08-17T12:37:29+00:00
e61a2174440b41d59635e8f064b33096,DSC03206.JPG,UK Antarctic Heritage Trust Data/Condition_Artefacts/Artefacts_A_Var_1112NewAcquisitions/1112 new acquisitions/DSC03206.JPG,105,phashing,100.0,True,2026-08-17T12:37:29+00:00
f09f407483774055966441124cc2bd5f,DSC03217.JPG,UK Antarctic Heritage Trust Data/Condition_Artefacts/Artefacts_A_Var_1112NewAcquisitions/1112 new acquisitions/DSC03217.JPG,106,phashing,100.0,True,2026-08-17T12:37:29+00:00
db65b72044d348be9804a02dae6e764e,F2011-1a.JPG,UK Antarctic Heritage Trust Data/Condition_Artefacts/Artefacts_A_Var_1112NewAcquisitions/1112 new acquisitions/F2011-1a.JPG,107,phashing,100.0,True,2026-08-17T12:37:29+00:00
82ac355a682e4af281fd16c31dffae7b,DSC03221.JPG,UK Antarctic Heritage Trust Data/Condition_Artefacts/Artefacts_A_Var_1112NewAcquisitions/1112 new acquisitions/DSC03221.JPG,107,phashing,90.62,False,2026-08-17T12:37:29+00:00
aab686aab6a64716ad16c8115e9150c3,DSC03222.JPG,UK Antarctic Heritage Trust Data/Condition_Artefacts/Artefacts_A_Var_1112NewAcquisitions/1112 new acquisitions/DSC03222.JPG,108,phashing,100.0,True,2026-08-17T12:37:29+00:00
c725e6e98d664fc0bd06618f04e22c6f,DSC03227.JPG,UK Antarctic Heritage Trust Data/Condition_Artefacts/Artefacts_A_Var_1112NewAcquisitions/1112 new acquisitions/DSC03227.JPG,109,phashing,100.0,True,2026-08-17T12:37:29+00:00
43a170c04fc74aa5bbfedf7059504242,F2011-1b.JPG,UK Antarctic Heritage Trust Data/Condition_Artefacts/Artefacts_A_Var_1112NewAcquisitions/1112 new acquisitions/F2011-1b.JPG,110,phashing,100.0,True,2026-08-17T12:37:29+00:00
2e2632e91259405eb7ef6b2ac458b0d9,F2011-2a.JPG,UK Antarctic Heritage Trust Data/Condition_Artefacts/Artefacts_A_Var_1112NewAcquisitions/1112 new acquisitions/F2011-2a.JPG,111,phashing,100.0,True,2026-08-17T12:37:29+00:00
d643d6fc420341f7a63fd3e0606f6d68,F2011-2b.JPG,UK Antarctic Heritage Trust Data/Condition_Artefacts/Artefacts_A_Var_1112NewAcquisitions/1112 new acquisitions/F2011-2b.JPG,112,phashing,100.0,True,2026-08-17T12:37:29+00:00
6439ef2bb0f04b33ab08e21201adea1b,F2011-2c.JPG,UK Antarctic Heritage Trust Data/Condition_Artefacts/Artefacts_A_Var_1112NewAcquisitions/1112 new acquisitions/F2011-2c.JPG,113,phashing,100.0,True,2026-08-17T12:37:29+00:00
7121f3d86d7a40cabf63d45f76fa5b8e,(2).jpg,UK Antarctic Heritage Trust Data/Condition_Artefacts/Artefacts_A_Var_Copyrright_L_Ling/(2).jpg,114,phashing,100.0,True,2026-08-17T12:37:29+00:00
6b41084be55f4bfe8ae32345c57d0cca,(3).jpg,UK Antarctic Heritage Trust Data/Condition_Artefacts/Artefacts_A_Var_Copyrright_L_Ling/(3).jpg,115,phashing,100.0,True,2026-08-17T12:37:29+00:00
824cc0faa2da4a1a989875319c43797e,A1a10a.jpg,UK Antarctic Heritage Trust Data/Condition_Artefacts/Artefacts_A_Var_Copyrright_L_Ling/A1a10a.jpg,116,phashing,100.0,True,2026-08-17T12:37:29+00:00
e0c2f8c99ca64f8f8903f1866dd650ae,A1a10b.jpg,UK Antarctic Heritage Trust Data/Condition_Artefacts/Artefacts_A_Var_Copyrright_L_Ling/A1a10b.jpg,117,phashing,100.0,True,2026-08-17T12:37:29+00:00
1e64e3d5c2ef45dbb925b0d4c62d6541,A1a12.jpg,UK Antarctic Heritage Trust Data/Condition_Artefacts/Artefacts_A_Var_Copyrright_L_Ling/A1a12.jpg,118,phashing,100.0,True,2026-08-17T12:37:29+00:00
c8761672553944e38de4a1c39936569e,A1b10a.jpg,UK Antarctic Heritage Trust Data/Condition_Artefacts/Artefacts_A_Var_Copyrright_L_Ling/A1b10a.jpg,119,phashing,100.0,True,2026-08-17T12:37:29+00:00
10a3115f817443b3b84698e095e0cd54,A1b10b.jpg,UK Antarctic Heritage Trust Data/Condition_Artefacts/Artefacts_A_Var_Copyrright_L_Ling/A1b10b.jpg,120,phashing,100.0,True,2026-08-17T12:37:29+00:00
d6093acd4e4947a480feb842621a3a22,A1b11y.jpg,UK Antarctic Heritage Trust Data/Condition_Artefacts/Artefacts_A_Var_Copyrright_L_Ling/A1b11y.jpg,121,phashing,100.0,True,2026-08-17T12:37:29+00:00
8da24d7f071b4bc0bb8620a4544c1faf,A1b11z.jpg,UK Antarctic Heritage Trust Data/Condition_Artefacts/Artefacts_A_Var_Copyrright_L_Ling/A1b11z.jpg,122,phashing,100.0,True,2026-08-17T12:37:29+00:00
3e47391a67064c6380eda969fe660f92,A1b14a.jpg,UK Antarctic Heritage Trust Data/Condition_Artefacts/Artefacts_A_Var_Copyrright_L_Ling/A1b14a.jpg,123,phashing,100.0,True,2026-08-17T12:37:29+00:00
245d9cac93fa4f72b21322357373a681,A1b14b.jpg,UK Antarctic Heritage Trust Data/Condition_Artefacts/Artefacts_A_Var_Copyrright_L_Ling/A1b14b.jpg,124,phashing,100.0,True,2026-08-17T12:37:29+00:00
7ad26c97aaaf4d6d928ce1a6efe7d757,A1b19.jpg,UK Antarctic Heritage Trust Data/Condition_Artefacts/Artefacts_A_Var_Copyrright_L_Ling/A1b19.jpg,125,phashing,100.0,True,2026-08-17T12:37:29+00:00
193ecb795fd14c3d82d925929dbcb551,A1b19a.jpg,UK Antarctic Heritage Trust Data/Condition_Artefacts/Artefacts_A_Var_Copyrright_L_Ling/A1b19a.jpg,126,phashing,100.0,True,2026-08-17T12:37:29+00:00
9066b1aaf0a0409a91bc2f32cfa3682f,A1b28a.jpg,UK Antarctic Heritage Trust Data/Condition_Artefacts/Artefacts_A_Var_Copyrright_L_Ling/A1b28a.jpg,127,phashing,100.0,True,2026-08-17T12:37:29+00:00
9692410876804b87b80caa0b802099fe,A1b28b.jpg,UK Antarctic Heritage Trust Data/Condition_Artefacts/Artefacts_A_Var_Copyrright_L_Ling/A1b28b.jpg,128,phashing,100.0,True,2026-08-17T12:37:29+00:00
3efd067f1f40413cbdc4994d858a8fa6,A1b29.jpg,UK Antarctic Heritage Trust Data/Condition_Artefacts/Artefacts_A_Var_Copyrright_L_Ling/A1b29.jpg,129,phashing,100.0,True,2026-08-17T12:37:29+00:00
c8a0ababd3444f5783454ebae98b6a89,A1b31a.jpg,UK Antarctic Heritage Trust Data/Condition_Artefacts/Artefacts_A_Var_Copyrright_L_Ling/A1b31a.jpg,130,phashing,100.0,True,2026-08-17T12:37:29+00:00
dd339827965e4604bfdb758e9bf2dcc3,A1b31b.jpg,UK Antarctic Heritage Trust Data/Condition_Artefacts/Artefacts_A_Var_Copyrright_L_Ling/A1b31b.jpg,131,phashing,100.0,True,2026-08-17T12:37:29+00:00
fbce53562f87497c9d687c3e792c3f95,A1b32.jpg,UK Antarctic Heritage Trust Data/Condition_Artefacts/Artefacts_A_Var_Copyrright_L_Ling/A1b32.jpg,132,phashing,100.0,True,2026-08-17T12:37:29+00:00
5053598cf60041bfa5787885e2b51387,A1b34.jpg,UK Antarctic Heritage Trust Data/Condition_Artefacts/Artefacts_A_Var_Copyrright_L_Ling/A1b34.jpg,133,phashing,100.0,True,2026-08-17T12:37:29+00:00
f46e2ff9bcd540bbafb6b952bff15c52,A1b34a.jpg,UK Antarctic Heritage Trust Data/Condition_Artefacts/Artefacts_A_Var_Copyrright_L_Ling/A1b34a.jpg,134,phashing,100.0,True,2026-08-17T12:37:29+00:00
a689ca6ed4a04608826ffcfe0809898f,A1b35.jpg,UK Antarctic Heritage Trust Data/Condition_Artefacts/Artefacts_A_Var_Copyrright_L_Ling/A1b35.jpg,135,phashing,100.0,True,2026-08-17T12:37:29+00:00
0e3fb32934e34a228330a8aaf96bf75f,A1b36&37.jpg,UK Antarctic Heritage Trust Data/Condition_Artefacts/Artefacts_A_Var_Copyrright_L_Ling/A1b36&37.jpg,136,phashing,100.0,True,2026-08-17T12:37:29+00:00
ed59e53803c04c86b571e59f21c5c521,A1b41.jpg,UK Antarctic Heritage Trust Data/Condition_Artefacts/Artefacts_A_Var_Copyrright_L_Ling/A1b41.jpg,137,phashing,100.0,True,2026-08-17T12:37:29+00:00
a24df110e6b843249b9b5159eb7024c1,A1b42a.jpg,UK Antarctic Heritage Trust Data/Condition_Artefacts/Artefacts_A_Var_Copyrright_L_Ling/A1b42a.jpg,138,phashing,100.0,True,2026-08-17T12:37:29+00:00
a59ed26d9151435896f348bcaa632edf,A1b42b.jpg,UK Antarctic Heritage Trust Data/Condition_Artefacts/Artefacts_A_Var_Copyrright_L_Ling/A1b42b.jpg,139,phashing,100.0,True,2026-08-17T12:37:29+00:00
d041d5c4bc594a6596fbf8bd61d606f5,A1b42c.jpg,UK Antarctic Heritage Trust Data/Condition_Artefacts/Artefacts_A_Var_Copyrright_L_Ling/A1b42c.jpg,140,phashing,100.0,True,2026-08-17T12:37:29+00:00
fb9d3fbe0df246fea362f4060701cacf,A1b43.jpg,UK Antarctic Heritage Trust Data/Condition_Artefacts/Artefacts_A_Var_Copyrright_L_Ling/A1b43.jpg,141,phashing,100.0,True,2026-08-17T12:37:29+00:00
c246bea25f7f4f53a5e3d9798aae9d3f,A1b44a.jpg,UK Antarctic Heritage Trust Data/Condition_Artefacts/Artefacts_A_Var_Copyrright_L_Ling/A1b44a.jpg,142,phashing,100.0,True,2026-08-17T12:37:29+00:00
055c589520a148399cec86364a417875,A1e26.jpg,UK Antarctic Heritage Trust Data/Condition_Artefacts/Artefacts_A_Var_Copyrright_L_Ling/A1e26.jpg,142,phashing,84.38,False,2026-08-17T12:37:29+00:00
afb6861f4ad74604b99547e9c1f6ebaf,A1b44b.jpg,UK Antarctic Heritage Trust Data/Condition_Artefacts/Artefacts_A_Var_Copyrright_L_Ling/A1b44b.jpg,143,phashing,100.0,True,2026-08-17T12:37:29+00:00
dfb91218fc6045e5ac9775c11d4ecbd2,A1b46.jpg,UK Antarctic Heritage Trust Data/Condition_Artefacts/Artefacts_A_Var_Copyrright_L_Ling/A1b46.jpg,144,phashing,100.0,True,2026-08-17T12:37:29+00:00
84a75bb3c198446ca226f77aff013538,A1b48.jpg,UK Antarctic Heritage Trust Data/Condition_Artefacts/Artefacts_A_Var_Copyrright_L_Ling/A1b48.jpg,145,phashing,100.0,True,2026-08-17T12:37:29+00:00
9bc1089f7feb4166b5fd41d7a879b67f,A1b5.jpg,UK Antarctic Heritage Trust Data/Condition_Artefacts/Artefacts_A_Var_Copyrright_L_Ling/A1b5.jpg,146,phashing,100.0,True,2026-08-17T12:37:29+00:00
19a6b13e80c7482bb45dcc65c6d611e5,A1b52.jpg,UK Antarctic Heritage Trust Data/Condition_Artefacts/Artefacts_A_Var_Copyrright_L_Ling/A1b52.jpg,147,phashing,100.0,True,2026-08-17T12:37:29+00:00
2376913d2489420db4bb34e38dae86c3,A1b53.jpg,UK Antarctic Heritage Trust Data/Condition_Artefacts/Artefacts_A_Var_Copyrright_L_Ling/A1b53.jpg,148,phashing,100.0,True,2026-08-17T12:37:29+00:00
b063970fae70433ea59ccef1a9af77af,A1b55.jpg,UK Antarctic Heritage Trust Data/Condition_Artefacts/Artefacts_A_Var_Copyrright_L_Ling/A1b55.jpg,149,phashing,100.0,True,2026-08-17T12:37:29+00:00
aadd104d310b4e0098d9d990eb7d9662,A1b59a.jpg,UK Antarctic Heritage Trust Data/Condition_Artefacts/Artefacts_A_Var_Copyrright_L_Ling/A1b59a.jpg,150,phashing,100.0,True,2026-08-17T12:37:29+00:00
42e5dbb6f64745de910dd5a08ea2113f,A1b59b.jpg,UK Antarctic Heritage Trust Data/Condition_Artefacts/Artefacts_A_Var_Copyrright_L_Ling/A1b59b.jpg,151,phashing,100.0,True,2026-08-17T12:37:29+00:00
09daf5211d414e2fa7dbe55c891d8499,A1b59c.jpg,UK Antarctic Heritage Trust Data/Condition_Artefacts/Artefacts_A_Var_Copyrright_L_Ling/A1b59c.jpg,152,phashing,100.0,True,2026-08-17T12:37:29+00:00
9375e6266f5e4e4eae84574a97da993e,A1b61.jpg,UK Antarctic Heritage Trust Data/Condition_Artefacts/Artefacts_A_Var_Copyrright_L_Ling/A1b61.jpg,153,phashing,100.0,True,2026-08-17T12:37:29+00:00
b3ac8f4bd8a44558af43331859218e20,A1b61a.jpg,UK Antarctic Heritage Trust Data/Condition_Artefacts/Artefacts_A_Var_Copyrright_L_Ling/A1b61a.jpg,154,phashing,100.0,True,2026-08-17T12:37:29+00:00
66ec4f804b0249eb98890beedb8c1d17,A1b64.jpg,UK Antarctic Heritage Trust Data/Condition_Artefacts/Artefacts_A_Var_Copyrright_L_Ling/A1b64.jpg,155,phashing,100.0,True,2026-08-17T12:37:29+00:00
c22b10a75d264dfa895685b8c599da24,A1b65.jpg,UK Antarctic Heritage Trust Data/Condition_Artefacts/Artefacts_A_Var_Copyrright_L_Ling/A1b65.jpg,156,phashing,100.0,True,2026-08-17T12:37:29+00:00
5d06a23aada94fdbbc2c6fcfdccce4ec,A1b67.jpg,UK Antarctic Heritage Trust Data/Condition_Artefacts/Artefacts_A_Var_Copyrright_L_Ling/A1b67.jpg,157,phashing,100.0,True,2026-08-17T12:37:29+00:00
1575b72812294464b723f8e13c18e390,A1b69.jpg,UK Antarctic Heritage Trust Data/Condition_Artefacts/Artefacts_A_Var_Copyrright_L_Ling/A1b69.jpg,158,phashing,100.0,True,2026-08-17T12:37:29+00:00
9e85bd5e213d46dc9e1e1bfc35699ea2,A1b69a.jpg,UK Antarctic Heritage Trust Data/Condition_Artefacts/Artefacts_A_Var_Copyrright_L_Ling/A1b69a.jpg,159,phashing,100.0,True,2026-08-17T12:37:29+00:00
f0f5527425b14fad84d4b6bead0c21c8,A1b70.jpg,UK Antarctic Heritage Trust Data/Condition_Artefacts/Artefacts_A_Var_Copyrright_L_Ling/A1b70.jpg,160,phashing,100.0,True,2026-08-17T12:37:29+00:00
10f2ce32313a438286a3bdedb2af7b4d,A1b70a.jpg,UK Antarctic Heritage Trust Data/Condition_Artefacts/Artefacts_A_Var_Copyrright_L_Ling/A1b70a.jpg,161,phashing,100.0,True,2026-08-17T12:37:29+00:00
99add43ac5314899acf31d7f4ebd0330,A1b71a.jpg,UK Antarctic Heritage Trust Data/Condition_Artefacts/Artefacts_A_Var_Copyrright_L_Ling/A1b71a.jpg,162,phashing,100.0,True,2026-08-17T12:37:29+00:00
e63959525f0e4dc088dcdcf8c2568777,A1b71b.jpg,UK Antarctic Heritage Trust Data/Condition_Artefacts/Artefacts_A_Var_Copyrright_L_Ling/A1b71b.jpg,163,phashing,100.0,True,2026-08-17T12:37:29+00:00
d480a919596f4a74a377b45591803e04,A1b71c.jpg,UK Antarctic Heritage Trust Data/Condition_Artefacts/Artefacts_A_Var_Copyrright_L_Ling/A1b71c.jpg,164,phashing,100.0,True,2026-08-17T12:37:29+00:00
4a6d35441ead4276a7e43ef6411a47c4,A1b71e.jpg,UK Antarctic Heritage Trust Data/Condition_Artefacts/Artefacts_A_Var_Copyrright_L_Ling/A1b71e.jpg,165,phashing,100.0,True,2026-08-17T12:37:29+00:00
204702f67d1e4d5c92f6700473cf85aa,A1b71p.jpg,UK Antarctic Heritage Trust Data/Condition_Artefacts/Artefacts_A_Var_Copyrright_L_Ling/A1b71p.jpg,166,phashing,100.0,True,2026-08-17T12:37:29+00:00
0544f318ec2a474a9a6bcf01c279103b,A1b71q.jpg,UK Antarctic Heritage Trust Data/Condition_Artefacts/Artefacts_A_Var_Copyrright_L_Ling/A1b71q.jpg,167,phashing,100.0,True,2026-08-17T12:37:29+00:00
87c5d06388374224b9371e4ac6cd500b,A1b71r.jpg,UK Antarctic Heritage Trust Data/Condition_Artefacts/Artefacts_A_Var_Copyrright_L_Ling/A1b71r.jpg,168,phashing,100.0,True,2026-08-17T12:37:29+00:00
dd741805f42546b2917dc23ecb6d1f82,A1b71s.jpg,UK Antarctic Heritage Trust Data/Condition_Artefacts/Artefacts_A_Var_Copyrright_L_Ling/A1b71s.jpg,169,phashing,100.0,True,2026-08-17T12:37:29+00:00
e766ce78aaa84445b4991b133800e121,A1b71t.jpg,UK Antarctic Heritage Trust Data/Condition_Artefacts/Artefacts_A_Var_Copyrright_L_Ling/A1b71t.jpg,170,phashing,100.0,True,2026-08-17T12:37:29+00:00
f04fa30cc9c842258089044a9a14f2fe,A1b71u.jpg,UK Antarctic Heritage Trust Data/Condition_Artefacts/Artefacts_A_Var_Copyrright_L_Ling/A1b71u.jpg,171,phashing,100.0,True,2026-08-17T12:37:29+00:00
3ac86d14254e4159bad21406fe1693fd,A1b71v.jpg,UK Antarctic Heritage Trust Data/Condition_Artefacts/Artefacts_A_Var_Copyrright_L_Ling/A1b71v.jpg,172,phashing,100.0,True,2026-08-17T12:37:29+00:00
d53539b9f018410e9b243d452022dce7,A1b71w.jpg,UK Antarctic Heritage Trust Data/Condition_Artefacts/Artefacts_A_Var_Copyrright_L_Ling/A1b71w.jpg,173,phashing,100.0,True,2026-08-17T12:37:29+00:00
37a8f0ba398543b2bddca9545bbff7b9,A1b71x.jpg,UK Antarctic Heritage Trust Data/Condition_Artefacts/Artefacts_A_Var_Copyrright_L_Ling/A1b71x.jpg,174,phashing,100.0,True,2026-08-17T12:37:29+00:00
aad1a421204943e2a482c867c3b4ac1c,A1b71y.jpg,UK Antarctic Heritage Trust Data/Condition_Artefacts/Artefacts_A_Var_Copyrright_L_Ling/A1b71y.jpg,175,phashing,100.0,True,2026-08-17T12:37:29+00:00
ae80cacd8a6743c4997d4dda5e80c7c4,A1b71z.jpg,UK Antarctic Heritage Trust Data/Condition_Artefacts/Artefacts_A_Var_Copyrright_L_Ling/A1b71z.jpg,176,phashing,100.0,True,2026-08-17T12:37:29+00:00
239895eca9ab43e9a02c6ee41dd4fae7,A1b72.jpg,UK Antarctic Heritage Trust Data/Condition_Artefacts/Artefacts_A_Var_Copyrright_L_Ling/A1b72.jpg,177,phashing,100.0,True,2026-08-17T12:37:29+00:00
8478737f93c34a46942f75f61ae9a0cd,A1b73.jpg,UK Antarctic Heritage Trust Data/Condition_Artefacts/Artefacts_A_Var_Copyrright_L_Ling/A1b73.jpg,178,phashing,100.0,True,2026-08-17T12:37:29+00:00
87ffe83bb0544b068d650c1bcc090881,A1b74.jpg,UK Antarctic Heritage Trust Data/Condition_Artefacts/Artefacts_A_Var_Copyrright_L_Ling/A1b74.jpg,179,phashing,100.0,True,2026-08-17T12:37:29+00:00
3e025d4006cd4d859cd8a68a1c941dee,A1b74a.jpg,UK Antarctic Heritage Trust Data/Condition_Artefacts/Artefacts_A_Var_Copyrright_L_Ling/A1b74a.jpg,180,phashing,100.0,True,2026-08-17T12:37:29+00:00
6d77afb95de741acae4e26ec3c0b963f,A1b74b.jpg,UK Antarctic Heritage Trust Data/Condition_Artefacts/Artefacts_A_Var_Copyrright_L_Ling/A1b74b.jpg,181,phashing,100.0,True,2026-08-17T12:37:29+00:00
0abdd6b0eab342728fc73dcd8f5bbb3b,A1b74c.jpg,UK Antarctic Heritage Trust Data/Condition_Artefacts/Artefacts_A_Var_Copyrright_L_Ling/A1b74c.jpg,182,phashing,100.0,True,2026-08-17T12:37:29+00:00
d0becdd36ceb4ff7b5d4c1bf10dbf21b,A1b75.jpg,UK Antarctic Heritage Trust Data/Condition_Artefacts/Artefacts_A_Var_Copyrright_L_Ling/A1b75.jpg,183,phashing,100.0,True,2026-08-17T12:37:29+00:00
2b7c417d409844d48d28585accef33f1,A1b75a.jpg,UK Antarctic Heritage Trust Data/Condition_Artefacts/Artefacts_A_Var_Copyrright_L_Ling/A1b75a.jpg,184,phashing,100.0,True,2026-08-17T12:37:29+00:00
3197ef449116475eaff8cd291702b83f,A1b75b.jpg,UK Antarctic Heritage Trust Data/Condition_Artefacts/Artefacts_A_Var_Copyrright_L_Ling/A1b75b.jpg,185,phashing,100.0,True,2026-08-17T12:37:29+00:00
fcf1860c92af4644bc2df0ff44e55104,A1b75c.jpg,UK Antarctic Heritage Trust Data/Condition_Artefacts/Artefacts_A_Var_Copyrright_L_Ling/A1b75c.jpg,186,phashing,100.0,True,2026-08-17T12:37:29+00:00
48ce168b288e4db581c1429b288fa147,A1b76.jpg,UK Antarctic Heritage Trust Data/Condition_Artefacts/Artefacts_A_Var_Copyrright_L_Ling/A1b76.jpg,187,phashing,100.0,True,2026-08-17T12:37:29+00:00
3e88979829104e7c97f5389c2706a382,A1b76a.jpg,UK Antarctic Heritage Trust Data/Condition_Artefacts/Artefacts_A_Var_Copyrright_L_Ling/A1b76a.jpg,188,phashing,100.0,True,2026-08-17T12:37:29+00:00
88849034b7004e2fa72defca9ef95503,A1b76b.jpg,UK Antarctic Heritage Trust Data/Condition_Artefacts/Artefacts_A_Var_Copyrright_L_Ling/A1b76b.jpg,189,phashing,100.0,True,2026-08-17T12:37:29+00:00
3332a64f0b0c46468919db1ba32bb704,A1b77.jpg,UK Antarctic Heritage Trust Data/Condition_Artefacts/Artefacts_A_Var_Copyrright_L_Ling/A1b77.jpg,190,phashing,100.0,True,2026-08-17T12:37:29+00:00
cb8b72cbd3054453984593214fb20e86,A1b77a.jpg,UK Antarctic Heritage Trust Data/Condition_Artefacts/Artefacts_A_Var_Copyrright_L_Ling/A1b77a.jpg,191,phashing,100.0,True,2026-08-17T12:37:29+00:00
0b484942c29a4439a629faf9f6cd9378,A1b8_1.jpg,UK Antarctic Heritage Trust Data/Condition_Artefacts/Artefacts_A_Var_Copyrright_L_Ling/A1b8_1.jpg,192,phashing,100.0,True,2026-08-17T12:37:29+00:00
7e890c9ac3704cacb305553dfa82e0ef,A1b8_2.jpg,UK Antarctic Heritage Trust Data/Condition_Artefacts/Artefacts_A_Var_Copyrright_L_Ling/A1b8_2.jpg,193,phashing,100.0,True,2026-08-17T12:37:29+00:00
6231ecf03ac04e50a3c43398c8e5e1a9,A1b9a.jpg,UK Antarctic Heritage Trust Data/Condition_Artefacts/Artefacts_A_Var_Copyrright_L_Ling/A1b9a.jpg,194,phashing,100.0,True,2026-08-17T12:37:29+00:00
bd3c480c3a414c769b86640584e542c2,A1b9b.jpg,UK Antarctic Heritage Trust Data/Condition_Artefacts/Artefacts_A_Var_Copyrright_L_Ling/A1b9b.jpg,195,phashing,100.0,True,2026-08-17T12:37:29+00:00
43a05cb4a0c049c990ee11e3eb816134,A1b9c.jpg,UK Antarctic Heritage Trust Data/Condition_Artefacts/Artefacts_A_Var_Copyrright_L_Ling/A1b9c.jpg,196,phashing,100.0,True,2026-08-17T12:37:29+00:00
0da1c7e4827340e392c0c196ea8e4f22,A1c1.jpg,UK Antarctic Heritage Trust Data/Condition_Artefacts/Artefacts_A_Var_Copyrright_L_Ling/A1c1.jpg,197,phashing,100.0,True,2026-08-17T12:37:29+00:00
a629be8f723f46ce8bb0493c09435c11,A1c113_1.jpg,UK Antarctic Heritage Trust Data/Condition_Artefacts/Artefacts_A_Var_Copyrright_L_Ling/A1c113_1.jpg,198,phashing,100.0,True,2026-08-17T12:37:29+00:00
893d50228d3a47668efcd3e1333505ad,A1c113_1b.jpg,UK Antarctic Heritage Trust Data/Condition_Artefacts/Artefacts_A_Var_Copyrright_L_Ling/A1c113_1b.jpg,199,phashing,100.0,True,2026-08-17T12:37:29+00:00
e7e0e74bdb1440c0b1f7a418f099d028,A1c113_1a.jpg,UK Antarctic Heritage Trust Data/Condition_Artefacts/Artefacts_A_Var_Copyrright_L_Ling/A1c113_1a.jpg,199,phashing,87.5,False,2026-08-17T12:37:29+00:00
b181b4523d3e477cad09c0188e88fded,A1c113_1c.jpg,UK Antarctic Heritage Trust Data/Condition_Artefacts/Artefacts_A_Var_Copyrright_L_Ling/A1c113_1c.jpg,200,phashing,100.0,True,2026-08-17T12:37:29+00:00
9cc17ead4c0e4d8e833ccdc7b1d36692,A1c113_1d.jpg,UK Antarctic Heritage Trust Data/Condition_Artefacts/Artefacts_A_Var_Copyrright_L_Ling/A1c113_1d.jpg,201,phashing,100.0,True,2026-08-17T12:37:29+00:00
0761cba6bf98453bb630e5b46c36c9f5,A1c113_1e.jpg,UK Antarctic Heritage Trust Data/Condition_Artefacts/Artefacts_A_Var_Copyrright_L_Ling/A1c113_1e.jpg,202,phashing,100.0,True,2026-08-17T12:37:29+00:00
5da5baa2774b48109c1124cc923da737,A1c113_2a.jpg,UK Antarctic Heritage Trust Data/Condition_Artefacts/Artefacts_A_Var_Copyrright_L_Ling/A1c113_2a.jpg,203,phashing,100.0,True,2026-08-17T12:37:29+00:00
9de1e8e7874b46e491aa69929b311a11,A1c113_2b.jpg,UK Antarctic Heritage Trust Data/Condition_Artefacts/Artefacts_A_Var_Copyrright_L_Ling/A1c113_2b.jpg,204,phashing,100.0,True,2026-08-17T12:37:29+00:00
c4caeba43bed4bdcb15ab53c5ead3282,A1c113_2c.jpg,UK Antarctic Heritage Trust Data/Condition_Artefacts/Artefacts_A_Var_Copyrright_L_Ling/A1c113_2c.jpg,205,phashing,100.0,True,2026-08-17T12:37:29+00:00
bd82a3b0719e4bab96e07493bf191a87,A1c13.jpg,UK Antarctic Heritage Trust Data/Condition_Artefacts/Artefacts_A_Var_Copyrright_L_Ling/A1c13.jpg,206,phashing,100.0,True,2026-08-17T12:37:29+00:00
4c306109c77441a1b4ab7dc3c434d7a8,A1c134a.jpg,UK Antarctic Heritage Trust Data/Condition_Artefacts/Artefacts_A_Var_Copyrright_L_Ling/A1c134a.jpg,207,phashing,100.0,True,2026-08-17T12:37:29+00:00
ae39a17a441d41b28d81420bc2a283d7,A1c134b.jpg,UK Antarctic Heritage Trust Data/Condition_Artefacts/Artefacts_A_Var_Copyrright_L_Ling/A1c134b.jpg,208,phashing,100.0,True,2026-08-17T12:37:29+00:00
b9e70d540b3e44bba7e8dcfc9921a775,A1c134c.jpg,UK Antarctic Heritage Trust Data/Condition_Artefacts/Artefacts_A_Var_Copyrright_L_Ling/A1c134c.jpg,209,phashing,100.0,True,2026-08-17T12:37:29+00:00
0ec670a5b1aa4050b9da0b32f50f23aa,A1c135.jpg,UK Antarctic Heritage Trust Data/Condition_Artefacts/Artefacts_A_Var_Copyrright_L_Ling/A1c135.jpg,210,phashing,100.0,True,2026-08-17T12:37:29+00:00
c45a2ac96ca9471fb54bdc7c4c02f119,A1c135a.jpg,UK Antarctic Heritage Trust Data/Condition_Artefacts/Artefacts_A_Var_Copyrright_L_Ling/A1c135a.jpg,211,phashing,100.0,True,2026-08-17T12:37:29+00:00
a32f8194c67344c5bfe5daa9d3dc43fe,A1c140a.jpg,UK Antarctic Heritage Trust Data/Condition_Artefacts/Artefacts_A_Var_Copyrright_L_Ling/A1c140a.jpg,212,phashing,100.0,True,2026-08-17T12:37:29+00:00
85eb61c72af04c4eaefdd3ffe76e4fca,A1c140b.jpg,UK Antarctic Heritage Trust Data/Condition_Artefacts/Artefacts_A_Var_Copyrright_L_Ling/A1c140b.jpg,213,phashing,100.0,True,2026-08-17T12:37:29+00:00
70ece37f48b84cce9d6a68eb1e6d3fd8,A1c140c.jpg,UK Antarctic Heritage Trust Data/Condition_Artefacts/Artefacts_A_Var_Copyrright_L_Ling/A1c140c.jpg,214,phashing,100.0,True,2026-08-17T12:37:29+00:00
2609f7fa2f204af189fe1d44381c1c63,A1c144.jpg,UK Antarctic Heritage Trust Data/Condition_Artefacts/Artefacts_A_Var_Copyrright_L_Ling/A1c144.jpg,215,phashing,100.0,True,2026-08-17T12:37:29+00:00
e5f211b982b64b7291a2cc145e711ba6,A1c146.jpg,UK Antarctic Heritage Trust Data/Condition_Artefacts/Artefacts_A_Var_Copyrright_L_Ling/A1c146.jpg,216,phashing,100.0,True,2026-08-17T12:37:29+00:00
e7d2042ab58748f99a4efdbe750e2e11,A1c147.jpg,UK Antarctic Heritage Trust Data/Condition_Artefacts/Artefacts_A_Var_Copyrright_L_Ling/A1c147.jpg,217,phashing,100.0,True,2026-08-17T12:37:29+00:00
c35848c5dce74a94a40533821594d124,A1c148.jpg,UK Antarctic Heritage Trust Data/Condition_Artefacts/Artefacts_A_Var_Copyrright_L_Ling/A1c148.jpg,218,phashing,100.0,True,2026-08-17T12:37:29+00:00
1466851d29a54fe596784d04bc3fb2e5,A1c149.jpg,UK Antarctic Heritage Trust Data/Condition_Artefacts/Artefacts_A_Var_Copyrright_L_Ling/A1c149.jpg,219,phashing,100.0,True,2026-08-17T12:37:29+00:00
5168d805011b432b82a744a3c36effb7,A1c150.jpg,UK Antarctic Heritage Trust Data/Condition_Artefacts/Artefacts_A_Var_Copyrright_L_Ling/A1c150.jpg,220,phashing,100.0,True,2026-08-17T12:37:29+00:00
0000a204e335483d80addd96f41aa4aa,A1c151.jpg,UK Antarctic Heritage Trust Data/Condition_Artefacts/Artefacts_A_Var_Copyrright_L_Ling/A1c151.jpg,221,phashing,100.0,True,2026-08-17T12:37:29+00:00
dd09e78dfce6413f830552650ad7e33e,A1c158.jpg,UK Antarctic Heritage Trust Data/Condition_Artefacts/Artefacts_A_Var_Copyrright_L_Ling/A1c158.jpg,222,phashing,100.0,True,2026-08-17T12:37:29+00:00
64f072a976f042ba87f807dedb28a53f,A1c16.jpg,UK Antarctic Heritage Trust Data/Condition_Artefacts/Artefacts_A_Var_Copyrright_L_Ling/A1c16.jpg,223,phashing,100.0,True,2026-08-17T12:37:29+00:00
2677f5a556cf4c828c11a57de6a1870d,A1c166.jpg,UK Antarctic Heritage Trust Data/Condition_Artefacts/Artefacts_A_Var_Copyrright_L_Ling/A1c166.jpg,224,phashing,100.0,True,2026-08-17T12:37:29+00:00
1d4497afb3a6437ea8117b7cb6bfe22d,A1c166_1.jpg,UK Antarctic Heritage Trust Data/Condition_Artefacts/Artefacts_A_Var_Copyrright_L_Ling/A1c166_1.jpg,225,phashing,100.0,True,2026-08-17T12:37:29+00:00
d2f4f953ba3e4995ba7ff4bc46ce5857,A1c166_2.jpg,UK Antarctic Heritage Trust Data/Condition_Artefacts/Artefacts_A_Var_Copyrright_L_Ling/A1c166_2.jpg,226,phashing,100.0,True,2026-08-17T12:37:29+00:00
592a38ecf5f8468ca53371b864c183b3,A1c166_3.jpg,UK Antarctic Heritage Trust Data/Condition_Artefacts/Artefacts_A_Var_Copyrright_L_Ling/A1c166_3.jpg,227,phashing,100.0,True,2026-08-17T12:37:29+00:00
1ee16ac79688475ba07818a53e1ceb10,A1c166a.jpg,UK Antarctic Heritage Trust Data/Condition_Artefacts/Artefacts_A_Var_Copyrright_L_Ling/A1c166a.jpg,228,phashing,100.0,True,2026-08-17T12:37:29+00:00
3aae2d402d79407993913cd0e8626196,A1c166b.jpg,UK Antarctic Heritage Trust Data/Condition_Artefacts/Artefacts_A_Var_Copyrright_L_Ling/A1c166b.jpg,229,phashing,100.0,True,2026-08-17T12:37:29+00:00
454e396285f6409d9dcb7826e30949f1,A1c168.jpg,UK Antarctic Heritage Trust Data/Condition_Artefacts/Artefacts_A_Var_Copyrright_L_Ling/A1c168.jpg,230,phashing,100.0,True,2026-08-17T12:37:29+00:00
41a2afdc3b0745e9b8c2ec590691ef92,A1c169.jpg,UK Antarctic Heritage Trust Data/Condition_Artefacts/Artefacts_A_Var_Copyrright_L_Ling/A1c169.jpg,231,phashing,100.0,True,2026-08-17T12:37:29+00:00
d42c2ea81283471183d43afb55bf8ec2,A1c170a.jpg,UK Antarctic Heritage Trust Data/Condition_Artefacts/Artefacts_A_Var_Copyrright_L_Ling/A1c170a.jpg,232,phashing,100.0,True,2026-08-17T12:37:29+00:00
82f3adffbada4c35b22df032c2ab387e,A1c170b.jpg,UK Antarctic Heritage Trust Data/Condition_Artefacts/Artefacts_A_Var_Copyrright_L_Ling/A1c170b.jpg,233,phashing,100.0,True,2026-08-17T12:37:29+00:00
e12d2456aed74bfda7ebd1cca0554b4b,A1c170c.jpg,UK Antarctic Heritage Trust Data/Condition_Artefacts/Artefacts_A_Var_Copyrright_L_Ling/A1c170c.jpg,234,phashing,100.0,True,2026-08-17T12:37:29+00:00
94d11b94258448bdb1e9f03e959a87fb,A1c171a.jpg,UK Antarctic Heritage Trust Data/Condition_Artefacts/Artefacts_A_Var_Copyrright_L_Ling/A1c171a.jpg,235,phashing,100.0,True,2026-08-17T12:37:29+00:00
c1bce3a23603472093b3d9d53052a878,A1c171b.jpg,UK Antarctic Heritage Trust Data/Condition_Artefacts/Artefacts_A_Var_Copyrright_L_Ling/A1c171b.jpg,236,phashing,100.0,True,2026-08-17T12:37:29+00:00
41886ad496fe4f018b8e7ff873d5f483,A1c171c.jpg,UK Antarctic Heritage Trust Data/Condition_Artefacts/Artefacts_A_Var_Copyrright_L_Ling/A1c171c.jpg,237,phashing,100.0,True,2026-08-17T12:37:29+00:00
54577ffa6f92412da7d0f40e70b180a0,A1c171d.jpg,UK Antarctic Heritage Trust Data/Condition_Artefacts/Artefacts_A_Var_Copyrright_L_Ling/A1c171d.jpg,238,phashing,100.0,True,2026-08-17T12:37:29+00:00
abde4443c7f143e193bc83e0e24e2b39,A1c172.jpg,UK Antarctic Heritage Trust Data/Condition_Artefacts/Artefacts_A_Var_Copyrright_L_Ling/A1c172.jpg,239,phashing,100.0,True,2026-08-17T12:37:29+00:00
deec7aae1d3446d18001d305b75c472c,A1c173a.jpg,UK Antarctic Heritage Trust Data/Condition_Artefacts/Artefacts_A_Var_Copyrright_L_Ling/A1c173a.jpg,240,phashing,100.0,True,2026-08-17T12:37:29+00:00
3a5eb5f642734ebb8b54cc5070f4c21f,A1c173b.jpg,UK Antarctic Heritage Trust Data/Condition_Artefacts/Artefacts_A_Var_Copyrright_L_Ling/A1c173b.jpg,241,phashing,100.0,True,2026-08-17T12:37:29+00:00
2749d11ab8584235bbfc63168715e86d,A1c175.jpg,UK Antarctic Heritage Trust Data/Condition_Artefacts/Artefacts_A_Var_Copyrright_L_Ling/A1c175.jpg,242,phashing,100.0,True,2026-08-17T12:37:29+00:00
ae4cb8df4efc461992d36667f89824ba,A1c176.jpg,UK Antarctic Heritage Trust Data/Condition_Artefacts/Artefacts_A_Var_Copyrright_L_Ling/A1c176.jpg,243,phashing,100.0,True,2026-08-17T12:37:29+00:00
612c53bf6ecc431dba138d6b5e352d01,A1c177.jpg,UK Antarctic Heritage Trust Data/Condition_Artefacts/Artefacts_A_Var_Copyrright_L_Ling/A1c177.jpg,244,phashing,100.0,True,2026-08-17T12:37:29+00:00
7813511984544fc2a4c3a4219a199774,A1c178.jpg,UK Antarctic Heritage Trust Data/Condition_Artefacts/Artefacts_A_Var_Copyrright_L_Ling/A1c178.jpg,245,phashing,100.0,True,2026-08-17T12:37:29+00:00
97ec23e0771049e897bcb2322cbf3b99,A1c180.jpg,UK Antarctic Heritage Trust Data/Condition_Artefacts/Artefacts_A_Var_Copyrright_L_Ling/A1c180.jpg,246,phashing,100.0,True,2026-08-17T12:37:29+00:00
2da17de4b57c43919b1d65f5e7d9cf8e,A1c181.jpg,UK Antarctic Heritage Trust Data/Condition_Artefacts/Artefacts_A_Var_Copyrright_L_Ling/A1c181.jpg,247,phashing,100.0,True,2026-08-17T12:37:29+00:00
73f0324f459845e9bcb1ba4d3c8851fc,A1c182.jpg,UK Antarctic Heritage Trust Data/Condition_Artefacts/Artefacts_A_Var_Copyrright_L_Ling/A1c182.jpg,248,phashing,100.0,True,2026-08-17T12:37:29+00:00
e24c582940334a9088ee1b346df65566,A1c182a.jpg,UK Antarctic Heritage Trust Data/Condition_Artefacts/Artefacts_A_Var_Copyrright_L_Ling/A1c182a.jpg,249,phashing,100.0,True,2026-08-17T12:37:29+00:00
ffa18922f3d44adcb7fb9888fcf0aae5,A1c182b.jpg,UK Antarctic Heritage Trust Data/Condition_Artefacts/Artefacts_A_Var_Copyrright_L_Ling/A1c182b.jpg,250,phashing,100.0,True,2026-08-17T12:37:29+00:00
c5ee2ac5232747dcb54dc938a5d5b1bb,A1c182c.jpg,UK Antarctic Heritage Trust Data/Condition_Artefacts/Artefacts_A_Var_Copyrright_L_Ling/A1c182c.jpg,251,phashing,100.0,True,2026-08-17T12:37:29+00:00
90f5f0227b744d9c940fbff71330db9f,A1c185.jpg,UK Antarctic Heritage Trust Data/Condition_Artefacts/Artefacts_A_Var_Copyrright_L_Ling/A1c185.jpg,252,phashing,100.0,True,2026-08-17T12:37:29+00:00
981db59442c844ec8bde9fd78a72aaa3,A1c186.jpg,UK Antarctic Heritage Trust Data/Condition_Artefacts/Artefacts_A_Var_Copyrright_L_Ling/A1c186.jpg,253,phashing,100.0,True,2026-08-17T12:37:29+00:00
a0dd3e3cf8f64de2b3458e5a4b1e994d,A1c186a.jpg,UK Antarctic Heritage Trust Data/Condition_Artefacts/Artefacts_A_Var_Copyrright_L_Ling/A1c186a.jpg,254,phashing,100.0,True,2026-08-17T12:37:29+00:00
4a922d631dba422788c30e1d035792c8,A1c187.jpg,UK Antarctic Heritage Trust Data/Condition_Artefacts/Artefacts_A_Var_Copyrright_L_Ling/A1c187.jpg,255,phashing,100.0,True,2026-08-17T12:37:29+00:00
a4d4b2f615d94ccda7856332b7241fcf,A1c188.jpg,UK Antarctic Heritage Trust Data/Condition_Artefacts/Artefacts_A_Var_Copyrright_L_Ling/A1c188.jpg,256,phashing,100.0,True,2026-08-17T12:37:29+00:00
7dea0b0bb6ef415887e2a1f73ac155e0,A1c190.jpg,UK Antarctic Heritage Trust Data/Condition_Artefacts/Artefacts_A_Var_Copyrright_L_Ling/A1c190.jpg,257,phashing,100.0,True,2026-08-17T12:37:29+00:00
d441a945fb2745228b2355fd44ea0c83,A1c191.jpg,UK Antarctic Heritage Trust Data/Condition_Artefacts/Artefacts_A_Var_Copyrright_L_Ling/A1c191.jpg,258,phashing,100.0,True,2026-08-17T12:37:29+00:00
de81eab5eded4d398905bb186f20199c,A1c192.jpg,UK Antarctic Heritage Trust Data/Condition_Artefacts/Artefacts_A_Var_Copyrright_L_Ling/A1c192.jpg,259,phashing,100.0,True,2026-08-17T12:37:29+00:00
d111d85bf4df48d8bb04c88a7ef93c93,A1c194b.jpg,UK Antarctic Heritage Trust Data/Condition_Artefacts/Artefacts_A_Var_Copyrright_L_Ling/A1c194b.jpg,260,phashing,100.0,True,2026-08-17T12:37:29+00:00
c8497163fc97460d871d2cd0a99b9ee4,A1c195a.jpg,UK Antarctic Heritage Trust Data/Condition_Artefacts/Artefacts_A_Var_Copyrright_L_Ling/A1c195a.jpg,261,phashing,100.0,True,2026-08-17T12:37:29+00:00
dd24a29544ff4dd9931084e2fb256ff8,A1c195b.jpg,UK Antarctic Heritage Trust Data/Condition_Artefacts/Artefacts_A_Var_Copyrright_L_Ling/A1c195b.jpg,262,phashing,100.0,True,2026-08-17T12:37:29+00:00
b34bc850bc0c447683cf8e9fe75835d8,A1c195c.jpg,UK Antarctic Heritage Trust Data/Condition_Artefacts/Artefacts_A_Var_Copyrright_L_Ling/A1c195c.jpg,263,phashing,100.0,True,2026-08-17T12:37:29+00:00
be5aae6a09934f5dbc5202d27c9df31c,A1c196.jpg,UK Antarctic Heritage Trust Data/Condition_Artefacts/Artefacts_A_Var_Copyrright_L_Ling/A1c196.jpg,264,phashing,100.0,True,2026-08-17T12:37:29+00:00
fe69d0f2e0014d1aa8b67a84e226ac1b,A1c197a.jpg,UK Antarctic Heritage Trust Data/Condition_Artefacts/Artefacts_A_Var_Copyrright_L_Ling/A1c197a.jpg,265,phashing,100.0,True,2026-08-17T12:37:29+00:00
262bef440dca4ddc9178fa7675c8d22b,A1c197b.jpg,UK Antarctic Heritage Trust Data/Condition_Artefacts/Artefacts_A_Var_Copyrright_L_Ling/A1c197b.jpg,266,phashing,100.0,True,2026-08-17T12:37:29+00:00
7fa30f5b14d544efb03b6da240acf8a9,A1c19a.jpg,UK Antarctic Heritage Trust Data/Condition_Artefacts/Artefacts_A_Var_Copyrright_L_Ling/A1c19a.jpg,267,phashing,100.0,True,2026-08-17T12:37:29+00:00
e6b80ec1e697466faa5b69c538cb5a53,A1c19c.jpg,UK Antarctic Heritage Trust Data/Condition_Artefacts/Artefacts_A_Var_Copyrright_L_Ling/A1c19c.jpg,268,phashing,100.0,True,2026-08-17T12:37:29+00:00
fb898296888449229051856d293da98c,A1c19e.jpg,UK Antarctic Heritage Trust Data/Condition_Artefacts/Artefacts_A_Var_Copyrright_L_Ling/A1c19e.jpg,269,phashing,100.0,True,2026-08-17T12:37:29+00:00
ed80d68828144492bcb43d319a428e1c,A1c1h.jpg,UK Antarctic Heritage Trust Data/Condition_Artefacts/Artefacts_A_Var_Copyrright_L_Ling/A1c1h.jpg,270,phashing,100.0,True,2026-08-17T12:37:29+00:00
6460ef97d5184fd38709edfea2d48063,A1c1j.jpg,UK Antarctic Heritage Trust Data/Condition_Artefacts/Artefacts_A_Var_Copyrright_L_Ling/A1c1j.jpg,271,phashing,100.0,True,2026-08-17T12:37:29+00:00
1a0b4be65f214f17844610ea93818edb,A1c1p.jpg,UK Antarctic Heritage Trust Data/Condition_Artefacts/Artefacts_A_Var_Copyrright_L_Ling/A1c1p.jpg,272,phashing,100.0,True,2026-08-17T12:37:29+00:00
6466c2d08cb04c5d90d086872ba6ccc0,A1c1q.jpg,UK Antarctic Heritage Trust Data/Condition_Artefacts/Artefacts_A_Var_Copyrright_L_Ling/A1c1q.jpg,273,phashing,100.0,True,2026-08-17T12:37:29+00:00
ad3ee57be2cf4fb8bd1d12875cadbcd3,A1c1r.jpg,UK Antarctic Heritage Trust Data/Condition_Artefacts/Artefacts_A_Var_Copyrright_L_Ling/A1c1r.jpg,274,phashing,100.0,True,2026-08-17T12:37:29+00:00
4b6f7c4da25d41b0bcf7584b3a0c98f9,A1c1s.jpg,UK Antarctic Heritage Trust Data/Condition_Artefacts/Artefacts_A_Var_Copyrright_L_Ling/A1c1s.jpg,275,phashing,100.0,True,2026-08-17T12:37:29+00:00
9970d3f5e0954c36b53d9dece2a523d5,A1c1t.jpg,UK Antarctic Heritage Trust Data/Condition_Artefacts/Artefacts_A_Var_Copyrright_L_Ling/A1c1t.jpg,276,phashing,100.0,True,2026-08-17T12:37:29+00:00
66f9ea4668b44bf29f56279959ac680c,A1c1u.jpg,UK Antarctic Heritage Trust Data/Condition_Artefacts/Artefacts_A_Var_Copyrright_L_Ling/A1c1u.jpg,277,phashing,100.0,True,2026-08-17T12:37:29+00:00
da10a3debbe540199b7efa04c1712956,A1c1w.jpg,UK Antarctic Heritage Trust Data/Condition_Artefacts/Artefacts_A_Var_Copyrright_L_Ling/A1c1w.jpg,278,phashing,100.0,True,2026-08-17T12:37:29+00:00
130498f29d6741b69bfa1b47e9b36e01,A1c1y.jpg,UK Antarctic Heritage Trust Data/Condition_Artefacts/Artefacts_A_Var_Copyrright_L_Ling/A1c1y.jpg,279,phashing,100.0,True,2026-08-17T12:37:29+00:00
cc1ae8e408544996bffcec3bcb0692ff,A1c2&85etc.jpg,UK Antarctic Heritage Trust Data/Condition_Artefacts/Artefacts_A_Var_Copyrright_L_Ling/A1c2&85etc.jpg,280,phashing,100.0,True,2026-08-17T12:37:29+00:00
10e76b14885947238246b071a45de8fc,A1c2.jpg,UK Antarctic Heritage Trust Data/Condition_Artefacts/Artefacts_A_Var_Copyrright_L_Ling/A1c2.jpg,281,phashing,100.0,True,2026-08-17T12:37:29+00:00
15c0758628cf41ac99276e6e1cea6ef9,A1c20.jpg,UK Antarctic Heritage Trust Data/Condition_Artefacts/Artefacts_A_Var_Copyrright_L_Ling/A1c20.jpg,282,phashing,100.0,True,2026-08-17T12:37:29+00:00
892e077c62364504b1aae1c85ba7d855,A1c202b.jpg,UK Antarctic Heritage Trust Data/Condition_Artefacts/Artefacts_A_Var_Copyrright_L_Ling/A1c202b.jpg,283,phashing,100.0,True,2026-08-17T12:37:29+00:00
aa4e7ff0a2674244aa8bd0d2e77be3e6,A1c206a.jpg,UK Antarctic Heritage Trust Data/Condition_Artefacts/Artefacts_A_Var_Copyrright_L_Ling/A1c206a.jpg,284,phashing,100.0,True,2026-08-17T12:37:29+00:00
18db8226b46d4434ad555dcc7c958d3d,A1c206b.jpg,UK Antarctic Heritage Trust Data/Condition_Artefacts/Artefacts_A_Var_Copyrright_L_Ling/A1c206b.jpg,285,phashing,100.0,True,2026-08-17T12:37:29+00:00
196849d70ad7469da7090f3baaf5cf2a,A1c207.jpg,UK Antarctic Heritage Trust Data/Condition_Artefacts/Artefacts_A_Var_Copyrright_L_Ling/A1c207.jpg,286,phashing,100.0,True,2026-08-17T12:37:29+00:00
4c1fb92ea4fd4498bb45b2e9183a576c,A1c208.jpg,UK Antarctic Heritage Trust Data/Condition_Artefacts/Artefacts_A_Var_Copyrright_L_Ling/A1c208.jpg,287,phashing,100.0,True,2026-08-17T12:37:29+00:00
7c6afe61fd1643fe8ff99a144bf83ce4,A1c209.jpg,UK Antarctic Heritage Trust Data/Condition_Artefacts/Artefacts_A_Var_Copyrright_L_Ling/A1c209.jpg,288,phashing,100.0,True,2026-08-17T12:37:29+00:00
07aeb74024954a43940b47e020e4885a,A1c21.jpg,UK Antarctic Heritage Trust Data/Condition_Artefacts/Artefacts_A_Var_Copyrright_L_Ling/A1c21.jpg,289,phashing,100.0,True,2026-08-17T12:37:29+00:00
68218e33af1b4b8e8c08c5c8c7e9fcea,A1c214a.jpg,UK Antarctic Heritage Trust Data/Condition_Artefacts/Artefacts_A_Var_Copyrright_L_Ling/A1c214a.jpg,290,phashing,100.0,True,2026-08-17T12:37:29+00:00
5dcaed8f027247979e83b971cb801d83,A1c214b.jpg,UK Antarctic Heritage Trust Data/Condition_Artefacts/Artefacts_A_Var_Copyrright_L_Ling/A1c214b.jpg,291,phashing,100.0,True,2026-08-17T12:37:29+00:00
56427e16e7f146309661a2688b1e935d,A1c214c.jpg,UK Antarctic Heritage Trust Data/Condition_Artefacts/Artefacts_A_Var_Copyrright_L_Ling/A1c214c.jpg,292,phashing,100.0,True,2026-08-17T12:37:29+00:00
1c2d7dec98d34c20a160e22b0524524c,A1c215_1.jpg,UK Antarctic Heritage Trust Data/Condition_Artefacts/Artefacts_A_Var_Copyrright_L_Ling/A1c215_1.jpg,293,phashing,100.0,True,2026-08-17T12:37:29+00:00
a4c93af8eb6448039122db26ae0aeec7,A1c215_2.jpg,UK Antarctic Heritage Trust Data/Condition_Artefacts/Artefacts_A_Var_Copyrright_L_Ling/A1c215_2.jpg,294,phashing,100.0,True,2026-08-17T12:37:29+00:00
46c199ba4f19407fbb2caf8d8ad097b9,A1c215_2a.jpg,UK Antarctic Heritage Trust Data/Condition_Artefacts/Artefacts_A_Var_Copyrright_L_Ling/A1c215_2a.jpg,295,phashing,100.0,True,2026-08-17T12:37:29+00:00
1eae7ab913f34ca0a86da94e8e98e50d,A1c215_2b.jpg,UK Antarctic Heritage Trust Data/Condition_Artefacts/Artefacts_A_Var_Copyrright_L_Ling/A1c215_2b.jpg,295,phashing,87.5,False,2026-08-17T12:37:29+00:00
e4920f15a4dc49e1b8cd4203689f42e8,A1c215_2c.jpg,UK Antarctic Heritage Trust Data/Condition_Artefacts/Artefacts_A_Var_Copyrright_L_Ling/A1c215_2c.jpg,296,phashing,100.0,True,2026-08-17T12:37:29+00:00
0c604e03b8e6472982afefffcae06fd1,A1c216b.jpg,UK Antarctic Heritage Trust Data/Condition_Artefacts/Artefacts_A_Var_Copyrright_L_Ling/A1c216b.jpg,297,phashing,100.0,True,2026-08-17T12:37:29+00:00
cc752c112afd4b92ad7fb14a91320463,A1c216d.jpg,UK Antarctic Heritage Trust Data/Condition_Artefacts/Artefacts_A_Var_Copyrright_L_Ling/A1c216d.jpg,298,phashing,100.0,True,2026-08-17T12:37:29+00:00
93d72cf448f54e5fa25f6f30513462ee,A1c216e.jpg,UK Antarctic Heritage Trust Data/Condition_Artefacts/Artefacts_A_Var_Copyrright_L_Ling/A1c216e.jpg,299,phashing,100.0,True,2026-08-17T12:37:29+00:00
84d5bde6146d41168b3a1914e1093c89,A1c216f.jpg,UK Antarctic Heritage Trust Data/Condition_Artefacts/Artefacts_A_Var_Copyrright_L_Ling/A1c216f.jpg,300,phashing,100.0,True,2026-08-17T12:37:29+00:00
2f48e90bc6f74dbaa228a3098daa805f,A1c217a.jpg,UK Antarctic Heritage Trust Data/Condition_Artefacts/Artefacts_A_Var_Copyrright_L_Ling/A1c217a.jpg,301,phashing,100.0,True,2026-08-17T12:37:29+00:00
84f2cc787dbd4b33b554d797c0b436e8,A1c217b.jpg,UK Antarctic Heritage Trust Data/Condition_Artefacts/Artefacts_A_Var_Copyrright_L_Ling/A1c217b.jpg,302,phashing,100.0,True,2026-08-17T12:37:29+00:00
3a0db9b5e1fe49ca801520245fbc4a62,A1c217d.jpg,UK Antarctic Heritage Trust Data/Condition_Artefacts/Artefacts_A_Var_Copyrright_L_Ling/A1c217d.jpg,303,phashing,100.0,True,2026-08-17T12:37:29+00:00
16c733ff39454af2b90db6b0de9da3d4,A1c218.jpg,UK Antarctic Heritage Trust Data/Condition_Artefacts/Artefacts_A_Var_Copyrright_L_Ling/A1c218.jpg,304,phashing,100.0,True,2026-08-17T12:37:29+00:00
74ac867c1669459787f3f2143dd27c7f,A1c218_2.jpg,UK Antarctic Heritage Trust Data/Condition_Artefacts/Artefacts_A_Var_Copyrright_L_Ling/A1c218_2.jpg,305,phashing,100.0,True,2026-08-17T12:37:29+00:00
8f7339c90ca141b59c71cbd6a51e9dec,A1c218a.jpg,UK Antarctic Heritage Trust Data/Condition_Artefacts/Artefacts_A_Var_Copyrright_L_Ling/A1c218a.jpg,306,phashing,100.0,True,2026-08-17T12:37:29+00:00
bc7eba2dbfc342d5957b64a84523ef7e,A1c218d.jpg,UK Antarctic Heritage Trust Data/Condition_Artefacts/Artefacts_A_Var_Copyrright_L_Ling/A1c218d.jpg,307,phashing,100.0,True,2026-08-17T12:37:29+00:00
c153db470ebd4c6b8a7004687980c7f1,A1c218e.jpg,UK Antarctic Heritage Trust Data/Condition_Artefacts/Artefacts_A_Var_Copyrright_L_Ling/A1c218e.jpg,308,phashing,100.0,True,2026-08-17T12:37:29+00:00
31537914f2b544c09229c6bc77ac3bcb,A1c219.jpg,UK Antarctic Heritage Trust Data/Condition_Artefacts/Artefacts_A_Var_Copyrright_L_Ling/A1c219.jpg,309,phashing,100.0,True,2026-08-17T12:37:29+00:00
c61bba0004324de69a75319c08c38b70,A1c220b.jpg,UK Antarctic Heritage Trust Data/Condition_Artefacts/Artefacts_A_Var_Copyrright_L_Ling/A1c220b.jpg,310,phashing,100.0,True,2026-08-17T12:37:29+00:00
96cb295fae744cbb849f1123142c448a,A1c220c.jpg,UK Antarctic Heritage Trust Data/Condition_Artefacts/Artefacts_A_Var_Copyrright_L_Ling/A1c220c.jpg,311,phashing,100.0,True,2026-08-17T12:37:29+00:00
5ae89176abdf43599a209587fc2f3d49,A1c220e.jpg,UK Antarctic Heritage Trust Data/Condition_Artefacts/Artefacts_A_Var_Copyrright_L_Ling/A1c220e.jpg,312,phashing,100.0,True,2026-08-17T12:37:29+00:00
f67cd4a02ea649bd9be9b17fb48a06b2,A1c221_2.jpg,UK Antarctic Heritage Trust Data/Condition_Artefacts/Artefacts_A_Var_Copyrright_L_Ling/A1c221_2.jpg,313,phashing,100.0,True,2026-08-17T12:37:29+00:00
7ca8b58bc88d4e2490df0c4c4cf1e9bd,A1c222.jpg,UK Antarctic Heritage Trust Data/Condition_Artefacts/Artefacts_A_Var_Copyrright_L_Ling/A1c222.jpg,314,phashing,100.0,True,2026-08-17T12:37:29+00:00
fcaa5b8441f74f0a83f051ed5b9ed62a,A1c231.jpg,UK Antarctic Heritage Trust Data/Condition_Artefacts/Artefacts_A_Var_Copyrright_L_Ling/A1c231.jpg,315,phashing,100.0,True,2026-08-17T12:37:29+00:00
962a8d0049de45838e859b71623d8199,A1c233.jpg,UK Antarctic Heritage Trust Data/Condition_Artefacts/Artefacts_A_Var_Copyrright_L_Ling/A1c233.jpg,316,phashing,100.0,True,2026-08-17T12:37:29+00:00
7f291a7029b0456c9dff8abb9ebc2e5b,A1c235a.jpg,UK Antarctic Heritage Trust Data/Condition_Artefacts/Artefacts_A_Var_Copyrright_L_Ling/A1c235a.jpg,317,phashing,100.0,True,2026-08-17T12:37:29+00:00
14d82e0f045a42c0a3eebe697f7a00c3,A1c235b.jpg,UK Antarctic Heritage Trust Data/Condition_Artefacts/Artefacts_A_Var_Copyrright_L_Ling/A1c235b.jpg,318,phashing,100.0,True,2026-08-17T12:37:29+00:00
59a49ca64da74535970e6851c2fe761d,A1c235c.jpg,UK Antarctic Heritage Trust Data/Condition_Artefacts/Artefacts_A_Var_Copyrright_L_Ling/A1c235c.jpg,319,phashing,100.0,True,2026-08-17T12:37:29+00:00
634bcfab986345d6abb64af67db23c0a,A1c235d.jpg,UK Antarctic Heritage Trust Data/Condition_Artefacts/Artefacts_A_Var_Copyrright_L_Ling/A1c235d.jpg,320,phashing,100.0,True,2026-08-17T12:37:29+00:00
6fc2a88e43bb40d4ab8ac69116ea151d,A1c235e.jpg,UK Antarctic Heritage Trust Data/Condition_Artefacts/Artefacts_A_Var_Copyrright_L_Ling/A1c235e.jpg,321,phashing,100.0,True,2026-08-17T12:37:29+00:00
075476e85b4b4fb8aa181a1fae5be293,A1c236a.jpg,UK Antarctic Heritage Trust Data/Condition_Artefacts/Artefacts_A_Var_Copyrright_L_Ling/A1c236a.jpg,322,phashing,100.0,True,2026-08-17T12:37:29+00:00
3403381c1ccd474a8d59e75025caf07c,A1c250 (2).jpg,UK Antarctic Heritage Trust Data/Condition_Artefacts/Artefacts_A_Var_Copyrright_L_Ling/A1c250 (2).jpg,323,phashing,100.0,True,2026-08-17T12:37:29+00:00
3672f5d8a5c54b1ab0e75fe373198fb6,A1c250_1.jpg,UK Antarctic Heritage Trust Data/Condition_Artefacts/Artefacts_A_Var_Copyrright_L_Ling/A1c250_1.jpg,324,phashing,100.0,True,2026-08-17T12:37:29+00:00
dedcda548f10407499e649474ac063d1,A1c250_11a.jpg,UK Antarctic Heritage Trust Data/Condition_Artefacts/Artefacts_A_Var_Copyrright_L_Ling/A1c250_11a.jpg,325,phashing,100.0,True,2026-08-17T12:37:29+00:00
dbc551be1ea24c1c88a986dab495a81e,A1c250_12a.jpg,UK Antarctic Heritage Trust Data/Condition_Artefacts/Artefacts_A_Var_Copyrright_L_Ling/A1c250_12a.jpg,326,phashing,100.0,True,2026-08-17T12:37:29+00:00
797f7b0a5aaa427a82ea091ec6616a94,A1c250_2.jpg,UK Antarctic Heritage Trust Data/Condition_Artefacts/Artefacts_A_Var_Copyrright_L_Ling/A1c250_2.jpg,327,phashing,100.0,True,2026-08-17T12:37:29+00:00
2ca8b89ab79e42d89b9a67f5d169f825,A1c250_5.jpg,UK Antarctic Heritage Trust Data/Condition_Artefacts/Artefacts_A_Var_Copyrright_L_Ling/A1c250_5.jpg,328,phashing,100.0,True,2026-08-17T12:37:29+00:00
65ea7ede8072469abfc5fffd97417e8c,A1c250_6.jpg,UK Antarctic Heritage Trust Data/Condition_Artefacts/Artefacts_A_Var_Copyrright_L_Ling/A1c250_6.jpg,329,phashing,100.0,True,2026-08-17T12:37:29+00:00
e43a524feadc4beb914dfa779dadb883,A1c250_7.jpg,UK Antarctic Heritage Trust Data/Condition_Artefacts/Artefacts_A_Var_Copyrright_L_Ling/A1c250_7.jpg,330,phashing,100.0,True,2026-08-17T12:37:29+00:00
55ca217c508947c8bd5834646363d382,A1c251_1.jpg,UK Antarctic Heritage Trust Data/Condition_Artefacts/Artefacts_A_Var_Copyrright_L_Ling/A1c251_1.jpg,331,phashing,100.0,True,2026-08-17T12:37:29+00:00
59f6d39e7a1b4ddca59ccc04c057dc3d,A1c251_10.jpg,UK Antarctic Heritage Trust Data/Condition_Artefacts/Artefacts_A_Var_Copyrright_L_Ling/A1c251_10.jpg,332,phashing,100.0,True,2026-08-17T12:37:29+00:00
18212ff4fdad4a86a0802680b24e28fe,A1c251_10a.jpg,UK Antarctic Heritage Trust Data/Condition_Artefacts/Artefacts_A_Var_Copyrright_L_Ling/A1c251_10a.jpg,333,phashing,100.0,True,2026-08-17T12:37:29+00:00
e5ca79a8411644dd8201c6d9f7925b46,A1c251_11.jpg,UK Antarctic Heritage Trust Data/Condition_Artefacts/Artefacts_A_Var_Copyrright_L_Ling/A1c251_11.jpg,334,phashing,100.0,True,2026-08-17T12:37:29+00:00
fa2948c0b1734fd7ae0fc0a840ea39ae,A1c251_11b.jpg,UK Antarctic Heritage Trust Data/Condition_Artefacts/Artefacts_A_Var_Copyrright_L_Ling/A1c251_11b.jpg,334,phashing,100.0,False,2026-08-17T12:37:29+00:00
8a2972f05c9b432abfc005ec2b095aca,A1c251_13.jpg,UK Antarctic Heritage Trust Data/Condition_Artefacts/Artefacts_A_Var_Copyrright_L_Ling/A1c251_13.jpg,335,phashing,100.0,True,2026-08-17T12:37:29+00:00
bb11d82271a24b028c55d9e8e604925b,A1c251_12&13.jpg,UK Antarctic Heritage Trust Data/Condition_Artefacts/Artefacts_A_Var_Copyrright_L_Ling/A1c251_12&13.jpg,335,phashing,90.62,False,2026-08-17T12:37:29+00:00
c99e1c05fecf46a5a790fddfe2740b9d,A1c251_12.jpg,UK Antarctic Heritage Trust Data/Condition_Artefacts/Artefacts_A_Var_Copyrright_L_Ling/A1c251_12.jpg,336,phashing,100.0,True,2026-08-17T12:37:29+00:00
59f392936b5f442b98d0a4683349da7b,A1c251_13a.jpg,UK Antarctic Heritage Trust Data/Condition_Artefacts/Artefacts_A_Var_Copyrright_L_Ling/A1c251_13a.jpg,336,phashing,100.0,False,2026-08-17T12:37:29+00:00
b50bb7c953a9462d83897c1edf89f714,A1c251_2.jpg,UK Antarctic Heritage Trust Data/Condition_Artefacts/Artefacts_A_Var_Copyrright_L_Ling/A1c251_2.jpg,337,phashing,100.0,True,2026-08-17T12:37:29+00:00
72b830d2cfe54757a242f6274cacfbf1,A1c251_3.jpg,UK Antarctic Heritage Trust Data/Condition_Artefacts/Artefacts_A_Var_Copyrright_L_Ling/A1c251_3.jpg,338,phashing,100.0,True,2026-08-17T12:37:29+00:00
61b6ee94ae5a4f7e9147448a967160f8,A1c251_6a.jpg,UK Antarctic Heritage Trust Data/Condition_Artefacts/Artefacts_A_Var_Copyrright_L_Ling/A1c251_6a.jpg,339,phashing,100.0,True,2026-08-17T12:37:29+00:00
5017a3988fa54bd9be6666fb07086f5b,A1c251_6b.jpg,UK Antarctic Heritage Trust Data/Condition_Artefacts/Artefacts_A_Var_Copyrright_L_Ling/A1c251_6b.jpg,340,phashing,100.0,True,2026-08-17T12:37:29+00:00
b7777bfa315f4b818fc3dfbb3e3920b3,A1c251_6c.jpg,UK Antarctic Heritage Trust Data/Condition_Artefacts/Artefacts_A_Var_Copyrright_L_Ling/A1c251_6c.jpg,341,phashing,100.0,True,2026-08-17T12:37:29+00:00
9b7dec60840d4e0499077e50e571d6b1,A1c251_7.jpg,UK Antarctic Heritage Trust Data/Condition_Artefacts/Artefacts_A_Var_Copyrright_L_Ling/A1c251_7.jpg,342,phashing,100.0,True,2026-08-17T12:37:29+00:00
16e6b0f471944563899d284bc988ad1d,A1c251_8.jpg,UK Antarctic Heritage Trust Data/Condition_Artefacts/Artefacts_A_Var_Copyrright_L_Ling/A1c251_8.jpg,343,phashing,100.0,True,2026-08-17T12:37:29+00:00
c9cbaf070e654dcfab4eeff2cb328b6b,A1c252_1.jpg,UK Antarctic Heritage Trust Data/Condition_Artefacts/Artefacts_A_Var_Copyrright_L_Ling/A1c252_1.jpg,344,phashing,100.0,True,2026-08-17T12:37:29+00:00
65443e960c56416a99558308aa2a0972,A1c252_10.jpg,UK Antarctic Heritage Trust Data/Condition_Artefacts/Artefacts_A_Var_Copyrright_L_Ling/A1c252_10.jpg,345,phashing,100.0,True,2026-08-17T12:37:29+00:00
da6d502712644598a7ce1020a2247906,A1c252_11.jpg,UK Antarctic Heritage Trust Data/Condition_Artefacts/Artefacts_A_Var_Copyrright_L_Ling/A1c252_11.jpg,346,phashing,100.0,True,2026-08-17T12:37:29+00:00
6d29d914ae3448d2a3a1c3691d300684,A1c252_11a.jpg,UK Antarctic Heritage Trust Data/Condition_Artefacts/Artefacts_A_Var_Copyrright_L_Ling/A1c252_11a.jpg,347,phashing,100.0,True,2026-08-17T12:37:29+00:00
d1e8c275a0d947a38135b21c25579da5,A1c252_123456.jpg,UK Antarctic Heritage Trust Data/Condition_Artefacts/Artefacts_A_Var_Copyrright_L_Ling/A1c252_123456.jpg,348,phashing,100.0,True,2026-08-17T12:37:29+00:00
a8a0b2b51fac47ff9814448c5614e840,A1c252_13.jpg,UK Antarctic Heritage Trust Data/Condition_Artefacts/Artefacts_A_Var_Copyrright_L_Ling/A1c252_13.jpg,349,phashing,100.0,True,2026-08-17T12:37:29+00:00
48b72145cfef417f90856a61a28510b1,A1c252_14.jpg,UK Antarctic Heritage Trust Data/Condition_Artefacts/Artefacts_A_Var_Copyrright_L_Ling/A1c252_14.jpg,350,phashing,100.0,True,2026-08-17T12:37:29+00:00
d64d1b58627249339534492ac90a7732,A1c252_14a.jpg,UK Antarctic Heritage Trust Data/Condition_Artefacts/Artefacts_A_Var_Copyrright_L_Ling/A1c252_14a.jpg,351,phashing,100.0,True,2026-08-17T12:37:29+00:00
ba15fa5f928149ca96d2e8121efd95b2,A1c252_7.jpg,UK Antarctic Heritage Trust Data/Condition_Artefacts/Artefacts_A_Var_Copyrright_L_Ling/A1c252_7.jpg,352,phashing,100.0,True,2026-08-17T12:37:29+00:00
52bc0fbeecb2405484557b65b3d2cd47,A1c252_789.jpg,UK Antarctic Heritage Trust Data/Condition_Artefacts/Artefacts_A_Var_Copyrright_L_Ling/A1c252_789.jpg,353,phashing,100.0,True,2026-08-17T12:37:29+00:00
3916348adbcc4c9d8ffa24bf6d568c49,A1c257_1.jpg,UK Antarctic Heritage Trust Data/Condition_Artefacts/Artefacts_A_Var_Copyrright_L_Ling/A1c257_1.jpg,354,phashing,100.0,True,2026-08-17T12:37:29+00:00
c965e9e0de754616952346dd6dca03b8,A1c257_1a.jpg,UK Antarctic Heritage Trust Data/Condition_Artefacts/Artefacts_A_Var_Copyrright_L_Ling/A1c257_1a.jpg,355,phashing,100.0,True,2026-08-17T12:37:29+00:00
8966e034b22d4221bf69206eaaf4a7c2,A1c257_1b.jpg,UK Antarctic Heritage Trust Data/Condition_Artefacts/Artefacts_A_Var_Copyrright_L_Ling/A1c257_1b.jpg,356,phashing,100.0,True,2026-08-17T12:37:29+00:00
184a29a943f541bf93470112db40aaca,A1c257_2.jpg,UK Antarctic Heritage Trust Data/Condition_Artefacts/Artefacts_A_Var_Copyrright_L_Ling/A1c257_2.jpg,357,phashing,100.0,True,2026-08-17T12:37:29+00:00
3676c097a43c4f6e96dd7305170b974f,A1c258_1.jpg,UK Antarctic Heritage Trust Data/Condition_Artefacts/Artefacts_A_Var_Copyrright_L_Ling/A1c258_1.jpg,358,phashing,100.0,True,2026-08-17T12:37:29+00:00
de5058e41cf44814b090a0990dd50791,A1c260b.jpg,UK Antarctic Heritage Trust Data/Condition_Artefacts/Artefacts_A_Var_Copyrright_L_Ling/A1c260b.jpg,359,phashing,100.0,True,2026-08-17T12:37:29+00:00
17f63bbd94c44ab29dca57a45cba0c64,A1c260c.jpg,UK Antarctic Heritage Trust Data/Condition_Artefacts/Artefacts_A_Var_Copyrright_L_Ling/A1c260c.jpg,360,phashing,100.0,True,2026-08-17T12:37:29+00:00
8da7115becff4b9fa8c971d0343021cf,A1c260d.jpg,UK Antarctic Heritage Trust Data/Condition_Artefacts/Artefacts_A_Var_Copyrright_L_Ling/A1c260d.jpg,361,phashing,100.0,True,2026-08-17T12:37:29+00:00
f69309d2b6fc471b8eedacb8174ba42f,A1c261a.jpg,UK Antarctic Heritage Trust Data/Condition_Artefacts/Artefacts_A_Var_Copyrright_L_Ling/A1c261a.jpg,362,phashing,100.0,True,2026-08-17T12:37:29+00:00
31fab885a48649628b9d3376df85268c,A1c261b.jpg,UK Antarctic Heritage Trust Data/Condition_Artefacts/Artefacts_A_Var_Copyrright_L_Ling/A1c261b.jpg,363,phashing,100.0,True,2026-08-17T12:37:29+00:00
8aeced377dfe4005ac5f1a5f3f31e7e3,A1c261e.jpg,UK Antarctic Heritage Trust Data/Condition_Artefacts/Artefacts_A_Var_Copyrright_L_Ling/A1c261e.jpg,364,phashing,100.0,True,2026-08-17T12:37:29+00:00
2b2ccb167aad44d88e7b6c1be9f70f66,A1c261g.jpg,UK Antarctic Heritage Trust Data/Condition_Artefacts/Artefacts_A_Var_Copyrright_L_Ling/A1c261g.jpg,365,phashing,100.0,True,2026-08-17T12:37:29+00:00
7475c65bb82e405d858ba847dbe985b4,A1c261h.jpg,UK Antarctic Heritage Trust Data/Condition_Artefacts/Artefacts_A_Var_Copyrright_L_Ling/A1c261h.jpg,366,phashing,100.0,True,2026-08-17T12:37:29+00:00
146169c652c34614a3922687cd894aff,A1c263.jpg,UK Antarctic Heritage Trust Data/Condition_Artefacts/Artefacts_A_Var_Copyrright_L_Ling/A1c263.jpg,367,phashing,100.0,True,2026-08-17T12:37:29+00:00
8130247faade4c37a89cc61cea2a7f87,A1c264.jpg,UK Antarctic Heritage Trust Data/Condition_Artefacts/Artefacts_A_Var_Copyrright_L_Ling/A1c264.jpg,368,phashing,100.0,True,2026-08-17T12:37:29+00:00
80599939d26a4d0bab8d6b5231330760,A1c265a.jpg,UK Antarctic Heritage Trust Data/Condition_Artefacts/Artefacts_A_Var_Copyrright_L_Ling/A1c265a.jpg,369,phashing,100.0,True,2026-08-17T12:37:29+00:00
e19235ef444b43e0947a49c50ce29b8f,A1c266.jpg,UK Antarctic Heritage Trust Data/Condition_Artefacts/Artefacts_A_Var_Copyrright_L_Ling/A1c266.jpg,370,phashing,100.0,True,2026-08-17T12:37:29+00:00
efbaa3dc5ff04ba191e80df31e5e58b9,A1c270.jpg,UK Antarctic Heritage Trust Data/Condition_Artefacts/Artefacts_A_Var_Copyrright_L_Ling/A1c270.jpg,371,phashing,100.0,True,2026-08-17T12:37:29+00:00
052d305aebc74d0cb6ca0c05be3f59c3,A1c271a.jpg,UK Antarctic Heritage Trust Data/Condition_Artefacts/Artefacts_A_Var_Copyrright_L_Ling/A1c271a.jpg,372,phashing,100.0,True,2026-08-17T12:37:29+00:00
3866ab0dc95644ef848b414bf8c79f5c,A1c271b.jpg,UK Antarctic Heritage Trust Data/Condition_Artefacts/Artefacts_A_Var_Copyrright_L_Ling/A1c271b.jpg,373,phashing,100.0,True,2026-08-17T12:37:29+00:00
03dc60946b43442f92a2758f4a98fced,A1c277.jpg,UK Antarctic Heritage Trust Data/Condition_Artefacts/Artefacts_A_Var_Copyrright_L_Ling/A1c277.jpg,374,phashing,100.0,True,2026-08-17T12:37:29+00:00
0ed725c2bd0749719ffd62bc66422f22,A1c28.jpg,UK Antarctic Heritage Trust Data/Condition_Artefacts/Artefacts_A_Var_Copyrright_L_Ling/A1c28.jpg,375,phashing,100.0,True,2026-08-17T12:37:29+00:00
4cde038d5d184ae1a3def316540952a9,A1c28a.jpg,UK Antarctic Heritage Trust Data/Condition_Artefacts/Artefacts_A_Var_Copyrright_L_Ling/A1c28a.jpg,376,phashing,100.0,True,2026-08-17T12:37:29+00:00
5b6f98c14a7e48b2b9f57dedad8a6bb0,A1c29&30.jpg,UK Antarctic Heritage Trust Data/Condition_Artefacts/Artefacts_A_Var_Copyrright_L_Ling/A1c29&30.jpg,377,phashing,100.0,True,2026-08-17T12:37:29+00:00
4c31c15412a244b1bce0458b66fd1382,A1c32.jpg,UK Antarctic Heritage Trust Data/Condition_Artefacts/Artefacts_A_Var_Copyrright_L_Ling/A1c32.jpg,378,phashing,100.0,True,2026-08-17T12:37:29+00:00
6d273552fec54121b6a1556aef6b7db4,A1c32a.jpg,UK Antarctic Heritage Trust Data/Condition_Artefacts/Artefacts_A_Var_Copyrright_L_Ling/A1c32a.jpg,379,phashing,100.0,True,2026-08-17T12:37:29+00:00
fb55ba6a732a4acdbd8e630fab7f7287,A1c33a.jpg,UK Antarctic Heritage Trust Data/Condition_Artefacts/Artefacts_A_Var_Copyrright_L_Ling/A1c33a.jpg,380,phashing,100.0,True,2026-08-17T12:37:29+00:00
11ca9bb27b5840aaa5186f8c506f12bc,A1c33b.jpg,UK Antarctic Heritage Trust Data/Condition_Artefacts/Artefacts_A_Var_Copyrright_L_Ling/A1c33b.jpg,381,phashing,100.0,True,2026-08-17T12:37:29+00:00
f128f0e4a2824e03ace3f59598d23731,A1c33c.jpg,UK Antarctic Heritage Trust Data/Condition_Artefacts/Artefacts_A_Var_Copyrright_L_Ling/A1c33c.jpg,382,phashing,100.0,True,2026-08-17T12:37:29+00:00
ab31441cd8244b61865448e24dbce1bc,A1c33d.jpg,UK Antarctic Heritage Trust Data/Condition_Artefacts/Artefacts_A_Var_Copyrright_L_Ling/A1c33d.jpg,383,phashing,100.0,True,2026-08-17T12:37:29+00:00
b84a6534d2354049a0d78b3e4a2523d0,A1c35.jpg,UK Antarctic Heritage Trust Data/Condition_Artefacts/Artefacts_A_Var_Copyrright_L_Ling/A1c35.jpg,384,phashing,100.0,True,2026-08-17T12:37:29+00:00
13c2956861a54731b86d2b1cc0b5cafa,A1c36.jpg,UK Antarctic Heritage Trust Data/Condition_Artefacts/Artefacts_A_Var_Copyrright_L_Ling/A1c36.jpg,385,phashing,100.0,True,2026-08-17T12:37:29+00:00
68d0f84731084147953696d82103d5cc,A1c42.jpg,UK Antarctic Heritage Trust Data/Condition_Artefacts/Artefacts_A_Var_Copyrright_L_Ling/A1c42.jpg,386,phashing,100.0,True,2026-08-17T12:37:29+00:00
77a9039bfdef4c938480d8c7f9c9d3aa,A1c4a.jpg,UK Antarctic Heritage Trust Data/Condition_Artefacts/Artefacts_A_Var_Copyrright_L_Ling/A1c4a.jpg,387,phashing,100.0,True,2026-08-17T12:37:29+00:00
fe077557f4cf49aebb32653516998536,A1c4b.jpg,UK Antarctic Heritage Trust Data/Condition_Artefacts/Artefacts_A_Var_Copyrright_L_Ling/A1c4b.jpg,388,phashing,100.0,True,2026-08-17T12:37:29+00:00
96bb5df68749457994f8d34ddff30988,A1c4c.jpg,UK Antarctic Heritage Trust Data/Condition_Artefacts/Artefacts_A_Var_Copyrright_L_Ling/A1c4c.jpg,389,phashing,100.0,True,2026-08-17T12:37:29+00:00
1586e3dd4836444cb1f27cd8af888f47,A1c5.jpg,UK Antarctic Heritage Trust Data/Condition_Artefacts/Artefacts_A_Var_Copyrright_L_Ling/A1c5.jpg,390,phashing,100.0,True,2026-08-17T12:37:29+00:00
dce6eb019a7641019952a5b53a6030f4,A1c54.jpg,UK Antarctic Heritage Trust Data/Condition_Artefacts/Artefacts_A_Var_Copyrright_L_Ling/A1c54.jpg,391,phashing,100.0,True,2026-08-17T12:37:29+00:00
b29594a6cc014c9898883f21abed57d8,A1c55.jpg,UK Antarctic Heritage Trust Data/Condition_Artefacts/Artefacts_A_Var_Copyrright_L_Ling/A1c55.jpg,392,phashing,100.0,True,2026-08-17T12:37:29+00:00
59b1a4e839e04a89a608b1d771487abc,A1c56.jpg,UK Antarctic Heritage Trust Data/Condition_Artefacts/Artefacts_A_Var_Copyrright_L_Ling/A1c56.jpg,393,phashing,100.0,True,2026-08-17T12:37:29+00:00
f5fd3cafb3434b87b15d4b28177e1b93,A1c57.jpg,UK Antarctic Heritage Trust Data/Condition_Artefacts/Artefacts_A_Var_Copyrright_L_Ling/A1c57.jpg,394,phashing,100.0,True,2026-08-17T12:37:29+00:00
dc196b30a5004c6f96e2515030815620,A1c58.jpg,UK Antarctic Heritage Trust Data/Condition_Artefacts/Artefacts_A_Var_Copyrright_L_Ling/A1c58.jpg,395,phashing,100.0,True,2026-08-17T12:37:29+00:00
fc11c9d0dea84299a7e842badd62a49e,A1c60.jpg,UK Antarctic Heritage Trust Data/Condition_Artefacts/Artefacts_A_Var_Copyrright_L_Ling/A1c60.jpg,396,phashing,100.0,True,2026-08-17T12:37:29+00:00
22d52f2c38bc45ed9e6077abddd64320,A1c65.jpg,UK Antarctic Heritage Trust Data/Condition_Artefacts/Artefacts_A_Var_Copyrright_L_Ling/A1c65.jpg,397,phashing,100.0,True,2026-08-17T12:37:29+00:00
f8f2e6beb83d4db287c23c7714a2aced,A1c66.jpg,UK Antarctic Heritage Trust Data/Condition_Artefacts/Artefacts_A_Var_Copyrright_L_Ling/A1c66.jpg,398,phashing,100.0,True,2026-08-17T12:37:29+00:00
46f396a6df3e47fda6a8faca722eae5a,A1c66m.jpg,UK Antarctic Heritage Trust Data/Condition_Artefacts/Artefacts_A_Var_Copyrright_L_Ling/A1c66m.jpg,399,phashing,100.0,True,2026-08-17T12:37:29+00:00
6f59f27930ef4991b9456560a778c74a,A1c66x.jpg,UK Antarctic Heritage Trust Data/Condition_Artefacts/Artefacts_A_Var_Copyrright_L_Ling/A1c66x.jpg,400,phashing,100.0,True,2026-08-17T12:37:29+00:00
cad23a23f2284f5e8972faed7b47ac25,A1c66y.jpg,UK Antarctic Heritage Trust Data/Condition_Artefacts/Artefacts_A_Var_Copyrright_L_Ling/A1c66y.jpg,401,phashing,100.0,True,2026-08-17T12:37:29+00:00
40b162ffeaf64c3d814aceee50fb1592,A1c66z.jpg,UK Antarctic Heritage Trust Data/Condition_Artefacts/Artefacts_A_Var_Copyrright_L_Ling/A1c66z.jpg,402,phashing,100.0,True,2026-08-17T12:37:29+00:00
3631c0cf0f444c5a925136f6e3507f5a,A1c68&69.jpg,UK Antarctic Heritage Trust Data/Condition_Artefacts/Artefacts_A_Var_Copyrright_L_Ling/A1c68&69.jpg,403,phashing,100.0,True,2026-08-17T12:37:29+00:00
d09f7fd8305e447db2e40b741a456a97,A1c7&143.jpg,UK Antarctic Heritage Trust Data/Condition_Artefacts/Artefacts_A_Var_Copyrright_L_Ling/A1c7&143.jpg,404,phashing,100.0,True,2026-08-17T12:37:29+00:00
a56a3e3827794177865e559961d70014,A1c77.jpg,UK Antarctic Heritage Trust Data/Condition_Artefacts/Artefacts_A_Var_Copyrright_L_Ling/A1c77.jpg,405,phashing,100.0,True,2026-08-17T12:37:29+00:00
99450dc62af047aea8f72234a41b17d7,A1c78.jpg,UK Antarctic Heritage Trust Data/Condition_Artefacts/Artefacts_A_Var_Copyrright_L_Ling/A1c78.jpg,406,phashing,100.0,True,2026-08-17T12:37:29+00:00
a40c09db83744964a89ca05ab3687d50,A1c78a.jpg,UK Antarctic Heritage Trust Data/Condition_Artefacts/Artefacts_A_Var_Copyrright_L_Ling/A1c78a.jpg,407,phashing,100.0,True,2026-08-17T12:37:29+00:00
daf3b896870d44f294525b1e183496a2,A1c78b.jpg,UK Antarctic Heritage Trust Data/Condition_Artefacts/Artefacts_A_Var_Copyrright_L_Ling/A1c78b.jpg,408,phashing,100.0,True,2026-08-17T12:37:29+00:00
9c80cc6b9fe64a90a02ce2ec0e3c211f,A1c80.jpg,UK Antarctic Heritage Trust Data/Condition_Artefacts/Artefacts_A_Var_Copyrright_L_Ling/A1c80.jpg,409,phashing,100.0,True,2026-08-17T12:37:29+00:00
ebea962fbb554b25a2f06c65296b7637,A1c89.jpg,UK Antarctic Heritage Trust Data/Condition_Artefacts/Artefacts_A_Var_Copyrright_L_Ling/A1c89.jpg,410,phashing,100.0,True,2026-08-17T12:37:29+00:00
b5974398332b4161b874aaf090af5e5f,A1c9.jpg,UK Antarctic Heritage Trust Data/Condition_Artefacts/Artefacts_A_Var_Copyrright_L_Ling/A1c9.jpg,411,phashing,100.0,True,2026-08-17T12:37:29+00:00
5d765f8ce3b14b9a803ab406ea2fb0ff,A1c90.jpg,UK Antarctic Heritage Trust Data/Condition_Artefacts/Artefacts_A_Var_Copyrright_L_Ling/A1c90.jpg,412,phashing,100.0,True,2026-08-17T12:37:29+00:00
cd44f4d829654f3497ee5213454bf28f,A1c92a.jpg,UK Antarctic Heritage Trust Data/Condition_Artefacts/Artefacts_A_Var_Copyrright_L_Ling/A1c92a.jpg,413,phashing,100.0,True,2026-08-17T12:37:29+00:00
f1d61ee45c1741fe841f2bf78641b5a3,A1c92b.jpg,UK Antarctic Heritage Trust Data/Condition_Artefacts/Artefacts_A_Var_Copyrright_L_Ling/A1c92b.jpg,414,phashing,100.0,True,2026-08-17T12:37:29+00:00
6222ebcab22342db8fdae6c2ea6f12c4,A1c94.jpg,UK Antarctic Heritage Trust Data/Condition_Artefacts/Artefacts_A_Var_Copyrright_L_Ling/A1c94.jpg,415,phashing,100.0,True,2026-08-17T12:37:29+00:00
4bf6c51b31cf4cd8a119220778b82534,A1c97.jpg,UK Antarctic Heritage Trust Data/Condition_Artefacts/Artefacts_A_Var_Copyrright_L_Ling/A1c97.jpg,416,phashing,100.0,True,2026-08-17T12:37:29+00:00
cfe57a21834445089cb62ce09dd784c5,A1c98.jpg,UK Antarctic Heritage Trust Data/Condition_Artefacts/Artefacts_A_Var_Copyrright_L_Ling/A1c98.jpg,417,phashing,100.0,True,2026-08-17T12:37:29+00:00
e38ab2aeae4c49968467c6dc3b9f0e3a,A1d1.jpg,UK Antarctic Heritage Trust Data/Condition_Artefacts/Artefacts_A_Var_Copyrright_L_Ling/A1d1.jpg,418,phashing,100.0,True,2026-08-17T12:37:29+00:00
5cc8e0cae8954236a234f9636eb5850d,A1d12.jpg,UK Antarctic Heritage Trust Data/Condition_Artefacts/Artefacts_A_Var_Copyrright_L_Ling/A1d12.jpg,419,phashing,100.0,True,2026-08-17T12:37:29+00:00
7b8b3451b3694ed7b6ff67598012ea3f,A1d18a.jpg,UK Antarctic Heritage Trust Data/Condition_Artefacts/Artefacts_A_Var_Copyrright_L_Ling/A1d18a.jpg,420,phashing,100.0,True,2026-08-17T12:37:29+00:00
b575e76ef09a421795f980807f554724,A1d18b.jpg,UK Antarctic Heritage Trust Data/Condition_Artefacts/Artefacts_A_Var_Copyrright_L_Ling/A1d18b.jpg,421,phashing,100.0,True,2026-08-17T12:37:29+00:00
3fcc1ead0dcd40689787e2db8ac2fdb9,A1d20.jpg,UK Antarctic Heritage Trust Data/Condition_Artefacts/Artefacts_A_Var_Copyrright_L_Ling/A1d20.jpg,422,phashing,100.0,True,2026-08-17T12:37:29+00:00
1e454d27d4ab48b88ee3f7285ae3c8cd,A1d21.jpg,UK Antarctic Heritage Trust Data/Condition_Artefacts/Artefacts_A_Var_Copyrright_L_Ling/A1d21.jpg,423,phashing,100.0,True,2026-08-17T12:37:29+00:00
34b0fdb626104ae59a1649d6cef8d5a1,A1d22a.jpg,UK Antarctic Heritage Trust Data/Condition_Artefacts/Artefacts_A_Var_Copyrright_L_Ling/A1d22a.jpg,424,phashing,100.0,True,2026-08-17T12:37:29+00:00
3b605630a06a4c0a92155d4c0b2336f7,A1d22b.jpg,UK Antarctic Heritage Trust Data/Condition_Artefacts/Artefacts_A_Var_Copyrright_L_Ling/A1d22b.jpg,425,phashing,100.0,True,2026-08-17T12:37:29+00:00
9a7d17a5ae8f4a5ab2a9040475756e4b,A1d22d.jpg,UK Antarctic Heritage Trust Data/Condition_Artefacts/Artefacts_A_Var_Copyrright_L_Ling/A1d22d.jpg,426,phashing,100.0,True,2026-08-17T12:37:29+00:00
c83ec3b2196f46d296e23fe956fe8cab,A1d22e.jpg,UK Antarctic Heritage Trust Data/Condition_Artefacts/Artefacts_A_Var_Copyrright_L_Ling/A1d22e.jpg,427,phashing,100.0,True,2026-08-17T12:37:29+00:00
ba48c260235d46358e92de6ed7dff108,A1d31&32.jpg,UK Antarctic Heritage Trust Data/Condition_Artefacts/Artefacts_A_Var_Copyrright_L_Ling/A1d31&32.jpg,428,phashing,100.0,True,2026-08-17T12:37:29+00:00
d1a0dec3ec7446638fdf4d601aa32ef8,A1d40.jpg,UK Antarctic Heritage Trust Data/Condition_Artefacts/Artefacts_A_Var_Copyrright_L_Ling/A1d40.jpg,429,phashing,100.0,True,2026-08-17T12:37:29+00:00
364fbc1a5ca846d1af11baa460ee92b3,A1d7.jpg,UK Antarctic Heritage Trust Data/Condition_Artefacts/Artefacts_A_Var_Copyrright_L_Ling/A1d7.jpg,430,phashing,100.0,True,2026-08-17T12:37:29+00:00
a890b153016045d7925dbab1bd53da5a,A1e1.jpg,UK Antarctic Heritage Trust Data/Condition_Artefacts/Artefacts_A_Var_Copyrright_L_Ling/A1e1.jpg,431,phashing,100.0,True,2026-08-17T12:37:29+00:00
bb029ac709f0492fa899f3e5223860fd,A1e101.jpg,UK Antarctic Heritage Trust Data/Condition_Artefacts/Artefacts_A_Var_Copyrright_L_Ling/A1e101.jpg,432,phashing,100.0,True,2026-08-17T12:37:29+00:00
0f0688c56e2944c4a9436bcd3eeef847,A1e1a.jpg,UK Antarctic Heritage Trust Data/Condition_Artefacts/Artefacts_A_Var_Copyrright_L_Ling/A1e1a.jpg,433,phashing,100.0,True,2026-08-17T12:37:29+00:00
425db5a061cd40e98f19019006b3ebd6,A1e1b.jpg,UK Antarctic Heritage Trust Data/Condition_Artefacts/Artefacts_A_Var_Copyrright_L_Ling/A1e1b.jpg,434,phashing,100.0,True,2026-08-17T12:37:29+00:00
15be4da4faff473e8ab9d50d8161bc7a,A1e20.jpg,UK Antarctic Heritage Trust Data/Condition_Artefacts/Artefacts_A_Var_Copyrright_L_Ling/A1e20.jpg,435,phashing,100.0,True,2026-08-17T12:37:29+00:00
2951d3413dc34726bd2ef3f5e9d5d0be,A1e24.jpg,UK Antarctic Heritage Trust Data/Condition_Artefacts/Artefacts_A_Var_Copyrright_L_Ling/A1e24.jpg,436,phashing,100.0,True,2026-08-17T12:37:29+00:00
64200855cc074812b49703d1f6a1388e,A1e25a.jpg,UK Antarctic Heritage Trust Data/Condition_Artefacts/Artefacts_A_Var_Copyrright_L_Ling/A1e25a.jpg,437,phashing,100.0,True,2026-08-17T12:37:29+00:00
d6473f3d609d44919dae09d1cc16f9d1,A1e25c.jpg,UK Antarctic Heritage Trust Data/Condition_Artefacts/Artefacts_A_Var_Copyrright_L_Ling/A1e25c.jpg,438,phashing,100.0,True,2026-08-17T12:37:29+00:00
28edab6970f94497ab964145797438af,A1e28.jpg,UK Antarctic Heritage Trust Data/Condition_Artefacts/Artefacts_A_Var_Copyrright_L_Ling/A1e28.jpg,439,phashing,100.0,True,2026-08-17T12:37:29+00:00
051e062834584777b23acaef2f844601,A1e3.jpg,UK Antarctic Heritage Trust Data/Condition_Artefacts/Artefacts_A_Var_Copyrright_L_Ling/A1e3.jpg,440,phashing,100.0,True,2026-08-17T12:37:29+00:00
c047ce32a96244eb8ebe0334533a78e1,A1e30.jpg,UK Antarctic Heritage Trust Data/Condition_Artefacts/Artefacts_A_Var_Copyrright_L_Ling/A1e30.jpg,441,phashing,100.0,True,2026-08-17T12:37:29+00:00
dfde754e3d3a4b40b327d38d47ffa3cf,A1e32.jpg,UK Antarctic Heritage Trust Data/Condition_Artefacts/Artefacts_A_Var_Copyrright_L_Ling/A1e32.jpg,442,phashing,100.0,True,2026-08-17T12:37:29+00:00
1212d5bed2a944bea566896e73d38e97,A1e32z.jpg,UK Antarctic Heritage Trust Data/Condition_Artefacts/Artefacts_A_Var_Copyrright_L_Ling/A1e32z.jpg,443,phashing,100.0,True,2026-08-17T12:37:29+00:00
0d79f985007b464a88e69eff6687167a,A1e34.jpg,UK Antarctic Heritage Trust Data/Condition_Artefacts/Artefacts_A_Var_Copyrright_L_Ling/A1e34.jpg,444,phashing,100.0,True,2026-08-17T12:37:29+00:00
f1265c5705a74a5e8832d5d7ebc6652b,A1e34a.jpg,UK Antarctic Heritage Trust Data/Condition_Artefacts/Artefacts_A_Var_Copyrright_L_Ling/A1e34a.jpg,445,phashing,100.0,True,2026-08-17T12:37:29+00:00
db1e0917d7784113b491e502f7f783aa,A1e4.jpg,UK Antarctic Heritage Trust Data/Condition_Artefacts/Artefacts_A_Var_Copyrright_L_Ling/A1e4.jpg,446,phashing,100.0,True,2026-08-17T12:37:29+00:00
e93f735302f3490eb252205d92ebda5f,A1e41j.jpg,UK Antarctic Heritage Trust Data/Condition_Artefacts/Artefacts_A_Var_Copyrright_L_Ling/A1e41j.jpg,447,phashing,100.0,True,2026-08-17T12:37:29+00:00
327d125057ca467d8a835981b40befdc,A1e41k.jpg,UK Antarctic Heritage Trust Data/Condition_Artefacts/Artefacts_A_Var_Copyrright_L_Ling/A1e41k.jpg,448,phashing,100.0,True,2026-08-17T12:37:29+00:00
b35592d2f46b44c2a39ad2025b404aa0,A1e41l.jpg,UK Antarctic Heritage Trust Data/Condition_Artefacts/Artefacts_A_Var_Copyrright_L_Ling/A1e41l.jpg,449,phashing,100.0,True,2026-08-17T12:37:29+00:00
55b3f67e20d3408eb55c833684a92e9e,A1e41m.jpg,UK Antarctic Heritage Trust Data/Condition_Artefacts/Artefacts_A_Var_Copyrright_L_Ling/A1e41m.jpg,450,phashing,100.0,True,2026-08-17T12:37:29+00:00
4bb05f3879a249eda9c6a8d74ced6697,A1e41n.jpg,UK Antarctic Heritage Trust Data/Condition_Artefacts/Artefacts_A_Var_Copyrright_L_Ling/A1e41n.jpg,451,phashing,100.0,True,2026-08-17T12:37:29+00:00
9bf1451f293b4ea0853c5f64307a409b,A1e41o.jpg,UK Antarctic Heritage Trust Data/Condition_Artefacts/Artefacts_A_Var_Copyrright_L_Ling/A1e41o.jpg,452,phashing,100.0,True,2026-08-17T12:37:29+00:00
23d732479f674f609db4db19d2c0ff04,A1e41p.jpg,UK Antarctic Heritage Trust Data/Condition_Artefacts/Artefacts_A_Var_Copyrright_L_Ling/A1e41p.jpg,453,phashing,100.0,True,2026-08-17T12:37:29+00:00
ee292f2bfde74207826e375dcab3453a,A1e41q.jpg,UK Antarctic Heritage Trust Data/Condition_Artefacts/Artefacts_A_Var_Copyrright_L_Ling/A1e41q.jpg,454,phashing,100.0,True,2026-08-17T12:37:29+00:00
b5983086df9640c7ada792448d35bd49,A1e41r.jpg,UK Antarctic Heritage Trust Data/Condition_Artefacts/Artefacts_A_Var_Copyrright_L_Ling/A1e41r.jpg,455,phashing,100.0,True,2026-08-17T12:37:29+00:00
560a147d6141434c8f55540bf82622c2,A1e41s.jpg,UK Antarctic Heritage Trust Data/Condition_Artefacts/Artefacts_A_Var_Copyrright_L_Ling/A1e41s.jpg,456,phashing,100.0,True,2026-08-17T12:37:29+00:00
d8696cab90384f5ebee40d37dcf7b14d,A1e41t.jpg,UK Antarctic Heritage Trust Data/Condition_Artefacts/Artefacts_A_Var_Copyrright_L_Ling/A1e41t.jpg,457,phashing,100.0,True,2026-08-17T12:37:29+00:00
bbb190db0de34036af935e168ffe2e72,A1e41u.jpg,UK Antarctic Heritage Trust Data/Condition_Artefacts/Artefacts_A_Var_Copyrright_L_Ling/A1e41u.jpg,458,phashing,100.0,True,2026-08-17T12:37:29+00:00
3513d12d0f144dcd94f4cc638a6f00d8,A1e41v.jpg,UK Antarctic Heritage Trust Data/Condition_Artefacts/Artefacts_A_Var_Copyrright_L_Ling/A1e41v.jpg,459,phashing,100.0,True,2026-08-17T12:37:29+00:00
ae52cb27f8f94e09b0c858312e7c8d54,A1e41w.jpg,UK Antarctic Heritage Trust Data/Condition_Artefacts/Artefacts_A_Var_Copyrright_L_Ling/A1e41w.jpg,460,phashing,100.0,True,2026-08-17T12:37:29+00:00
0d3d623ba4d34610865fda348d420772,A1e41x.jpg,UK Antarctic Heritage Trust Data/Condition_Artefacts/Artefacts_A_Var_Copyrright_L_Ling/A1e41x.jpg,461,phashing,100.0,True,2026-08-17T12:37:29+00:00
dc966426457241ecb3645dec50687423,A1e41y.jpg,UK Antarctic Heritage Trust Data/Condition_Artefacts/Artefacts_A_Var_Copyrright_L_Ling/A1e41y.jpg,462,phashing,100.0,True,2026-08-17T12:37:29+00:00
a215a0624b7042cdb18149d2f3e4f7f3,A1e41z.jpg,UK Antarctic Heritage Trust Data/Condition_Artefacts/Artefacts_A_Var_Copyrright_L_Ling/A1e41z.jpg,463,phashing,100.0,True,2026-08-17T12:37:29+00:00
bd37443b02864b8aa2dbedda8af24aa4,A1e42.jpg,UK Antarctic Heritage Trust Data/Condition_Artefacts/Artefacts_A_Var_Copyrright_L_Ling/A1e42.jpg,464,phashing,100.0,True,2026-08-17T12:37:29+00:00
953fdea3c66a4305ab252f3b80910b3c,A1e45.jpg,UK Antarctic Heritage Trust Data/Condition_Artefacts/Artefacts_A_Var_Copyrright_L_Ling/A1e45.jpg,465,phashing,100.0,True,2026-08-17T12:37:29+00:00
252fb37e915c4f2cbdae8f014da0719b,A1e50&d21.jpg,UK Antarctic Heritage Trust Data/Condition_Artefacts/Artefacts_A_Var_Copyrright_L_Ling/A1e50&d21.jpg,466,phashing,100.0,True,2026-08-17T12:37:29+00:00
8294663ff4a94d62a62aff09fc55f126,A1e57.jpg,UK Antarctic Heritage Trust Data/Condition_Artefacts/Artefacts_A_Var_Copyrright_L_Ling/A1e57.jpg,467,phashing,100.0,True,2026-08-17T12:37:29+00:00
054d87e896954ac6b90e5c7e1dcb6ff0,A1e66.jpg,UK Antarctic Heritage Trust Data/Condition_Artefacts/Artefacts_A_Var_Copyrright_L_Ling/A1e66.jpg,468,phashing,100.0,True,2026-08-17T12:37:29+00:00
fbbcf529e24246b88f9fd89f71340fde,A1e7a.jpg,UK Antarctic Heritage Trust Data/Condition_Artefacts/Artefacts_A_Var_Copyrright_L_Ling/A1e7a.jpg,469,phashing,100.0,True,2026-08-17T12:37:29+00:00
79ebf74d4adb4f92b7170fb28dbdb91b,A1e7b.jpg,UK Antarctic Heritage Trust Data/Condition_Artefacts/Artefacts_A_Var_Copyrright_L_Ling/A1e7b.jpg,470,phashing,100.0,True,2026-08-17T12:37:29+00:00
9ab739f4b1b64039867e1f168c100491,A1e8.jpg,UK Antarctic Heritage Trust Data/Condition_Artefacts/Artefacts_A_Var_Copyrright_L_Ling/A1e8.jpg,471,phashing,100.0,True,2026-08-17T12:37:29+00:00
53d0dfc867114fb497adf3efad46de92,A1e9 (2).jpg,UK Antarctic Heritage Trust Data/Condition_Artefacts/Artefacts_A_Var_Copyrright_L_Ling/A1e9 (2).jpg,472,phashing,100.0,True,2026-08-17T12:37:29+00:00
e269e727335046908debcb5f75e1dfaf,A1e9.jpg,UK Antarctic Heritage Trust Data/Condition_Artefacts/Artefacts_A_Var_Copyrright_L_Ling/A1e9.jpg,473,phashing,100.0,True,2026-08-17T12:37:29+00:00
f36812f8d89f4bad894d00c1bcc87f2a,A1f1.jpg,UK Antarctic Heritage Trust Data/Condition_Artefacts/Artefacts_A_Var_Copyrright_L_Ling/A1f1.jpg,474,phashing,100.0,True,2026-08-17T12:37:29+00:00
c285f92fcab64371a0712bd4c839d9ba,A1f11.jpg,UK Antarctic Heritage Trust Data/Condition_Artefacts/Artefacts_A_Var_Copyrright_L_Ling/A1f11.jpg,475,phashing,100.0,True,2026-08-17T12:37:29+00:00
327e41254f514701bb5ded490c73e73f,A1f14.jpg,UK Antarctic Heritage Trust Data/Condition_Artefacts/Artefacts_A_Var_Copyrright_L_Ling/A1f14.jpg,476,phashing,100.0,True,2026-08-17T12:37:29+00:00
008f56e2845c4f1fb97b80d31e725783,A1f15.jpg,UK Antarctic Heritage Trust Data/Condition_Artefacts/Artefacts_A_Var_Copyrright_L_Ling/A1f15.jpg,477,phashing,100.0,True,2026-08-17T12:37:29+00:00
f304ae5dcaf8427eb3fe340671e64d75,A1f16.jpg,UK Antarctic Heritage Trust Data/Condition_Artefacts/Artefacts_A_Var_Copyrright_L_Ling/A1f16.jpg,478,phashing,100.0,True,2026-08-17T12:37:29+00:00
cd6c94c541f14f49bc30557ee699a804,A1f17.jpg,UK Antarctic Heritage Trust Data/Condition_Artefacts/Artefacts_A_Var_Copyrright_L_Ling/A1f17.jpg,479,phashing,100.0,True,2026-08-17T12:37:29+00:00
c554f2007fba4c92a582a5a3dc590301,A1f17_2a.jpg,UK Antarctic Heritage Trust Data/Condition_Artefacts/Artefacts_A_Var_Copyrright_L_Ling/A1f17_2a.jpg,480,phashing,100.0,True,2026-08-17T12:37:29+00:00
85119119c7614c029f5763e44799b425,A1f17_2b.jpg,UK Antarctic Heritage Trust Data/Condition_Artefacts/Artefacts_A_Var_Copyrright_L_Ling/A1f17_2b.jpg,481,phashing,100.0,True,2026-08-17T12:37:29+00:00
b88fb6ffaa5d4e7d9d5b4c05e25a6f78,A1f17a.jpg,UK Antarctic Heritage Trust Data/Condition_Artefacts/Artefacts_A_Var_Copyrright_L_Ling/A1f17a.jpg,482,phashing,100.0,True,2026-08-17T12:37:29+00:00
5eda8446e57b4b2a8c134849571bad86,A1f18a.jpg,UK Antarctic Heritage Trust Data/Condition_Artefacts/Artefacts_A_Var_Copyrright_L_Ling/A1f18a.jpg,483,phashing,100.0,True,2026-08-17T12:37:29+00:00
39d8add3c32a4ad384efafa68b92152a,A1f2.jpg,UK Antarctic Heritage Trust Data/Condition_Artefacts/Artefacts_A_Var_Copyrright_L_Ling/A1f2.jpg,484,phashing,100.0,True,2026-08-17T12:37:29+00:00
99e498db83f64c1d850157d5066ef135,A1f20&5.jpg,UK Antarctic Heritage Trust Data/Condition_Artefacts/Artefacts_A_Var_Copyrright_L_Ling/A1f20&5.jpg,485,phashing,100.0,True,2026-08-17T12:37:29+00:00
3ebebf7df76b443a811c497d1aba611a,A1f21.jpg,UK Antarctic Heritage Trust Data/Condition_Artefacts/Artefacts_A_Var_Copyrright_L_Ling/A1f21.jpg,486,phashing,100.0,True,2026-08-17T12:37:29+00:00
eb6997de9cfb469bb3bffc0a87904400,A1f22a.jpg,UK Antarctic Heritage Trust Data/Condition_Artefacts/Artefacts_A_Var_Copyrright_L_Ling/A1f22a.jpg,487,phashing,100.0,True,2026-08-17T12:37:29+00:00
fe4f1ea49526454abf75e857222b9a3b,A1f22b.jpg,UK Antarctic Heritage Trust Data/Condition_Artefacts/Artefacts_A_Var_Copyrright_L_Ling/A1f22b.jpg,488,phashing,100.0,True,2026-08-17T12:37:29+00:00
98f72d1599bf4a0095770a987a22a8ff,A1f22c.jpg,UK Antarctic Heritage Trust Data/Condition_Artefacts/Artefacts_A_Var_Copyrright_L_Ling/A1f22c.jpg,489,phashing,100.0,True,2026-08-17T12:37:29+00:00
cdc9a54425d241478f82e66c1dddf67e,A1f2b.jpg,UK Antarctic Heritage Trust Data/Condition_Artefacts/Artefacts_A_Var_Copyrright_L_Ling/A1f2b.jpg,490,phashing,100.0,True,2026-08-17T12:37:29+00:00
a6305969544348438f6d532375a6ea6b,A1f4.jpg,UK Antarctic Heritage Trust Data/Condition_Artefacts/Artefacts_A_Var_Copyrright_L_Ling/A1f4.jpg,491,phashing,100.0,True,2026-08-17T12:37:29+00:00
c46f26531d9242e78f656c8459c8decd,1964 extension basis.jpg,"UK Antarctic Heritage Trust Data/Hist_E_Var_Copyright_NeilMarsden/Marsden, Neil/Marsden, Neil/1964 extension basis.jpg",492,phashing,100.0,True,2026-08-17T12:37:29+00:00
69db4f8ff4f64b7f82dc62e0b0565a2c,1964 extension.jpg,"UK Antarctic Heritage Trust Data/Hist_E_Var_Copyright_NeilMarsden/Marsden, Neil/Marsden, Neil/1964 extension.jpg",493,phashing,100.0,True,2026-08-17T12:37:29+00:00
dbe343922bbc4e0baf94dee5199ccb4d,Afternoon smoko.jpg,"UK Antarctic Heritage Trust Data/Hist_E_Var_Copyright_NeilMarsden/Marsden, Neil/Marsden, Neil/Afternoon smoko.jpg",494,phashing,100.0,True,2026-08-17T12:37:29+00:00
4c901c603d5b44369354cc98d73dc7de,At the bar.jpg,"UK Antarctic Heritage Trust Data/Hist_E_Var_Copyright_NeilMarsden/Marsden, Neil/Marsden, Neil/At the bar.jpg",495,phashing,100.0,True,2026-08-17T12:37:29+00:00
f8ca504a63b845e2a110402601a05aa4,Bar and firreplacee taking shape.jpg,"UK Antarctic Heritage Trust Data/Hist_E_Var_Copyright_NeilMarsden/Marsden, Neil/Marsden, Neil/Bar and firreplacee taking shape.jpg",496,phashing,100.0,True,2026-08-17T12:37:29+00:00
c19bb773892a46f6a93dafec3e91bce1,Bathroom.jpg,"UK Antarctic Heritage Trust Data/Hist_E_Var_Copyright_NeilMarsden/Marsden, Neil/Marsden, Neil/Bathroom.jpg",497,phashing,100.0,True,2026-08-17T12:37:29+00:00
ce69df0e7b4e447687adc15c0a9adf85,Building the new bar.jpg,"UK Antarctic Heritage Trust Data/Hist_E_Var_Copyright_NeilMarsden/Marsden, Neil/Marsden, Neil/Building the new bar.jpg",498,phashing,100.0,True,2026-08-17T12:37:29+00:00
7d609be5b6ea4f68b1f700b9d20a6932,Bunkroom cleaning.jpg,"UK Antarctic Heritage Trust Data/Hist_E_Var_Copyright_NeilMarsden/Marsden, Neil/Marsden, Neil/Bunkroom cleaning.jpg",499,phashing,100.0,True,2026-08-17T12:37:29+00:00
32fac94d66e0478faa4d22aefc235a81,Completed extension.jpg,"UK Antarctic Heritage Trust Data/Hist_E_Var_Copyright_NeilMarsden/Marsden, Neil/Marsden, Neil/Completed extension.jpg",500,phashing,100.0,True,2026-08-17T12:37:29+00:00
0554e4fa89934a2f9c59930c300acaef,"Diesel mech, electrician in new extension.jpg","UK Antarctic Heritage Trust Data/Hist_E_Var_Copyright_NeilMarsden/Marsden, Neil/Marsden, Neil/Diesel mech, electrician in new extension.jpg",501,phashing,100.0,True,2026-08-17T12:37:29+00:00
286fe4c5b15745efbcacc7987baf531b,Extension disappears.jpg,"UK Antarctic Heritage Trust Data/Hist_E_Var_Copyright_NeilMarsden/Marsden, Neil/Marsden, Neil/Extension disappears.jpg",502,phashing,100.0,True,2026-08-17T12:37:29+00:00
75dd32f885264c0eae84ca06dcfe684c,Filling water tank in summer.jpg,"UK Antarctic Heritage Trust Data/Hist_E_Var_Copyright_NeilMarsden/Marsden, Neil/Marsden, Neil/Filling water tank in summer.jpg",503,phashing,100.0,True,2026-08-17T12:37:29+00:00
5f9f5b044d6e47e19f0b7b36e92cb10e,Finishing new extension.jpg,"UK Antarctic Heritage Trust Data/Hist_E_Var_Copyright_NeilMarsden/Marsden, Neil/Marsden, Neil/Finishing new extension.jpg",504,phashing,100.0,True,2026-08-17T12:37:29+00:00
c1ffb56392ec400d8b4036f2aa2929fb,From the sea ice.jpg,"UK Antarctic Heritage Trust Data/Hist_E_Var_Copyright_NeilMarsden/Marsden, Neil/Marsden, Neil/From the sea ice.jpg",505,phashing,100.0,True,2026-08-17T12:37:29+00:00
cf7936862f2f439b8a9511bac64e30cc,Geology office.jpg,"UK Antarctic Heritage Trust Data/Hist_E_Var_Copyright_NeilMarsden/Marsden, Neil/Marsden, Neil/Geology office.jpg",506,phashing,100.0,True,2026-08-17T12:37:29+00:00
5f5c105957b1444782537b5415922691,Library laughter.jpg,"UK Antarctic Heritage Trust Data/Hist_E_Var_Copyright_NeilMarsden/Marsden, Neil/Marsden, Neil/Library laughter.jpg",507,phashing,100.0,True,2026-08-17T12:37:29+00:00
1fbd890df0794ed792463069fe998814,Louge relaxation.jpg,"UK Antarctic Heritage Trust Data/Hist_E_Var_Copyright_NeilMarsden/Marsden, Neil/Marsden, Neil/Louge relaxation.jpg",508,phashing,100.0,True,2026-08-17T12:37:29+00:00
5e5e412d3500410395758daecc271570,Lounge scrubout.jpg,"UK Antarctic Heritage Trust Data/Hist_E_Var_Copyright_NeilMarsden/Marsden, Neil/Marsden, Neil/Lounge scrubout.jpg",509,phashing,100.0,True,2026-08-17T12:37:29+00:00
d72e25f2c5324939a3d57302e4a01c34,Making new harnesses.JPG,"UK Antarctic Heritage Trust Data/Hist_E_Var_Copyright_NeilMarsden/Marsden, Neil/Marsden, Neil/Making new harnesses.JPG",510,phashing,100.0,True,2026-08-17T12:37:29+00:00
d36d343e4c094c76bf1dba3919c1f971,Medium size female husky.jpg,"UK Antarctic Heritage Trust Data/Hist_E_Var_Copyright_NeilMarsden/Marsden, Neil/Marsden, Neil/Medium size female husky.jpg",511,phashing,100.0,True,2026-08-17T12:37:29+00:00
ca204c3c6578493c9ec28f196762484b,Midwinter celebrations.jpg,"UK Antarctic Heritage Trust Data/Hist_E_Var_Copyright_NeilMarsden/Marsden, Neil/Marsden, Neil/Midwinter celebrations.jpg",512,phashing,100.0,True,2026-08-17T12:37:29+00:00
4d93e5ee03c84b89892124919f7cf4bf,More unloading.jpg,"UK Antarctic Heritage Trust Data/Hist_E_Var_Copyright_NeilMarsden/Marsden, Neil/Marsden, Neil/More unloading.jpg",513,phashing,100.0,True,2026-08-17T12:37:29+00:00
3ae5b9d8195c47d9872b78ac031ca78e,Noticeboard.jpg,"UK Antarctic Heritage Trust Data/Hist_E_Var_Copyright_NeilMarsden/Marsden, Neil/Marsden, Neil/Noticeboard.jpg",514,phashing,100.0,True,2026-08-17T12:37:29+00:00
965e63e1b66145ffa49b601034ecdb34,Party time.jpg,"UK Antarctic Heritage Trust Data/Hist_E_Var_Copyright_NeilMarsden/Marsden, Neil/Marsden, Neil/Party time.jpg",515,phashing,100.0,True,2026-08-17T12:37:29+00:00
1ded9fd030634be0bfc05cd3eb54104b,Pretend radio op.jpg,"UK Antarctic Heritage Trust Data/Hist_E_Var_Copyright_NeilMarsden/Marsden, Neil/Marsden, Neil/Pretend radio op.jpg",516,phashing,100.0,True,2026-08-17T12:37:29+00:00
117bcf12c6d54247a39ee759fd7f50a9,Proper radio op.jpg,"UK Antarctic Heritage Trust Data/Hist_E_Var_Copyright_NeilMarsden/Marsden, Neil/Marsden, Neil/Proper radio op.jpg",517,phashing,100.0,True,2026-08-17T12:37:29+00:00
ef830c50bdba4981b5499f5d6ce1f1e3,Radio shack.jpg,"UK Antarctic Heritage Trust Data/Hist_E_Var_Copyright_NeilMarsden/Marsden, Neil/Marsden, Neil/Radio shack.jpg",518,phashing,100.0,True,2026-08-17T12:37:29+00:00
abfcd694b4ea4dc5b6cbdd0f1348d992,Relaxing in library.jpg,"UK Antarctic Heritage Trust Data/Hist_E_Var_Copyright_NeilMarsden/Marsden, Neil/Marsden, Neil/Relaxing in library.jpg",519,phashing,100.0,True,2026-08-17T12:37:29+00:00
f730cb9735194620a4fae6fdb006ad38,Relaxing in lounge.jpg,"UK Antarctic Heritage Trust Data/Hist_E_Var_Copyright_NeilMarsden/Marsden, Neil/Marsden, Neil/Relaxing in lounge.jpg",520,phashing,100.0,True,2026-08-17T12:37:29+00:00
54a7753db28d4fcaa4eab7c39e9d02d6,Relaxing on new extension roof.jpg,"UK Antarctic Heritage Trust Data/Hist_E_Var_Copyright_NeilMarsden/Marsden, Neil/Marsden, Neil/Relaxing on new extension roof.jpg",521,phashing,100.0,True,2026-08-17T12:37:29+00:00
6dacab72549a440887e829bf06b29acd,repairs for sledging season.jpg,"UK Antarctic Heritage Trust Data/Hist_E_Var_Copyright_NeilMarsden/Marsden, Neil/Marsden, Neil/repairs for sledging season.jpg",522,phashing,100.0,True,2026-08-17T12:37:29+00:00
3d1a5f18bf54426d81587fd76bb17bfb,Repairs.jpg,"UK Antarctic Heritage Trust Data/Hist_E_Var_Copyright_NeilMarsden/Marsden, Neil/Marsden, Neil/Repairs.jpg",523,phashing,100.0,True,2026-08-17T12:37:29+00:00
487937ef37704a1a86c1f07e5dd6e57a,Restocking coal bunker.jpg,"UK Antarctic Heritage Trust Data/Hist_E_Var_Copyright_NeilMarsden/Marsden, Neil/Marsden, Neil/Restocking coal bunker.jpg",524,phashing,100.0,True,2026-08-17T12:37:29+00:00
df7418c673c849ffb3759e1849c3dc07,RRS JB in Back Bay.jpg,"UK Antarctic Heritage Trust Data/Hist_E_Var_Copyright_NeilMarsden/Marsden, Neil/Marsden, Neil/RRS JB in Back Bay.jpg",525,phashing,100.0,True,2026-08-17T12:37:29+00:00
8c4d6cd5a04b45f5a0e1385298b0a505,RRS JB unloading at Stonington.jpg,"UK Antarctic Heritage Trust Data/Hist_E_Var_Copyright_NeilMarsden/Marsden, Neil/Marsden, Neil/RRS JB unloading at Stonington.jpg",526,phashing,100.0,True,2026-08-17T12:37:29+00:00
1ab82298e39845178c7545be336ea1ab,RRS JB unloading.jpg,"UK Antarctic Heritage Trust Data/Hist_E_Var_Copyright_NeilMarsden/Marsden, Neil/Marsden, Neil/RRS JB unloading.jpg",527,phashing,100.0,True,2026-08-17T12:37:29+00:00
219cac185ed64ac4a002288fd5464c36,RRS JB wedged into Back Bay ice.jpg,"UK Antarctic Heritage Trust Data/Hist_E_Var_Copyright_NeilMarsden/Marsden, Neil/Marsden, Neil/RRS JB wedged into Back Bay ice.jpg",528,phashing,100.0,True,2026-08-17T12:37:29+00:00
c97190e490c84f80865660d28e6029d6,Saturday night at the bar.jpg,"UK Antarctic Heritage Trust Data/Hist_E_Var_Copyright_NeilMarsden/Marsden, Neil/Marsden, Neil/Saturday night at the bar.jpg",529,phashing,100.0,True,2026-08-17T12:37:29+00:00
997e76c2690640d384baedf64997291c,Scrubout.jpg,"UK Antarctic Heritage Trust Data/Hist_E_Var_Copyright_NeilMarsden/Marsden, Neil/Marsden, Neil/Scrubout.jpg",530,phashing,100.0,True,2026-08-17T12:37:29+00:00
3f81ebc8e4bf4a15b02557bb5ebade9c,Snow arrives.jpg,"UK Antarctic Heritage Trust Data/Hist_E_Var_Copyright_NeilMarsden/Marsden, Neil/Marsden, Neil/Snow arrives.jpg",531,phashing,100.0,True,2026-08-17T12:37:29+00:00
c40ff2b5db19467c959526758cc06306,Sometimes they were quite clean.jpg,"UK Antarctic Heritage Trust Data/Hist_E_Var_Copyright_NeilMarsden/Marsden, Neil/Marsden, Neil/Sometimes they were quite clean.jpg",532,phashing,100.0,True,2026-08-17T12:37:29+00:00
e15ef63b9d994ae1a99e6fad4f0a9193,Stonington from Neny Island.jpg,"UK Antarctic Heritage Trust Data/Hist_E_Var_Copyright_NeilMarsden/Marsden, Neil/Marsden, Neil/Stonington from Neny Island.jpg",533,phashing,100.0,True,2026-08-17T12:37:29+00:00
0e1df935c4be46edb814d84cbca760a3,Survey office (1).jpg,"UK Antarctic Heritage Trust Data/Hist_E_Var_Copyright_NeilMarsden/Marsden, Neil/Marsden, Neil/Survey office (1).jpg",534,phashing,100.0,True,2026-08-17T12:37:29+00:00
cb00121352914e6985da9c9eceae8038,Survey office 2.jpg,"UK Antarctic Heritage Trust Data/Hist_E_Var_Copyright_NeilMarsden/Marsden, Neil/Marsden, Neil/Survey office 2.jpg",535,phashing,100.0,True,2026-08-17T12:37:29+00:00
e61ec3e5476b4ec9a8520e4653bd54c8,Survey office relaxation.jpg,"UK Antarctic Heritage Trust Data/Hist_E_Var_Copyright_NeilMarsden/Marsden, Neil/Marsden, Neil/Survey office relaxation.jpg",536,phashing,100.0,True,2026-08-17T12:37:29+00:00
e6315eb20f5842e0a1902fcf7762cb96,Unloading 1.jpg,"UK Antarctic Heritage Trust Data/Hist_E_Var_Copyright_NeilMarsden/Marsden, Neil/Marsden, Neil/Unloading 1.jpg",537,phashing,100.0,True,2026-08-17T12:37:29+00:00
f4afab3da7ef4d499abdf1c94c731a2f,Usual view from sledge (2).jpg,"UK Antarctic Heritage Trust Data/Hist_E_Var_Copyright_NeilMarsden/Marsden, Neil/Marsden, Neil/Usual view from sledge (2).jpg",538,phashing,100.0,True,2026-08-17T12:37:29+00:00
fb5809f23fd94777a1beb1eb769d17fe,Usual view from sledge.jpg,"UK Antarctic Heritage Trust Data/Hist_E_Var_Copyright_NeilMarsden/Marsden, Neil/Marsden, Neil/Usual view from sledge.jpg",539,phashing,100.0,True,2026-08-17T12:37:29+00:00
a358e31dadfb41b4b9ae8be7809a7c45,Winter set in.jpg,"UK Antarctic Heritage Trust Data/Hist_E_Var_Copyright_NeilMarsden/Marsden, Neil/Marsden, Neil/Winter set in.jpg",540,phashing,100.0,True,2026-08-17T12:37:29+00:00
ba8bc24af8c14d97afeb7893ac92c0b9,Writing survey report.jpg,"UK Antarctic Heritage Trust Data/Hist_E_Var_Copyright_NeilMarsden/Marsden, Neil/Marsden, Neil/Writing survey report.jpg",541,phashing,100.0,True,2026-08-17T12:37:29+00:00
44f0825c27aa45f0a71f6d8b6e07a615,DSC_7114.JPG,UK Antarctic Heritage Trust Data/SfM/SfM_A_external/DSC_7114.JPG,542,phashing,100.0,True,2026-08-17T12:37:29+00:00
663c4858f134424bba829a772437d0a0,DSC_7115.JPG,UK Antarctic Heritage Trust Data/SfM/SfM_A_external/DSC_7115.JPG,543,phashing,100.0,True,2026-08-17T12:37:29+00:00
057a3c477dd24a4b9106285e1d1f6c06,DSC_7116.JPG,UK Antarctic Heritage Trust Data/SfM/SfM_A_external/DSC_7116.JPG,544,phashing,100.0,True,2026-08-17T12:37:29+00:00
2e54585075394395bc4901e76b4d5d42,DSC_7117.JPG,UK Antarctic Heritage Trust Data/SfM/SfM_A_external/DSC_7117.JPG,545,phashing,100.0,True,2026-08-17T12:37:29+00:00
8440208b018440c0a5d6948c1fd008f1,DSC_7118.JPG,UK Antarctic Heritage Trust Data/SfM/SfM_A_external/DSC_7118.JPG,546,phashing,100.0,True,2026-08-17T12:37:29+00:00
e33309c60b514bb592a08c9119208eb7,DSC_7119.JPG,UK Antarctic Heritage Trust Data/SfM/SfM_A_external/DSC_7119.JPG,547,phashing,100.0,True,2026-08-17T12:37:29+00:00
1e1f71e4743a458ebc30561bce4be61d,DSC_7120.JPG,UK Antarctic Heritage Trust Data/SfM/SfM_A_external/DSC_7120.JPG,548,phashing,100.0,True,2026-08-17T12:37:29+00:00
51860805a78142fab0a6ac13b1aba4b1,DSC_7121.JPG,UK Antarctic Heritage Trust Data/SfM/SfM_A_external/DSC_7121.JPG,549,phashing,100.0,True,2026-08-17T12:37:29+00:00
cbf0b30272c443cd8b2899ad31932db1,DSC_7122.JPG,UK Antarctic Heritage Trust Data/SfM/SfM_A_external/DSC_7122.JPG,550,phashing,100.0,True,2026-08-17T12:37:29+00:00
4863e3d3d4e14d2ca41cf21afcaf78a0,DSC_7123.JPG,UK Antarctic Heritage Trust Data/SfM/SfM_A_external/DSC_7123.JPG,551,phashing,100.0,True,2026-08-17T12:37:29+00:00
937a504f1c0040218b4b5eb14b875b99,DSC_7124.JPG,UK Antarctic Heritage Trust Data/SfM/SfM_A_external/DSC_7124.JPG,552,phashing,100.0,True,2026-08-17T12:37:29+00:00
dd3c767493ce4f07a3718e56c74b4b27,DSC_7125.JPG,UK Antarctic Heritage Trust Data/SfM/SfM_A_external/DSC_7125.JPG,553,phashing,100.0,True,2026-08-17T12:37:29+00:00
b9fb761d11564929bfd4cee649c4247a,DSC_7126.JPG,UK Antarctic Heritage Trust Data/SfM/SfM_A_external/DSC_7126.JPG,554,phashing,100.0,True,2026-08-17T12:37:29+00:00
f169ec322e04484ea4e6a76bb8169963,DSC_7127.JPG,UK Antarctic Heritage Trust Data/SfM/SfM_A_external/DSC_7127.JPG,555,phashing,100.0,True,2026-08-17T12:37:29+00:00
d218b29f11b044abba9c2f72160e5bdb,DSC_7128.JPG,UK Antarctic Heritage Trust Data/SfM/SfM_A_external/DSC_7128.JPG,556,phashing,100.0,True,2026-08-17T12:37:29+00:00
aea0687b3b6b4f168c9dcd8b0e42e8a1,DSC_7129.JPG,UK Antarctic Heritage Trust Data/SfM/SfM_A_external/DSC_7129.JPG,557,phashing,100.0,True,2026-08-17T12:37:29+00:00
8a6619b423f44a44a278232508dbb5a8,DSC_7130.JPG,UK Antarctic Heritage Trust Data/SfM/SfM_A_external/DSC_7130.JPG,558,phashing,100.0,True,2026-08-17T12:37:29+00:00
8903e1711aba4483b5b736cce0490830,DSC_7131.JPG,UK Antarctic Heritage Trust Data/SfM/SfM_A_external/DSC_7131.JPG,559,phashing,100.0,True,2026-08-17T12:37:29+00:00
8fd57a99314648a59563aeef0cbe986a,DSC_7132.JPG,UK Antarctic Heritage Trust Data/SfM/SfM_A_external/DSC_7132.JPG,560,phashing,100.0,True,2026-08-17T12:37:29+00:00
62b2596684724d36952d1d3ca99af90e,DSC_7133.JPG,UK Antarctic Heritage Trust Data/SfM/SfM_A_external/DSC_7133.JPG,561,phashing,100.0,True,2026-08-17T12:37:29+00:00
a0cbcf7083b84a518eff9c89bb49488b,DSC_7134.JPG,UK Antarctic Heritage Trust Data/SfM/SfM_A_external/DSC_7134.JPG,562,phashing,100.0,True,2026-08-17T12:37:29+00:00
c1058ad76a024439bf9c661bdb695448,DSC_7135.JPG,UK Antarctic Heritage Trust Data/SfM/SfM_A_external/DSC_7135.JPG,563,phashing,100.0,True,2026-08-17T12:37:29+00:00
7e7684d535a1499abde7f4bd5de7e588,DSC_7136.JPG,UK Antarctic Heritage Trust Data/SfM/SfM_A_external/DSC_7136.JPG,564,phashing,100.0,True,2026-08-17T12:37:29+00:00
fd5f5fc6d68b4790b3c3be8c5c5c6998,DSC_7137.JPG,UK Antarctic Heritage Trust Data/SfM/SfM_A_external/DSC_7137.JPG,565,phashing,100.0,True,2026-08-17T12:37:29+00:00
163788c517f24d19a82ee2275ecc0852,DSC_7138.JPG,UK Antarctic Heritage Trust Data/SfM/SfM_A_external/DSC_7138.JPG,566,phashing,100.0,True,2026-08-17T12:37:29+00:00
4105197fbf18424086699e5476e38134,DSC_7139.JPG,UK Antarctic Heritage Trust Data/SfM/SfM_A_external/DSC_7139.JPG,567,phashing,100.0,True,2026-08-17T12:37:29+00:00
6ea36d7ca11746cbaacabf5bc55530e1,DSC_7140.JPG,UK Antarctic Heritage Trust Data/SfM/SfM_A_external/DSC_7140.JPG,568,phashing,100.0,True,2026-08-17T12:37:29+00:00
825929e06bda437c9178cd90aae2a1f8,DSC_7141.JPG,UK Antarctic Heritage Trust Data/SfM/SfM_A_external/DSC_7141.JPG,569,phashing,100.0,True,2026-08-17T12:37:29+00:00
a03337e4ad7649be917fb04a7520b629,DSC_7142.JPG,UK Antarctic Heritage Trust Data/SfM/SfM_A_external/DSC_7142.JPG,570,phashing,100.0,True,2026-08-17T12:37:29+00:00
76344d673b2642dc8464310ec66cb841,DSC_7143.JPG,UK Antarctic Heritage Trust Data/SfM/SfM_A_external/DSC_7143.JPG,571,phashing,100.0,True,2026-08-17T12:37:29+00:00
d92a92aa456043119e5c58aa54f516c1,DSC_7144.JPG,UK Antarctic Heritage Trust Data/SfM/SfM_A_external/DSC_7144.JPG,572,phashing,100.0,True,2026-08-17T12:37:29+00:00
e1e944f299f842eb9c00bafbe930be71,DSC_7145.JPG,UK Antarctic Heritage Trust Data/SfM/SfM_A_external/DSC_7145.JPG,573,phashing,100.0,True,2026-08-17T12:37:29+00:00
f0c7328d27b44f87b13269618c319935,DSC_7146.JPG,UK Antarctic Heritage Trust Data/SfM/SfM_A_external/DSC_7146.JPG,574,phashing,100.0,True,2026-08-17T12:37:29+00:00
9c99e94b15ec4c20b671b43a14a3da64,DSC_7147.JPG,UK Antarctic Heritage Trust Data/SfM/SfM_A_external/DSC_7147.JPG,575,phashing,100.0,True,2026-08-17T12:37:29+00:00
74bf86142aa8489f8d388934bbeaf97c,DSC_7148.JPG,UK Antarctic Heritage Trust Data/SfM/SfM_A_external/DSC_7148.JPG,576,phashing,100.0,True,2026-08-17T12:37:29+00:00
4dae63ea477048ef8512df5ecfdf1c96,DSC_7149.JPG,UK Antarctic Heritage Trust Data/SfM/SfM_A_external/DSC_7149.JPG,577,phashing,100.0,True,2026-08-17T12:37:29+00:00
486444d454864a36896fb02b61b35ef3,DSC_7150.JPG,UK Antarctic Heritage Trust Data/SfM/SfM_A_external/DSC_7150.JPG,578,phashing,100.0,True,2026-08-17T12:37:29+00:00
ae14e3671b4049969682381070638438,DSC_7151.JPG,UK Antarctic Heritage Trust Data/SfM/SfM_A_external/DSC_7151.JPG,579,phashing,100.0,True,2026-08-17T12:37:29+00:00
047123934ce14090a484a16cbedb0d17,DSC_7152.JPG,UK Antarctic Heritage Trust Data/SfM/SfM_A_external/DSC_7152.JPG,580,phashing,100.0,True,2026-08-17T12:37:29+00:00
d695c07d57144d4bacb93e60ca9e92fd,DSC_7153.JPG,UK Antarctic Heritage Trust Data/SfM/SfM_A_external/DSC_7153.JPG,581,phashing,100.0,True,2026-08-17T12:37:29+00:00
68bbc0a73837415394703d0b23a13a2b,DSC_7154.JPG,UK Antarctic Heritage Trust Data/SfM/SfM_A_external/DSC_7154.JPG,582,phashing,100.0,True,2026-08-17T12:37:29+00:00
5cd948f15571466d8f7366f23bc6ee75,DSC_7155.JPG,UK Antarctic Heritage Trust Data/SfM/SfM_A_external/DSC_7155.JPG,583,phashing,100.0,True,2026-08-17T12:37:29+00:00
92fc19f46d094278acaa3abc4f2f3380,DSC_7156.JPG,UK Antarctic Heritage Trust Data/SfM/SfM_A_external/DSC_7156.JPG,584,phashing,100.0,True,2026-08-17T12:37:29+00:00
09c113451fa847a1942e36c24f50cb0a,DSC_7157.JPG,UK Antarctic Heritage Trust Data/SfM/SfM_A_external/DSC_7157.JPG,585,phashing,100.0,True,2026-08-17T12:37:29+00:00
4b80a9d673f84e74b9b8509aa5b720d9,DSC_7158.JPG,UK Antarctic Heritage Trust Data/SfM/SfM_A_external/DSC_7158.JPG,586,phashing,100.0,True,2026-08-17T12:37:29+00:00
d4e833547bb94100850eac2cb0192acf,DSC_7159.JPG,UK Antarctic Heritage Trust Data/SfM/SfM_A_external/DSC_7159.JPG,587,phashing,100.0,True,2026-08-17T12:37:29+00:00
97613f78efb946af9da80165b41ba2e3,DSC_7160.JPG,UK Antarctic Heritage Trust Data/SfM/SfM_A_external/DSC_7160.JPG,588,phashing,100.0,True,2026-08-17T12:37:29+00:00
523bd5bf54374ca19bd3b795955326f5,DSC_7161.JPG,UK Antarctic Heritage Trust Data/SfM/SfM_A_external/DSC_7161.JPG,589,phashing,100.0,True,2026-08-17T12:37:29+00:00
3fe2671204d54803a49b14ff84129fae,DSC_7162.JPG,UK Antarctic Heritage Trust Data/SfM/SfM_A_external/DSC_7162.JPG,590,phashing,100.0,True,2026-08-17T12:37:29+00:00
715c75a2349148019be76bdb61002efa,DSC_7163.JPG,UK Antarctic Heritage Trust Data/SfM/SfM_A_external/DSC_7163.JPG,591,phashing,100.0,True,2026-08-17T12:37:29+00:00
7f70c45dff384df8a583b56f3eaf4bc6,DSC_7164.JPG,UK Antarctic Heritage Trust Data/SfM/SfM_A_external/DSC_7164.JPG,592,phashing,100.0,True,2026-08-17T12:37:29+00:00
212f9b0d3f2d4c09b1550e582d1b2eb6,DSC_7165.JPG,UK Antarctic Heritage Trust Data/SfM/SfM_A_external/DSC_7165.JPG,593,phashing,100.0,True,2026-08-17T12:37:29+00:00
0bde7ca1c28646879ceb1585d25fa778,DSC_7166.JPG,UK Antarctic Heritage Trust Data/SfM/SfM_A_external/DSC_7166.JPG,594,phashing,100.0,True,2026-08-17T12:37:29+00:00
a26277d163104bfc8dafe6bc36e26c25,DSC_7167.JPG,UK Antarctic Heritage Trust Data/SfM/SfM_A_external/DSC_7167.JPG,595,phashing,100.0,True,2026-08-17T12:37:29+00:00
4e8a73e25d0e43989b1f6b8a588baaf0,DSC_7168.JPG,UK Antarctic Heritage Trust Data/SfM/SfM_A_external/DSC_7168.JPG,596,phashing,100.0,True,2026-08-17T12:37:29+00:00
25cf7a2a974b42d3beaf10fe023a775c,DSC_7169.JPG,UK Antarctic Heritage Trust Data/SfM/SfM_A_external/DSC_7169.JPG,597,phashing,100.0,True,2026-08-17T12:37:29+00:00
956181e7fe414ce38349d09110c22142,DSC_7170.JPG,UK Antarctic Heritage Trust Data/SfM/SfM_A_external/DSC_7170.JPG,598,phashing,100.0,True,2026-08-17T12:37:29+00:00
5b658c17332f41f190cc7086f4765513,DSC_7171.JPG,UK Antarctic Heritage Trust Data/SfM/SfM_A_external/DSC_7171.JPG,599,phashing,100.0,True,2026-08-17T12:37:29+00:00
bec44cf19b6a43309b6bbd4423ab720e,DSC_7172.JPG,UK Antarctic Heritage Trust Data/SfM/SfM_A_external/DSC_7172.JPG,600,phashing,100.0,True,2026-08-17T12:37:29+00:00
37111a0c6be94ef4ad2296127896e8fa,DSC_7173.JPG,UK Antarctic Heritage Trust Data/SfM/SfM_A_external/DSC_7173.JPG,601,phashing,100.0,True,2026-08-17T12:37:29+00:00
5d86d8482cd94be88b2dbc79bfc0434c,DSC_7174.JPG,UK Antarctic Heritage Trust Data/SfM/SfM_A_external/DSC_7174.JPG,602,phashing,100.0,True,2026-08-17T12:37:29+00:00
b8d77e2077b44af39d9d4802fc5f26a1,DSC_7175.JPG,UK Antarctic Heritage Trust Data/SfM/SfM_A_external/DSC_7175.JPG,603,phashing,100.0,True,2026-08-17T12:37:29+00:00
fad01d30d4414ad59049b8654c7a4622,DSC_7176.JPG,UK Antarctic Heritage Trust Data/SfM/SfM_A_external/DSC_7176.JPG,604,phashing,100.0,True,2026-08-17T12:37:29+00:00
809968f964384278b99ce0408e35b077,DSC_7177.JPG,UK Antarctic Heritage Trust Data/SfM/SfM_A_external/DSC_7177.JPG,605,phashing,100.0,True,2026-08-17T12:37:29+00:00
88efd0a6072a43c08971ffb7a1720928,DSC_7178.JPG,UK Antarctic Heritage Trust Data/SfM/SfM_A_external/DSC_7178.JPG,606,phashing,100.0,True,2026-08-17T12:37:29+00:00
c3a8a26a36854559802236719963c30d,DSC_7179.JPG,UK Antarctic Heritage Trust Data/SfM/SfM_A_external/DSC_7179.JPG,607,phashing,100.0,True,2026-08-17T12:37:29+00:00
f23e79f467dd42d3a376f787b510d7c0,DSC_7180.JPG,UK Antarctic Heritage Trust Data/SfM/SfM_A_external/DSC_7180.JPG,608,phashing,100.0,True,2026-08-17T12:37:29+00:00
8bfac7a5c8684e5ab34636c1ccfb3a72,DSC_7181.JPG,UK Antarctic Heritage Trust Data/SfM/SfM_A_external/DSC_7181.JPG,609,phashing,100.0,True,2026-08-17T12:37:29+00:00
c6fdb83fc9fc4edfbcb2be92c9c96164,DSC_7182.JPG,UK Antarctic Heritage Trust Data/SfM/SfM_A_external/DSC_7182.JPG,610,phashing,100.0,True,2026-08-17T12:37:29+00:00
cf82d2ecd7c9430c855fe2103501995f,DSC_7183.JPG,UK Antarctic Heritage Trust Data/SfM/SfM_A_external/DSC_7183.JPG,611,phashing,100.0,True,2026-08-17T12:37:29+00:00
526f404846974f128a01ce338b4e3636,DSC_7184.JPG,UK Antarctic Heritage Trust Data/SfM/SfM_A_external/DSC_7184.JPG,612,phashing,100.0,True,2026-08-17T12:37:29+00:00
e0f43629bf104dd9bcb6ea0b29f0a252,DSC_7185.JPG,UK Antarctic Heritage Trust Data/SfM/SfM_A_external/DSC_7185.JPG,613,phashing,100.0,True,2026-08-17T12:37:29+00:00
720217e064ef4248882b9c5ef0ea9157,DSC_7186.JPG,UK Antarctic Heritage Trust Data/SfM/SfM_A_external/DSC_7186.JPG,614,phashing,100.0,True,2026-08-17T12:37:29+00:00
e6c86b7a137346a4b197fabef5fc49fe,DSC_7187.JPG,UK Antarctic Heritage Trust Data/SfM/SfM_A_external/DSC_7187.JPG,615,phashing,100.0,True,2026-08-17T12:37:29+00:00
1ccb8fc536894934a6a14e7dec19f01f,DSC_7188.JPG,UK Antarctic Heritage Trust Data/SfM/SfM_A_external/DSC_7188.JPG,616,phashing,100.0,True,2026-08-17T12:37:29+00:00
fb99f51249ed4c2a91fc934bf9c31e3d,DSC_7189.JPG,UK Antarctic Heritage Trust Data/SfM/SfM_A_external/DSC_7189.JPG,617,phashing,100.0,True,2026-08-17T12:37:29+00:00
49cfa1328b5f437da3c67b6a768f1841,DSC_7190.JPG,UK Antarctic Heritage Trust Data/SfM/SfM_A_external/DSC_7190.JPG,618,phashing,100.0,True,2026-08-17T12:37:29+00:00
18b9665165624925a3974c3d94601e50,DSC_7191.JPG,UK Antarctic Heritage Trust Data/SfM/SfM_A_external/DSC_7191.JPG,619,phashing,100.0,True,2026-08-17T12:37:29+00:00
9c7c1c35c8ab45938bc32b57f092481b,DSC_7192.JPG,UK Antarctic Heritage Trust Data/SfM/SfM_A_external/DSC_7192.JPG,620,phashing,100.0,True,2026-08-17T12:37:29+00:00
e01d451d2c564f39a096e3a958b9d394,DSC_7193.JPG,UK Antarctic Heritage Trust Data/SfM/SfM_A_external/DSC_7193.JPG,621,phashing,100.0,True,2026-08-17T12:37:29+00:00
e30a44b9339d49a0bfa6dadb52769a6c,DSC_7194.JPG,UK Antarctic Heritage Trust Data/SfM/SfM_A_external/DSC_7194.JPG,622,phashing,100.0,True,2026-08-17T12:37:29+00:00
eac9038a114c49a385cdded8eeb90150,DSC_7195.JPG,UK Antarctic Heritage Trust Data/SfM/SfM_A_external/DSC_7195.JPG,623,phashing,100.0,True,2026-08-17T12:37:29+00:00
d78dfddf186a44648f3aa1f50b7bca40,DSC_7196.JPG,UK Antarctic Heritage Trust Data/SfM/SfM_A_external/DSC_7196.JPG,624,phashing,100.0,True,2026-08-17T12:37:29+00:00
85287288a0ae47318413f16e8acf9360,DSC_7197.JPG,UK Antarctic Heritage Trust Data/SfM/SfM_A_external/DSC_7197.JPG,625,phashing,100.0,True,2026-08-17T12:37:29+00:00
462d4edc548042c58713eb20dc05120d,DSC_7198.JPG,UK Antarctic Heritage Trust Data/SfM/SfM_A_external/DSC_7198.JPG,625,phashing,87.5,False,2026-08-17T12:37:29+00:00
7290dfcdb4514dfbb0f34d91a53ed3cb,DSC_7199.JPG,UK Antarctic Heritage Trust Data/SfM/SfM_A_external/DSC_7199.JPG,625,phashing,81.25,False,2026-08-17T12:37:29+00:00
53a3e0f281eb4d02aee25e694b9f7ddf,DSC_7200.JPG,UK Antarctic Heritage Trust Data/SfM/SfM_A_external/DSC_7200.JPG,626,phashing,100.0,True,2026-08-17T12:37:29+00:00
efe42679a3934b0db2560abb79136d48,DSC_7201.JPG,UK Antarctic Heritage Trust Data/SfM/SfM_A_external/DSC_7201.JPG,627,phashing,100.0,True,2026-08-17T12:37:29+00:00
d593d309fa6a432897936f302ffc5b0e,DSC_7202.JPG,UK Antarctic Heritage Trust Data/SfM/SfM_A_external/DSC_7202.JPG,628,phashing,100.0,True,2026-08-17T12:37:29+00:00
98e9d0fd832c4ed8a82855461c6253e9,DSC_7205.JPG,UK Antarctic Heritage Trust Data/SfM/SfM_A_external/DSC_7205.JPG,629,phashing,100.0,True,2026-08-17T12:37:29+00:00
a852b8f36590449d8fe724a01af3b5fd,DSC_7203.JPG,UK Antarctic Heritage Trust Data/SfM/SfM_A_external/DSC_7203.JPG,629,phashing,87.5,False,2026-08-17T12:37:29+00:00
66e047845e9a46e4aebaf16be122db64,DSC_7204.JPG,UK Antarctic Heritage Trust Data/SfM/SfM_A_external/DSC_7204.JPG,630,phashing,100.0,True,2026-08-17T12:37:29+00:00
f6bec05822b3469995a4561f50bd1e04,DSC_7206.JPG,UK Antarctic Heritage Trust Data/SfM/SfM_A_external/DSC_7206.JPG,631,phashing,100.0,True,2026-08-17T12:37:29+00:00
23c91211be064459bd63153af31f8e9a,DSC_7207.JPG,UK Antarctic Heritage Trust Data/SfM/SfM_A_external/DSC_7207.JPG,632,phashing,100.0,True,2026-08-17T12:37:29+00:00
17fc90513efa4fefb27c2d213d623629,DSC_7208.JPG,UK Antarctic Heritage Trust Data/SfM/SfM_A_external/DSC_7208.JPG,633,phashing,100.0,True,2026-08-17T12:37:29+00:00
1d683621130641c4a6b42a694d0797e5,DSC_0056.JPG,UK Antarctic Heritage Trust Data/SfM/SfM_E_external/Main Hut/DSC_0056.JPG,634,phashing,100.0,True,2026-08-17T12:37:29+00:00
aa7a8461710c49b49cf4ec940ecbee96,DSC_0057.JPG,UK Antarctic Heritage Trust Data/SfM/SfM_E_external/Main Hut/DSC_0057.JPG,635,phashing,100.0,True,2026-08-17T12:37:29+00:00
7a0dacb65d6045179f83daa58e0c2074,DSC_0058.JPG,UK Antarctic Heritage Trust Data/SfM/SfM_E_external/Main Hut/DSC_0058.JPG,636,phashing,100.0,True,2026-08-17T12:37:29+00:00
1811ae63870c4a06bdd14faaf89c6fd8,DSC_0059.JPG,UK Antarctic Heritage Trust Data/SfM/SfM_E_external/Main Hut/DSC_0059.JPG,637,phashing,100.0,True,2026-08-17T12:37:29+00:00
1752353d4a584e1095b04f83c7d20e70,DSC_0061.JPG,UK Antarctic Heritage Trust Data/SfM/SfM_E_external/Main Hut/DSC_0061.JPG,638,phashing,100.0,True,2026-08-17T12:37:29+00:00
b02aa63c951c4f5babdaec67253630be,DSC_0062.JPG,UK Antarctic Heritage Trust Data/SfM/SfM_E_external/Main Hut/DSC_0062.JPG,639,phashing,100.0,True,2026-08-17T12:37:29+00:00
a00182cdd14c4b099853b72a677f1cc1,DSC_0063.JPG,UK Antarctic Heritage Trust Data/SfM/SfM_E_external/Main Hut/DSC_0063.JPG,640,phashing,100.0,True,2026-08-17T12:37:29+00:00
edfedd4e2af840099627f1847fe510e1,DSC_0064.JPG,UK Antarctic Heritage Trust Data/SfM/SfM_E_external/Main Hut/DSC_0064.JPG,641,phashing,100.0,True,2026-08-17T12:37:29+00:00
b5508c5d997c4cc19c0a343ddaa29300,DSC_0065.JPG,UK Antarctic Heritage Trust Data/SfM/SfM_E_external/Main Hut/DSC_0065.JPG,642,phashing,100.0,True,2026-08-17T12:37:29+00:00
87b6f73396084db8a56f87d650623e69,DSC_0066.JPG,UK Antarctic Heritage Trust Data/SfM/SfM_E_external/Main Hut/DSC_0066.JPG,643,phashing,100.0,True,2026-08-17T12:37:29+00:00
a33d4f4af2de4019b5d2d052b63d5b5d,DSC_0067.JPG,UK Antarctic Heritage Trust Data/SfM/SfM_E_external/Main Hut/DSC_0067.JPG,644,phashing,100.0,True,2026-08-17T12:37:29+00:00
f3d0bef625424287b1186eb34d609015,DSC_0068.JPG,UK Antarctic Heritage Trust Data/SfM/SfM_E_external/Main Hut/DSC_0068.JPG,645,phashing,100.0,True,2026-08-17T12:37:29+00:00
89d5797e822448639395fa0b111f2c62,DSC_0069.JPG,UK Antarctic Heritage Trust Data/SfM/SfM_E_external/Main Hut/DSC_0069.JPG,646,phashing,100.0,True,2026-08-17T12:37:29+00:00
0d8149faaa9c43b6afc49e005b3be48d,DSC_0070.JPG,UK Antarctic Heritage Trust Data/SfM/SfM_E_external/Main Hut/DSC_0070.JPG,647,phashing,100.0,True,2026-08-17T12:37:29+00:00
1c9acd379dee464cb832fa5588f6bd66,DSC_0071.JPG,UK Antarctic Heritage Trust Data/SfM/SfM_E_external/Main Hut/DSC_0071.JPG,648,phashing,100.0,True,2026-08-17T12:37:29+00:00
0efea88b714642f9a808dd0cba7c6ee9,DSC_0072.JPG,UK Antarctic Heritage Trust Data/SfM/SfM_E_external/Main Hut/DSC_0072.JPG,649,phashing,100.0,True,2026-08-17T12:37:29+00:00
ea9bf1ddf4fc4596ae450573f6a86768,DSC_0073.JPG,UK Antarctic Heritage Trust Data/SfM/SfM_E_external/Main Hut/DSC_0073.JPG,650,phashing,100.0,True,2026-08-17T12:37:29+00:00
d97884cee5aa473dbbfcfee417ab02b5,DSC_0074.JPG,UK Antarctic Heritage Trust Data/SfM/SfM_E_external/Main Hut/DSC_0074.JPG,651,phashing,100.0,True,2026-08-17T12:37:29+00:00
698ebd364fbd483ab6b320a803855f5e,DSC_0078.JPG,UK Antarctic Heritage Trust Data/SfM/SfM_E_external/Main Hut/DSC_0078.JPG,652,phashing,100.0,True,2026-08-17T12:37:29+00:00
573ba36616bb4b96a0d9de407fb710a0,DSC_0079.JPG,UK Antarctic Heritage Trust Data/SfM/SfM_E_external/Main Hut/DSC_0079.JPG,653,phashing,100.0,True,2026-08-17T12:37:29+00:00
3b077b23cc8249609afbfde5fb2d783e,DSC_0081.JPG,UK Antarctic Heritage Trust Data/SfM/SfM_E_external/Main Hut/DSC_0081.JPG,654,phashing,100.0,True,2026-08-17T12:37:29+00:00
27a8b761e03b473aabebd8cee1dd0b0a,DSC_0082.JPG,UK Antarctic Heritage Trust Data/SfM/SfM_E_external/Main Hut/DSC_0082.JPG,655,phashing,100.0,True,2026-08-17T12:37:29+00:00
40005f1d67084402becb2bfdb3f2c1c2,DSC_0083.JPG,UK Antarctic Heritage Trust Data/SfM/SfM_E_external/Main Hut/DSC_0083.JPG,656,phashing,100.0,True,2026-08-17T12:37:29+00:00
e95fbb209819471291fd96ed1e582063,DSC_0084.JPG,UK Antarctic Heritage Trust Data/SfM/SfM_E_external/Main Hut/DSC_0084.JPG,657,phashing,100.0,True,2026-08-17T12:37:29+00:00
bfefa9c8f0db44aa8b1b31dba675e8ea,DSC_0085.JPG,UK Antarctic Heritage Trust Data/SfM/SfM_E_external/Main Hut/DSC_0085.JPG,658,phashing,100.0,True,2026-08-17T12:37:29+00:00
6cb4dd613d164d5cb8d4b393cb9df26b,DSC_0086.JPG,UK Antarctic Heritage Trust Data/SfM/SfM_E_external/Main Hut/DSC_0086.JPG,659,phashing,100.0,True,2026-08-17T12:37:29+00:00
53530c2288e0479e9415aafc921be555,DSC_0087.JPG,UK Antarctic Heritage Trust Data/SfM/SfM_E_external/Main Hut/DSC_0087.JPG,660,phashing,100.0,True,2026-08-17T12:37:29+00:00
4f81ffa39373410981640cd02b8ff5cd,DSC_0088.JPG,UK Antarctic Heritage Trust Data/SfM/SfM_E_external/Main Hut/DSC_0088.JPG,661,phashing,100.0,True,2026-08-17T12:37:29+00:00
dda126bc699b41ad9204f2e362c35de3,DSC_0089.JPG,UK Antarctic Heritage Trust Data/SfM/SfM_E_external/Main Hut/DSC_0089.JPG,662,phashing,100.0,True,2026-08-17T12:37:29+00:00
ea739d219cee4f39adeb2c05835dcc28,DSC_0090.JPG,UK Antarctic Heritage Trust Data/SfM/SfM_E_external/Main Hut/DSC_0090.JPG,663,phashing,100.0,True,2026-08-17T12:37:29+00:00
33f0c7a71d48444ab21e5c0977c21dd8,DSC_0091.JPG,UK Antarctic Heritage Trust Data/SfM/SfM_E_external/Main Hut/DSC_0091.JPG,664,phashing,100.0,True,2026-08-17T12:37:29+00:00
7c6d0484ab0a462282da9ed37907be8b,DSC_0092.JPG,UK Antarctic Heritage Trust Data/SfM/SfM_E_external/Main Hut/DSC_0092.JPG,665,phashing,100.0,True,2026-08-17T12:37:29+00:00
5ddec895fc6142548a2101c0ffd7557f,DSC_0093.JPG,UK Antarctic Heritage Trust Data/SfM/SfM_E_external/Main Hut/DSC_0093.JPG,666,phashing,100.0,True,2026-08-17T12:37:29+00:00
97ef199829b04695b474e938cc01e99f,DSC_0094.JPG,UK Antarctic Heritage Trust Data/SfM/SfM_E_external/Main Hut/DSC_0094.JPG,667,phashing,100.0,True,2026-08-17T12:37:29+00:00
471f542f721f4693970cbcb703909e4e,DSC_0095.JPG,UK Antarctic Heritage Trust Data/SfM/SfM_E_external/Main Hut/DSC_0095.JPG,668,phashing,100.0,True,2026-08-17T12:37:29+00:00
b47c4d2b2c934242b4c71f1fc9f71ab9,DSC_0096.JPG,UK Antarctic Heritage Trust Data/SfM/SfM_E_external/Main Hut/DSC_0096.JPG,669,phashing,100.0,True,2026-08-17T12:37:29+00:00
88921e6f43b64aeeb386726ed65afe74,DSC_0097.JPG,UK Antarctic Heritage Trust Data/SfM/SfM_E_external/Main Hut/DSC_0097.JPG,670,phashing,100.0,True,2026-08-17T12:37:29+00:00
8bcfefba55494c6f8f7ad4856999d0ee,DSC_0098.JPG,UK Antarctic Heritage Trust Data/SfM/SfM_E_external/Main Hut/DSC_0098.JPG,671,phashing,100.0,True,2026-08-17T12:37:29+00:00
ad019838f58b402db0b420252d9c2c4a,DSC_0099.JPG,UK Antarctic Heritage Trust Data/SfM/SfM_E_external/Main Hut/DSC_0099.JPG,672,phashing,100.0,True,2026-08-17T12:37:29+00:00
f26032b6b20b472fbfed1941ca6e337d,DSC_0100.JPG,UK Antarctic Heritage Trust Data/SfM/SfM_E_external/Main Hut/DSC_0100.JPG,673,phashing,100.0,True,2026-08-17T12:37:29+00:00
53dcd806173243efb0f0c77a4c45f604,DSC_0102.JPG,UK Antarctic Heritage Trust Data/SfM/SfM_E_external/Main Hut/DSC_0102.JPG,674,phashing,100.0,True,2026-08-17T12:37:29+00:00
ae757aff72c04a02bb76a4b18cab0878,DSC_0103.JPG,UK Antarctic Heritage Trust Data/SfM/SfM_E_external/Main Hut/DSC_0103.JPG,675,phashing,100.0,True,2026-08-17T12:37:29+00:00
7888f863406043b2b8e36bf9535b645c,DSC_0105.JPG,UK Antarctic Heritage Trust Data/SfM/SfM_E_external/Main Hut/DSC_0105.JPG,676,phashing,100.0,True,2026-08-17T12:37:29+00:00
3a17faea6e11427aac8581154b928d05,DSC_0106.JPG,UK Antarctic Heritage Trust Data/SfM/SfM_E_external/Main Hut/DSC_0106.JPG,677,phashing,100.0,True,2026-08-17T12:37:29+00:00
14eea32355d24242b2c74bb0d49485a5,DSC_0110.JPG,UK Antarctic Heritage Trust Data/SfM/SfM_E_external/Main Hut/DSC_0110.JPG,678,phashing,100.0,True,2026-08-17T12:37:29+00:00
00c1488a728c48c0b3036e7a5dbcce63,DSC_0111.JPG,UK Antarctic Heritage Trust Data/SfM/SfM_E_external/Main Hut/DSC_0111.JPG,679,phashing,100.0,True,2026-08-17T12:37:29+00:00
044bdc9fd5e742539269a5acaeff6758,DSC_0112.JPG,UK Antarctic Heritage Trust Data/SfM/SfM_E_external/Main Hut/DSC_0112.JPG,680,phashing,100.0,True,2026-08-17T12:37:29+00:00
e4de9b7e7d2945be82ac93a14738e33e,DSC_0113.JPG,UK Antarctic Heritage Trust Data/SfM/SfM_E_external/Main Hut/DSC_0113.JPG,681,phashing,100.0,True,2026-08-17T12:37:29+00:00
ed529724dc654bdb89d9033bc1fd2c43,DSC_0114.JPG,UK Antarctic Heritage Trust Data/SfM/SfM_E_external/Main Hut/DSC_0114.JPG,682,phashing,100.0,True,2026-08-17T12:37:29+00:00
371df8d62f7c4e47aede0e43e8cfac62,DSC_0115.JPG,UK Antarctic Heritage Trust Data/SfM/SfM_E_external/Main Hut/DSC_0115.JPG,683,phashing,100.0,True,2026-08-17T12:37:29+00:00
d2e4b075e5b34151ab5e61a7e9a1aa1e,DSC_0075.JPG,UK Antarctic Heritage Trust Data/SfM/SfM_E_external/Main Hut/Other/DSC_0075.JPG,684,phashing,100.0,True,2026-08-17T12:37:29+00:00
fdadf77dd1a34413b99c7ce245b0e35e,DSC_0076.JPG,UK Antarctic Heritage Trust Data/SfM/SfM_E_external/Main Hut/Other/DSC_0076.JPG,685,phashing,100.0,True,2026-08-17T12:37:29+00:00
352e7348267947958b8dd991839815a4,DSC_0109.JPG,UK Antarctic Heritage Trust Data/SfM/SfM_E_external/Main Hut/Other/DSC_0109.JPG,686,phashing,100.0,True,2026-08-17T12:37:29+00:00
91f5eba364bd4e56a6198be0149e02b7,S7R08440.JPG,UK Antarctic Heritage Trust Data/SfM/SfM_W_external/S7R08440.JPG,687,phashing,100.0,True,2026-08-17T12:37:29+00:00
b08676401583432f86257c506f32acdc,S7R08441.JPG,UK Antarctic Heritage Trust Data/SfM/SfM_W_external/S7R08441.JPG,688,phashing,100.0,True,2026-08-17T12:37:29+00:00
179dd3ccb852416f91302b5d8d10a477,S7R08442.JPG,UK Antarctic Heritage Trust Data/SfM/SfM_W_external/S7R08442.JPG,689,phashing,100.0,True,2026-08-17T12:37:29+00:00
d47790edb06a4b6f826c837db59f3bcc,S7R08443.JPG,UK Antarctic Heritage Trust Data/SfM/SfM_W_external/S7R08443.JPG,690,phashing,100.0,True,2026-08-17T12:37:29+00:00
3dc49d908e1c4a658f230f29eb175c12,S7R08444.JPG,UK Antarctic Heritage Trust Data/SfM/SfM_W_external/S7R08444.JPG,691,phashing,100.0,True,2026-08-17T12:37:29+00:00
79d29de16d42482d898170160158977f,S7R08445.JPG,UK Antarctic Heritage Trust Data/SfM/SfM_W_external/S7R08445.JPG,692,phashing,100.0,True,2026-08-17T12:37:29+00:00
43173590691d40fca79baaaf53fececa,S7R08446.JPG,UK Antarctic Heritage Trust Data/SfM/SfM_W_external/S7R08446.JPG,693,phashing,100.0,True,2026-08-17T12:37:29+00:00
8c1fee29eeea4806ab054e200192f195,S7R08447.JPG,UK Antarctic Heritage Trust Data/SfM/SfM_W_external/S7R08447.JPG,694,phashing,100.0,True,2026-08-17T12:37:29+00:00
67a57e16ed504614980493768fe8269b,S7R08448.JPG,UK Antarctic Heritage Trust Data/SfM/SfM_W_external/S7R08448.JPG,695,phashing,100.0,True,2026-08-17T12:37:29+00:00
6a63126a67aa499c9d81cdacdc3c366d,S7R08449.JPG,UK Antarctic Heritage Trust Data/SfM/SfM_W_external/S7R08449.JPG,696,phashing,100.0,True,2026-08-17T12:37:29+00:00
aadd265cf24043b9bddeb81865baa932,S7R08450.JPG,UK Antarctic Heritage Trust Data/SfM/SfM_W_external/S7R08450.JPG,697,phashing,100.0,True,2026-08-17T12:37:29+00:00
0dd19dd5baa24f4fb7645c0afc5f3468,S7R08455.JPG,UK Antarctic Heritage Trust Data/SfM/SfM_W_external/S7R08455.JPG,697,phashing,84.38,False,2026-08-17T12:37:29+00:00
a50739d35c464454a5cb0385d1ee95fa,S7R08451.JPG,UK Antarctic Heritage Trust Data/SfM/SfM_W_external/S7R08451.JPG,698,phashing,100.0,True,2026-08-17T12:37:29+00:00
21881321fce54c87adfe5cb593818cbc,S7R08452.JPG,UK Antarctic Heritage Trust Data/SfM/SfM_W_external/S7R08452.JPG,699,phashing,100.0,True,2026-08-17T12:37:29+00:00
cf6a889650784f319bf51a9976324d08,S7R08453.JPG,UK Antarctic Heritage Trust Data/SfM/SfM_W_external/S7R08453.JPG,700,phashing,100.0,True,2026-08-17T12:37:29+00:00
83ac0dacaabf49ddb0430afdbeae99e8,S7R08454.JPG,UK Antarctic Heritage Trust Data/SfM/SfM_W_external/S7R08454.JPG,701,phashing,100.0,True,2026-08-17T12:37:29+00:00
bb257edf6c444253a05c7bf994183d1c,S7R08456.JPG,UK Antarctic Heritage Trust Data/SfM/SfM_W_external/S7R08456.JPG,702,phashing,100.0,True,2026-08-17T12:37:29+00:00
b1716f7bdca743db94128d90d1fdf8d7,S7R08457.JPG,UK Antarctic Heritage Trust Data/SfM/SfM_W_external/S7R08457.JPG,703,phashing,100.0,True,2026-08-17T12:37:29+00:00
1a1e36cb53604dd492dd0d0945f2b562,S7R08458.JPG,UK Antarctic Heritage Trust Data/SfM/SfM_W_external/S7R08458.JPG,704,phashing,100.0,True,2026-08-17T12:37:29+00:00
2fbff6323e6e4ec3b343a62821a0e53b,S7R08459.JPG,UK Antarctic Heritage Trust Data/SfM/SfM_W_external/S7R08459.JPG,705,phashing,100.0,True,2026-08-17T12:37:29+00:00
d6f428b74ba84f5b85c0930e0b76cf99,S7R08460.JPG,UK Antarctic Heritage Trust Data/SfM/SfM_W_external/S7R08460.JPG,706,phashing,100.0,True,2026-08-17T12:37:29+00:00
dd030488c58b424ab629f60ec9709681,S7R08461.JPG,UK Antarctic Heritage Trust Data/SfM/SfM_W_external/S7R08461.JPG,707,phashing,100.0,True,2026-08-17T12:37:29+00:00
6290f6535de04b44a39d4a2dd30e94fc,S7R08462.JPG,UK Antarctic Heritage Trust Data/SfM/SfM_W_external/S7R08462.JPG,708,phashing,100.0,True,2026-08-17T12:37:29+00:00
8a197a12047945c1bea92125863d9a4c,S7R08463.JPG,UK Antarctic Heritage Trust Data/SfM/SfM_W_external/S7R08463.JPG,709,phashing,100.0,True,2026-08-17T12:37:29+00:00
3430b08933ce451ebf5a4401696b0c81,S7R08464.JPG,UK Antarctic Heritage Trust Data/SfM/SfM_W_external/S7R08464.JPG,710,phashing,100.0,True,2026-08-17T12:37:29+00:00
7da40e8c7ce94c9bb3b45833a7e2ca77,S7R08465.JPG,UK Antarctic Heritage Trust Data/SfM/SfM_W_external/S7R08465.JPG,711,phashing,100.0,True,2026-08-17T12:37:29+00:00
a12abc0f3c2c454c961c69f56dd8bfd4,S7R08466.JPG,UK Antarctic Heritage Trust Data/SfM/SfM_W_external/S7R08466.JPG,712,phashing,100.0,True,2026-08-17T12:37:29+00:00
48fdefda087e4c95a0858fbc424a5516,S7R08468.JPG,UK Antarctic Heritage Trust Data/SfM/SfM_W_external/S7R08468.JPG,712,phashing,84.38,False,2026-08-17T12:37:29+00:00
8bf1451491c64f4cb4e1b16056fb8fea,S7R08467.JPG,UK Antarctic Heritage Trust Data/SfM/SfM_W_external/S7R08467.JPG,713,phashing,100.0,True,2026-08-17T12:37:29+00:00
7038980fa3b34a1a8304e85ef6b93b25,S7R08469.JPG,UK Antarctic Heritage Trust Data/SfM/SfM_W_external/S7R08469.JPG,714,phashing,100.0,True,2026-08-17T12:37:29+00:00
fb4014bb56814eaeaf7f6a1afc1a692f,S7R08470.JPG,UK Antarctic Heritage Trust Data/SfM/SfM_W_external/S7R08470.JPG,715,phashing,100.0,True,2026-08-17T12:37:29+00:00
15580799bf774add9bc12b4d0f8051e4,S7R08471.JPG,UK Antarctic Heritage Trust Data/SfM/SfM_W_external/S7R08471.JPG,716,phashing,100.0,True,2026-08-17T12:37:29+00:00
4e17d03c08c146598ca7216ea33c1e27,S7R08472.JPG,UK Antarctic Heritage Trust Data/SfM/SfM_W_external/S7R08472.JPG,717,phashing,100.0,True,2026-08-17T12:37:29+00:00
fc5256ce1de24d29be404b5de587cbd9,S7R08473.JPG,UK Antarctic Heritage Trust Data/SfM/SfM_W_external/S7R08473.JPG,718,phashing,100.0,True,2026-08-17T12:37:29+00:00
ac016d8b78d348ce8381af61d9ce0099,S7R08474.JPG,UK Antarctic Heritage Trust Data/SfM/SfM_W_external/S7R08474.JPG,719,phashing,100.0,True,2026-08-17T12:37:29+00:00
c5162e417f2c45aa926023f9784c6661,S7R08475.JPG,UK Antarctic Heritage Trust Data/SfM/SfM_W_external/S7R08475.JPG,720,phashing,100.0,True,2026-08-17T12:37:29+00:00
e897dbbadef7485aa85b1c0d793782c8,S7R08476.JPG,UK Antarctic Heritage Trust Data/SfM/SfM_W_external/S7R08476.JPG,721,phashing,100.0,True,2026-08-17T12:37:29+00:00
79f317f4a22a436dbb957b36f703462b,S7R08477.JPG,UK Antarctic Heritage Trust Data/SfM/SfM_W_external/S7R08477.JPG,722,phashing,100.0,True,2026-08-17T12:37:29+00:00
523bd98e3aa94fbbaf61ece190c74837,S7R08478.JPG,UK Antarctic Heritage Trust Data/SfM/SfM_W_external/S7R08478.JPG,723,phashing,100.0,True,2026-08-17T12:37:29+00:00
cfa830613a7d41aeb062cf458c0e20b2,S7R08479.JPG,UK Antarctic Heritage Trust Data/SfM/SfM_W_external/S7R08479.JPG,724,phashing,100.0,True,2026-08-17T12:37:29+00:00
7b3a25eff5114b10b6e0ade4fa3616e6,S7R08480.JPG,UK Antarctic Heritage Trust Data/SfM/SfM_W_external/S7R08480.JPG,725,phashing,100.0,True,2026-08-17T12:37:29+00:00
b86a7b09d67d4f5fabc85191d46564bc,S7R08481.JPG,UK Antarctic Heritage Trust Data/SfM/SfM_W_external/S7R08481.JPG,726,phashing,100.0,True,2026-08-17T12:37:29+00:00
09cfcdb8a37b42259d759d5c933440e5,S7R08482.JPG,UK Antarctic Heritage Trust Data/SfM/SfM_W_external/S7R08482.JPG,727,phashing,100.0,True,2026-08-17T12:37:29+00:00
63b7ff1d54ec4c72a02d6575f9c26b04,S7R08483.JPG,UK Antarctic Heritage Trust Data/SfM/SfM_W_external/S7R08483.JPG,728,phashing,100.0,True,2026-08-17T12:37:29+00:00
ce0a226b00134edfadee22dc299daa1c,S7R08484.JPG,UK Antarctic Heritage Trust Data/SfM/SfM_W_external/S7R08484.JPG,729,phashing,100.0,True,2026-08-17T12:37:29+00:00
14e7858064174470a6639796a4da3d0d,S7R08485.JPG,UK Antarctic Heritage Trust Data/SfM/SfM_W_external/S7R08485.JPG,730,phashing,100.0,True,2026-08-17T12:37:29+00:00
d8316777170d4f2e9bbceb789c9a82c4,S7R08486.JPG,UK Antarctic Heritage Trust Data/SfM/SfM_W_external/S7R08486.JPG,731,phashing,100.0,True,2026-08-17T12:37:29+00:00
c72ba21298fe49a2a21a65e57f9e498a,S7R08487.JPG,UK Antarctic Heritage Trust Data/SfM/SfM_W_external/S7R08487.JPG,732,phashing,100.0,True,2026-08-17T12:37:29+00:00
a574862eabf548469f15d4d0572a8693,S7R08488.JPG,UK Antarctic Heritage Trust Data/SfM/SfM_W_external/S7R08488.JPG,733,phashing,100.0,True,2026-08-17T12:37:29+00:00
67ea84e1fb9d4c4eb7b40e1d315db754,S7R08489.JPG,UK Antarctic Heritage Trust Data/SfM/SfM_W_external/S7R08489.JPG,734,phashing,100.0,True,2026-08-17T12:37:29+00:00
e644e8112d274331ac3a383c008da832,S7R08490.JPG,UK Antarctic Heritage Trust Data/SfM/SfM_W_external/S7R08490.JPG,735,phashing,100.0,True,2026-08-17T12:37:29+00:00
5e5ad5833b594bea8247c5cff3ec763d,S7R08508.JPG,UK Antarctic Heritage Trust Data/SfM/SfM_W_external/S7R08508.JPG,735,phashing,84.38,False,2026-08-17T12:37:29+00:00
163ff364b310420b862ade0b69ac1d12,S7R08491.JPG,UK Antarctic Heritage Trust Data/SfM/SfM_W_external/S7R08491.JPG,736,phashing,100.0,True,2026-08-17T12:37:29+00:00
7c70b2f9f07243e9a3ae566d6acf01cb,S7R08492.JPG,UK Antarctic Heritage Trust Data/SfM/SfM_W_external/S7R08492.JPG,737,phashing,100.0,True,2026-08-17T12:37:29+00:00
17ed47f267dd427098f9ea85e7bc07c9,S7R08493.JPG,UK Antarctic Heritage Trust Data/SfM/SfM_W_external/S7R08493.JPG,738,phashing,100.0,True,2026-08-17T12:37:29+00:00
a4614e7e3adb4ff49c399190e57d3753,S7R08494.JPG,UK Antarctic Heritage Trust Data/SfM/SfM_W_external/S7R08494.JPG,739,phashing,100.0,True,2026-08-17T12:37:29+00:00
c999cc7dd421415180df2ec40d007656,S7R08495.JPG,UK Antarctic Heritage Trust Data/SfM/SfM_W_external/S7R08495.JPG,740,phashing,100.0,True,2026-08-17T12:37:29+00:00
dd26744baae14cd899be7f1fd2385bbb,S7R08496.JPG,UK Antarctic Heritage Trust Data/SfM/SfM_W_external/S7R08496.JPG,741,phashing,100.0,True,2026-08-17T12:37:29+00:00
9b50c224f76b481abf212539abec7f7c,S7R08497.JPG,UK Antarctic Heritage Trust Data/SfM/SfM_W_external/S7R08497.JPG,742,phashing,100.0,True,2026-08-17T12:37:29+00:00
1af8891df7b947349bb1d9130caa5783,S7R08498.JPG,UK Antarctic Heritage Trust Data/SfM/SfM_W_external/S7R08498.JPG,743,phashing,100.0,True,2026-08-17T12:37:29+00:00
906c1af8faf74ab7961bc2dec6690be6,S7R08499.JPG,UK Antarctic Heritage Trust Data/SfM/SfM_W_external/S7R08499.JPG,744,phashing,100.0,True,2026-08-17T12:37:29+00:00
8b5072b379da4066971b67f60b490de1,S7R08500.JPG,UK Antarctic Heritage Trust Data/SfM/SfM_W_external/S7R08500.JPG,745,phashing,100.0,True,2026-08-17T12:37:29+00:00
38a510dd50f64f7b8f9067d755a6f2df,S7R08501.JPG,UK Antarctic Heritage Trust Data/SfM/SfM_W_external/S7R08501.JPG,746,phashing,100.0,True,2026-08-17T12:37:29+00:00
410fead1a95b42d0aa6729e062b89609,S7R08502.JPG,UK Antarctic Heritage Trust Data/SfM/SfM_W_external/S7R08502.JPG,747,phashing,100.0,True,2026-08-17T12:37:29+00:00
48e95fb0d20340f9a4267d7e08b9f805,S7R08503.JPG,UK Antarctic Heritage Trust Data/SfM/SfM_W_external/S7R08503.JPG,748,phashing,100.0,True,2026-08-17T12:37:29+00:00
8caae8ad9cb6468ab8e3b4af424f7419,S7R08504.JPG,UK Antarctic Heritage Trust Data/SfM/SfM_W_external/S7R08504.JPG,749,phashing,100.0,True,2026-08-17T12:37:29+00:00
f5c3558d055546bba1b92ee4c87f5a3b,S7R08505.JPG,UK Antarctic Heritage Trust Data/SfM/SfM_W_external/S7R08505.JPG,750,phashing,100.0,True,2026-08-17T12:37:29+00:00
2bb283db276d4620b648f4c7397d564c,S7R08506.JPG,UK Antarctic Heritage Trust Data/SfM/SfM_W_external/S7R08506.JPG,751,phashing,100.0,True,2026-08-17T12:37:29+00:00
a3e842a061df4e1cad523f076552c3f6,S7R08507.JPG,UK Antarctic Heritage Trust Data/SfM/SfM_W_external/S7R08507.JPG,752,phashing,100.0,True,2026-08-17T12:37:29+00:00
90fdb2ff527f45c18c73f293fceb3d79,S7R08509.JPG,UK Antarctic Heritage Trust Data/SfM/SfM_W_external/S7R08509.JPG,753,phashing,100.0,True,2026-08-17T12:37:29+00:00
dd03709ceefd4310894bba6807923c6d,S7R08510.JPG,UK Antarctic Heritage Trust Data/SfM/SfM_W_external/S7R08510.JPG,754,phashing,100.0,True,2026-08-17T12:37:29+00:00
f01d706f593e49eca67c0c40ab41bc4d,S7R08511.JPG,UK Antarctic Heritage Trust Data/SfM/SfM_W_external/S7R08511.JPG,755,phashing,100.0,True,2026-08-17T12:37:29+00:00
e77291b0ec0f4f4f858d83af7f5446fb,S7R08512.JPG,UK Antarctic Heritage Trust Data/SfM/SfM_W_external/S7R08512.JPG,756,phashing,100.0,True,2026-08-17T12:37:29+00:00
60b8f11f763b4eaf87b82aefc15448cc,S7R08513.JPG,UK Antarctic Heritage Trust Data/SfM/SfM_W_external/S7R08513.JPG,757,phashing,100.0,True,2026-08-17T12:37:29+00:00
9c932f92bb9647cd835025f581b54a80,S7R08514.JPG,UK Antarctic Heritage Trust Data/SfM/SfM_W_external/S7R08514.JPG,758,phashing,100.0,True,2026-08-17T12:37:29+00:00
761608d167b446aaac5f5509a003ab5d,S7R08515.JPG,UK Antarctic Heritage Trust Data/SfM/SfM_W_external/S7R08515.JPG,759,phashing,100.0,True,2026-08-17T12:37:29+00:00
614dd38c186a48c29ed22be42df4eb1b,S7R08516.JPG,UK Antarctic Heritage Trust Data/SfM/SfM_W_external/S7R08516.JPG,760,phashing,100.0,True,2026-08-17T12:37:29+00:00
3ba80ce5f68e45c6b6165d9dea635450,S7R08517.JPG,UK Antarctic Heritage Trust Data/SfM/SfM_W_external/S7R08517.JPG,761,phashing,100.0,True,2026-08-17T12:37:29+00:00
dd0bb0d3e01e4f71b5075b74afc93133,S7R08518.JPG,UK Antarctic Heritage Trust Data/SfM/SfM_W_external/S7R08518.JPG,762,phashing,100.0,True,2026-08-17T12:37:29+00:00
2cc13cf3c39f449aa9a3d1f90901b915,S7R08519.JPG,UK Antarctic Heritage Trust Data/SfM/SfM_W_external/S7R08519.JPG,763,phashing,100.0,True,2026-08-17T12:37:29+00:00
74e509bcdc1749d0ae6198e166fae884,S7R08520.JPG,UK Antarctic Heritage Trust Data/SfM/SfM_W_external/S7R08520.JPG,764,phashing,100.0,True,2026-08-17T12:37:29+00:00
25b7c5be7ae345ac951582aebcb7fa31,S7R08521.JPG,UK Antarctic Heritage Trust Data/SfM/SfM_W_external/S7R08521.JPG,765,phashing,100.0,True,2026-08-17T12:37:29+00:00
084b48c6d22042a9b0545aaa7be92187,S7R08522.JPG,UK Antarctic Heritage Trust Data/SfM/SfM_W_external/S7R08522.JPG,766,phashing,100.0,True,2026-08-17T12:37:29+00:00
78d01bfd9ea145dc8b1976a730a8d38a,S7R08523.JPG,UK Antarctic Heritage Trust Data/SfM/SfM_W_external/S7R08523.JPG,767,phashing,100.0,True,2026-08-17T12:37:29+00:00
227d8a21ee37406b8210fe3280be5cb8,S7R08524.JPG,UK Antarctic Heritage Trust Data/SfM/SfM_W_external/S7R08524.JPG,768,phashing,100.0,True,2026-08-17T12:37:29+00:00
b5feeb6fdc504e74b6a47e577d244803,S7R08525.JPG,UK Antarctic Heritage Trust Data/SfM/SfM_W_external/S7R08525.JPG,769,phashing,100.0,True,2026-08-17T12:37:29+00:00
269afcd298894492a7d93c2668249aef,S7R08526.JPG,UK Antarctic Heritage Trust Data/SfM/SfM_W_external/S7R08526.JPG,770,phashing,100.0,True,2026-08-17T12:37:29+00:00
3479c6d58d7647f28e424781e90c38fb,S7R08527.JPG,UK Antarctic Heritage Trust Data/SfM/SfM_W_external/S7R08527.JPG,771,phashing,100.0,True,2026-08-17T12:37:29+00:00
25f860e43dd24a25905f82c971cbf38c,S7R08528.JPG,UK Antarctic Heritage Trust Data/SfM/SfM_W_external/S7R08528.JPG,772,phashing,100.0,True,2026-08-17T12:37:29+00:00
bc6e3d4f88404ca1be4b460c8c62a359,S7R08529.JPG,UK Antarctic Heritage Trust Data/SfM/SfM_W_external/S7R08529.JPG,773,phashing,100.0,True,2026-08-17T12:37:29+00:00
685af09e49e244ee93dec250cb45ee73,S7R08530.JPG,UK Antarctic Heritage Trust Data/SfM/SfM_W_external/S7R08530.JPG,774,phashing,100.0,True,2026-08-17T12:37:29+00:00
49ea3a19e474481f9e04570861537560,S7R08531.JPG,UK Antarctic Heritage Trust Data/SfM/SfM_W_external/S7R08531.JPG,775,phashing,100.0,True,2026-08-17T12:37:29+00:00
a26dbe5f6e474f4c90658d3c9aadb52b,S7R08532.JPG,UK Antarctic Heritage Trust Data/SfM/SfM_W_external/S7R08532.JPG,776,phashing,100.0,True,2026-08-17T12:37:29+00:00
dfa0ab53621e49a2a823386e7c7bb2f8,S7R08533.JPG,UK Antarctic Heritage Trust Data/SfM/SfM_W_external/S7R08533.JPG,777,phashing,100.0,True,2026-08-17T12:37:29+00:00
29797a19e5394fdabc29f247752a8f1b,S7R08534.JPG,UK Antarctic Heritage Trust Data/SfM/SfM_W_external/S7R08534.JPG,778,phashing,100.0,True,2026-08-17T12:37:29+00:00
bb0ebd16809542f783986adc17ad9555,S7R08535.JPG,UK Antarctic Heritage Trust Data/SfM/SfM_W_external/S7R08535.JPG,779,phashing,100.0,True,2026-08-17T12:37:29+00:00
ccce4c66b2374d8a8d7fa621c6826342,S7R08536.JPG,UK Antarctic Heritage Trust Data/SfM/SfM_W_external/S7R08536.JPG,780,phashing,100.0,True,2026-08-17T12:37:29+00:00
295e737fd6804f78bd50430f26f0686c,S7R08537.JPG,UK Antarctic Heritage Trust Data/SfM/SfM_W_external/S7R08537.JPG,781,phashing,100.0,True,2026-08-17T12:37:29+00:00
e39931e4cd7646f1a744711da577d637,S7R08538.JPG,UK Antarctic Heritage Trust Data/SfM/SfM_W_external/S7R08538.JPG,782,phashing,100.0,True,2026-08-17T12:37:29+00:00
ac58eddce656428ea3c90162c7481ddb,S7R08539.JPG,UK Antarctic Heritage Trust Data/SfM/SfM_W_external/S7R08539.JPG,783,phashing,100.0,True,2026-08-17T12:37:29+00:00
fb9f564cce6a4c99bf8d6b9799d50dc8,S7R08540.JPG,UK Antarctic Heritage Trust Data/SfM/SfM_W_external/S7R08540.JPG,784,phashing,100.0,True,2026-08-17T12:37:29+00:00
c71c2e1937154afb9f77c8a8704e17f4,S7R08541.JPG,UK Antarctic Heritage Trust Data/SfM/SfM_W_external/S7R08541.JPG,785,phashing,100.0,True,2026-08-17T12:37:29+00:00
61e17290c8884c3793921d671f843381,S7R08542.JPG,UK Antarctic Heritage Trust Data/SfM/SfM_W_external/S7R08542.JPG,786,phashing,100.0,True,2026-08-17T12:37:29+00:00
9e961fac86f24e17a0838123ab0c0f64,S7R08543.JPG,UK Antarctic Heritage Trust Data/SfM/SfM_W_external/S7R08543.JPG,787,phashing,100.0,True,2026-08-17T12:37:29+00:00
8b222f4f35d84ce2868a58bd5e1872e6,S7R08544.JPG,UK Antarctic Heritage Trust Data/SfM/SfM_W_external/S7R08544.JPG,788,phashing,100.0,True,2026-08-17T12:37:29+00:00
0c6392328f3a4d8fa63113c08fa258e2,S7R08545.JPG,UK Antarctic Heritage Trust Data/SfM/SfM_W_external/S7R08545.JPG,789,phashing,100.0,True,2026-08-17T12:37:29+00:00
c78332a078d34c3f903b40f148263850,S7R08546.JPG,UK Antarctic Heritage Trust Data/SfM/SfM_W_external/S7R08546.JPG,790,phashing,100.0,True,2026-08-17T12:37:29+00:00
a82e43f6da5d484eba89f60141174c08,S7R08547.JPG,UK Antarctic Heritage Trust Data/SfM/SfM_W_external/S7R08547.JPG,791,phashing,100.0,True,2026-08-17T12:37:29+00:00
020baa2e8ca443e5ad159ad8ae2a0520,S7R08548.JPG,UK Antarctic Heritage Trust Data/SfM/SfM_W_external/S7R08548.JPG,792,phashing,100.0,True,2026-08-17T12:37:29+00:00
e73a1627455c4bc3aac2d1c39ac4d1f4,S7R08549.JPG,UK Antarctic Heritage Trust Data/SfM/SfM_W_external/S7R08549.JPG,793,phashing,100.0,True,2026-08-17T12:37:29+00:00
a2e7b95e76514211b2e158d77dd470db,S7R08550.JPG,UK Antarctic Heritage Trust Data/SfM/SfM_W_external/S7R08550.JPG,794,phashing,100.0,True,2026-08-17T12:37:29+00:00
06848f20b995437794a509e00abc5c90,S7R08551.JPG,UK Antarctic Heritage Trust Data/SfM/SfM_W_external/S7R08551.JPG,795,phashing,100.0,True,2026-08-17T12:37:29+00:00
127e7d2fc74d43ea9092e02c662878a6,S7R08552.JPG,UK Antarctic Heritage Trust Data/SfM/SfM_W_external/S7R08552.JPG,796,phashing,100.0,True,2026-08-17T12:37:29+00:00
8e55bde9fcff40a78745cc22353ebdad,S7R08553.JPG,UK Antarctic Heritage Trust Data/SfM/SfM_W_external/S7R08553.JPG,797,phashing,100.0,True,2026-08-17T12:37:29+00:00
f6be23653957446c85cf1d879307622a,S7R08554.JPG,UK Antarctic Heritage Trust Data/SfM/SfM_W_external/S7R08554.JPG,798,phashing,100.0,True,2026-08-17T12:37:29+00:00
20463acea8064775aa7f0b01a0b774de,S7R08555.JPG,UK Antarctic Heritage Trust Data/SfM/SfM_W_external/S7R08555.JPG,799,phashing,100.0,True,2026-08-17T12:37:29+00:00
950a0013de5547828646b8c7ec3f66fa,S7R08556.JPG,UK Antarctic Heritage Trust Data/SfM/SfM_W_external/S7R08556.JPG,800,phashing,100.0,True,2026-08-17T12:37:29+00:00
61d76d1db1ae47c698fcbded2996b617,S7R08557.JPG,UK Antarctic Heritage Trust Data/SfM/SfM_W_external/S7R08557.JPG,801,phashing,100.0,True,2026-08-17T12:37:29+00:00
4566c5e8db5b41f082ab6be36cef66eb,S7R08558.JPG,UK Antarctic Heritage Trust Data/SfM/SfM_W_external/S7R08558.JPG,802,phashing,100.0,True,2026-08-17T12:37:29+00:00
1ae5c472a5294e2f8bea16ec8a7ef146,S7R08559.JPG,UK Antarctic Heritage Trust Data/SfM/SfM_W_external/S7R08559.JPG,803,phashing,100.0,True,2026-08-17T12:37:29+00:00
477f066e20db4372ab249e10f30b6329,S7R08560.JPG,UK Antarctic Heritage Trust Data/SfM/SfM_W_external/S7R08560.JPG,804,phashing,100.0,True,2026-08-17T12:37:29+00:00
5f6cfc40f2654f0d96eb51e5fba84def,S7R08561.JPG,UK Antarctic Heritage Trust Data/SfM/SfM_W_external/S7R08561.JPG,805,phashing,100.0,True,2026-08-17T12:37:29+00:00
1f301b3989c44b388c8978226080dd53,S7R08562.JPG,UK Antarctic Heritage Trust Data/SfM/SfM_W_external/S7R08562.JPG,806,phashing,100.0,True,2026-08-17T12:37:29+00:00
319e6acf4f2d43cb858be6c7d3fe577c,S7R08563.JPG,UK Antarctic Heritage Trust Data/SfM/SfM_W_external/S7R08563.JPG,807,phashing,100.0,True,2026-08-17T12:37:29+00:00
8c793e5198d0426e9e9d4f585192a665,S7R08564.JPG,UK Antarctic Heritage Trust Data/SfM/SfM_W_external/S7R08564.JPG,808,phashing,100.0,True,2026-08-17T12:37:29+00:00
8260548bd8af41edab2868d2b5876ec0,S7R08565.JPG,UK Antarctic Heritage Trust Data/SfM/SfM_W_external/S7R08565.JPG,809,phashing,100.0,True,2026-08-17T12:37:29+00:00
1fd910f3c971492497879c61b0ef0467,S7R08566.JPG,UK Antarctic Heritage Trust Data/SfM/SfM_W_external/S7R08566.JPG,810,phashing,100.0,True,2026-08-17T12:37:29+00:00
1983e536f43e4c5f92ee4feffef352c9,S7R08567.JPG,UK Antarctic Heritage Trust Data/SfM/SfM_W_external/S7R08567.JPG,811,phashing,100.0,True,2026-08-17T12:37:29+00:00
2aa1e09b932a4366bf88e9ef12585e50,S7R08568.JPG,UK Antarctic Heritage Trust Data/SfM/SfM_W_external/S7R08568.JPG,812,phashing,100.0,True,2026-08-17T12:37:29+00:00
9bfd2376bf5f49ff930c9d5f8f0f8318,S7R08569.JPG,UK Antarctic Heritage Trust Data/SfM/SfM_W_external/S7R08569.JPG,813,phashing,100.0,True,2026-08-17T12:37:29+00:00
e848be8ee2f54d1780f10e0a3d4c7be3,S7R08570.JPG,UK Antarctic Heritage Trust Data/SfM/SfM_W_external/S7R08570.JPG,814,phashing,100.0,True,2026-08-17T12:37:29+00:00
bcdfe8b9da86469ab1bfb3fc7ebab455,S7R08571.JPG,UK Antarctic Heritage Trust Data/SfM/SfM_W_external/S7R08571.JPG,815,phashing,100.0,True,2026-08-17T12:37:29+00:00
0fdd074ed94844f6a6743816c9612d8f,S7R08572.JPG,UK Antarctic Heritage Trust Data/SfM/SfM_W_external/S7R08572.JPG,816,phashing,100.0,True,2026-08-17T12:37:29+00:00
df3294b13ac9476f812a8b600acd2f92,S7R08573.JPG,UK Antarctic Heritage Trust Data/SfM/SfM_W_external/S7R08573.JPG,817,phashing,100.0,True,2026-08-17T12:37:29+00:00
230708934a4f45e0ad321c5af52d9518,S7R08574.JPG,UK Antarctic Heritage Trust Data/SfM/SfM_W_external/S7R08574.JPG,818,phashing,100.0,True,2026-08-17T12:37:29+00:00
7f6d6b14d8b54980b6cc604c63848b1b,S7R08575.JPG,UK Antarctic Heritage Trust Data/SfM/SfM_W_external/S7R08575.JPG,819,phashing,100.0,True,2026-08-17T12:37:29+00:00
160fdc50afa34f6cb246aba265591816,S7R08576.JPG,UK Antarctic Heritage Trust Data/SfM/SfM_W_external/S7R08576.JPG,820,phashing,100.0,True,2026-08-17T12:37:29+00:00
02b98e88c9104c31830329e4d6978db2,S7R08577.JPG,UK Antarctic Heritage Trust Data/SfM/SfM_W_external/S7R08577.JPG,821,phashing,100.0,True,2026-08-17T12:37:29+00:00
55cf88c352644bbd8f78f26d513f5ecb,S7R08578.JPG,UK Antarctic Heritage Trust Data/SfM/SfM_W_external/S7R08578.JPG,822,phashing,100.0,True,2026-08-17T12:37:29+00:00
a3339538b53140019edb434f83149dab,S7R08579.JPG,UK Antarctic Heritage Trust Data/SfM/SfM_W_external/S7R08579.JPG,823,phashing,100.0,True,2026-08-17T12:37:29+00:00
ad8d61664cc24faaa0202ea760d2fbfd,S7R08580.JPG,UK Antarctic Heritage Trust Data/SfM/SfM_W_external/S7R08580.JPG,824,phashing,100.0,True,2026-08-17T12:37:29+00:00
1e664a8067b14aa497f19ebad5c99e39,S7R08581.JPG,UK Antarctic Heritage Trust Data/SfM/SfM_W_external/S7R08581.JPG,825,phashing,100.0,True,2026-08-17T12:37:29+00:00
00c51534b8f34bbfa71ea4638fd0e201,S7R08582.JPG,UK Antarctic Heritage Trust Data/SfM/SfM_W_external/S7R08582.JPG,826,phashing,100.0,True,2026-08-17T12:37:29+00:00
f14cf70eddf54477925c0c939a01ad95,1786459551797-image_1.jpg,UK Antarctic Heritage Trust Data/uploads/1786459551797-image_1.jpg,827,phashing,100.0,True,2026-08-17T12:37:29+00:00
cdfad5fb473949fe83f28f8b8c989168,1 (10).JPG,UK Antarctic Heritage Trust Data/Various_A/1 (10).JPG,828,phashing,100.0,True,2026-08-17T12:37:29+00:00
e25e61c2f47a4d31acf4aa1f95082204,1 (12).JPG,UK Antarctic Heritage Trust Data/Various_A/1 (12).JPG,829,phashing,100.0,True,2026-08-17T12:37:29+00:00
d55cf2ec1aa24639a7b8475f35ec1f60,1 (19).JPG,UK Antarctic Heritage Trust Data/Various_A/1 (19).JPG,830,phashing,100.0,True,2026-08-17T12:37:29+00:00
7bfa89a9426a4ae5872702fc0906b0f0,1 (39).JPG,UK Antarctic Heritage Trust Data/Various_A/1 (39).JPG,831,phashing,100.0,True,2026-08-17T12:37:29+00:00
5fbac88f73d1463992a2f315e150a72d,1 (47).JPG,UK Antarctic Heritage Trust Data/Various_A/1 (47).JPG,832,phashing,100.0,True,2026-08-17T12:37:29+00:00
051c8fe846bc4fa8a9a31cf7c812e0f6,1 (8).JPG,UK Antarctic Heritage Trust Data/Various_A/1 (8).JPG,833,phashing,100.0,True,2026-08-17T12:37:29+00:00
290ee2a7f6524687a0002e19d2603b31,1.JPG,UK Antarctic Heritage Trust Data/Various_A/1.JPG,834,phashing,100.0,True,2026-08-17T12:37:29+00:00
0d9b4042410445dca781cea05c7cdf07,2.JPG,UK Antarctic Heritage Trust Data/Various_A/2.JPG,835,phashing,100.0,True,2026-08-17T12:37:29+00:00
5a5d4e1c45b24eeb86f7148f00bec715,DSC_0072 TJOM.JPG,UK Antarctic Heritage Trust Data/Various_A/DSC_0072 TJOM.JPG,835,phashing,100.0,False,2026-08-17T12:37:29+00:00
691780a248134d1b916a61fae09854d4,20121121-DSC_0811 FK.jpg,UK Antarctic Heritage Trust Data/Various_A/20121121-DSC_0811 FK.jpg,836,phashing,100.0,True,2026-08-17T12:37:29+00:00
c3dc9084a7514358bb3a23cd5f076823,3.JPG,UK Antarctic Heritage Trust Data/Various_A/3.JPG,837,phashing,100.0,True,2026-08-17T12:37:29+00:00
4e600aa8e49a40be84cb8955791d060f,DSC_0068 - TJOM.JPG,UK Antarctic Heritage Trust Data/Various_A/DSC_0068 - TJOM.JPG,837,phashing,100.0,False,2026-08-17T12:37:29+00:00
398fb094f24146bb876878d9129f7ef0,4.JPG,UK Antarctic Heritage Trust Data/Various_A/4.JPG,838,phashing,100.0,True,2026-08-17T12:37:29+00:00
cdee63d2e1c845b68a69e226a735ceba,DSC_0107 TJOM.JPG,UK Antarctic Heritage Trust Data/Various_A/DSC_0107 TJOM.JPG,838,phashing,100.0,False,2026-08-17T12:37:29+00:00
3c6658dbdef74f44ad756853d969f616,a Calire IMG_1633.JPG,UK Antarctic Heritage Trust Data/Various_A/a Calire IMG_1633.JPG,839,phashing,100.0,True,2026-08-17T12:37:29+00:00
105abf9e4ec94535b0305223fb6ee80b,Claire IMG_1633.JPG,UK Antarctic Heritage Trust Data/Various_A/Claire IMG_1633.JPG,839,phashing,100.0,False,2026-08-17T12:37:29+00:00
467b16579622462cb93dd20ecbc170ec,IMG_1633.JPG,UK Antarctic Heritage Trust Data/Various_A/IMG_1633.JPG,839,phashing,100.0,False,2026-08-17T12:37:29+00:00
7b796890b01f4f54b7c5094e6f728f4b,a Cat IMG_5756.JPG,UK Antarctic Heritage Trust Data/Various_A/a Cat IMG_5756.JPG,840,phashing,100.0,True,2026-08-17T12:37:29+00:00
0dcc113bb9894cafa41d29126f2cb237,a Cat IMG_5781 50_.jpg,UK Antarctic Heritage Trust Data/Various_A/a Cat IMG_5781 50_.jpg,841,phashing,100.0,True,2026-08-17T12:37:29+00:00
0c31f599c87641e1a962325b5f153779,a Cat IMG_5781 50_1.jpg,UK Antarctic Heritage Trust Data/Various_A/a Cat IMG_5781 50_1.jpg,841,phashing,100.0,False,2026-08-17T12:37:29+00:00
6a17700cbe6e45a999b714feaf2cd23d,a Cat IMG_7551-Optimized.JPG,UK Antarctic Heritage Trust Data/Various_A/a Cat IMG_7551-Optimized.JPG,842,phashing,100.0,True,2026-08-17T12:37:29+00:00
2b3343b1c3dd44cc82441c9ce4cba9a8,a Cat IMG_7551-Optimized1.JPG,UK Antarctic Heritage Trust Data/Various_A/a Cat IMG_7551-Optimized1.JPG,842,phashing,100.0,False,2026-08-17T12:37:29+00:00
f9a1edbad1e543b2ab909263ca139272,a Cat IMG_7551.JPG,UK Antarctic Heritage Trust Data/Various_A/a Cat IMG_7551.JPG,842,phashing,93.75,False,2026-08-17T12:37:29+00:00
ebad67c27d0949dbabd75533424dcd8d,aa Cat IMG_7551.JPG,UK Antarctic Heritage Trust Data/Various_A/aa Cat IMG_7551.JPG,842,phashing,93.75,False,2026-08-17T12:37:29+00:00
d5b3b6e72ef240d2b67d20e0c6875932,a Cat IMG_8594.JPG,UK Antarctic Heritage Trust Data/Various_A/a Cat IMG_8594.JPG,843,phashing,100.0,True,2026-08-17T12:37:29+00:00
6d1a3d12ed354dd4b3fc300eb274e006,a Cat IMG_9332.JPG,UK Antarctic Heritage Trust Data/Various_A/a Cat IMG_9332.JPG,844,phashing,100.0,True,2026-08-17T12:37:29+00:00
ac59967393f14b44b0e7762d9dc0b5bd,a Cat IMG_93321.JPG,UK Antarctic Heritage Trust Data/Various_A/a Cat IMG_93321.JPG,844,phashing,100.0,False,2026-08-17T12:37:29+00:00
2011f41035bf469b8b8bf897772855f3,a Cat IMG_9758.JPG,UK Antarctic Heritage Trust Data/Various_A/a Cat IMG_9758.JPG,845,phashing,100.0,True,2026-08-17T12:37:29+00:00
64f974fec5bf4d6ea0d90cdc510bebd8,a Cat IMG_97581.JPG,UK Antarctic Heritage Trust Data/Various_A/a Cat IMG_97581.JPG,845,phashing,100.0,False,2026-08-17T12:37:29+00:00
68980e4bef1f4fa59ade9beaa8df12e6,a Claire DSC07803.JPG,UK Antarctic Heritage Trust Data/Various_A/a Claire DSC07803.JPG,846,phashing,100.0,True,2026-08-17T12:37:29+00:00
dc0263dbabf84d39a2327cedea5f1649,a Claire DSC078031.JPG,UK Antarctic Heritage Trust Data/Various_A/a Claire DSC078031.JPG,846,phashing,100.0,False,2026-08-17T12:37:29+00:00
422413b8635b4d308048710323097fe7,a Claire IMG_1985.JPG,UK Antarctic Heritage Trust Data/Various_A/a Claire IMG_1985.JPG,847,phashing,100.0,True,2026-08-17T12:37:29+00:00
c8b1cb903d0c472ba95480b92b577a03,a Claire IMG_19851.JPG,UK Antarctic Heritage Trust Data/Various_A/a Claire IMG_19851.JPG,847,phashing,100.0,False,2026-08-17T12:37:29+00:00
9936e3985e34471ba7987b561bfaa6c4,a Claire IMG_3388.JPG,UK Antarctic Heritage Trust Data/Various_A/a Claire IMG_3388.JPG,848,phashing,100.0,True,2026-08-17T12:37:29+00:00
0a0bf0db4f2f40958f9ce96289943fcf,a Claire IMG_6340.JPG,UK Antarctic Heritage Trust Data/Various_A/a Claire IMG_6340.JPG,849,phashing,100.0,True,2026-08-17T12:37:29+00:00
e42817e49bfe4ffcb55c193ecf12a0d6,a Claire IMG_6407.JPG,UK Antarctic Heritage Trust Data/Various_A/a Claire IMG_6407.JPG,850,phashing,100.0,True,2026-08-17T12:37:29+00:00
04cdaa9b68f3485099e4e7deb3558f2a,a Claire IMG_64071.JPG,UK Antarctic Heritage Trust Data/Various_A/a Claire IMG_64071.JPG,850,phashing,100.0,False,2026-08-17T12:37:29+00:00
e7ee8dbf72f34f60a037f78fdbd32620,a Michael DSC_1154.JPG,UK Antarctic Heritage Trust Data/Various_A/a Michael DSC_1154.JPG,851,phashing,100.0,True,2026-08-17T12:37:29+00:00
cdc6394fec224630b2b0226c36f0d1ba,a Michael DSC_11541.JPG,UK Antarctic Heritage Trust Data/Various_A/a Michael DSC_11541.JPG,851,phashing,100.0,False,2026-08-17T12:37:29+00:00
35f51946cae4483baebd308ea6a440a2,a Michael DSC_1736.JPG,UK Antarctic Heritage Trust Data/Various_A/a Michael DSC_1736.JPG,852,phashing,100.0,True,2026-08-17T12:37:29+00:00
be8df24a5da7419a844d898ea3a81e42,a RACHEL MORGAN - Ylva P1010042.JPG,UK Antarctic Heritage Trust Data/Various_A/a RACHEL MORGAN - Ylva P1010042.JPG,853,phashing,100.0,True,2026-08-17T12:37:29+00:00
b153ce4940594799ad366fa4fa0185e1,a RACHEL MORGAN - Ylva P10100421.JPG,UK Antarctic Heritage Trust Data/Various_A/a RACHEL MORGAN - Ylva P10100421.JPG,853,phashing,100.0,False,2026-08-17T12:37:29+00:00
5c5acd171ee1418bb7487a94f4c040c8,A true Antarctic scene. Kristine Hannon.jpg,UK Antarctic Heritage Trust Data/Various_A/A true Antarctic scene. Kristine Hannon.jpg,854,phashing,100.0,True,2026-08-17T12:37:29+00:00
9eacbf82a69f45429ebcd780f1f7fe14,a Ylva P1000662.jpg,UK Antarctic Heritage Trust Data/Various_A/a Ylva P1000662.jpg,855,phashing,100.0,True,2026-08-17T12:37:29+00:00
56c5c8b73fc94515b90379c2450d872b,Bransfield House 2011 Ylva Grams P1000662.jpg,UK Antarctic Heritage Trust Data/Various_A/Bransfield House 2011 Ylva Grams P1000662.jpg,855,phashing,100.0,False,2026-08-17T12:37:29+00:00
35c936cdcf964e769ca2aaa9a12d59c3,a Ylva P10006621.jpg,UK Antarctic Heritage Trust Data/Various_A/a Ylva P10006621.jpg,855,phashing,100.0,False,2026-08-17T12:37:29+00:00
af3b15f8c850480ab4d14fe5e18245c7,Ad Chart scan 3.jpg,UK Antarctic Heritage Trust Data/Various_A/Ad Chart scan 3.jpg,856,phashing,100.0,True,2026-08-17T12:37:29+00:00
4891273fa36e42a097c52aedddc153d9,BaseASign.JPG,UK Antarctic Heritage Trust Data/Various_A/BaseASign.JPG,857,phashing,100.0,True,2026-08-17T12:37:29+00:00
713cd234062044f0be4f5c8ef2d0b113,BHPorch2.JPG,UK Antarctic Heritage Trust Data/Various_A/BHPorch2.JPG,858,phashing,100.0,True,2026-08-17T12:37:29+00:00
a92c0ab3fff64a8483328326e794f717,BitumenBoatShedDSC02535.JPG,UK Antarctic Heritage Trust Data/Various_A/BitumenBoatShedDSC02535.JPG,859,phashing,100.0,True,2026-08-17T12:37:29+00:00
2a79e9471bbd4373b02b1c9285fe2fca,BRANSFIELD HOUSE Ylva P1010793.JPG,UK Antarctic Heritage Trust Data/Various_A/BRANSFIELD HOUSE Ylva P1010793.JPG,860,phashing,100.0,True,2026-08-17T12:37:29+00:00
a1828b58133b4e708ffd98a2bd21c05b,BRANSFIELD HOUSE Ylva P10107931.JPG,UK Antarctic Heritage Trust Data/Various_A/BRANSFIELD HOUSE Ylva P10107931.JPG,860,phashing,100.0,False,2026-08-17T12:37:29+00:00
0e88c26acfa94f5cb5d25f87a7ce589b,"Bransfield House, Kristine Hannon (1).jpg","UK Antarctic Heritage Trust Data/Various_A/Bransfield House, Kristine Hannon (1).jpg",861,phashing,100.0,True,2026-08-17T12:37:29+00:00
8d2315282b59419fa98e9d6686c77c8c,Cat IMG_0846.JPG,UK Antarctic Heritage Trust Data/Various_A/Cat IMG_0846.JPG,862,phashing,100.0,True,2026-08-17T12:37:29+00:00
a2c7623ec61747ea96bc445d9bab973d,CAT TOTTY - Claire DSC06438.JPG,UK Antarctic Heritage Trust Data/Various_A/CAT TOTTY - Claire DSC06438.JPG,863,phashing,100.0,True,2026-08-17T12:37:29+00:00
51440607350e468a9763f5fac3ed05c8,CAT TOTTY - Rachel P1040162.jpg,UK Antarctic Heritage Trust Data/Various_A/CAT TOTTY - Rachel P1040162.jpg,864,phashing,100.0,True,2026-08-17T12:37:29+00:00
23b9c09ca4b64f89adfd98f5f018f2c9,CAT TOTTY P1000953 Ylva.JPG,UK Antarctic Heritage Trust Data/Various_A/CAT TOTTY P1000953 Ylva.JPG,865,phashing,100.0,True,2026-08-17T12:37:29+00:00
a3875068447a49a4a9a3d22b3a60726f,CAT TOTTY Rachel P1040161.JPG,UK Antarctic Heritage Trust Data/Various_A/CAT TOTTY Rachel P1040161.JPG,866,phashing,100.0,True,2026-08-17T12:37:29+00:00
a77366b5ca774b44956bb5d7c42f6fba,DSC_0025.JPG,UK Antarctic Heritage Trust Data/Various_A/DSC_0025.JPG,867,phashing,100.0,True,2026-08-17T12:37:29+00:00
c537ca89d91d48ffbac85e8e8e356cb4,DSC_0029.JPG,UK Antarctic Heritage Trust Data/Various_A/DSC_0029.JPG,868,phashing,100.0,True,2026-08-17T12:37:29+00:00
c970201b11d54c9bbedfc868e865c0b0,DSC_0033.JPG,UK Antarctic Heritage Trust Data/Various_A/DSC_0033.JPG,869,phashing,100.0,True,2026-08-17T12:37:29+00:00
4c48874c67db4cbe99aff47e8ea8ff4d,DSC_0037.JPG,UK Antarctic Heritage Trust Data/Various_A/DSC_0037.JPG,870,phashing,100.0,True,2026-08-17T12:37:29+00:00
b614b896f295488f9b9dea2c965e7ad3,DSC_0039.JPG,UK Antarctic Heritage Trust Data/Various_A/DSC_0039.JPG,871,phashing,100.0,True,2026-08-17T12:37:29+00:00
ddce0d2903344b2cb53a81510901dad7,DSC_0040.JPG,UK Antarctic Heritage Trust Data/Various_A/DSC_0040.JPG,872,phashing,100.0,True,2026-08-17T12:37:29+00:00
cb538d18489340b8bf961e21209ea3fe,DSC_0046.JPG,UK Antarctic Heritage Trust Data/Various_A/DSC_0046.JPG,873,phashing,100.0,True,2026-08-17T12:37:29+00:00
274f30a856e34cee831b3c20671c026f,DSC_0047.JPG,UK Antarctic Heritage Trust Data/Various_A/DSC_0047.JPG,874,phashing,100.0,True,2026-08-17T12:37:29+00:00
bc1ed5eadf9149faa3fec1fdcbf7c80f,DSC_0057.JPG,UK Antarctic Heritage Trust Data/Various_A/DSC_0057.JPG,875,phashing,100.0,True,2026-08-17T12:37:29+00:00
6557de2ab38e4106a156b39ea09a4c29,DSC_0058.JPG,UK Antarctic Heritage Trust Data/Various_A/DSC_0058.JPG,876,phashing,100.0,True,2026-08-17T12:37:29+00:00
3ab27e7db58b40e1a3931ce956b49763,DSC_0061.JPG,UK Antarctic Heritage Trust Data/Various_A/DSC_0061.JPG,877,phashing,100.0,True,2026-08-17T12:37:29+00:00
dc919019afd5465a928d317433bed109,DSC_00611.JPG,UK Antarctic Heritage Trust Data/Various_A/DSC_00611.JPG,877,phashing,100.0,False,2026-08-17T12:37:29+00:00
07d1cf8063a84413bb6c393744d849e2,DSC_0066 TJOM.JPG,UK Antarctic Heritage Trust Data/Various_A/DSC_0066 TJOM.JPG,878,phashing,100.0,True,2026-08-17T12:37:29+00:00
21ec390204c8468b90007cf61f02ac65,DSC_0069 TJOM.JPG,UK Antarctic Heritage Trust Data/Various_A/DSC_0069 TJOM.JPG,879,phashing,100.0,True,2026-08-17T12:37:29+00:00
2aaa6f2d3f544073aa1656b5b5dfd1b6,DSC_00691.jpg,UK Antarctic Heritage Trust Data/Various_A/DSC_00691.jpg,880,phashing,100.0,True,2026-08-17T12:37:29+00:00
e8dd40e5d8a743a896bbb556b24de9e7,DSC_0069.JPG,UK Antarctic Heritage Trust Data/Various_A/DSC_0069.JPG,880,phashing,100.0,False,2026-08-17T12:37:29+00:00
4cc5ca2824d84a9393168d95b564f88b,DSC_0070 TJOM.JPG,UK Antarctic Heritage Trust Data/Various_A/DSC_0070 TJOM.JPG,881,phashing,100.0,True,2026-08-17T12:37:29+00:00
08116c83cc1d41739cad6439b718618d,DSC_0071 TJOM.JPG,UK Antarctic Heritage Trust Data/Various_A/DSC_0071 TJOM.JPG,882,phashing,100.0,True,2026-08-17T12:37:29+00:00
5aa1dfe7c9e043b7b2aeb556d12f21a5,DSC_0079 TJOM.JPG,UK Antarctic Heritage Trust Data/Various_A/DSC_0079 TJOM.JPG,883,phashing,100.0,True,2026-08-17T12:37:29+00:00
27c7dac3b31741f28d046ba4adfc4675,DSC_0081.JPG,UK Antarctic Heritage Trust Data/Various_A/DSC_0081.JPG,884,phashing,100.0,True,2026-08-17T12:37:29+00:00
a86cf7ea4c004a0080a7d6aecf48f1d2,DSC_0083.JPG,UK Antarctic Heritage Trust Data/Various_A/DSC_0083.JPG,885,phashing,100.0,True,2026-08-17T12:37:29+00:00
58f346471e60437da7c21f0565fde2b5,DSC_0086.JPG,UK Antarctic Heritage Trust Data/Various_A/DSC_0086.JPG,886,phashing,100.0,True,2026-08-17T12:37:29+00:00
c6ac1b4fa07e4ef69c5126866fdb0dc2,DSC_0089 TJOM.JPG,UK Antarctic Heritage Trust Data/Various_A/DSC_0089 TJOM.JPG,887,phashing,100.0,True,2026-08-17T12:37:29+00:00
1f39536099a745d39c111aedc7c1c306,DSC_0089.JPG,UK Antarctic Heritage Trust Data/Various_A/DSC_0089.JPG,888,phashing,100.0,True,2026-08-17T12:37:29+00:00
bc57d1cbe82344cf901456702a5cee2c,DSC_0101 TJOM.JPG,UK Antarctic Heritage Trust Data/Various_A/DSC_0101 TJOM.JPG,889,phashing,100.0,True,2026-08-17T12:37:29+00:00
0ec9f31a27e74d8a9a8b79d69acd0ebc,DSC_0104.JPG,UK Antarctic Heritage Trust Data/Various_A/DSC_0104.JPG,890,phashing,100.0,True,2026-08-17T12:37:29+00:00
cf1d1da28df7486b9cacd2e1df6c87f7,DSC_0108 TJOM.JPG,UK Antarctic Heritage Trust Data/Various_A/DSC_0108 TJOM.JPG,891,phashing,100.0,True,2026-08-17T12:37:29+00:00
957422616d414dbbaa096d62a1bf91cb,DSC_0112.JPG,UK Antarctic Heritage Trust Data/Various_A/DSC_0112.JPG,892,phashing,100.0,True,2026-08-17T12:37:29+00:00
022f811537ff406aa759d952c3d9b58a,DSC_0115.JPG,UK Antarctic Heritage Trust Data/Various_A/DSC_0115.JPG,893,phashing,100.0,True,2026-08-17T12:37:29+00:00
76cff383a7124cfe814b76bc60856f9f,DSC_0116.JPG,UK Antarctic Heritage Trust Data/Various_A/DSC_0116.JPG,894,phashing,100.0,True,2026-08-17T12:37:29+00:00
63ae3c6981b44135aace7fa0ba39e2b7,DSC_0120.JPG,UK Antarctic Heritage Trust Data/Various_A/DSC_0120.JPG,895,phashing,100.0,True,2026-08-17T12:37:29+00:00
0ae4034974fa4d55bfc8c359d8ec6432,DSC_0142.JPG,UK Antarctic Heritage Trust Data/Various_A/DSC_0142.JPG,896,phashing,100.0,True,2026-08-17T12:37:29+00:00
e83b5cd81afc404fa2e124eaf013f2df,DSC_0146 (2).JPG,UK Antarctic Heritage Trust Data/Various_A/DSC_0146 (2).JPG,897,phashing,100.0,True,2026-08-17T12:37:29+00:00
72aa87c3f63742d78c053e4d75aadc08,DSC_0146.JPG,UK Antarctic Heritage Trust Data/Various_A/DSC_0146.JPG,898,phashing,100.0,True,2026-08-17T12:37:29+00:00
36a4d5a730fa4062bec35bbfa85e94fb,DSC_0154.JPG,UK Antarctic Heritage Trust Data/Various_A/DSC_0154.JPG,899,phashing,100.0,True,2026-08-17T12:37:29+00:00
ad884fbf685f4c6a87abb1a378e3a4c9,DSC_0161.JPG,UK Antarctic Heritage Trust Data/Various_A/DSC_0161.JPG,900,phashing,100.0,True,2026-08-17T12:37:29+00:00
4e2b8ae25ca940229069ee43a9ee0f74,DSC_0166.JPG,UK Antarctic Heritage Trust Data/Various_A/DSC_0166.JPG,901,phashing,100.0,True,2026-08-17T12:37:29+00:00
1415d411fb0e4d0a963e1289a42c2f8b,DSC_0175.JPG,UK Antarctic Heritage Trust Data/Various_A/DSC_0175.JPG,902,phashing,100.0,True,2026-08-17T12:37:29+00:00
2ecfe46aaff24c7ab7275cfdc528f0ef,DSC_0177.JPG,UK Antarctic Heritage Trust Data/Various_A/DSC_0177.JPG,903,phashing,100.0,True,2026-08-17T12:37:29+00:00
8be5246fdbce4034a7106c0df7f40207,DSC_0180.JPG,UK Antarctic Heritage Trust Data/Various_A/DSC_0180.JPG,904,phashing,100.0,True,2026-08-17T12:37:29+00:00
b9475b270fa94ea4ba8841e106273a19,DSC_0181.JPG,UK Antarctic Heritage Trust Data/Various_A/DSC_0181.JPG,905,phashing,100.0,True,2026-08-17T12:37:29+00:00
524699292acc4894b537d66c11e34314,DSC_0188.JPG,UK Antarctic Heritage Trust Data/Various_A/DSC_0188.JPG,906,phashing,100.0,True,2026-08-17T12:37:29+00:00
4b09be349dbb4f3187f8471939441c15,DSC_0195.JPG,UK Antarctic Heritage Trust Data/Various_A/DSC_0195.JPG,907,phashing,100.0,True,2026-08-17T12:37:29+00:00
5c3f5a96bcff41a98be867c687d3e8cc,DSC_01951.JPG,UK Antarctic Heritage Trust Data/Various_A/DSC_01951.JPG,907,phashing,100.0,False,2026-08-17T12:37:29+00:00
17891f9dac614c78a81d42d11b4b146a,DSC_0198.JPG,UK Antarctic Heritage Trust Data/Various_A/DSC_0198.JPG,908,phashing,100.0,True,2026-08-17T12:37:29+00:00
bc12df45c3d444bbb31fc1ea41fa505b,DSC_0199.JPG,UK Antarctic Heritage Trust Data/Various_A/DSC_0199.JPG,909,phashing,100.0,True,2026-08-17T12:37:29+00:00
14bcd986c00f47408ef82437fcbaa02f,DSC_0200.JPG,UK Antarctic Heritage Trust Data/Various_A/DSC_0200.JPG,910,phashing,100.0,True,2026-08-17T12:37:29+00:00
fc73a5d7dc154390adf112383d1140a6,DSC_0201.JPG,UK Antarctic Heritage Trust Data/Various_A/DSC_0201.JPG,911,phashing,100.0,True,2026-08-17T12:37:29+00:00
70a313eb98fa4b7cb1a87182d1eabd2a,DSC_02011.JPG,UK Antarctic Heritage Trust Data/Various_A/DSC_02011.JPG,911,phashing,100.0,False,2026-08-17T12:37:29+00:00
d772519f39664e2698132d7afb6bcda1,DSC_0202.JPG,UK Antarctic Heritage Trust Data/Various_A/DSC_0202.JPG,912,phashing,100.0,True,2026-08-17T12:37:29+00:00
55775e1c76954d9facf7bc301d5bf2fe,DSC_0203.JPG,UK Antarctic Heritage Trust Data/Various_A/DSC_0203.JPG,913,phashing,100.0,True,2026-08-17T12:37:29+00:00
bfa4ff7e5e0842678c721f5c446890cf,DSC_0204.JPG,UK Antarctic Heritage Trust Data/Various_A/DSC_0204.JPG,914,phashing,100.0,True,2026-08-17T12:37:29+00:00
8bd8faf2cb0b4e1d8c097251ff016255,DSC_0205.JPG,UK Antarctic Heritage Trust Data/Various_A/DSC_0205.JPG,915,phashing,100.0,True,2026-08-17T12:37:29+00:00
2d05defe9837465cb93fc137b5f247cd,DSC_0206.JPG,UK Antarctic Heritage Trust Data/Various_A/DSC_0206.JPG,916,phashing,100.0,True,2026-08-17T12:37:29+00:00
82c8ad6396484a5fb5524ec404c41db2,DSC_0207.JPG,UK Antarctic Heritage Trust Data/Various_A/DSC_0207.JPG,917,phashing,100.0,True,2026-08-17T12:37:29+00:00
d402a7fdaa4d410ca8dcf7b05ee4e3da,DSC_0215.JPG,UK Antarctic Heritage Trust Data/Various_A/DSC_0215.JPG,918,phashing,100.0,True,2026-08-17T12:37:29+00:00
ffbd097048ad4e0d973bbd5679a8a4f1,DSC_0216.JPG,UK Antarctic Heritage Trust Data/Various_A/DSC_0216.JPG,919,phashing,100.0,True,2026-08-17T12:37:29+00:00
76fa910f747347eebe1028a4237fc134,DSC_02161.JPG,UK Antarctic Heritage Trust Data/Various_A/DSC_02161.JPG,919,phashing,100.0,False,2026-08-17T12:37:29+00:00
8aac4aa6f1bc495cac4cc2220f99877b,DSC_0217.JPG,UK Antarctic Heritage Trust Data/Various_A/DSC_0217.JPG,920,phashing,100.0,True,2026-08-17T12:37:29+00:00
4cd15640dc33493291c257c1b40f5b39,DSC_0219.JPG,UK Antarctic Heritage Trust Data/Various_A/DSC_0219.JPG,921,phashing,100.0,True,2026-08-17T12:37:29+00:00
4cd2813904a34c21a6f6e91987143752,DSC_0221.JPG,UK Antarctic Heritage Trust Data/Various_A/DSC_0221.JPG,922,phashing,100.0,True,2026-08-17T12:37:29+00:00
e8b8fa120ead40fba27ac782e45c00bc,DSC_0222.JPG,UK Antarctic Heritage Trust Data/Various_A/DSC_0222.JPG,923,phashing,100.0,True,2026-08-17T12:37:29+00:00
58d06755f7784c34a410412d9e4a7bff,DSC_0227.JPG,UK Antarctic Heritage Trust Data/Various_A/DSC_0227.JPG,924,phashing,100.0,True,2026-08-17T12:37:29+00:00
c18eeff7b43f49e89612f168900fc0f1,DSC_0228.JPG,UK Antarctic Heritage Trust Data/Various_A/DSC_0228.JPG,925,phashing,100.0,True,2026-08-17T12:37:29+00:00
2e98d8895d364b3691a2dfee21e06ba1,DSC_0229.JPG,UK Antarctic Heritage Trust Data/Various_A/DSC_0229.JPG,926,phashing,100.0,True,2026-08-17T12:37:29+00:00
9c5e196a3ea4490982831e2fac01af4f,DSC_0230.JPG,UK Antarctic Heritage Trust Data/Various_A/DSC_0230.JPG,927,phashing,100.0,True,2026-08-17T12:37:29+00:00
d1b0a83e9eb14cc784afaeed21e07f13,DSC_02301.JPG,UK Antarctic Heritage Trust Data/Various_A/DSC_02301.JPG,927,phashing,100.0,False,2026-08-17T12:37:29+00:00
5e31922e757f41ea90690ba641cf4a46,DSC_0231.JPG,UK Antarctic Heritage Trust Data/Various_A/DSC_0231.JPG,928,phashing,100.0,True,2026-08-17T12:37:29+00:00
5fa88dd0dc1b4c3d8562cebe98198a1b,DSC_02311.JPG,UK Antarctic Heritage Trust Data/Various_A/DSC_02311.JPG,928,phashing,100.0,False,2026-08-17T12:37:29+00:00
149a6653ce834aee8d0aaed609e7a0bb,DSC_0232.JPG,UK Antarctic Heritage Trust Data/Various_A/DSC_0232.JPG,929,phashing,100.0,True,2026-08-17T12:37:29+00:00
4208711e249c4eb9b751e593a3873cd0,DSC_0233.JPG,UK Antarctic Heritage Trust Data/Various_A/DSC_0233.JPG,930,phashing,100.0,True,2026-08-17T12:37:29+00:00
82561399a008447f87df899be5ccdcc0,DSC_0234.JPG,UK Antarctic Heritage Trust Data/Various_A/DSC_0234.JPG,931,phashing,100.0,True,2026-08-17T12:37:29+00:00
891a5db0faff44338be3b2bd39433a69,DSC_0235.JPG,UK Antarctic Heritage Trust Data/Various_A/DSC_0235.JPG,932,phashing,100.0,True,2026-08-17T12:37:29+00:00
b0942d5de55a4e4296901016438dfda0,DSC_0236.JPG,UK Antarctic Heritage Trust Data/Various_A/DSC_0236.JPG,933,phashing,100.0,True,2026-08-17T12:37:29+00:00
9815d52175204ff78a3eac54a91b2779,DSC_0237.JPG,UK Antarctic Heritage Trust Data/Various_A/DSC_0237.JPG,934,phashing,100.0,True,2026-08-17T12:37:29+00:00
94c4973e3e574e17b4972dfe5a368ef1,DSC_0238.JPG,UK Antarctic Heritage Trust Data/Various_A/DSC_0238.JPG,935,phashing,100.0,True,2026-08-17T12:37:29+00:00
93bd5e2b7d524acebedd9e1bc8ba69f8,DSC_02381.JPG,UK Antarctic Heritage Trust Data/Various_A/DSC_02381.JPG,935,phashing,100.0,False,2026-08-17T12:37:29+00:00
51709d0b549940239f79cddbbfb393b5,DSC_0239.JPG,UK Antarctic Heritage Trust Data/Various_A/DSC_0239.JPG,936,phashing,100.0,True,2026-08-17T12:37:29+00:00
a97c8b0b759e45abb37cb7437c61dc9d,DSC_02391.JPG,UK Antarctic Heritage Trust Data/Various_A/DSC_02391.JPG,936,phashing,100.0,False,2026-08-17T12:37:29+00:00
5dfafc201dfb4e889f78e4b8791b04fa,DSC_0240.JPG,UK Antarctic Heritage Trust Data/Various_A/DSC_0240.JPG,937,phashing,100.0,True,2026-08-17T12:37:29+00:00
d9f2a58d8f8b4c4dbcf49caa5dff9c22,DSC_0242.JPG,UK Antarctic Heritage Trust Data/Various_A/DSC_0242.JPG,938,phashing,100.0,True,2026-08-17T12:37:29+00:00
508c858e822e4db7b3b2bf252fc508f5,DSC_0247.JPG,UK Antarctic Heritage Trust Data/Various_A/DSC_0247.JPG,939,phashing,100.0,True,2026-08-17T12:37:29+00:00
a8601a517bea44658c16a47721c46c27,DSC_02471.JPG,UK Antarctic Heritage Trust Data/Various_A/DSC_02471.JPG,939,phashing,100.0,False,2026-08-17T12:37:29+00:00
c418e39313364be694842866fc92f33e,DSC_0249.JPG,UK Antarctic Heritage Trust Data/Various_A/DSC_0249.JPG,940,phashing,100.0,True,2026-08-17T12:37:29+00:00
901f76f9fee945caab4294d1bd374a70,DSC_0255.JPG.jpg,UK Antarctic Heritage Trust Data/Various_A/DSC_0255.JPG.jpg,941,phashing,100.0,True,2026-08-17T12:37:29+00:00
997714dd907449738f305f5597332a2a,DSC_0281.JPG,UK Antarctic Heritage Trust Data/Various_A/DSC_0281.JPG,942,phashing,100.0,True,2026-08-17T12:37:29+00:00
1b38352a71ce4414bcf6b99b6d4f3a4f,DSC_0282 TJOM.JPG,UK Antarctic Heritage Trust Data/Various_A/DSC_0282 TJOM.JPG,943,phashing,100.0,True,2026-08-17T12:37:29+00:00
d927234ad7eb4b23ab556e51ceafb490,DSC_0294.JPG,UK Antarctic Heritage Trust Data/Various_A/DSC_0294.JPG,944,phashing,100.0,True,2026-08-17T12:37:29+00:00
b1ea2928876f4858bbe85c3745fab9a3,DSC_0463.JPG,UK Antarctic Heritage Trust Data/Various_A/DSC_0463.JPG,945,phashing,100.0,True,2026-08-17T12:37:29+00:00
4a6316fe0027477484ca4c650c92d480,DSC_0539.JPG,UK Antarctic Heritage Trust Data/Various_A/DSC_0539.JPG,946,phashing,100.0,True,2026-08-17T12:37:29+00:00
61bee1542abb4b208d8450f67cfa8355,DSC_0582.JPG,UK Antarctic Heritage Trust Data/Various_A/DSC_0582.JPG,947,phashing,100.0,True,2026-08-17T12:37:29+00:00
e12f13b48ed540c3b16d1895c5d97de4,DSC_0591.JPG,UK Antarctic Heritage Trust Data/Various_A/DSC_0591.JPG,948,phashing,100.0,True,2026-08-17T12:37:29+00:00
8ae8c99458e54e0aa745bc5003e7c7dd,DSC_0641.JPG,UK Antarctic Heritage Trust Data/Various_A/DSC_0641.JPG,949,phashing,100.0,True,2026-08-17T12:37:29+00:00
7c49bb2beceb40fa9a21fb63ae364515,DSC_0728.JPG,UK Antarctic Heritage Trust Data/Various_A/DSC_0728.JPG,950,phashing,100.0,True,2026-08-17T12:37:29+00:00
9e0691a0fba94a69b17f7cab14b90d41,DSC_0735.JPG,UK Antarctic Heritage Trust Data/Various_A/DSC_0735.JPG,951,phashing,100.0,True,2026-08-17T12:37:29+00:00
