image_uid,file_name,relative_path,date_taken,date_digitised,camera_make,camera_model,serial_number,lens_model,image_width,image_height,orientation,software,iso,exposure_time,f_number,focal_length,flash,white_balance,exposure_program,metering_mode,gps_latitude,gps_longitude,gps_altitude,extracted_at
269d66e86b4541febf315decf8a905ff,P7630236 (Large).jpg,UK Antarctic Heritage Trust Data/3rdParty_A_2020_Copyright_JNH/JNH/P7630236 (Large).jpg,2020-04-24 17:05:41,2020-04-24 17:05:41,Panasonic,DMC-GM1,,,1920.0,1021.0,,Photos 2.0,200.0,1/500,11.0,32.0,Did not fire,Auto,Landscape mode,Pattern,,,,2026-08-17T04:01:58+00:00
d088c218fd0f4eb6bf61703724320bf8,P7630258 (Large).JPG,UK Antarctic Heritage Trust Data/3rdParty_A_2020_Copyright_JNH/JNH/P7630258 (Large).JPG,2020-04-24 17:37:44,2020-04-24 17:37:44,Panasonic,DMC-GM1,,,721.0,1080.0,Horizontal,Microsoft Windows Photo Viewer 6.1.7600.16385,800.0,1/50,4.0,12.0,Fired,Auto,Normal program,Pattern,,,,2026-08-17T04:01:58+00:00
914ff8706e264a7494e26d73865182fb,P7630259 (Large).JPG,UK Antarctic Heritage Trust Data/3rdParty_A_2020_Copyright_JNH/JNH/P7630259 (Large).JPG,2020-04-24 17:38:03,2020-04-24 17:38:03,Panasonic,DMC-GM1,,,721.0,1080.0,Horizontal,Microsoft Windows Photo Viewer 6.1.7600.16385,800.0,1/50,4.0,12.0,Fired,Auto,Normal program,Pattern,,,,2026-08-17T04:01:58+00:00
b09e878e43244c9084c1806854310d7c,P7630260 (Large).JPG,UK Antarctic Heritage Trust Data/3rdParty_A_2020_Copyright_JNH/JNH/P7630260 (Large).JPG,2020-04-24 17:38:19,2020-04-24 17:38:19,Panasonic,DMC-GM1,,,721.0,1080.0,Horizontal,Microsoft Windows Photo Viewer 6.1.7600.16385,800.0,1/50,5.0,12.0,Fired,Auto,Normal program,Pattern,,,,2026-08-17T04:01:58+00:00
35690be72dd3455fbcafc0231071fedf,P7630262 (Large).JPG,UK Antarctic Heritage Trust Data/3rdParty_A_2020_Copyright_JNH/JNH/P7630262 (Large).JPG,2020-04-24 17:38:44,2020-04-24 17:38:44,Panasonic,DMC-GM1,,,1616.0,1080.0,Horizontal,Ver.1.0,640.0,1/50,8.0,12.0,Fired,Auto,Normal program,Pattern,,,,2026-08-17T04:01:58+00:00
fb93140dfa194be6ada549fd6aeaec8e,P7630263 (Large).JPG,UK Antarctic Heritage Trust Data/3rdParty_A_2020_Copyright_JNH/JNH/P7630263 (Large).JPG,2020-04-24 17:40:55,2020-04-24 17:40:55,Panasonic,DMC-GM1,,,1616.0,1080.0,Horizontal,Ver.1.0,640.0,1/50,5.0,12.0,Fired,Auto,Normal program,Pattern,,,,2026-08-17T04:01:58+00:00
14fade1fdaa24692866724045c8a9ab7,P7630264 (Large).JPG,UK Antarctic Heritage Trust Data/3rdParty_A_2020_Copyright_JNH/JNH/P7630264 (Large).JPG,2020-04-24 17:41:07,2020-04-24 17:41:07,Panasonic,DMC-GM1,,,1616.0,1080.0,Horizontal,Ver.1.0,800.0,1/50,4.0,12.0,Fired,Auto,Normal program,Pattern,,,,2026-08-17T04:01:58+00:00
711787b883514968a55763405f11b035,P7630265 (Large).JPG,UK Antarctic Heritage Trust Data/3rdParty_A_2020_Copyright_JNH/JNH/P7630265 (Large).JPG,2020-04-24 17:43:08,2020-04-24 17:43:08,Panasonic,DMC-GM1,,,1616.0,1080.0,Horizontal,Ver.1.0,200.0,1/800,11.0,12.0,Did not fire,Auto,Normal program,Pattern,,,,2026-08-17T04:01:58+00:00
ae752da1c40e48c48fde4bb319cfc588,P7630266 (Large).JPG,UK Antarctic Heritage Trust Data/3rdParty_A_2020_Copyright_JNH/JNH/P7630266 (Large).JPG,2020-04-24 17:43:50,2020-04-24 17:43:50,Panasonic,DMC-GM1,,,1616.0,1080.0,Horizontal,Ver.1.0,200.0,1/640,11.0,12.0,Did not fire,Auto,Normal program,Pattern,,,,2026-08-17T04:01:58+00:00
f8e6505e035b4ef8bc0a18401a169495,P7630267 (Large).JPG,UK Antarctic Heritage Trust Data/3rdParty_A_2020_Copyright_JNH/JNH/P7630267 (Large).JPG,2020-04-24 17:44:19,2020-04-24 17:44:19,Panasonic,DMC-GM1,,,1616.0,1080.0,Horizontal,Ver.1.0,200.0,1/500,9.0,12.0,Did not fire,Auto,Normal program,Pattern,,,,2026-08-17T04:01:58+00:00
aa11b34ae6dc41fb87f95e5aa5e6154e,P7630268 (Large).JPG,UK Antarctic Heritage Trust Data/3rdParty_A_2020_Copyright_JNH/JNH/P7630268 (Large).JPG,2020-04-24 17:45:24,2020-04-24 17:45:24,Panasonic,DMC-GM1,,,1616.0,1080.0,Horizontal,Ver.1.0,200.0,1/400,10.0,12.0,Did not fire,Auto,Normal program,Pattern,,,,2026-08-17T04:01:58+00:00
84a9b1a43e704abb89bc1c8a3f53a967,P7630273 (Large).jpg,UK Antarctic Heritage Trust Data/3rdParty_A_2020_Copyright_JNH/JNH/P7630273 (Large).jpg,2020-04-24 17:54:16,2020-04-24 17:54:16,Panasonic,DMC-GM1,,,1920.0,824.0,,Photos 2.0,200.0,1/640,11.0,12.0,Did not fire,Auto,Normal program,Pattern,,,,2026-08-17T04:01:58+00:00
a14c9ad88f0a450286cad28dcbf22a36,P7630276 (Large).JPG,UK Antarctic Heritage Trust Data/3rdParty_A_2020_Copyright_JNH/JNH/P7630276 (Large).JPG,2020-04-24 18:06:26,2020-04-24 18:06:26,Panasonic,DMC-GM1,,,1616.0,1080.0,Horizontal,Ver.1.0,200.0,1/400,8.0,12.0,Did not fire,Auto,Normal program,Pattern,,,,2026-08-17T04:01:58+00:00
72c4374d9ac24cda80decac61aa0c4b2,Port Lockroy 24th April 2020 JNH (1) (Large).jpg,UK Antarctic Heritage Trust Data/3rdParty_A_2020_Copyright_JNH/JNH/Port Lockroy 24th April 2020 JNH (1) (Large).jpg,2020-04-24 13:17:44,2020-04-24 13:17:44,HUAWEI,HUAWEI VNS-L31,,,1440.0,1080.0,0,VNS-L31C432B380,50.0,499/1000000,2.0,3.79,Did not fire,Auto,Normal program,Pattern,-64.8248215,-63.4944267,8.57,2026-08-17T04:01:58+00:00
1f757f0cb1c0413f87073709d82871c5,Port Lockroy 24th April 2020 JNH (10) (Large).jpg,UK Antarctic Heritage Trust Data/3rdParty_A_2020_Copyright_JNH/JNH/Port Lockroy 24th April 2020 JNH (10) (Large).jpg,2020-04-24 13:23:06,2020-04-24 13:23:06,HUAWEI,HUAWEI VNS-L31,,,1440.0,1080.0,0,VNS-L31C432B380,320.0,3/100,2.0,3.79,Did not fire,Auto,Normal program,Pattern,-64.8253326,-63.4946136,20.38,2026-08-17T04:01:58+00:00
5ade233934bc4b9493f364bde566201d,Port Lockroy 24th April 2020 JNH (11) (Large).jpg,UK Antarctic Heritage Trust Data/3rdParty_A_2020_Copyright_JNH/JNH/Port Lockroy 24th April 2020 JNH (11) (Large).jpg,2020-04-24 13:23:13,2020-04-24 13:23:13,HUAWEI,HUAWEI VNS-L31,,,810.0,1080.0,0,VNS-L31C432B380,200.0,3/100,2.0,3.79,Did not fire,Auto,Normal program,Pattern,-64.8253326,-63.4946136,20.38,2026-08-17T04:01:58+00:00
a5814fed332a45519decf64b5ef589fd,Port Lockroy 24th April 2020 JNH (12) (Large).jpg,UK Antarctic Heritage Trust Data/3rdParty_A_2020_Copyright_JNH/JNH/Port Lockroy 24th April 2020 JNH (12) (Large).jpg,2020-04-24 13:23:17,2020-04-24 13:23:17,HUAWEI,HUAWEI VNS-L31,,,1440.0,1080.0,0,VNS-L31C432B380,160.0,3/100,2.0,3.79,Did not fire,Auto,Normal program,Pattern,-64.8253326,-63.4946136,20.38,2026-08-17T04:01:58+00:00
862313c1ac63441a84e2b68e7621dd03,Port Lockroy 24th April 2020 JNH (13) (Large).jpg,UK Antarctic Heritage Trust Data/3rdParty_A_2020_Copyright_JNH/JNH/Port Lockroy 24th April 2020 JNH (13) (Large).jpg,2020-04-24 13:23:22,2020-04-24 13:23:22,HUAWEI,HUAWEI VNS-L31,,,1440.0,1080.0,0,VNS-L31C432B380,125.0,3/100,2.0,3.79,Did not fire,Auto,Normal program,Pattern,-64.8253326,-63.4946136,20.38,2026-08-17T04:01:58+00:00
8c86732860074a258d4ce593772f7edc,Port Lockroy 24th April 2020 JNH (14) (Large).jpg,UK Antarctic Heritage Trust Data/3rdParty_A_2020_Copyright_JNH/JNH/Port Lockroy 24th April 2020 JNH (14) (Large).jpg,2020-04-24 13:23:32,2020-04-24 13:23:32,HUAWEI,HUAWEI VNS-L31,,,1440.0,1080.0,0,VNS-L31C432B380,500.0,1/20,2.0,3.79,Did not fire,Auto,Normal program,Pattern,-64.8253326,-63.4946136,20.38,2026-08-17T04:01:58+00:00
3d15e08545a4490a8c854a4a0c837c43,Port Lockroy 24th April 2020 JNH (16) (Large).jpg,UK Antarctic Heritage Trust Data/3rdParty_A_2020_Copyright_JNH/JNH/Port Lockroy 24th April 2020 JNH (16) (Large).jpg,2020-04-24 13:24:17,2020-04-24 13:24:17,HUAWEI,HUAWEI VNS-L31,,,1440.0,1080.0,0,VNS-L31C432B380,1250.0,2/25,2.0,3.79,Did not fire,Auto,Normal program,Pattern,-64.8253326,-63.4946136,20.38,2026-08-17T04:01:58+00:00
97f84cb153184d3e8bfd95e362a8706e,Port Lockroy 24th April 2020 JNH (17) (Large).jpg,UK Antarctic Heritage Trust Data/3rdParty_A_2020_Copyright_JNH/JNH/Port Lockroy 24th April 2020 JNH (17) (Large).jpg,2020-04-24 13:24:24,2020-04-24 13:24:24,HUAWEI,HUAWEI VNS-L31,,,1440.0,1080.0,0,VNS-L31C432B380,1000.0,7/100,2.0,3.79,Did not fire,Auto,Normal program,Pattern,-64.8253326,-63.4946136,20.38,2026-08-17T04:01:58+00:00
c0f94ce9fc0b494890a9bebac9ec577a,Port Lockroy 24th April 2020 JNH (18) (Large).jpg,UK Antarctic Heritage Trust Data/3rdParty_A_2020_Copyright_JNH/JNH/Port Lockroy 24th April 2020 JNH (18) (Large).jpg,2020-04-24 13:24:45,2020-04-24 13:24:45,HUAWEI,HUAWEI VNS-L31,,,1440.0,1080.0,0,VNS-L31C432B380,1250.0,2/25,2.0,3.79,Did not fire,Auto,Normal program,Pattern,-64.8253326,-63.4946136,20.38,2026-08-17T04:01:58+00:00
a320c57feaa2459280840ae80558051b,Port Lockroy 24th April 2020 JNH (19) (Large).jpg,UK Antarctic Heritage Trust Data/3rdParty_A_2020_Copyright_JNH/JNH/Port Lockroy 24th April 2020 JNH (19) (Large).jpg,2020-04-24 13:24:57,2020-04-24 13:24:57,HUAWEI,HUAWEI VNS-L31,,,1440.0,1080.0,0,VNS-L31C432B380,500.0,1/25,2.0,3.79,Fired,Auto,Normal program,Pattern,-64.8253326,-63.4946136,20.38,2026-08-17T04:01:58+00:00
98b0eaa19ccc4d09b4798428379dbaa6,Port Lockroy 24th April 2020 JNH (2) (Large).jpg,UK Antarctic Heritage Trust Data/3rdParty_A_2020_Copyright_JNH/JNH/Port Lockroy 24th April 2020 JNH (2) (Large).jpg,2020-04-24 13:17:58,2020-04-24 13:17:58,HUAWEI,HUAWEI VNS-L31,,,1440.0,1080.0,0,VNS-L31C432B380,50.0,53/100000,2.0,3.79,Did not fire,Auto,Normal program,Pattern,-64.8248215,-63.4944267,8.57,2026-08-17T04:01:58+00:00
c9001089e6af4da6a33c69ec6729587c,Port Lockroy 24th April 2020 JNH (20) (Large).jpg,UK Antarctic Heritage Trust Data/3rdParty_A_2020_Copyright_JNH/JNH/Port Lockroy 24th April 2020 JNH (20) (Large).jpg,2020-04-24 13:25:04,2020-04-24 13:25:04,HUAWEI,HUAWEI VNS-L31,,,1440.0,1080.0,0,VNS-L31C432B380,320.0,3/100,2.0,3.79,Fired,Auto,Normal program,Pattern,-64.8253326,-63.4946136,20.38,2026-08-17T04:01:58+00:00
65c3034df7894dc19f90463927700bee,Port Lockroy 24th April 2020 JNH (21) (Large).jpg,UK Antarctic Heritage Trust Data/3rdParty_A_2020_Copyright_JNH/JNH/Port Lockroy 24th April 2020 JNH (21) (Large).jpg,2020-04-24 13:25:11,2020-04-24 13:25:11,HUAWEI,HUAWEI VNS-L31,,,1440.0,1080.0,0,VNS-L31C432B380,200.0,3/100,2.0,3.79,Fired,Auto,Normal program,Pattern,-64.8253326,-63.4946136,20.38,2026-08-17T04:01:58+00:00
a7ab45fcebf44a7291bb79e67abdaa09,Port Lockroy 24th April 2020 JNH (22) (Large).jpg,UK Antarctic Heritage Trust Data/3rdParty_A_2020_Copyright_JNH/JNH/Port Lockroy 24th April 2020 JNH (22) (Large).jpg,2020-04-24 13:25:31,2020-04-24 13:25:31,HUAWEI,HUAWEI VNS-L31,,,1440.0,1080.0,0,VNS-L31C432B380,640.0,3/50,2.0,3.79,Fired,Auto,Normal program,Pattern,-64.8253326,-63.4946136,20.38,2026-08-17T04:01:58+00:00
09925f8193a944b5825b0305b602ffb8,Port Lockroy 24th April 2020 JNH (23) (Large).jpg,UK Antarctic Heritage Trust Data/3rdParty_A_2020_Copyright_JNH/JNH/Port Lockroy 24th April 2020 JNH (23) (Large).jpg,2020-04-24 13:25:38,2020-04-24 13:25:38,HUAWEI,HUAWEI VNS-L31,,,1440.0,1080.0,0,VNS-L31C432B380,320.0,1/25,2.0,3.79,Fired,Auto,Normal program,Pattern,-64.8253326,-63.4946136,20.38,2026-08-17T04:01:58+00:00
fb33693d22ea4882b891fabdc5c4c054,Port Lockroy 24th April 2020 JNH (24) (Large).jpg,UK Antarctic Heritage Trust Data/3rdParty_A_2020_Copyright_JNH/JNH/Port Lockroy 24th April 2020 JNH (24) (Large).jpg,2020-04-24 13:25:46,2020-04-24 13:25:46,HUAWEI,HUAWEI VNS-L31,,,1440.0,1080.0,0,VNS-L31C432B380,640.0,1/20,2.0,3.79,Fired,Auto,Normal program,Pattern,-64.8253326,-63.4946136,20.38,2026-08-17T04:01:58+00:00
490b350f7a2c446a9dc4eb390c275e0f,Port Lockroy 24th April 2020 JNH (25) (Large).jpg,UK Antarctic Heritage Trust Data/3rdParty_A_2020_Copyright_JNH/JNH/Port Lockroy 24th April 2020 JNH (25) (Large).jpg,2020-04-24 13:26:01,2020-04-24 13:26:01,HUAWEI,HUAWEI VNS-L31,,,1440.0,1080.0,0,VNS-L31C432B380,1000.0,7/100,2.0,3.79,Fired,Auto,Normal program,Pattern,-64.8253326,-63.4946136,20.38,2026-08-17T04:01:58+00:00
6d4abfc7228748779608b36739aa51d2,Port Lockroy 24th April 2020 JNH (26) (Large).jpg,UK Antarctic Heritage Trust Data/3rdParty_A_2020_Copyright_JNH/JNH/Port Lockroy 24th April 2020 JNH (26) (Large).jpg,2020-04-24 13:26:08,2020-04-24 13:26:08,HUAWEI,HUAWEI VNS-L31,,,1440.0,1080.0,0,VNS-L31C432B380,100.0,3/100,2.0,3.79,Fired,Auto,Normal program,Pattern,-64.8253326,-63.4946136,20.38,2026-08-17T04:01:58+00:00
10df5184aaef43f9a2d4b8c06a05ea1f,Port Lockroy 24th April 2020 JNH (27) (Large).jpg,UK Antarctic Heritage Trust Data/3rdParty_A_2020_Copyright_JNH/JNH/Port Lockroy 24th April 2020 JNH (27) (Large).jpg,2020-04-24 13:26:18,2020-04-24 13:26:18,HUAWEI,HUAWEI VNS-L31,,,1440.0,1080.0,0,VNS-L31C432B380,80.0,3/100,2.0,3.79,Fired,Auto,Normal program,Pattern,-64.8253326,-63.4946136,20.38,2026-08-17T04:01:58+00:00
4762971ca9ef452fa045c6cdf2e42069,Port Lockroy 24th April 2020 JNH (28) (Large).jpg,UK Antarctic Heritage Trust Data/3rdParty_A_2020_Copyright_JNH/JNH/Port Lockroy 24th April 2020 JNH (28) (Large).jpg,2020-04-24 13:26:26,2020-04-24 13:26:26,HUAWEI,HUAWEI VNS-L31,,,810.0,1080.0,0,VNS-L31C432B380,200.0,3/100,2.0,3.79,Fired,Auto,Normal program,Pattern,-64.8253326,-63.4946136,20.38,2026-08-17T04:01:58+00:00
ee24913efdd640829c171e415d06bb41,Port Lockroy 24th April 2020 JNH (29) (Large).jpg,UK Antarctic Heritage Trust Data/3rdParty_A_2020_Copyright_JNH/JNH/Port Lockroy 24th April 2020 JNH (29) (Large).jpg,2020-04-24 13:26:35,2020-04-24 13:26:35,HUAWEI,HUAWEI VNS-L31,,,1440.0,1080.0,0,VNS-L31C432B380,500.0,1/25,2.0,3.79,Fired,Auto,Normal program,Pattern,-64.8257294,-63.4947777,15.91,2026-08-17T04:01:59+00:00
3283cdcc5fb54af499c1669034df16f4,Port Lockroy 24th April 2020 JNH (3) (Large).jpg,UK Antarctic Heritage Trust Data/3rdParty_A_2020_Copyright_JNH/JNH/Port Lockroy 24th April 2020 JNH (3) (Large).jpg,2020-04-24 13:18:17,2020-04-24 13:18:17,HUAWEI,HUAWEI VNS-L31,,,1440.0,1080.0,0,VNS-L31C432B380,50.0,361/1000000,2.0,3.79,Did not fire,Auto,Normal program,Pattern,-64.8248215,-63.4944267,8.57,2026-08-17T04:01:59+00:00
ecf6d58dae5f4717aac99986a9bcabb6,Port Lockroy 24th April 2020 JNH (30) (Large).jpg,UK Antarctic Heritage Trust Data/3rdParty_A_2020_Copyright_JNH/JNH/Port Lockroy 24th April 2020 JNH (30) (Large).jpg,2020-04-24 13:26:41,2020-04-24 13:26:41,HUAWEI,HUAWEI VNS-L31,,,1440.0,1080.0,0,VNS-L31C432B380,160.0,3/100,2.0,3.79,Fired,Auto,Normal program,Pattern,-64.82547,-63.4943924,-6.49,2026-08-17T04:01:59+00:00
e27b750d8d8a42739379870d94f4a029,Port Lockroy 24th April 2020 JNH (31) (Large).jpg,UK Antarctic Heritage Trust Data/3rdParty_A_2020_Copyright_JNH/JNH/Port Lockroy 24th April 2020 JNH (31) (Large).jpg,2020-04-24 13:26:53,2020-04-24 13:26:53,HUAWEI,HUAWEI VNS-L31,,,1440.0,1080.0,0,VNS-L31C432B380,640.0,1/20,2.0,3.79,Fired,Auto,Normal program,Pattern,-64.8253555,-63.4944191,-4.19,2026-08-17T04:01:59+00:00
0333f8dcbf574b099ec52ca1b68a6ee9,Port Lockroy 24th April 2020 JNH (32) (Large).jpg,UK Antarctic Heritage Trust Data/3rdParty_A_2020_Copyright_JNH/JNH/Port Lockroy 24th April 2020 JNH (32) (Large).jpg,2020-04-24 13:27:40,2020-04-24 13:27:40,HUAWEI,HUAWEI VNS-L31,,,810.0,1080.0,0,VNS-L31C432B380,50.0,1/50,2.0,3.79,Fired,Auto,Normal program,Pattern,-64.8251419,-63.4944382,19.93,2026-08-17T04:01:59+00:00
1ca188d548ac4a5aa39dc2a5c2ecb377,Port Lockroy 24th April 2020 JNH (33) (Large).jpg,UK Antarctic Heritage Trust Data/3rdParty_A_2020_Copyright_JNH/JNH/Port Lockroy 24th April 2020 JNH (33) (Large).jpg,2020-04-24 13:27:53,2020-04-24 13:27:53,HUAWEI,HUAWEI VNS-L31,,,810.0,1080.0,0,VNS-L31C432B380,100.0,1/50,2.0,3.79,Did not fire,Auto,Normal program,Pattern,-64.8251419,-63.4944382,19.93,2026-08-17T04:01:59+00:00
50bad68393fc40a1bb3bb540bc8c7ca7,Port Lockroy 24th April 2020 JNH (34) (Large).jpg,UK Antarctic Heritage Trust Data/3rdParty_A_2020_Copyright_JNH/JNH/Port Lockroy 24th April 2020 JNH (34) (Large).jpg,2020-04-24 13:27:57,2020-04-24 13:27:57,HUAWEI,HUAWEI VNS-L31,,,810.0,1080.0,0,VNS-L31C432B380,80.0,3/100,2.0,3.79,Did not fire,Auto,Normal program,Pattern,-64.8251419,-63.4944382,19.93,2026-08-17T04:01:59+00:00
043e6ef56f49408cb1b74753ab49090d,Port Lockroy 24th April 2020 JNH (36) (Large).jpg,UK Antarctic Heritage Trust Data/3rdParty_A_2020_Copyright_JNH/JNH/Port Lockroy 24th April 2020 JNH (36) (Large).jpg,2020-04-24 13:28:27,2020-04-24 13:28:27,HUAWEI,HUAWEI VNS-L31,,,810.0,1080.0,0,VNS-L31C432B380,50.0,1763/1000000,2.0,3.79,Did not fire,Auto,Normal program,Pattern,-64.8252716,-63.4957428,16.26,2026-08-17T04:01:59+00:00
9a3f5097640748669b92239000b5e478,Port Lockroy 24th April 2020 JNH (37) (Large).jpg,UK Antarctic Heritage Trust Data/3rdParty_A_2020_Copyright_JNH/JNH/Port Lockroy 24th April 2020 JNH (37) (Large).jpg,2020-04-24 13:28:35,2020-04-24 13:28:35,HUAWEI,HUAWEI VNS-L31,,,810.0,1080.0,0,VNS-L31C432B380,80.0,1/50,2.0,3.79,Did not fire,Auto,Normal program,Pattern,-64.8251038,-63.494278,17.2,2026-08-17T04:01:59+00:00
be7075cbfb4d4a55ba2b316d9bc68968,Port Lockroy 24th April 2020 JNH (39) (Large).jpg,UK Antarctic Heritage Trust Data/3rdParty_A_2020_Copyright_JNH/JNH/Port Lockroy 24th April 2020 JNH (39) (Large).jpg,2020-04-24 13:28:57,2020-04-24 13:28:57,HUAWEI,HUAWEI VNS-L31,,,1440.0,1080.0,0,VNS-L31C432B380,200.0,3/100,2.0,3.79,Fired,Auto,Normal program,Pattern,-64.825264,-63.4942093,11.75,2026-08-17T04:01:59+00:00
271de1c00f6f4cafa114885dbcc29782,Port Lockroy 24th April 2020 JNH (4) (Large).jpg,UK Antarctic Heritage Trust Data/3rdParty_A_2020_Copyright_JNH/JNH/Port Lockroy 24th April 2020 JNH (4) (Large).jpg,2020-04-24 13:20:01,2020-04-24 13:20:01,HUAWEI,HUAWEI VNS-L31,,,1440.0,1080.0,0,VNS-L31C432B380,50.0,611/1000000,2.0,3.79,Did not fire,Auto,Normal program,Pattern,-64.8250732,-63.4943581,16.26,2026-08-17T04:01:59+00:00
febec7f81b9f426087595fe2b0d10919,Port Lockroy 24th April 2020 JNH (40) (Large).jpg,UK Antarctic Heritage Trust Data/3rdParty_A_2020_Copyright_JNH/JNH/Port Lockroy 24th April 2020 JNH (40) (Large).jpg,2020-04-24 13:29:02,2020-04-24 13:29:02,HUAWEI,HUAWEI VNS-L31,,,1440.0,1080.0,0,VNS-L31C432B380,80.0,3/100,2.0,3.79,Fired,Auto,Normal program,Pattern,-64.8252487,-63.4942093,11.82,2026-08-17T04:01:59+00:00
851e29b23ad344bbb2a5eec4254765c6,Port Lockroy 24th April 2020 JNH (41) (Large).jpg,UK Antarctic Heritage Trust Data/3rdParty_A_2020_Copyright_JNH/JNH/Port Lockroy 24th April 2020 JNH (41) (Large).jpg,2020-04-24 13:29:08,2020-04-24 13:29:08,HUAWEI,HUAWEI VNS-L31,,,1440.0,1080.0,0,VNS-L31C432B380,200.0,3/100,2.0,3.79,Fired,Auto,Normal program,Pattern,-64.8253326,-63.4942741,21.31,2026-08-17T04:01:59+00:00
0eed44a98c614623af4277c9e7a97a55,Port Lockroy 24th April 2020 JNH (42) (Large).jpg,UK Antarctic Heritage Trust Data/3rdParty_A_2020_Copyright_JNH/JNH/Port Lockroy 24th April 2020 JNH (42) (Large).jpg,2020-04-24 13:30:20,2020-04-24 13:30:20,HUAWEI,HUAWEI VNS-L31,,,810.0,1080.0,0,VNS-L31C432B380,250.0,3/100,2.0,3.79,Fired,Auto,Normal program,Pattern,,,,2026-08-17T04:01:59+00:00
dbcdc0676abe4438bf5fb7383e4b192d,Port Lockroy 24th April 2020 JNH (43) (Large).jpg,UK Antarctic Heritage Trust Data/3rdParty_A_2020_Copyright_JNH/JNH/Port Lockroy 24th April 2020 JNH (43) (Large).jpg,2020-04-24 13:30:25,2020-04-24 13:30:25,HUAWEI,HUAWEI VNS-L31,,,810.0,1080.0,0,VNS-L31C432B380,500.0,1/25,2.0,3.79,Fired,Auto,Normal program,Pattern,,,,2026-08-17T04:01:59+00:00
c4d00446f02d4db89b44346637a99de4,Port Lockroy 24th April 2020 JNH (44) (Large).jpg,UK Antarctic Heritage Trust Data/3rdParty_A_2020_Copyright_JNH/JNH/Port Lockroy 24th April 2020 JNH (44) (Large).jpg,2020-04-24 13:31:04,2020-04-24 13:31:04,HUAWEI,HUAWEI VNS-L31,,,810.0,1080.0,0,VNS-L31C432B380,800.0,3/50,2.0,3.79,Fired,Auto,Normal program,Pattern,-64.8254242,-63.4943619,15.77,2026-08-17T04:01:59+00:00
88da198d6fed47789f8eab9006be492b,Port Lockroy 24th April 2020 JNH (47) (Large).jpg,UK Antarctic Heritage Trust Data/3rdParty_A_2020_Copyright_JNH/JNH/Port Lockroy 24th April 2020 JNH (47) (Large).jpg,2020-04-24 13:31:41,2020-04-24 13:31:41,HUAWEI,HUAWEI VNS-L31,,,810.0,1080.0,0,VNS-L31C432B380,400.0,3/100,2.0,3.79,Fired,Auto,Normal program,Pattern,,,,2026-08-17T04:01:59+00:00
986ad08b59c743cea6825d38a9fb4491,Port Lockroy 24th April 2020 JNH (48) (Large).jpg,UK Antarctic Heritage Trust Data/3rdParty_A_2020_Copyright_JNH/JNH/Port Lockroy 24th April 2020 JNH (48) (Large).jpg,2020-04-24 13:32:06,2020-04-24 13:32:06,HUAWEI,HUAWEI VNS-L31,,,1440.0,1080.0,Horizontal,Microsoft Windows Photo Viewer 6.1.7600.16385,80.0,1/50,2.0,3.79,Fired,Auto,Normal program,Pattern,,,,2026-08-17T04:01:59+00:00
c6c82118c7c24a56897252cb8f965b71,Port Lockroy 24th April 2020 JNH (49) (Large).jpg,UK Antarctic Heritage Trust Data/3rdParty_A_2020_Copyright_JNH/JNH/Port Lockroy 24th April 2020 JNH (49) (Large).jpg,2020-04-24 13:32:12,2020-04-24 13:32:12,HUAWEI,HUAWEI VNS-L31,,,810.0,1080.0,0,VNS-L31C432B380,100.0,3/100,2.0,3.79,Fired,Auto,Normal program,Pattern,,,,2026-08-17T04:01:59+00:00
45d55b8e367b4fd5998fa43526d6dff5,Port Lockroy 24th April 2020 JNH (5) (Large).jpg,UK Antarctic Heritage Trust Data/3rdParty_A_2020_Copyright_JNH/JNH/Port Lockroy 24th April 2020 JNH (5) (Large).jpg,2020-04-24 13:21:49,2020-04-24 13:21:49,HUAWEI,HUAWEI VNS-L31,,,810.0,1080.0,0,VNS-L31C432B380,50.0,5639/1000000,2.0,3.79,Did not fire,Auto,Normal program,Pattern,-64.8252029,-63.4943085,19.93,2026-08-17T04:01:59+00:00
2ac57659192f4c01a2420dfe32123530,Port Lockroy 24th April 2020 JNH (51) (Large).jpg,UK Antarctic Heritage Trust Data/3rdParty_A_2020_Copyright_JNH/JNH/Port Lockroy 24th April 2020 JNH (51) (Large).jpg,2020-04-24 13:32:24,2020-04-24 13:32:24,HUAWEI,HUAWEI VNS-L31,,,810.0,1080.0,0,VNS-L31C432B380,640.0,1/20,2.0,3.79,Fired,Auto,Normal program,Pattern,,,,2026-08-17T04:01:59+00:00
bdc769a4a1b44ab0aa6bcd0d0936cbb4,Port Lockroy 24th April 2020 JNH (52) (Large).jpg,UK Antarctic Heritage Trust Data/3rdParty_A_2020_Copyright_JNH/JNH/Port Lockroy 24th April 2020 JNH (52) (Large).jpg,2020-04-24 13:37:24,2020-04-24 13:37:24,HUAWEI,HUAWEI VNS-L31,,,1440.0,1080.0,0,VNS-L31C432B380,50.0,1203/1000000,2.0,3.79,Fired,Auto,Normal program,Pattern,-64.8251419,-63.4933548,12.41,2026-08-17T04:01:59+00:00
e4ca4ee7157041f89d7ac5cf032b05a5,Port Lockroy 24th April 2020 JNH (53) (Large).jpg,UK Antarctic Heritage Trust Data/3rdParty_A_2020_Copyright_JNH/JNH/Port Lockroy 24th April 2020 JNH (53) (Large).jpg,2020-04-24 13:38:40,2020-04-24 13:38:40,HUAWEI,HUAWEI VNS-L31,,,1440.0,1080.0,0,VNS-L31C432B380,50.0,1883/500000,2.0,3.79,Fired,Auto,Normal program,Pattern,-64.8252945,-63.4942055,24.53,2026-08-17T04:01:59+00:00
fd9c097078104872b2705642c2dd12c4,Port Lockroy 24th April 2020 JNH (54) (Large).jpg,UK Antarctic Heritage Trust Data/3rdParty_A_2020_Copyright_JNH/JNH/Port Lockroy 24th April 2020 JNH (54) (Large).jpg,2020-04-24 13:38:56,2020-04-24 13:38:56,HUAWEI,HUAWEI VNS-L31,,,1440.0,1080.0,0,VNS-L31C432B380,64.0,1/100,2.0,3.79,Did not fire,Auto,Normal program,Pattern,-64.8252945,-63.4942055,24.53,2026-08-17T04:01:59+00:00
eee0108c788940c2b852a2557a647920,Port Lockroy 24th April 2020 JNH (55) (Large).jpg,UK Antarctic Heritage Trust Data/3rdParty_A_2020_Copyright_JNH/JNH/Port Lockroy 24th April 2020 JNH (55) (Large).jpg,2020-04-24 13:40:54,2020-04-24 13:40:54,HUAWEI,HUAWEI VNS-L31,,,1440.0,1080.0,0,VNS-L31C432B380,50.0,1021/1000000,2.0,3.79,Did not fire,Auto,Normal program,Pattern,-64.8252563,-63.4946365,18.01,2026-08-17T04:01:59+00:00
4e4d149854ec4c3e8d3baec8250949bf,Port Lockroy 24th April 2020 JNH (56) (Large).jpg,UK Antarctic Heritage Trust Data/3rdParty_A_2020_Copyright_JNH/JNH/Port Lockroy 24th April 2020 JNH (56) (Large).jpg,2020-04-24 13:40:57,2020-04-24 13:40:57,HUAWEI,HUAWEI VNS-L31,,,1440.0,1080.0,0,VNS-L31C432B380,50.0,1651/1000000,2.0,3.79,Did not fire,Auto,Normal program,Pattern,-64.825325,-63.4946899,8.72,2026-08-17T04:01:59+00:00
39ff11bd65db4cb9b8cc76e77832d198,Port Lockroy 24th April 2020 JNH (6) (Large).jpg,UK Antarctic Heritage Trust Data/3rdParty_A_2020_Copyright_JNH/JNH/Port Lockroy 24th April 2020 JNH (6) (Large).jpg,2020-04-24 13:21:51,2020-04-24 13:21:51,HUAWEI,HUAWEI VNS-L31,,,810.0,1080.0,0,VNS-L31C432B380,80.0,1/100,2.0,3.79,Did not fire,Auto,Normal program,Pattern,-64.8252029,-63.4943085,19.93,2026-08-17T04:01:59+00:00
c1024518e250429b8af56fb3736631fb,Port Lockroy 24th April 2020 JNH (7) (Large).jpg,UK Antarctic Heritage Trust Data/3rdParty_A_2020_Copyright_JNH/JNH/Port Lockroy 24th April 2020 JNH (7) (Large).jpg,2020-04-24 13:22:01,2020-04-24 13:22:01,HUAWEI,HUAWEI VNS-L31,,,810.0,1080.0,0,VNS-L31C432B380,160.0,3/100,2.0,3.79,Did not fire,Auto,Normal program,Pattern,-64.8252258,-63.4944382,19.89,2026-08-17T04:01:59+00:00
2f78583014694424bdd0689da6a1a4ef,Port Lockroy 24th April 2020 JNH (8) (Large).jpg,UK Antarctic Heritage Trust Data/3rdParty_A_2020_Copyright_JNH/JNH/Port Lockroy 24th April 2020 JNH (8) (Large).jpg,2020-04-24 13:22:13,2020-04-24 13:22:13,HUAWEI,HUAWEI VNS-L31,,,810.0,1080.0,0,VNS-L31C432B380,400.0,3/100,2.0,3.79,Did not fire,Auto,Normal program,Pattern,-64.8252563,-63.4946289,20.17,2026-08-17T04:01:59+00:00
bde16b4bffde4ffbb2b7612ad3c3bc40,Port Lockroy 24th April 2020 JNH (9) (Large).jpg,UK Antarctic Heritage Trust Data/3rdParty_A_2020_Copyright_JNH/JNH/Port Lockroy 24th April 2020 JNH (9) (Large).jpg,2020-04-24 13:22:41,2020-04-24 13:22:41,HUAWEI,HUAWEI VNS-L31,,,810.0,1080.0,0,VNS-L31C432B380,125.0,3/100,2.0,3.79,Did not fire,Auto,Normal program,Pattern,-64.8253326,-63.4946136,20.38,2026-08-17T04:01:59+00:00
ee250f5f866f44398b8bbbf62915e83a,A_1_h_16(1).jpg,UK Antarctic Heritage Trust Data/Condition_Artefacts/Artefacts_A_1_h_16_Ionospherics/A_1_h_16/A_1_h_16(1).jpg,2016-12-13 22:40:42,2016-12-13 22:40:42,Canon,Canon EOS 5D Mark III,263021006469,EF24-105mm f/4L IS USM,5760.0,3840.0,,,400.0,1/60,4.0,73.0,Fired,Auto,Normal program,Pattern,,,,2026-08-17T04:01:59+00:00
b65357276baa4693afe9bcc1c38ec863,A_1_h_16(10).JPG,UK Antarctic Heritage Trust Data/Condition_Artefacts/Artefacts_A_1_h_16_Ionospherics/A_1_h_16/A_1_h_16(10).JPG,2016-12-13 22:08:34,2016-12-13 22:08:34,OLYMPUS CORPORATION,TG-4,,,4608.0,3456.0,Horizontal,Version 1.0,800.0,1/80,2.3,5.5,Did not fire,Auto,Creative program,Pattern,-64.8255556,-63.4947222,,2026-08-17T04:01:59+00:00
e0044f79603443d18e7d837b4c14e890,A_1_h_16(11).JPG,UK Antarctic Heritage Trust Data/Condition_Artefacts/Artefacts_A_1_h_16_Ionospherics/A_1_h_16/A_1_h_16(11).JPG,2016-12-13 22:08:43,2016-12-13 22:08:43,OLYMPUS CORPORATION,TG-4,,,4608.0,3456.0,Horizontal,Version 1.0,500.0,1/125,2.3,5.5,Did not fire,Auto,Creative program,Pattern,-64.8255556,-63.4947222,,2026-08-17T04:01:59+00:00
a53a51fd8f7a4f5a8f64db4872bf6ad0,A_1_h_16(12).JPG,UK Antarctic Heritage Trust Data/Condition_Artefacts/Artefacts_A_1_h_16_Ionospherics/A_1_h_16/A_1_h_16(12).JPG,2016-12-13 22:08:47,2016-12-13 22:08:47,OLYMPUS CORPORATION,TG-4,,,4608.0,3456.0,Horizontal,Version 1.0,800.0,1/100,2.3,5.5,Did not fire,Auto,Creative program,Pattern,-64.8255556,-63.4947222,,2026-08-17T04:01:59+00:00
d5a810de9d2a4a28832ad196eacc78fc,A_1_h_16(13).JPG,UK Antarctic Heritage Trust Data/Condition_Artefacts/Artefacts_A_1_h_16_Ionospherics/A_1_h_16/A_1_h_16(13).JPG,2016-12-13 22:09:13,2016-12-13 22:09:13,OLYMPUS CORPORATION,TG-4,,,4608.0,3456.0,Horizontal,Version 1.0,800.0,1/60,2.3,5.5,Did not fire,Auto,Creative program,Pattern,-64.8255556,-63.4947222,,2026-08-17T04:01:59+00:00
cdb34de04577426e9581291ddeff02f4,A_1_h_16(14).JPG,UK Antarctic Heritage Trust Data/Condition_Artefacts/Artefacts_A_1_h_16_Ionospherics/A_1_h_16/A_1_h_16(14).JPG,2016-12-13 22:09:21,2016-12-13 22:09:21,OLYMPUS CORPORATION,TG-4,,,4608.0,3456.0,Horizontal,Version 1.0,800.0,1/100,2.3,5.5,Did not fire,Auto,Creative program,Pattern,-64.8255556,-63.4947222,,2026-08-17T04:01:59+00:00
da814a5e111e4bada9132c8952d53804,A_1_h_16(2).jpg,UK Antarctic Heritage Trust Data/Condition_Artefacts/Artefacts_A_1_h_16_Ionospherics/A_1_h_16/A_1_h_16(2).jpg,2016-12-13 22:41:11,2016-12-13 22:41:11,Canon,Canon EOS 5D Mark III,263021006469,EF24-105mm f/4L IS USM,5760.0,3840.0,,,400.0,1/60,5.0,73.0,Fired,Auto,Normal program,Pattern,,,,2026-08-17T04:01:59+00:00
1a944437551d40c187ed77568c0907e5,A_1_h_16(3).jpg,UK Antarctic Heritage Trust Data/Condition_Artefacts/Artefacts_A_1_h_16_Ionospherics/A_1_h_16/A_1_h_16(3).jpg,2016-12-13 22:41:23,2016-12-13 22:41:23,Canon,Canon EOS 5D Mark III,263021006469,EF24-105mm f/4L IS USM,5760.0,3840.0,,,400.0,1/60,5.0,96.0,Fired,Auto,Normal program,Pattern,,,,2026-08-17T04:01:59+00:00
c3650695b1e04306add74ae4ccec4c42,A_1_h_16(4).jpg,UK Antarctic Heritage Trust Data/Condition_Artefacts/Artefacts_A_1_h_16_Ionospherics/A_1_h_16/A_1_h_16(4).jpg,2016-12-13 22:41:47,2016-12-13 22:41:47,Canon,Canon EOS 5D Mark III,263021006469,EF24-105mm f/4L IS USM,5760.0,3840.0,,,400.0,1/60,4.0,105.0,Fired,Auto,Normal program,Pattern,,,,2026-08-17T04:01:59+00:00
c7d63611d88c48679e0706342eb41d5d,A_1_h_16(5).JPG,UK Antarctic Heritage Trust Data/Condition_Artefacts/Artefacts_A_1_h_16_Ionospherics/A_1_h_16/A_1_h_16(5).JPG,2016-12-13 17:40:15,2016-12-13 17:40:15,Panasonic,DMC-TZ60,,,4896.0,3672.0,Rotate 270,Ver.1.0,400.0,1/8,3.5,5.4,Did not fire,Auto,Normal program,Pattern,-64.8249722,-63.4939944,,2026-08-17T04:01:59+00:00
4d4d1b46c8f946e08345b5a3c4f13666,A_1_h_16(6).JPG,UK Antarctic Heritage Trust Data/Condition_Artefacts/Artefacts_A_1_h_16_Ionospherics/A_1_h_16/A_1_h_16(6).JPG,2016-12-13 17:42:11,2016-12-13 17:42:11,Panasonic,DMC-TZ60,,,4896.0,3672.0,Horizontal,Ver.1.0,400.0,1/40,3.5,5.4,Did not fire,Auto,Normal program,Pattern,-64.8248472,-63.4940917,,2026-08-17T04:01:59+00:00
8ae502afa010430fb14c036b103f8548,A_1_h_16(7).JPG,UK Antarctic Heritage Trust Data/Condition_Artefacts/Artefacts_A_1_h_16_Ionospherics/A_1_h_16/A_1_h_16(7).JPG,2016-12-13 17:42:35,2016-12-13 17:42:35,Panasonic,DMC-TZ60,,,4896.0,3672.0,Horizontal,Ver.1.0,400.0,1/6,3.5,5.4,Did not fire,Auto,Normal program,Pattern,-64.8250583,-63.4939722,,2026-08-17T04:01:59+00:00
60ba775404cb4691b53a99585c882297,A_1_h_16(8).JPG,UK Antarctic Heritage Trust Data/Condition_Artefacts/Artefacts_A_1_h_16_Ionospherics/A_1_h_16/A_1_h_16(8).JPG,2016-12-13 17:42:48,2016-12-13 17:42:48,Panasonic,DMC-TZ60,,,4896.0,3672.0,Horizontal,Ver.1.0,400.0,1/5,3.8,7.2,Did not fire,Auto,Normal program,Pattern,-64.8250583,-63.4939722,,2026-08-17T04:01:59+00:00
738f70f9920d4da0851eca323a1e8d1d,A_1_h_16(9).JPG,UK Antarctic Heritage Trust Data/Condition_Artefacts/Artefacts_A_1_h_16_Ionospherics/A_1_h_16/A_1_h_16(9).JPG,2016-12-13 17:51:28,2016-12-13 17:51:28,Panasonic,DMC-TZ60,,,4896.0,3672.0,Horizontal,Ver.1.0,400.0,1/15,4.0,8.4,Did not fire,Auto,Normal program,Pattern,17056881.853375,17056881.853375,,2026-08-17T04:01:59+00:00
546d373f611d40de926f3bbcf989bad3,HY9A2343.jpg,UK Antarctic Heritage Trust Data/Condition_Artefacts/Artefacts_A_1_h_16_Ionospherics/A_1_h_16/HY9A2343.jpg,2016-12-13 22:40:42,2016-12-13 22:40:42,Canon,Canon EOS 5D Mark III,263021006469,EF24-105mm f/4L IS USM,5760.0,3840.0,,,400.0,1/60,4.0,73.0,Fired,Auto,Normal program,Pattern,,,,2026-08-17T04:01:59+00:00
1e1ecb8415154f808e8b613229429001,HY9A2344.jpg,UK Antarctic Heritage Trust Data/Condition_Artefacts/Artefacts_A_1_h_16_Ionospherics/A_1_h_16/HY9A2344.jpg,2016-12-13 22:41:11,2016-12-13 22:41:11,Canon,Canon EOS 5D Mark III,263021006469,EF24-105mm f/4L IS USM,5760.0,3840.0,,,400.0,1/60,5.0,73.0,Fired,Auto,Normal program,Pattern,,,,2026-08-17T04:01:59+00:00
51917eaae24f462d88f18d2893242d6f,HY9A2345.jpg,UK Antarctic Heritage Trust Data/Condition_Artefacts/Artefacts_A_1_h_16_Ionospherics/A_1_h_16/HY9A2345.jpg,2016-12-13 22:41:23,2016-12-13 22:41:23,Canon,Canon EOS 5D Mark III,263021006469,EF24-105mm f/4L IS USM,5760.0,3840.0,,,400.0,1/60,5.0,96.0,Fired,Auto,Normal program,Pattern,,,,2026-08-17T04:01:59+00:00
9552ba56037b4ba7ad005300a4b69c58,HY9A2346.jpg,UK Antarctic Heritage Trust Data/Condition_Artefacts/Artefacts_A_1_h_16_Ionospherics/A_1_h_16/HY9A2346.jpg,2016-12-13 22:41:47,2016-12-13 22:41:47,Canon,Canon EOS 5D Mark III,263021006469,EF24-105mm f/4L IS USM,5760.0,3840.0,,,400.0,1/60,4.0,105.0,Fired,Auto,Normal program,Pattern,,,,2026-08-17T04:01:59+00:00
f4106ac09e6647068fd09a88ae3409eb,P1010138.JPG,UK Antarctic Heritage Trust Data/Condition_Artefacts/Artefacts_A_1_h_16_Ionospherics/A_1_h_16/P1010138.JPG,2016-12-13 17:40:15,2016-12-13 17:40:15,Panasonic,DMC-TZ60,,,4896.0,3672.0,Rotate 270,Ver.1.0,400.0,1/8,3.5,5.4,Did not fire,Auto,Normal program,Pattern,-64.8249722,-63.4939944,,2026-08-17T04:01:59+00:00
f4984ba9bf5641b6913453d33215529d,P1010139.JPG,UK Antarctic Heritage Trust Data/Condition_Artefacts/Artefacts_A_1_h_16_Ionospherics/A_1_h_16/P1010139.JPG,2016-12-13 17:42:11,2016-12-13 17:42:11,Panasonic,DMC-TZ60,,,4896.0,3672.0,Horizontal,Ver.1.0,400.0,1/40,3.5,5.4,Did not fire,Auto,Normal program,Pattern,-64.8248472,-63.4940917,,2026-08-17T04:01:59+00:00
1baac1f4251343f0b4e71d03a4235bdf,P1010140.JPG,UK Antarctic Heritage Trust Data/Condition_Artefacts/Artefacts_A_1_h_16_Ionospherics/A_1_h_16/P1010140.JPG,2016-12-13 17:42:35,2016-12-13 17:42:35,Panasonic,DMC-TZ60,,,4896.0,3672.0,Horizontal,Ver.1.0,400.0,1/6,3.5,5.4,Did not fire,Auto,Normal program,Pattern,-64.8250583,-63.4939722,,2026-08-17T04:01:59+00:00
ad512c26ee5145ce9da94b37e70c0052,P1010141.JPG,UK Antarctic Heritage Trust Data/Condition_Artefacts/Artefacts_A_1_h_16_Ionospherics/A_1_h_16/P1010141.JPG,2016-12-13 17:42:48,2016-12-13 17:42:48,Panasonic,DMC-TZ60,,,4896.0,3672.0,Horizontal,Ver.1.0,400.0,1/5,3.8,7.2,Did not fire,Auto,Normal program,Pattern,-64.8250583,-63.4939722,,2026-08-17T04:01:59+00:00
b03af70b7c3848f7837b8d88694dd487,P1010143.JPG,UK Antarctic Heritage Trust Data/Condition_Artefacts/Artefacts_A_1_h_16_Ionospherics/A_1_h_16/P1010143.JPG,2016-12-13 17:51:28,2016-12-13 17:51:28,Panasonic,DMC-TZ60,,,4896.0,3672.0,Horizontal,Ver.1.0,400.0,1/15,4.0,8.4,Did not fire,Auto,Normal program,Pattern,17056881.853375,17056881.853375,,2026-08-17T04:01:59+00:00
77744e5f7f8f4168936bafaf5ee1f847,PC130169.JPG,UK Antarctic Heritage Trust Data/Condition_Artefacts/Artefacts_A_1_h_16_Ionospherics/A_1_h_16/PC130169.JPG,2016-12-13 22:08:34,2016-12-13 22:08:34,OLYMPUS CORPORATION,TG-4,,,4608.0,3456.0,Horizontal,Version 1.0,800.0,1/80,2.3,5.5,Did not fire,Auto,Creative program,Pattern,-64.8255556,-63.4947222,,2026-08-17T04:01:59+00:00
3520e331c2fe4bd98f0e93ade18189f8,PC130170.JPG,UK Antarctic Heritage Trust Data/Condition_Artefacts/Artefacts_A_1_h_16_Ionospherics/A_1_h_16/PC130170.JPG,2016-12-13 22:08:43,2016-12-13 22:08:43,OLYMPUS CORPORATION,TG-4,,,4608.0,3456.0,Horizontal,Version 1.0,500.0,1/125,2.3,5.5,Did not fire,Auto,Creative program,Pattern,-64.8255556,-63.4947222,,2026-08-17T04:01:59+00:00
c9c61e32c7b14b29bff44e60040c85c1,PC130171.JPG,UK Antarctic Heritage Trust Data/Condition_Artefacts/Artefacts_A_1_h_16_Ionospherics/A_1_h_16/PC130171.JPG,2016-12-13 22:08:47,2016-12-13 22:08:47,OLYMPUS CORPORATION,TG-4,,,4608.0,3456.0,Horizontal,Version 1.0,800.0,1/100,2.3,5.5,Did not fire,Auto,Creative program,Pattern,-64.8255556,-63.4947222,,2026-08-17T04:01:59+00:00
274c74e4b4434a19b20e1c296aa782b0,PC130172.JPG,UK Antarctic Heritage Trust Data/Condition_Artefacts/Artefacts_A_1_h_16_Ionospherics/A_1_h_16/PC130172.JPG,2016-12-13 22:09:13,2016-12-13 22:09:13,OLYMPUS CORPORATION,TG-4,,,4608.0,3456.0,Horizontal,Version 1.0,800.0,1/60,2.3,5.5,Did not fire,Auto,Creative program,Pattern,-64.8255556,-63.4947222,,2026-08-17T04:01:59+00:00
3e228ba1e96d4ce5949e78005b7c5544,PC130173.JPG,UK Antarctic Heritage Trust Data/Condition_Artefacts/Artefacts_A_1_h_16_Ionospherics/A_1_h_16/PC130173.JPG,2016-12-13 22:09:21,2016-12-13 22:09:21,OLYMPUS CORPORATION,TG-4,,,4608.0,3456.0,Horizontal,Version 1.0,800.0,1/100,2.3,5.5,Did not fire,Auto,Creative program,Pattern,-64.8255556,-63.4947222,,2026-08-17T04:01:59+00:00
42ffd2812c794c44bb96307a50de7294,A1a60a.JPG,UK Antarctic Heritage Trust Data/Condition_Artefacts/Artefacts_A_Var_1112NewAcquisitions/1112 new acquisitions/A1a60a.JPG,2011-08-18 17:58:51,2011-08-18 17:58:51,SONY,DSC-W55,,,2048.0,1536.0,Horizontal,,100.0,1/160,2.8,6.3,Fired,Auto,Normal program,Pattern,,,,2026-08-17T04:01:59+00:00
1103ded6997d4b779dee251a35297bf9,A1a60b.JPG,UK Antarctic Heritage Trust Data/Condition_Artefacts/Artefacts_A_Var_1112NewAcquisitions/1112 new acquisitions/A1a60b.JPG,2011-08-18 18:01:38,2011-08-18 18:01:38,SONY,DSC-W55,,,2048.0,1536.0,Horizontal,,100.0,1/125,2.8,6.3,Fired,Auto,Normal program,Pattern,,,,2026-08-17T04:01:59+00:00
1c433328b284412ebf72735a1212fd7a,A1a60c.JPG,UK Antarctic Heritage Trust Data/Condition_Artefacts/Artefacts_A_Var_1112NewAcquisitions/1112 new acquisitions/A1a60c.JPG,2011-08-18 18:02:30,2011-08-18 18:02:30,SONY,DSC-W55,,,2048.0,1536.0,Horizontal,,100.0,1/160,2.8,6.3,Fired,Auto,Normal program,Pattern,,,,2026-08-17T04:01:59+00:00
7c45a9a255f24eb5a4766cfab7d661f7,A1a60d.JPG,UK Antarctic Heritage Trust Data/Condition_Artefacts/Artefacts_A_Var_1112NewAcquisitions/1112 new acquisitions/A1a60d.JPG,2011-08-18 18:02:26,2011-08-18 18:02:26,SONY,DSC-W55,,,2048.0,1536.0,Horizontal,,100.0,1/40,2.8,6.3,Fired,Auto,Normal program,Pattern,,,,2026-08-17T04:01:59+00:00
d7d086dfa97e4a1eb6608e03c5584c14,A1a61a.JPG,UK Antarctic Heritage Trust Data/Condition_Artefacts/Artefacts_A_Var_1112NewAcquisitions/1112 new acquisitions/A1a61a.JPG,2011-08-18 18:04:04,2011-08-18 18:04:04,SONY,DSC-W55,,,2048.0,1536.0,Horizontal,,100.0,1/125,2.8,6.3,Fired,Auto,Normal program,Pattern,,,,2026-08-17T04:01:59+00:00
10556a22b68d48cf9d85e553633a91f3,A1a61b.JPG,UK Antarctic Heritage Trust Data/Condition_Artefacts/Artefacts_A_Var_1112NewAcquisitions/1112 new acquisitions/A1a61b.JPG,2011-08-18 18:04:43,2011-08-18 18:04:43,SONY,DSC-W55,,,2048.0,1536.0,Horizontal,,100.0,1/100,2.8,6.3,Fired,Auto,Normal program,Pattern,,,,2026-08-17T04:01:59+00:00
3b0e2c57321743179b608ea1fbd2ff5d,A1a61c.JPG,UK Antarctic Heritage Trust Data/Condition_Artefacts/Artefacts_A_Var_1112NewAcquisitions/1112 new acquisitions/A1a61c.JPG,2011-08-18 18:04:56,2011-08-18 18:04:56,SONY,DSC-W55,,,2048.0,1536.0,Horizontal,,100.0,1/40,2.8,6.3,Did not fire,Auto,Normal program,Pattern,,,,2026-08-17T04:01:59+00:00
ef1e507f497c419a87191c2048faf3be,A1a61d.JPG,UK Antarctic Heritage Trust Data/Condition_Artefacts/Artefacts_A_Var_1112NewAcquisitions/1112 new acquisitions/A1a61d.JPG,2011-08-18 18:05:04,2011-08-18 18:05:04,SONY,DSC-W55,,,2048.0,1536.0,Horizontal,,100.0,1/100,2.8,6.3,Did not fire,Auto,Normal program,Pattern,,,,2026-08-17T04:01:59+00:00
aa8434b0053a4544a339945726c2ef57,A1h164a.JPG,UK Antarctic Heritage Trust Data/Condition_Artefacts/Artefacts_A_Var_1112NewAcquisitions/1112 new acquisitions/A1h164a.JPG,2011-08-17 15:15:57,2011-08-17 15:15:57,SONY,DSC-W55,,,2048.0,773.0,Horizontal,,100.0,1/40,2.8,6.3,Fired,Auto,Normal program,Pattern,,,,2026-08-17T04:01:59+00:00
dc252f3009864cb18aa1fd249143a7d8,A1h164b.JPG,UK Antarctic Heritage Trust Data/Condition_Artefacts/Artefacts_A_Var_1112NewAcquisitions/1112 new acquisitions/A1h164b.JPG,2011-08-17 15:16:21,2011-08-17 15:16:21,SONY,DSC-W55,,,2048.0,1536.0,Horizontal,,100.0,1/40,2.8,6.3,Fired,Auto,Normal program,Pattern,,,,2026-08-17T04:02:00+00:00
b6a6424d25854465b43119715dfb2cf5,A1h164c.JPG,UK Antarctic Heritage Trust Data/Condition_Artefacts/Artefacts_A_Var_1112NewAcquisitions/1112 new acquisitions/A1h164c.JPG,2011-08-17 15:16:28,2011-08-17 15:16:28,SONY,DSC-W55,,,2048.0,1536.0,Horizontal,,100.0,1/40,2.8,6.3,Fired,Auto,Normal program,Pattern,,,,2026-08-17T04:02:00+00:00
2a20e64c0bcb40ab9cac82765e83e418,A1h164d.JPG,UK Antarctic Heritage Trust Data/Condition_Artefacts/Artefacts_A_Var_1112NewAcquisitions/1112 new acquisitions/A1h164d.JPG,2011-08-17 15:16:33,2011-08-17 15:16:33,SONY,DSC-W55,,,2048.0,1536.0,Horizontal,,100.0,1/40,2.8,6.3,Fired,Auto,Normal program,Pattern,,,,2026-08-17T04:02:00+00:00
add8032ba81a4fc58fdd7433d9b0a07c,A1h165.JPG,UK Antarctic Heritage Trust Data/Condition_Artefacts/Artefacts_A_Var_1112NewAcquisitions/1112 new acquisitions/A1h165.JPG,2011-08-17 15:26:44,2011-08-17 15:26:44,SONY,DSC-W55,,,2048.0,1280.0,Horizontal,,100.0,1/40,2.8,6.3,Fired,Auto,Normal program,Pattern,,,,2026-08-17T04:02:00+00:00
4d0343beb751499683123036233561ba,A1h165a.JPG,UK Antarctic Heritage Trust Data/Condition_Artefacts/Artefacts_A_Var_1112NewAcquisitions/1112 new acquisitions/A1h165a.JPG,2011-08-17 15:27:08,2011-08-17 15:27:08,SONY,DSC-W55,,,1158.0,1993.0,,,100.0,1/40,2.8,6.3,Fired,Auto,Normal program,Pattern,,,,2026-08-17T04:02:00+00:00
767cc56135cb4ee58db8e83ff9c6ebb5,A1h165b.JPG,UK Antarctic Heritage Trust Data/Condition_Artefacts/Artefacts_A_Var_1112NewAcquisitions/1112 new acquisitions/A1h165b.JPG,2011-08-17 15:27:39,2011-08-17 15:27:39,SONY,DSC-W55,,,2048.0,1248.0,Horizontal,,160.0,1/40,2.8,6.3,Did not fire,Auto,Normal program,Pattern,,,,2026-08-17T04:02:00+00:00
7a6938e7d0594aad9181b71d74408302,A1h165c.JPG,UK Antarctic Heritage Trust Data/Condition_Artefacts/Artefacts_A_Var_1112NewAcquisitions/1112 new acquisitions/A1h165c.JPG,2011-08-17 15:27:42,2011-08-17 15:27:42,SONY,DSC-W55,,,2048.0,786.0,Horizontal,,160.0,1/40,2.8,6.3,Did not fire,Auto,Normal program,Pattern,,,,2026-08-17T04:02:00+00:00
6f1db944ae32482fb3cc244597086b37,A1h166.JPG,UK Antarctic Heritage Trust Data/Condition_Artefacts/Artefacts_A_Var_1112NewAcquisitions/1112 new acquisitions/A1h166.JPG,2011-08-17 15:27:00,2011-08-17 15:27:00,SONY,DSC-W55,,,2048.0,1536.0,Horizontal,,100.0,1/50,2.8,6.3,Fired,Auto,Normal program,Pattern,,,,2026-08-17T04:02:00+00:00
7d36471a0a08448fb898efaad66f64cb,A1h167.JPG,UK Antarctic Heritage Trust Data/Condition_Artefacts/Artefacts_A_Var_1112NewAcquisitions/1112 new acquisitions/A1h167.JPG,2011-08-17 15:42:07,2011-08-17 15:42:07,SONY,DSC-W55,,,1982.0,1300.0,Horizontal,,100.0,1/40,2.8,6.3,Did not fire,Auto,Normal program,Pattern,,,,2026-08-17T04:02:00+00:00
bad46b42423e472fa73397f59429b930,A1h167a.JPG,UK Antarctic Heritage Trust Data/Condition_Artefacts/Artefacts_A_Var_1112NewAcquisitions/1112 new acquisitions/A1h167a.JPG,2011-08-17 15:43:35,2011-08-17 15:43:35,SONY,DSC-W55,,,2048.0,446.0,Horizontal,,100.0,1/40,2.8,6.3,Fired,Auto,Normal program,Pattern,,,,2026-08-17T04:02:00+00:00
85521907336045f38881b1c3a4ab76fe,DSC03189.JPG,UK Antarctic Heritage Trust Data/Condition_Artefacts/Artefacts_A_Var_1112NewAcquisitions/1112 new acquisitions/DSC03189.JPG,2011-08-17 15:16:12,2011-08-17 15:16:12,SONY,DSC-W55,,,2048.0,1536.0,Horizontal,,100.0,1/40,2.8,6.3,Fired,Auto,Normal program,Pattern,,,,2026-08-17T04:02:00+00:00
d140de11b46f424f8f127502e568b7c0,DSC03193.JPG,UK Antarctic Heritage Trust Data/Condition_Artefacts/Artefacts_A_Var_1112NewAcquisitions/1112 new acquisitions/DSC03193.JPG,2011-08-17 15:26:17,2011-08-17 15:26:17,SONY,DSC-W55,,,2048.0,1536.0,Horizontal,,100.0,1/40,2.8,6.3,Fired,Auto,Normal program,Pattern,,,,2026-08-17T04:02:00+00:00
17f69d072ca24136a13ee59e9a6e8156,DSC03194.JPG,UK Antarctic Heritage Trust Data/Condition_Artefacts/Artefacts_A_Var_1112NewAcquisitions/1112 new acquisitions/DSC03194.JPG,2011-08-17 15:26:23,2011-08-17 15:26:23,SONY,DSC-W55,,,2048.0,1536.0,Horizontal,,100.0,1/40,2.8,6.3,Fired,Auto,Normal program,Pattern,,,,2026-08-17T04:02:00+00:00
c01e3fa306834ea9b29fdf8258f211ef,DSC03198.JPG,UK Antarctic Heritage Trust Data/Condition_Artefacts/Artefacts_A_Var_1112NewAcquisitions/1112 new acquisitions/DSC03198.JPG,2011-08-17 15:27:14,2011-08-17 15:27:14,SONY,DSC-W55,,,2048.0,1536.0,Horizontal,,100.0,1/40,2.8,6.3,Fired,Auto,Normal program,Pattern,,,,2026-08-17T04:02:00+00:00
3d6b51aa0e734888af70f7fd181fc5ca,DSC03199.JPG,UK Antarctic Heritage Trust Data/Condition_Artefacts/Artefacts_A_Var_1112NewAcquisitions/1112 new acquisitions/DSC03199.JPG,2011-08-17 15:27:19,2011-08-17 15:27:19,SONY,DSC-W55,,,2048.0,1536.0,Horizontal,,100.0,1/40,2.8,6.3,Fired,Auto,Normal program,Pattern,,,,2026-08-17T04:02:00+00:00
dfeecd34f35b4fc4a4eb72eabdd3a619,DSC03200.JPG,UK Antarctic Heritage Trust Data/Condition_Artefacts/Artefacts_A_Var_1112NewAcquisitions/1112 new acquisitions/DSC03200.JPG,2011-08-17 15:27:27,2011-08-17 15:27:27,SONY,DSC-W55,,,2048.0,1536.0,Horizontal,,200.0,1/40,2.8,6.3,Did not fire,Auto,Normal program,Pattern,,,,2026-08-17T04:02:00+00:00
2509e18e278d4b83a59cb48ea2c5afde,DSC03204.JPG,UK Antarctic Heritage Trust Data/Condition_Artefacts/Artefacts_A_Var_1112NewAcquisitions/1112 new acquisitions/DSC03204.JPG,2011-08-17 15:42:20,2011-08-17 15:42:20,SONY,DSC-W55,,,2048.0,1536.0,Horizontal,,100.0,1/40,2.8,6.3,Fired,Auto,Normal program,Pattern,,,,2026-08-17T04:02:00+00:00
70cf484970d9444080f9f2869717c410,DSC03205.JPG,UK Antarctic Heritage Trust Data/Condition_Artefacts/Artefacts_A_Var_1112NewAcquisitions/1112 new acquisitions/DSC03205.JPG,2011-08-17 15:42:37,2011-08-17 15:42:37,SONY,DSC-W55,,,2048.0,1536.0,Horizontal,,100.0,1/60,2.8,6.3,Fired,Auto,Normal program,Pattern,,,,2026-08-17T04:02:00+00:00
6ce118fa50654c43b91c00549334f019,DSC03206.JPG,UK Antarctic Heritage Trust Data/Condition_Artefacts/Artefacts_A_Var_1112NewAcquisitions/1112 new acquisitions/DSC03206.JPG,2011-08-17 15:43:10,2011-08-17 15:43:10,SONY,DSC-W55,,,2048.0,1536.0,Horizontal,,100.0,1/50,2.8,6.3,Fired,Auto,Normal program,Pattern,,,,2026-08-17T04:02:00+00:00
8d9e4113deb34c17bf957930531c5065,DSC03217.JPG,UK Antarctic Heritage Trust Data/Condition_Artefacts/Artefacts_A_Var_1112NewAcquisitions/1112 new acquisitions/DSC03217.JPG,2011-08-18 18:04:48,2011-08-18 18:04:48,SONY,DSC-W55,,,2048.0,1536.0,Horizontal,,100.0,1/80,2.8,6.3,Fired,Auto,Normal program,Pattern,,,,2026-08-17T04:02:00+00:00
aaf0dad30b3843698ed9be9c3b35f427,DSC03221.JPG,UK Antarctic Heritage Trust Data/Condition_Artefacts/Artefacts_A_Var_1112NewAcquisitions/1112 new acquisitions/DSC03221.JPG,2011-08-18 18:08:36,2011-08-18 18:08:36,SONY,DSC-W55,,,2048.0,1536.0,Horizontal,,100.0,1/125,2.8,6.3,Did not fire,Auto,Normal program,Pattern,,,,2026-08-17T04:02:00+00:00
0f0687b4d7df4e77b9727b775eddc3cb,DSC03222.JPG,UK Antarctic Heritage Trust Data/Condition_Artefacts/Artefacts_A_Var_1112NewAcquisitions/1112 new acquisitions/DSC03222.JPG,2011-08-18 18:08:41,2011-08-18 18:08:41,SONY,DSC-W55,,,2048.0,1536.0,Horizontal,,100.0,1/80,2.8,6.3,Did not fire,Auto,Normal program,Pattern,,,,2026-08-17T04:02:00+00:00
6f6131e6382549918dd945d6609e32a0,DSC03227.JPG,UK Antarctic Heritage Trust Data/Condition_Artefacts/Artefacts_A_Var_1112NewAcquisitions/1112 new acquisitions/DSC03227.JPG,2011-08-18 18:15:14,2011-08-18 18:15:14,SONY,DSC-W55,,,2048.0,1536.0,Horizontal,,125.0,1/40,2.8,6.3,Did not fire,Auto,Normal program,Pattern,,,,2026-08-17T04:02:00+00:00
91c54060347247f19c75b4ac39e54b80,F2011-1a.JPG,UK Antarctic Heritage Trust Data/Condition_Artefacts/Artefacts_A_Var_1112NewAcquisitions/1112 new acquisitions/F2011-1a.JPG,2011-08-18 18:08:30,2011-08-18 18:08:30,SONY,DSC-W55,,,2048.0,1536.0,Horizontal,,100.0,1/100,2.8,6.3,Did not fire,Auto,Normal program,Pattern,,,,2026-08-17T04:02:00+00:00
daa5ed2679e945ef8552167d10dff309,F2011-1b.JPG,UK Antarctic Heritage Trust Data/Condition_Artefacts/Artefacts_A_Var_1112NewAcquisitions/1112 new acquisitions/F2011-1b.JPG,2011-08-18 18:09:58,2011-08-18 18:09:58,SONY,DSC-W55,,,2048.0,1536.0,Horizontal,,100.0,1/80,2.8,6.3,Did not fire,Auto,Normal program,Pattern,,,,2026-08-17T04:02:00+00:00
b9ee3ef4923b4f3499bb808ad076a1de,F2011-2a.JPG,UK Antarctic Heritage Trust Data/Condition_Artefacts/Artefacts_A_Var_1112NewAcquisitions/1112 new acquisitions/F2011-2a.JPG,2011-08-18 18:14:33,2011-08-18 18:14:33,SONY,DSC-W55,,,2048.0,1536.0,Horizontal,,125.0,1/40,2.8,6.3,Did not fire,Auto,Normal program,Pattern,,,,2026-08-17T04:02:00+00:00
96f2fa00781845b9b84bf71794aa7657,F2011-2b.JPG,UK Antarctic Heritage Trust Data/Condition_Artefacts/Artefacts_A_Var_1112NewAcquisitions/1112 new acquisitions/F2011-2b.JPG,2011-08-18 18:14:43,2011-08-18 18:14:43,SONY,DSC-W55,,,2048.0,1536.0,Horizontal,,200.0,1/40,2.8,6.3,Did not fire,Auto,Normal program,Pattern,,,,2026-08-17T04:02:00+00:00
c4fb83edb00f4087adb15c337a8730dc,F2011-2c.JPG,UK Antarctic Heritage Trust Data/Condition_Artefacts/Artefacts_A_Var_1112NewAcquisitions/1112 new acquisitions/F2011-2c.JPG,2011-08-18 18:14:55,2011-08-18 18:14:55,SONY,DSC-W55,,,2048.0,1536.0,Horizontal,,100.0,1/40,2.8,6.3,Did not fire,Auto,Normal program,Pattern,,,,2026-08-17T04:02:00+00:00
e9c047f969894c4eb83beb209599eaa0,(2).jpg,UK Antarctic Heritage Trust Data/Condition_Artefacts/Artefacts_A_Var_Copyrright_L_Ling/(2).jpg,2009-02-20 11:34:44,2009-02-20 11:34:44,Panasonic,DMC-FZ7,,,2816.0,1880.0,Rotate 90,Ver.1.0,100.0,1/25,2.8,6.0,Fired,Auto,Normal program,Pattern,,,,2026-08-17T04:02:00+00:00
16d67965d9dd4bb18ef7db9196f6e1b3,(3).jpg,UK Antarctic Heritage Trust Data/Condition_Artefacts/Artefacts_A_Var_Copyrright_L_Ling/(3).jpg,2009-01-28 11:01:19,2009-01-28 11:01:19,Panasonic,DMC-FZ7,,,2816.0,1880.0,Horizontal,Ver.1.0,100.0,1/30,5.0,11.8,Fired,Auto,Aperture priority,Pattern,,,,2026-08-17T04:02:00+00:00
2fd111dc8368451385c533ef1e57bb3f,A1a10a.jpg,UK Antarctic Heritage Trust Data/Condition_Artefacts/Artefacts_A_Var_Copyrright_L_Ling/A1a10a.jpg,2009-01-24 10:08:15,2009-01-24 10:08:15,Panasonic,DMC-FZ7,,,2048.0,1360.0,Horizontal,Ver.1.0,80.0,1/60,3.2,6.0,Did not fire,Auto,Normal program,Pattern,,,,2026-08-17T04:02:00+00:00
15781b2e79ac48168fb60094d7b19de0,A1a10b.jpg,UK Antarctic Heritage Trust Data/Condition_Artefacts/Artefacts_A_Var_Copyrright_L_Ling/A1a10b.jpg,2009-01-24 10:08:33,2009-01-24 10:08:33,Panasonic,DMC-FZ7,,,2048.0,1360.0,Horizontal,Ver.1.0,80.0,1/200,5.6,6.0,Did not fire,Auto,Normal program,Pattern,,,,2026-08-17T04:02:00+00:00
46ebf0e79e554278bef741935cf20239,A1a12.jpg,UK Antarctic Heritage Trust Data/Condition_Artefacts/Artefacts_A_Var_Copyrright_L_Ling/A1a12.jpg,2009-01-28 11:15:21,2009-01-28 11:15:21,Panasonic,DMC-FZ7,,,2816.0,1880.0,Horizontal,Ver.1.0,100.0,1/50,5.0,6.0,Did not fire,Auto,Aperture priority,Pattern,,,,2026-08-17T04:02:00+00:00
c2157435daeb4f758047c18726f5fbb5,A1b10a.jpg,UK Antarctic Heritage Trust Data/Condition_Artefacts/Artefacts_A_Var_Copyrright_L_Ling/A1b10a.jpg,2009-02-23 17:51:50,2009-02-23 17:51:50,Panasonic,DMC-FZ7,,,2048.0,1360.0,Horizontal,Ver.1.0,100.0,1/25,2.8,6.0,Fired,Auto,Normal program,Pattern,,,,2026-08-17T04:02:00+00:00
162bf7e009e547678d5f14e8abd6f9ce,A1b10b.jpg,UK Antarctic Heritage Trust Data/Condition_Artefacts/Artefacts_A_Var_Copyrright_L_Ling/A1b10b.jpg,2009-02-23 17:51:58,2009-02-23 17:51:58,Panasonic,DMC-FZ7,,,2048.0,1360.0,Horizontal,Ver.1.0,100.0,1/25,2.8,6.0,Fired,Auto,Normal program,Pattern,,,,2026-08-17T04:02:00+00:00
f728405d7eb947d5b1176f827df1f6d7,A1b11y.jpg,UK Antarctic Heritage Trust Data/Condition_Artefacts/Artefacts_A_Var_Copyrright_L_Ling/A1b11y.jpg,2009-01-22 09:43:41,2009-01-22 09:43:41,Panasonic,DMC-FZ7,,,2816.0,1880.0,Horizontal,Ver.1.0,80.0,1/125,4.0,6.0,Did not fire,Auto,Normal program,Pattern,,,,2026-08-17T04:02:00+00:00
617d107439e746dbb3244daed088453d,A1b11z.jpg,UK Antarctic Heritage Trust Data/Condition_Artefacts/Artefacts_A_Var_Copyrright_L_Ling/A1b11z.jpg,2009-01-22 09:43:34,2009-01-22 09:43:34,Panasonic,DMC-FZ7,,,2816.0,1880.0,Horizontal,Ver.1.0,80.0,1/80,4.0,6.0,Did not fire,Auto,Normal program,Pattern,,,,2026-08-17T04:02:00+00:00
670c173b231b45f4ba811ee82432fe1e,A1b14a.jpg,UK Antarctic Heritage Trust Data/Condition_Artefacts/Artefacts_A_Var_Copyrright_L_Ling/A1b14a.jpg,2009-02-23 17:37:37,2009-02-23 17:37:37,Panasonic,DMC-FZ7,,,2048.0,1360.0,Horizontal,Ver.1.0,100.0,1/25,2.8,6.0,Fired,Auto,Normal program,Pattern,,,,2026-08-17T04:02:00+00:00
67269a5dbcb04df6bcbeebeac721abfd,A1b14b.jpg,UK Antarctic Heritage Trust Data/Condition_Artefacts/Artefacts_A_Var_Copyrright_L_Ling/A1b14b.jpg,2009-02-23 17:37:59,2009-02-23 17:37:59,Panasonic,DMC-FZ7,,,2048.0,1360.0,Horizontal,Ver.1.0,100.0,1/25,2.8,6.0,Fired,Auto,Normal program,Pattern,,,,2026-08-17T04:02:00+00:00
e7ae60a53b0a4292b3f96e07ca6f4c73,A1b19.jpg,UK Antarctic Heritage Trust Data/Condition_Artefacts/Artefacts_A_Var_Copyrright_L_Ling/A1b19.jpg,2009-02-23 18:16:17,2009-02-23 18:16:17,Panasonic,DMC-FZ7,,,2048.0,1360.0,Rotate 270,Ver.1.0,100.0,1/25,2.8,6.0,Fired,Auto,Normal program,Pattern,,,,2026-08-17T04:02:00+00:00
e5852fed334449559c2e26f9a10ab70e,A1b19a.jpg,UK Antarctic Heritage Trust Data/Condition_Artefacts/Artefacts_A_Var_Copyrright_L_Ling/A1b19a.jpg,2009-02-23 18:16:08,2009-02-23 18:16:08,Panasonic,DMC-FZ7,,,2048.0,1360.0,Horizontal,Ver.1.0,100.0,1/25,2.8,6.0,Fired,Auto,Normal program,Pattern,,,,2026-08-17T04:02:00+00:00
973ae7d76e794d8080b34222d7950f6c,A1b28a.jpg,UK Antarctic Heritage Trust Data/Condition_Artefacts/Artefacts_A_Var_Copyrright_L_Ling/A1b28a.jpg,2009-02-23 18:21:23,2009-02-23 18:21:23,Panasonic,DMC-FZ7,,,2048.0,1360.0,Horizontal,Ver.1.0,100.0,1/25,2.8,6.0,Fired,Auto,Normal program,Pattern,,,,2026-08-17T04:02:00+00:00
45291dfa412840f08d0398075a61645f,A1b28b.jpg,UK Antarctic Heritage Trust Data/Condition_Artefacts/Artefacts_A_Var_Copyrright_L_Ling/A1b28b.jpg,2009-02-23 18:21:31,2009-02-23 18:21:31,Panasonic,DMC-FZ7,,,2048.0,1360.0,Horizontal,Ver.1.0,200.0,1/30,2.8,6.0,Did not fire,Auto,Normal program,Pattern,,,,2026-08-17T04:02:00+00:00
65216879b8ac49848c46c2970b54531c,A1b29.jpg,UK Antarctic Heritage Trust Data/Condition_Artefacts/Artefacts_A_Var_Copyrright_L_Ling/A1b29.jpg,2009-02-23 17:44:46,2009-02-23 17:44:46,Panasonic,DMC-FZ7,,,2048.0,1360.0,Horizontal,Ver.1.0,100.0,1/25,2.8,6.0,Fired,Auto,Normal program,Pattern,,,,2026-08-17T04:02:00+00:00
eabf3be3ceaa4f1890ae9c9fa9dd2e86,A1b31a.jpg,UK Antarctic Heritage Trust Data/Condition_Artefacts/Artefacts_A_Var_Copyrright_L_Ling/A1b31a.jpg,2009-02-23 18:25:05,2009-02-23 18:25:05,Panasonic,DMC-FZ7,,,2048.0,1360.0,Horizontal,Ver.1.0,100.0,1/25,2.8,6.2,Fired,Auto,Normal program,Pattern,,,,2026-08-17T04:02:00+00:00
556b86b966284fe19f42cfecca04c11d,A1b31b.jpg,UK Antarctic Heritage Trust Data/Condition_Artefacts/Artefacts_A_Var_Copyrright_L_Ling/A1b31b.jpg,2009-02-23 18:25:20,2009-02-23 18:25:20,Panasonic,DMC-FZ7,,,2048.0,1360.0,Horizontal,Ver.1.0,100.0,1/25,2.8,6.0,Fired,Auto,Normal program,Pattern,,,,2026-08-17T04:02:00+00:00
95f0f20fd7a0433388600411cf97522b,A1b32.jpg,UK Antarctic Heritage Trust Data/Condition_Artefacts/Artefacts_A_Var_Copyrright_L_Ling/A1b32.jpg,2009-02-23 18:26:09,2009-02-23 18:26:09,Panasonic,DMC-FZ7,,,2048.0,1360.0,Horizontal,Ver.1.0,100.0,1/25,2.8,6.0,Fired,Auto,Normal program,Pattern,,,,2026-08-17T04:02:00+00:00
9d3fd5b3c092476c9e98908235e6d340,A1b34.jpg,UK Antarctic Heritage Trust Data/Condition_Artefacts/Artefacts_A_Var_Copyrright_L_Ling/A1b34.jpg,2009-02-23 17:45:14,2009-02-23 17:45:14,Panasonic,DMC-FZ7,,,2048.0,1360.0,Rotate 270,Ver.1.0,100.0,1/25,3.2,9.5,Fired,Auto,Normal program,Pattern,,,,2026-08-17T04:02:00+00:00
2ab4deccf0274f45a3a659243473a20f,A1b34a.jpg,UK Antarctic Heritage Trust Data/Condition_Artefacts/Artefacts_A_Var_Copyrright_L_Ling/A1b34a.jpg,2009-02-23 17:45:19,2009-02-23 17:45:19,Panasonic,DMC-FZ7,,,2048.0,1360.0,Horizontal,Ver.1.0,100.0,1/25,3.2,9.5,Fired,Auto,Normal program,Pattern,,,,2026-08-17T04:02:00+00:00
6e176463fe09404dbdbce00ff49dba23,A1b35.jpg,UK Antarctic Heritage Trust Data/Condition_Artefacts/Artefacts_A_Var_Copyrright_L_Ling/A1b35.jpg,2009-02-23 17:32:43,2009-02-23 17:32:43,Panasonic,DMC-FZ7,,,2048.0,1360.0,Horizontal,Ver.1.0,100.0,1/25,2.8,7.7,Fired,Auto,Normal program,Pattern,,,,2026-08-17T04:02:00+00:00
1db363c34e8c43aa9c8518894e86f6b8,A1b36&37.jpg,UK Antarctic Heritage Trust Data/Condition_Artefacts/Artefacts_A_Var_Copyrright_L_Ling/A1b36&37.jpg,2009-02-27 16:23:59,2009-02-27 16:23:59,Panasonic,DMC-FZ7,,,1880.0,2816.0,Horizontal,Ver.1.0,100.0,1/25,2.8,6.0,Fired,Auto,Normal program,Pattern,,,,2026-08-17T04:02:00+00:00
813c8a735ec4478b9b097cc42d1e2e20,A1b41.jpg,UK Antarctic Heritage Trust Data/Condition_Artefacts/Artefacts_A_Var_Copyrright_L_Ling/A1b41.jpg,2009-02-23 17:42:54,2009-02-23 17:42:54,Panasonic,DMC-FZ7,,,2048.0,1360.0,Rotate 270,Ver.1.0,200.0,1/20,2.8,6.0,Did not fire,Auto,Normal program,Pattern,,,,2026-08-17T04:02:00+00:00
215c434733d4461fab31155d8bf82e35,A1b42a.jpg,UK Antarctic Heritage Trust Data/Condition_Artefacts/Artefacts_A_Var_Copyrright_L_Ling/A1b42a.jpg,2009-02-23 17:46:03,2009-02-23 17:46:03,Panasonic,DMC-FZ7,,,2048.0,1360.0,Horizontal,Ver.1.0,100.0,1/25,3.2,9.5,Fired,Auto,Normal program,Pattern,,,,2026-08-17T04:02:00+00:00
65467a1f6e72490699007ee993cfb35f,A1b42b.jpg,UK Antarctic Heritage Trust Data/Condition_Artefacts/Artefacts_A_Var_Copyrright_L_Ling/A1b42b.jpg,2009-02-23 17:46:09,2009-02-23 17:46:09,Panasonic,DMC-FZ7,,,2048.0,1360.0,Horizontal,Ver.1.0,100.0,1/25,3.2,9.5,Fired,Auto,Normal program,Pattern,,,,2026-08-17T04:02:00+00:00
83cc448ff94946b7a40c762eaa860220,A1b42c.jpg,UK Antarctic Heritage Trust Data/Condition_Artefacts/Artefacts_A_Var_Copyrright_L_Ling/A1b42c.jpg,2009-02-23 17:46:22,2009-02-23 17:46:22,Panasonic,DMC-FZ7,,,2048.0,1360.0,Horizontal,Ver.1.0,100.0,1/25,3.2,9.5,Fired,Auto,Normal program,Pattern,,,,2026-08-17T04:02:00+00:00
a2ff0a9d893a4e7c92cf1138a4224b96,A1b43.jpg,UK Antarctic Heritage Trust Data/Condition_Artefacts/Artefacts_A_Var_Copyrright_L_Ling/A1b43.jpg,2009-02-27 15:13:46,2009-02-27 15:13:46,Panasonic,DMC-FZ7,,,2816.0,1880.0,Horizontal,Ver.1.0,100.0,1/25,2.8,6.0,Fired,Auto,Normal program,Pattern,,,,2026-08-17T04:02:00+00:00
1f78bd92a0f74e2fb5195cd51cf8ec50,A1b44a.jpg,UK Antarctic Heritage Trust Data/Condition_Artefacts/Artefacts_A_Var_Copyrright_L_Ling/A1b44a.jpg,2009-02-23 17:50:43,2009-02-23 17:50:43,Panasonic,DMC-FZ7,,,2048.0,1360.0,Horizontal,Ver.1.0,100.0,1/25,2.8,6.0,Fired,Auto,Normal program,Pattern,,,,2026-08-17T04:02:00+00:00
ac724128520f499eab6a09e391f80ffa,A1b44b.jpg,UK Antarctic Heritage Trust Data/Condition_Artefacts/Artefacts_A_Var_Copyrright_L_Ling/A1b44b.jpg,2009-02-23 17:50:49,2009-02-23 17:50:49,Panasonic,DMC-FZ7,,,2048.0,1360.0,Horizontal,Ver.1.0,100.0,1/25,2.8,6.0,Fired,Auto,Normal program,Pattern,,,,2026-08-17T04:02:00+00:00
0522183b8ea744bbad21d9701c85aabc,A1b46.jpg,UK Antarctic Heritage Trust Data/Condition_Artefacts/Artefacts_A_Var_Copyrright_L_Ling/A1b46.jpg,2009-02-23 17:39:53,2009-02-23 17:39:53,Panasonic,DMC-FZ7,,,2048.0,1360.0,Horizontal,Ver.1.0,100.0,1/25,2.8,6.0,Fired,Auto,Normal program,Pattern,,,,2026-08-17T04:02:00+00:00
9d9857f6c7164426a17228c27b43f60d,A1b48.jpg,UK Antarctic Heritage Trust Data/Condition_Artefacts/Artefacts_A_Var_Copyrright_L_Ling/A1b48.jpg,2009-02-23 18:24:01,2009-02-23 18:24:01,Panasonic,DMC-FZ7,,,2048.0,1360.0,Horizontal,Ver.1.0,100.0,1/25,2.8,6.2,Fired,Auto,Normal program,Pattern,,,,2026-08-17T04:02:00+00:00
90107227a7cc42278b6bdcf9877ce14c,A1b5.jpg,UK Antarctic Heritage Trust Data/Condition_Artefacts/Artefacts_A_Var_Copyrright_L_Ling/A1b5.jpg,2009-02-23 18:22:49,2009-02-23 18:22:49,Panasonic,DMC-FZ7,,,2048.0,1360.0,Horizontal,Ver.1.0,100.0,1/25,2.8,6.0,Fired,Auto,Normal program,Pattern,,,,2026-08-17T04:02:00+00:00
db8449719bb444bbbc8e2f9ea3137ab5,A1b52.jpg,UK Antarctic Heritage Trust Data/Condition_Artefacts/Artefacts_A_Var_Copyrright_L_Ling/A1b52.jpg,2009-02-23 18:19:24,2009-02-23 18:19:24,Panasonic,DMC-FZ7,,,2048.0,1360.0,Horizontal,Ver.1.0,100.0,1/25,2.8,6.6,Fired,Auto,Normal program,Pattern,,,,2026-08-17T04:02:00+00:00
823ca3fc80b142e484d5f0fb4191f42b,A1b53.jpg,UK Antarctic Heritage Trust Data/Condition_Artefacts/Artefacts_A_Var_Copyrright_L_Ling/A1b53.jpg,2009-02-23 18:18:23,2009-02-23 18:18:23,Panasonic,DMC-FZ7,,,1360.0,2048.0,Rotate 90,Ver.1.0,100.0,1/25,2.8,6.0,Fired,Auto,Normal program,Pattern,,,,2026-08-17T04:02:00+00:00
c34048bf729e4878aed07803aa71ec97,A1b55.jpg,UK Antarctic Heritage Trust Data/Condition_Artefacts/Artefacts_A_Var_Copyrright_L_Ling/A1b55.jpg,2009-02-23 18:26:43,2009-02-23 18:26:43,Panasonic,DMC-FZ7,,,2048.0,1360.0,Horizontal,Ver.1.0,100.0,1/25,2.8,6.0,Fired,Auto,Normal program,Pattern,,,,2026-08-17T04:02:00+00:00
d9c86ccbd0db4ea894444bc4c60051dd,A1b59a.jpg,UK Antarctic Heritage Trust Data/Condition_Artefacts/Artefacts_A_Var_Copyrright_L_Ling/A1b59a.jpg,2009-02-23 17:41:22,2009-02-23 17:41:22,Panasonic,DMC-FZ7,,,2048.0,1360.0,Horizontal,Ver.1.0,100.0,1/25,2.8,6.0,Fired,Auto,Normal program,Pattern,,,,2026-08-17T04:02:00+00:00
ff31b16688964272a6e042cc0953ee70,A1b59b.jpg,UK Antarctic Heritage Trust Data/Condition_Artefacts/Artefacts_A_Var_Copyrright_L_Ling/A1b59b.jpg,2009-02-23 17:41:28,2009-02-23 17:41:28,Panasonic,DMC-FZ7,,,2048.0,1360.0,Horizontal,Ver.1.0,100.0,1/25,2.8,6.0,Fired,Auto,Normal program,Pattern,,,,2026-08-17T04:02:00+00:00
bde97872b43f425d81d099d176fe7792,A1b59c.jpg,UK Antarctic Heritage Trust Data/Condition_Artefacts/Artefacts_A_Var_Copyrright_L_Ling/A1b59c.jpg,2009-02-23 17:41:41,2009-02-23 17:41:41,Panasonic,DMC-FZ7,,,2048.0,1360.0,Horizontal,Ver.1.0,100.0,1/25,2.8,6.1,Fired,Auto,Normal program,Pattern,,,,2026-08-17T04:02:00+00:00
14b7ecd2a38c497dae8e43efb2b95be1,A1b61.jpg,UK Antarctic Heritage Trust Data/Condition_Artefacts/Artefacts_A_Var_Copyrright_L_Ling/A1b61.jpg,2009-02-24 11:55:21,2009-02-24 11:55:21,Panasonic,DMC-FZ7,,,2048.0,1360.0,Horizontal,Ver.1.0,80.0,1/80,4.0,6.0,Did not fire,Auto,Normal program,Pattern,,,,2026-08-17T04:02:01+00:00
7516f9677fd54cba8961f1d55d48ee93,A1b61a.jpg,UK Antarctic Heritage Trust Data/Condition_Artefacts/Artefacts_A_Var_Copyrright_L_Ling/A1b61a.jpg,2009-02-24 11:55:26,2009-02-24 11:55:26,Panasonic,DMC-FZ7,,,2048.0,1360.0,Horizontal,Ver.1.0,80.0,1/80,4.0,6.0,Did not fire,Auto,Normal program,Pattern,,,,2026-08-17T04:02:01+00:00
00dc3a35ac90477180f52fdf643ba0d0,A1b64.jpg,UK Antarctic Heritage Trust Data/Condition_Artefacts/Artefacts_A_Var_Copyrright_L_Ling/A1b64.jpg,2009-02-27 16:40:13,2009-02-27 16:40:13,Panasonic,DMC-FZ7,,,1880.0,2816.0,,Ver.1.0,100.0,1/25,2.8,6.0,Fired,Auto,Normal program,Pattern,,,,2026-08-17T04:02:01+00:00
d4d195754fcf474488d5bef73010535f,A1b65.jpg,UK Antarctic Heritage Trust Data/Condition_Artefacts/Artefacts_A_Var_Copyrright_L_Ling/A1b65.jpg,2009-02-06 18:13:00,2009-02-06 18:13:00,Panasonic,DMC-FZ7,,,2048.0,1360.0,Rotate 90,Ver.1.0,100.0,1/30,3.2,9.5,Fired,Auto,Normal program,Pattern,,,,2026-08-17T04:02:01+00:00
8050f5dba9084860a4f497536a3ea21c,A1b67.jpg,UK Antarctic Heritage Trust Data/Condition_Artefacts/Artefacts_A_Var_Copyrright_L_Ling/A1b67.jpg,2009-02-27 16:42:06,2009-02-27 16:42:06,Panasonic,DMC-FZ7,,,2816.0,1880.0,Horizontal,Ver.1.0,100.0,1/25,2.8,6.0,Fired,Auto,Normal program,Pattern,,,,2026-08-17T04:02:01+00:00
b650f1fb6cf5474a9bb24423dd8cb615,A1b69.jpg,UK Antarctic Heritage Trust Data/Condition_Artefacts/Artefacts_A_Var_Copyrright_L_Ling/A1b69.jpg,2009-02-27 15:29:57,2009-02-27 15:29:57,Panasonic,DMC-FZ7,,,2816.0,1880.0,Horizontal,Ver.1.0,100.0,1/25,2.8,7.6,Fired,Auto,Normal program,Pattern,,,,2026-08-17T04:02:01+00:00
7dd3b6c39e124e3db4e07df380f40c18,A1b69a.jpg,UK Antarctic Heritage Trust Data/Condition_Artefacts/Artefacts_A_Var_Copyrright_L_Ling/A1b69a.jpg,2009-02-27 15:30:04,2009-02-27 15:30:04,Panasonic,DMC-FZ7,,,2816.0,1880.0,Horizontal,Ver.1.0,100.0,1/25,2.8,7.6,Fired,Auto,Normal program,Pattern,,,,2026-08-17T04:02:01+00:00
ea145006603244499ae0d9585abfbed0,A1b70.jpg,UK Antarctic Heritage Trust Data/Condition_Artefacts/Artefacts_A_Var_Copyrright_L_Ling/A1b70.jpg,2009-02-27 15:25:55,2009-02-27 15:25:55,Panasonic,DMC-FZ7,,,2816.0,1880.0,,Ver.1.0,100.0,1/25,2.8,6.0,Fired,Auto,Normal program,Pattern,,,,2026-08-17T04:02:01+00:00
463075d1df42453a9769d4cd00c39952,A1b70a.jpg,UK Antarctic Heritage Trust Data/Condition_Artefacts/Artefacts_A_Var_Copyrright_L_Ling/A1b70a.jpg,2009-02-27 15:26:06,2009-02-27 15:26:06,Panasonic,DMC-FZ7,,,2816.0,1880.0,Horizontal,Ver.1.0,100.0,1/25,2.8,6.0,Fired,Auto,Normal program,Pattern,,,,2026-08-17T04:02:01+00:00
9f73a7985a6d40d69e0a061412ce0f46,A1b71a.jpg,UK Antarctic Heritage Trust Data/Condition_Artefacts/Artefacts_A_Var_Copyrright_L_Ling/A1b71a.jpg,2009-01-28 11:17:26,2009-01-28 11:17:26,Panasonic,DMC-FZ7,,,1880.0,2816.0,Rotate 90,Ver.1.0,100.0,1/30,5.0,9.2,Fired,Auto,Aperture priority,Pattern,,,,2026-08-17T04:02:01+00:00
5f73a96463854c7e864ccf1c824ac8ec,A1b71b.jpg,UK Antarctic Heritage Trust Data/Condition_Artefacts/Artefacts_A_Var_Copyrright_L_Ling/A1b71b.jpg,2009-01-28 11:17:51,2009-01-28 11:17:51,Panasonic,DMC-FZ7,,,2816.0,1880.0,Horizontal,Ver.1.0,100.0,1/30,5.0,9.9,Fired,Auto,Aperture priority,Pattern,,,,2026-08-17T04:02:01+00:00
aa52c8119ba74f619e71e995787f6335,A1b71c.jpg,UK Antarctic Heritage Trust Data/Condition_Artefacts/Artefacts_A_Var_Copyrright_L_Ling/A1b71c.jpg,2009-01-28 11:18:04,2009-01-28 11:18:04,Panasonic,DMC-FZ7,,,2816.0,1880.0,Horizontal,Ver.1.0,100.0,1/30,5.0,6.0,Fired,Auto,Aperture priority,Pattern,,,,2026-08-17T04:02:01+00:00
0deb2f88b81d4c09bfe5cd4b42ea336e,A1b71e.jpg,UK Antarctic Heritage Trust Data/Condition_Artefacts/Artefacts_A_Var_Copyrright_L_Ling/A1b71e.jpg,2009-01-28 11:18:26,2009-01-28 11:18:26,Panasonic,DMC-FZ7,,,2816.0,1880.0,Horizontal,Ver.1.0,100.0,1/30,5.0,6.0,Fired,Auto,Aperture priority,Pattern,,,,2026-08-17T04:02:01+00:00
6e82642a66a94f459ab2357e0a5f2c54,A1b71p.jpg,UK Antarctic Heritage Trust Data/Condition_Artefacts/Artefacts_A_Var_Copyrright_L_Ling/A1b71p.jpg,2009-02-26 16:49:22,2009-02-26 16:49:22,Panasonic,DMC-FZ7,,,2048.0,1360.0,Horizontal,Ver.1.0,100.0,1/25,2.8,6.0,Fired,Auto,Normal program,Pattern,,,,2026-08-17T04:02:01+00:00
71d20d4f3f9c41759dfc393e8be02c7a,A1b71q.jpg,UK Antarctic Heritage Trust Data/Condition_Artefacts/Artefacts_A_Var_Copyrright_L_Ling/A1b71q.jpg,2009-02-26 16:48:50,2009-02-26 16:48:50,Panasonic,DMC-FZ7,,,2048.0,1360.0,Horizontal,Ver.1.0,200.0,2/5,2.8,6.0,Did not fire,Auto,Normal program,Pattern,,,,2026-08-17T04:02:01+00:00
95f73af176bd4059b0b68a7966994a93,A1b71r.jpg,UK Antarctic Heritage Trust Data/Condition_Artefacts/Artefacts_A_Var_Copyrright_L_Ling/A1b71r.jpg,2009-02-26 16:48:43,2009-02-26 16:48:43,Panasonic,DMC-FZ7,,,2048.0,1360.0,Horizontal,Ver.1.0,100.0,1/25,2.8,6.0,Fired,Auto,Normal program,Pattern,,,,2026-08-17T04:02:01+00:00
93d41de0aae243bfa9f85e0e222a5758,A1b71s.jpg,UK Antarctic Heritage Trust Data/Condition_Artefacts/Artefacts_A_Var_Copyrright_L_Ling/A1b71s.jpg,2009-02-26 16:48:35,2009-02-26 16:48:35,Panasonic,DMC-FZ7,,,2048.0,1360.0,Horizontal,Ver.1.0,100.0,1/25,2.8,6.0,Fired,Auto,Normal program,Pattern,,,,2026-08-17T04:02:01+00:00
8378b84d8eb140ee9b69be5f8602fef8,A1b71t.jpg,UK Antarctic Heritage Trust Data/Condition_Artefacts/Artefacts_A_Var_Copyrright_L_Ling/A1b71t.jpg,2009-02-26 16:48:20,2009-02-26 16:48:20,Panasonic,DMC-FZ7,,,2048.0,1360.0,Horizontal,Ver.1.0,100.0,1/25,2.8,6.0,Fired,Auto,Normal program,Pattern,,,,2026-08-17T04:02:01+00:00
27542f674fcc4469a2ca6237ec352e6b,A1b71u.jpg,UK Antarctic Heritage Trust Data/Condition_Artefacts/Artefacts_A_Var_Copyrright_L_Ling/A1b71u.jpg,2009-02-26 16:48:12,2009-02-26 16:48:12,Panasonic,DMC-FZ7,,,2048.0,1360.0,Horizontal,Ver.1.0,100.0,1/25,2.8,6.0,Fired,Auto,Normal program,Pattern,,,,2026-08-17T04:02:01+00:00
d0457fc9be944dd39cfe10724297d553,A1b71v.jpg,UK Antarctic Heritage Trust Data/Condition_Artefacts/Artefacts_A_Var_Copyrright_L_Ling/A1b71v.jpg,2009-02-26 16:47:55,2009-02-26 16:47:55,Panasonic,DMC-FZ7,,,2048.0,1360.0,Horizontal,Ver.1.0,100.0,1/25,2.8,6.0,Fired,Auto,Normal program,Pattern,,,,2026-08-17T04:02:01+00:00
84e66445226d44d1b5666fa4fa408056,A1b71w.jpg,UK Antarctic Heritage Trust Data/Condition_Artefacts/Artefacts_A_Var_Copyrright_L_Ling/A1b71w.jpg,2009-02-26 16:48:03,2009-02-26 16:48:03,Panasonic,DMC-FZ7,,,2048.0,1360.0,Horizontal,Ver.1.0,100.0,1/25,2.8,6.0,Fired,Auto,Normal program,Pattern,,,,2026-08-17T04:02:01+00:00
d4683b0e07f745e4aff48cf5423a4b96,A1b71x.jpg,UK Antarctic Heritage Trust Data/Condition_Artefacts/Artefacts_A_Var_Copyrright_L_Ling/A1b71x.jpg,2009-02-26 16:47:49,2009-02-26 16:47:49,Panasonic,DMC-FZ7,,,2048.0,1360.0,Horizontal,Ver.1.0,100.0,1/25,2.8,6.0,Fired,Auto,Normal program,Pattern,,,,2026-08-17T04:02:01+00:00
4844ba416d614f008f3239cf38ab6237,A1b71y.jpg,UK Antarctic Heritage Trust Data/Condition_Artefacts/Artefacts_A_Var_Copyrright_L_Ling/A1b71y.jpg,2009-02-26 16:47:40,2009-02-26 16:47:40,Panasonic,DMC-FZ7,,,2048.0,1360.0,Horizontal,Ver.1.0,100.0,1/25,2.8,6.0,Fired,Auto,Normal program,Pattern,,,,2026-08-17T04:02:01+00:00
eb45d0433a21449abcbaf3651275f523,A1b71z.jpg,UK Antarctic Heritage Trust Data/Condition_Artefacts/Artefacts_A_Var_Copyrright_L_Ling/A1b71z.jpg,2009-02-26 16:47:23,2009-02-26 16:47:23,Panasonic,DMC-FZ7,,,2048.0,1360.0,Horizontal,Ver.1.0,100.0,1/25,2.8,6.0,Fired,Auto,Normal program,Pattern,,,,2026-08-17T04:02:01+00:00
d45cc586ce074c40aa2b0363b5ceb11c,A1b72.jpg,UK Antarctic Heritage Trust Data/Condition_Artefacts/Artefacts_A_Var_Copyrright_L_Ling/A1b72.jpg,2009-02-27 13:12:13,2009-02-27 13:12:13,Panasonic,DMC-FZ7,,,2816.0,1880.0,Horizontal,Ver.1.0,100.0,1/25,2.8,6.0,Fired,Auto,Normal program,Pattern,,,,2026-08-17T04:02:01+00:00
18356fb6cb064581982ee6b1183d5736,A1b73.jpg,UK Antarctic Heritage Trust Data/Condition_Artefacts/Artefacts_A_Var_Copyrright_L_Ling/A1b73.jpg,2009-02-27 15:17:29,2009-02-27 15:17:29,Panasonic,DMC-FZ7,,,2816.0,1880.0,Horizontal,Ver.1.0,100.0,1/25,2.8,6.0,Fired,Auto,Normal program,Pattern,,,,2026-08-17T04:02:01+00:00
69b46a1e6b8a46739bbb35fa489202b1,A1b74.jpg,UK Antarctic Heritage Trust Data/Condition_Artefacts/Artefacts_A_Var_Copyrright_L_Ling/A1b74.jpg,2009-02-27 13:14:17,2009-02-27 13:14:17,Panasonic,DMC-FZ7,,,2816.0,1880.0,Horizontal,Ver.1.0,100.0,1/25,2.8,6.0,Fired,Auto,Normal program,Pattern,,,,2026-08-17T04:02:01+00:00
e36d688e9c964767bb745ca271e0e60f,A1b74a.jpg,UK Antarctic Heritage Trust Data/Condition_Artefacts/Artefacts_A_Var_Copyrright_L_Ling/A1b74a.jpg,2009-02-27 13:14:24,2009-02-27 13:14:24,Panasonic,DMC-FZ7,,,1880.0,2816.0,Rotate 90,Ver.1.0,100.0,1/25,2.8,6.0,Fired,Auto,Normal program,Pattern,,,,2026-08-17T04:02:01+00:00
bf8b2fb7a3cb42ffa26877aaca2a3c85,A1b74b.jpg,UK Antarctic Heritage Trust Data/Condition_Artefacts/Artefacts_A_Var_Copyrright_L_Ling/A1b74b.jpg,2009-02-27 13:14:37,2009-02-27 13:14:37,Panasonic,DMC-FZ7,,,2816.0,1880.0,Horizontal,Ver.1.0,100.0,1/25,2.8,6.0,Fired,Auto,Normal program,Pattern,,,,2026-08-17T04:02:01+00:00
0eb98c5d2f714ccd8c0f6bcdc6c0cfa4,A1b74c.jpg,UK Antarctic Heritage Trust Data/Condition_Artefacts/Artefacts_A_Var_Copyrright_L_Ling/A1b74c.jpg,2009-02-27 13:14:52,2009-02-27 13:14:52,Panasonic,DMC-FZ7,,,2816.0,1880.0,Horizontal,Ver.1.0,100.0,1/25,2.8,6.0,Fired,Auto,Normal program,Pattern,,,,2026-08-17T04:02:01+00:00
3d5a279cceae40f5892ea9c2067e3731,A1b75.jpg,UK Antarctic Heritage Trust Data/Condition_Artefacts/Artefacts_A_Var_Copyrright_L_Ling/A1b75.jpg,2009-02-27 13:20:29,2009-02-27 13:20:29,Panasonic,DMC-FZ7,,,2816.0,1880.0,Horizontal,Ver.1.0,100.0,1/25,2.8,6.0,Fired,Auto,Normal program,Pattern,,,,2026-08-17T04:02:01+00:00
3660a125d08c4c7aaeb39e1eb271e012,A1b75a.jpg,UK Antarctic Heritage Trust Data/Condition_Artefacts/Artefacts_A_Var_Copyrright_L_Ling/A1b75a.jpg,2009-02-27 13:20:40,2009-02-27 13:20:40,Panasonic,DMC-FZ7,,,1880.0,2816.0,Rotate 90,Ver.1.0,100.0,1/25,2.8,6.0,Fired,Auto,Normal program,Pattern,,,,2026-08-17T04:02:01+00:00
7bee53147a39445dbf2bb1732ef95631,A1b75b.jpg,UK Antarctic Heritage Trust Data/Condition_Artefacts/Artefacts_A_Var_Copyrright_L_Ling/A1b75b.jpg,2009-02-27 13:21:00,2009-02-27 13:21:00,Panasonic,DMC-FZ7,,,2816.0,1880.0,Horizontal,Ver.1.0,100.0,1/25,2.8,6.0,Fired,Auto,Normal program,Pattern,,,,2026-08-17T04:02:01+00:00
75cbfb8170f14cab805ae56bcbaa713c,A1b75c.jpg,UK Antarctic Heritage Trust Data/Condition_Artefacts/Artefacts_A_Var_Copyrright_L_Ling/A1b75c.jpg,2009-02-27 13:21:33,2009-02-27 13:21:33,Panasonic,DMC-FZ7,,,1880.0,2816.0,Rotate 90,Ver.1.0,100.0,1/25,2.8,6.0,Fired,Auto,Normal program,Pattern,,,,2026-08-17T04:02:01+00:00
7f53f9b0f31a48a48ac8611b26e0b418,A1b76.jpg,UK Antarctic Heritage Trust Data/Condition_Artefacts/Artefacts_A_Var_Copyrright_L_Ling/A1b76.jpg,2009-02-27 15:27:12,2009-02-27 15:27:12,Panasonic,DMC-FZ7,,,1880.0,2816.0,Rotate 90,Ver.1.0,100.0,1/25,2.8,6.0,Fired,Auto,Normal program,Pattern,,,,2026-08-17T04:02:01+00:00
3572a2ee74f8499292f3b27728ab1eca,A1b76a.jpg,UK Antarctic Heritage Trust Data/Condition_Artefacts/Artefacts_A_Var_Copyrright_L_Ling/A1b76a.jpg,2009-02-27 15:27:18,2009-02-27 15:27:18,Panasonic,DMC-FZ7,,,2816.0,1880.0,Horizontal,Ver.1.0,100.0,1/25,2.8,6.0,Fired,Auto,Normal program,Pattern,,,,2026-08-17T04:02:01+00:00
2bf40725cb2c4b62b04236b25bbe2149,A1b76b.jpg,UK Antarctic Heritage Trust Data/Condition_Artefacts/Artefacts_A_Var_Copyrright_L_Ling/A1b76b.jpg,2009-02-27 15:27:33,2009-02-27 15:27:33,Panasonic,DMC-FZ7,,,2816.0,1880.0,Horizontal,Ver.1.0,100.0,1/25,2.8,6.0,Fired,Auto,Normal program,Pattern,,,,2026-08-17T04:02:01+00:00
e071ad9473304294aa6e861b601fd12f,A1b77.jpg,UK Antarctic Heritage Trust Data/Condition_Artefacts/Artefacts_A_Var_Copyrright_L_Ling/A1b77.jpg,2009-02-27 13:17:01,2009-02-27 13:17:01,Panasonic,DMC-FZ7,,,1880.0,2816.0,Rotate 90,Ver.1.0,100.0,1/25,2.8,6.0,Fired,Auto,Normal program,Pattern,,,,2026-08-17T04:02:01+00:00
63b4d755910d4d15b6c429d196a8f280,A1b77a.jpg,UK Antarctic Heritage Trust Data/Condition_Artefacts/Artefacts_A_Var_Copyrright_L_Ling/A1b77a.jpg,2009-02-27 13:17:30,2009-02-27 13:17:30,Panasonic,DMC-FZ7,,,2816.0,1880.0,Horizontal,Ver.1.0,200.0,1/4,2.8,6.0,Did not fire,Auto,Normal program,Pattern,,,,2026-08-17T04:02:01+00:00
d2c4050796bd43f8ad12549051ed7115,A1b8_1.jpg,UK Antarctic Heritage Trust Data/Condition_Artefacts/Artefacts_A_Var_Copyrright_L_Ling/A1b8_1.jpg,2009-02-23 17:49:23,2009-02-23 17:49:23,Panasonic,DMC-FZ7,,,2048.0,1360.0,Horizontal,Ver.1.0,100.0,1/25,2.8,6.0,Fired,Auto,Normal program,Pattern,,,,2026-08-17T04:02:01+00:00
fd44009474da48d2a9e66a6bb71949fa,A1b8_2.jpg,UK Antarctic Heritage Trust Data/Condition_Artefacts/Artefacts_A_Var_Copyrright_L_Ling/A1b8_2.jpg,2009-02-23 17:49:29,2009-02-23 17:49:29,Panasonic,DMC-FZ7,,,2048.0,1360.0,Horizontal,Ver.1.0,100.0,1/25,2.8,6.0,Fired,Auto,Normal program,Pattern,,,,2026-08-17T04:02:01+00:00
b586354e4a7f4d4094e39fc983cd3871,A1b9a.jpg,UK Antarctic Heritage Trust Data/Condition_Artefacts/Artefacts_A_Var_Copyrright_L_Ling/A1b9a.jpg,2009-02-23 17:52:40,2009-02-23 17:52:40,Panasonic,DMC-FZ7,,,2048.0,1360.0,Horizontal,Ver.1.0,100.0,1/25,2.8,6.0,Fired,Auto,Normal program,Pattern,,,,2026-08-17T04:02:01+00:00
ea85602f0ca74ac39b862c011cb0f1a4,A1b9b.jpg,UK Antarctic Heritage Trust Data/Condition_Artefacts/Artefacts_A_Var_Copyrright_L_Ling/A1b9b.jpg,2009-02-23 17:52:46,2009-02-23 17:52:46,Panasonic,DMC-FZ7,,,2048.0,1360.0,Horizontal,Ver.1.0,100.0,1/25,2.8,6.0,Fired,Auto,Normal program,Pattern,,,,2026-08-17T04:02:01+00:00
b31df6cece3e447fae43317813f4538f,A1b9c.jpg,UK Antarctic Heritage Trust Data/Condition_Artefacts/Artefacts_A_Var_Copyrright_L_Ling/A1b9c.jpg,2009-02-23 17:52:50,2009-02-23 17:52:50,Panasonic,DMC-FZ7,,,2048.0,1360.0,Horizontal,Ver.1.0,100.0,1/25,2.8,6.0,Fired,Auto,Normal program,Pattern,,,,2026-08-17T04:02:01+00:00
80cfa9184d164471b4ab7ef0e316ba22,A1c1.jpg,UK Antarctic Heritage Trust Data/Condition_Artefacts/Artefacts_A_Var_Copyrright_L_Ling/A1c1.jpg,2009-01-24 10:12:33,2009-01-24 10:12:33,Panasonic,DMC-FZ7,,,2048.0,1360.0,Horizontal,Ver.1.0,100.0,1/30,2.8,6.0,Fired,Auto,Normal program,Pattern,,,,2026-08-17T04:02:01+00:00
4cd3b9dbabb0476b8d0b819e12bf3739,A1c113_1.jpg,UK Antarctic Heritage Trust Data/Condition_Artefacts/Artefacts_A_Var_Copyrright_L_Ling/A1c113_1.jpg,2009-02-02 12:23:28,2009-02-02 12:23:28,Panasonic,DMC-FZ7,,,2112.0,2816.0,Rotate 90,Ver.1.0,200.0,1/8,2.8,6.0,Did not fire,Auto,Normal program,Pattern,,,,2026-08-17T04:02:01+00:00
ee14a0b6fed440ceb8c2812ab1eeb597,A1c113_1a.jpg,UK Antarctic Heritage Trust Data/Condition_Artefacts/Artefacts_A_Var_Copyrright_L_Ling/A1c113_1a.jpg,2009-02-02 12:23:36,2009-02-02 12:23:36,Panasonic,DMC-FZ7,,,2112.0,2816.0,Rotate 90,Ver.1.0,200.0,1/8,2.8,6.0,Did not fire,Auto,Normal program,Pattern,,,,2026-08-17T04:02:01+00:00
29bfb69062a245c19c2cb9738be90959,A1c113_1b.jpg,UK Antarctic Heritage Trust Data/Condition_Artefacts/Artefacts_A_Var_Copyrright_L_Ling/A1c113_1b.jpg,2009-02-02 12:23:45,2009-02-02 12:23:45,Panasonic,DMC-FZ7,,,2112.0,2816.0,Rotate 90,Ver.1.0,200.0,1/8,2.8,6.0,Did not fire,Auto,Normal program,Pattern,,,,2026-08-17T04:02:01+00:00
6d0a3266c20641e88691a48662a91210,A1c113_1c.jpg,UK Antarctic Heritage Trust Data/Condition_Artefacts/Artefacts_A_Var_Copyrright_L_Ling/A1c113_1c.jpg,2009-02-02 12:23:55,2009-02-02 12:23:55,Panasonic,DMC-FZ7,,,2112.0,2816.0,Rotate 90,Ver.1.0,200.0,1/8,2.8,6.0,Did not fire,Auto,Normal program,Pattern,,,,2026-08-17T04:02:01+00:00
77b32e7fbe29447e8049bc8b1b1c433a,A1c113_1d.jpg,UK Antarctic Heritage Trust Data/Condition_Artefacts/Artefacts_A_Var_Copyrright_L_Ling/A1c113_1d.jpg,2009-02-02 12:24:05,2009-02-02 12:24:05,Panasonic,DMC-FZ7,,,2112.0,2816.0,Rotate 90,Ver.1.0,200.0,1/6,2.8,6.0,Did not fire,Auto,Normal program,Pattern,,,,2026-08-17T04:02:01+00:00
5491b3bdc0454b17a1a72695bb162312,A1c113_1e.jpg,UK Antarctic Heritage Trust Data/Condition_Artefacts/Artefacts_A_Var_Copyrright_L_Ling/A1c113_1e.jpg,2009-02-02 12:24:12,2009-02-02 12:24:12,Panasonic,DMC-FZ7,,,2112.0,2816.0,Rotate 90,Ver.1.0,100.0,1/30,2.8,6.0,Fired,Auto,Normal program,Pattern,,,,2026-08-17T04:02:01+00:00
5ed8b41815ba4f03947b293afc44c478,A1c113_2a.jpg,UK Antarctic Heritage Trust Data/Condition_Artefacts/Artefacts_A_Var_Copyrright_L_Ling/A1c113_2a.jpg,2009-02-02 12:25:14,2009-02-02 12:25:14,Panasonic,DMC-FZ7,,,2112.0,2816.0,Rotate 90,Ver.1.0,100.0,1/30,2.8,6.0,Fired,Auto,Normal program,Pattern,,,,2026-08-17T04:02:01+00:00
c6feacec418147ca8ff988e87a771ff7,A1c113_2b.jpg,UK Antarctic Heritage Trust Data/Condition_Artefacts/Artefacts_A_Var_Copyrright_L_Ling/A1c113_2b.jpg,2009-02-02 12:25:26,2009-02-02 12:25:26,Panasonic,DMC-FZ7,,,2112.0,2816.0,Rotate 90,Ver.1.0,100.0,1/30,2.8,6.0,Fired,Auto,Normal program,Pattern,,,,2026-08-17T04:02:01+00:00
d33cc052d6e64858abaf8362852cc58b,A1c113_2c.jpg,UK Antarctic Heritage Trust Data/Condition_Artefacts/Artefacts_A_Var_Copyrright_L_Ling/A1c113_2c.jpg,2009-02-02 12:25:35,2009-02-02 12:25:35,Panasonic,DMC-FZ7,,,2112.0,2816.0,Rotate 90,Ver.1.0,100.0,1/30,2.8,6.0,Fired,Auto,Normal program,Pattern,,,,2026-08-17T04:02:01+00:00
674fc6dc3ce6401a9bf7f031e7b3987f,A1c13.jpg,UK Antarctic Heritage Trust Data/Condition_Artefacts/Artefacts_A_Var_Copyrright_L_Ling/A1c13.jpg,2009-01-24 10:14:26,2009-01-24 10:14:26,Panasonic,DMC-FZ7,,,2048.0,1360.0,Horizontal,Ver.1.0,100.0,1/30,2.8,6.0,Fired,Auto,Normal program,Pattern,,,,2026-08-17T04:02:01+00:00
2300be4f95f74b90ae0b9f24780dd137,A1c134a.jpg,UK Antarctic Heritage Trust Data/Condition_Artefacts/Artefacts_A_Var_Copyrright_L_Ling/A1c134a.jpg,2009-02-02 12:48:22,2009-02-02 12:48:22,Panasonic,DMC-FZ7,,,2816.0,2112.0,Horizontal,Ver.1.0,125.0,1/30,2.8,6.0,Did not fire,Auto,Normal program,Pattern,,,,2026-08-17T04:02:01+00:00
4e779d6570e34eba8d259db2ebae0f01,A1c134b.jpg,UK Antarctic Heritage Trust Data/Condition_Artefacts/Artefacts_A_Var_Copyrright_L_Ling/A1c134b.jpg,2009-02-02 12:48:36,2009-02-02 12:48:36,Panasonic,DMC-FZ7,,,2112.0,2816.0,Rotate 90,Ver.1.0,125.0,1/30,2.8,6.0,Did not fire,Auto,Normal program,Pattern,,,,2026-08-17T04:02:01+00:00
79d801614a8d463b891bf75425522b92,A1c134c.jpg,UK Antarctic Heritage Trust Data/Condition_Artefacts/Artefacts_A_Var_Copyrright_L_Ling/A1c134c.jpg,2009-02-02 12:48:40,2009-02-02 12:48:40,Panasonic,DMC-FZ7,,,2112.0,2816.0,Rotate 90,Ver.1.0,160.0,1/30,2.8,6.0,Did not fire,Auto,Normal program,Pattern,,,,2026-08-17T04:02:01+00:00
00d5c0a0bae149519a7ca7d9ab6758f4,A1c135.jpg,UK Antarctic Heritage Trust Data/Condition_Artefacts/Artefacts_A_Var_Copyrright_L_Ling/A1c135.jpg,2009-02-02 12:49:38,2009-02-02 12:49:38,Panasonic,DMC-FZ7,,,2816.0,2112.0,Horizontal,Ver.1.0,200.0,1/13,2.8,6.0,Did not fire,Auto,Normal program,Pattern,,,,2026-08-17T04:02:01+00:00
ca3cc6583373487a92edff03ad4a1ce8,A1c135a.jpg,UK Antarctic Heritage Trust Data/Condition_Artefacts/Artefacts_A_Var_Copyrright_L_Ling/A1c135a.jpg,2009-02-02 12:49:48,2009-02-02 12:49:48,Panasonic,DMC-FZ7,,,2816.0,2112.0,Horizontal,Ver.1.0,200.0,1/15,2.8,6.0,Did not fire,Auto,Normal program,Pattern,,,,2026-08-17T04:02:01+00:00
aa8e0893b3434952abae8edbb36c8998,A1c140a.jpg,UK Antarctic Heritage Trust Data/Condition_Artefacts/Artefacts_A_Var_Copyrright_L_Ling/A1c140a.jpg,2009-02-02 12:53:43,2009-02-02 12:53:43,Panasonic,DMC-FZ7,,,2112.0,2816.0,Rotate 90,Ver.1.0,100.0,1/30,2.8,6.0,Did not fire,Auto,Normal program,Pattern,,,,2026-08-17T04:02:01+00:00
7ec0f05bed6248ba81000b2d1185ce9c,A1c140b.jpg,UK Antarctic Heritage Trust Data/Condition_Artefacts/Artefacts_A_Var_Copyrright_L_Ling/A1c140b.jpg,2009-02-02 12:53:49,2009-02-02 12:53:49,Panasonic,DMC-FZ7,,,2112.0,2816.0,Rotate 90,Ver.1.0,100.0,1/30,2.8,6.0,Did not fire,Auto,Normal program,Pattern,,,,2026-08-17T04:02:01+00:00
9c83cab8807b4618866bd3fd3c0dc038,A1c140c.jpg,UK Antarctic Heritage Trust Data/Condition_Artefacts/Artefacts_A_Var_Copyrright_L_Ling/A1c140c.jpg,2009-02-02 12:53:54,2009-02-02 12:53:54,Panasonic,DMC-FZ7,,,2112.0,2816.0,Rotate 90,Ver.1.0,125.0,1/30,2.8,6.0,Did not fire,Auto,Normal program,Pattern,,,,2026-08-17T04:02:01+00:00
0f9c07e7128e464b8bad2808c2085e1b,A1c144.jpg,UK Antarctic Heritage Trust Data/Condition_Artefacts/Artefacts_A_Var_Copyrright_L_Ling/A1c144.jpg,2009-01-24 10:29:38,2009-01-24 10:29:38,Panasonic,DMC-FZ7,,,2048.0,1360.0,Horizontal,Ver.1.0,100.0,1/30,2.8,6.0,Fired,Auto,Normal program,Pattern,,,,2026-08-17T04:02:01+00:00
058396240b0f42ada162369925fd0239,A1c146.jpg,UK Antarctic Heritage Trust Data/Condition_Artefacts/Artefacts_A_Var_Copyrright_L_Ling/A1c146.jpg,2009-01-24 10:29:06,2009-01-24 10:29:06,Panasonic,DMC-FZ7,,,2048.0,1360.0,Horizontal,Ver.1.0,100.0,1/30,2.8,6.0,Fired,Auto,Normal program,Pattern,,,,2026-08-17T04:02:01+00:00
a33a8eb8cd0d4d7fac922c6ba2fb197d,A1c147.jpg,UK Antarctic Heritage Trust Data/Condition_Artefacts/Artefacts_A_Var_Copyrright_L_Ling/A1c147.jpg,2009-01-24 10:29:16,2009-01-24 10:29:16,Panasonic,DMC-FZ7,,,2048.0,1360.0,Horizontal,Ver.1.0,100.0,1/30,2.8,6.0,Fired,Auto,Normal program,Pattern,,,,2026-08-17T04:02:01+00:00
167a4d42cc6c4c31bd68b534f5738345,A1c148.jpg,UK Antarctic Heritage Trust Data/Condition_Artefacts/Artefacts_A_Var_Copyrright_L_Ling/A1c148.jpg,2009-01-24 10:29:51,2009-01-24 10:29:51,Panasonic,DMC-FZ7,,,2048.0,1360.0,Horizontal,Ver.1.0,100.0,1/30,2.8,6.0,Fired,Auto,Normal program,Pattern,,,,2026-08-17T04:02:01+00:00
747a3f82fdf54c38a61d96dc5590f3d7,A1c149.jpg,UK Antarctic Heritage Trust Data/Condition_Artefacts/Artefacts_A_Var_Copyrright_L_Ling/A1c149.jpg,2009-01-24 10:30:51,2009-01-24 10:30:51,Panasonic,DMC-FZ7,,,2048.0,1360.0,Horizontal,Ver.1.0,100.0,1/30,2.8,6.0,Fired,Auto,Normal program,Pattern,,,,2026-08-17T04:02:02+00:00
d010102430854bcd99c4b5a730f1fa3c,A1c150.jpg,UK Antarctic Heritage Trust Data/Condition_Artefacts/Artefacts_A_Var_Copyrright_L_Ling/A1c150.jpg,2009-01-28 11:14:06,2009-01-28 11:14:06,Panasonic,DMC-FZ7,,,1880.0,2816.0,Rotate 90,Ver.1.0,100.0,1/30,5.0,6.0,Fired,Auto,Aperture priority,Pattern,,,,2026-08-17T04:02:02+00:00
cff89c53f96943e0bcd2e3d4d8b49971,A1c151.jpg,UK Antarctic Heritage Trust Data/Condition_Artefacts/Artefacts_A_Var_Copyrright_L_Ling/A1c151.jpg,2009-01-24 10:29:28,2009-01-24 10:29:28,Panasonic,DMC-FZ7,,,1360.0,2048.0,Rotate 270,Ver.1.0,100.0,1/30,2.8,6.0,Fired,Auto,Normal program,Pattern,,,,2026-08-17T04:02:02+00:00
e4a5a5bea6c442e491cb9027ee5091ab,A1c158.jpg,UK Antarctic Heritage Trust Data/Condition_Artefacts/Artefacts_A_Var_Copyrright_L_Ling/A1c158.jpg,2009-01-28 11:14:49,2009-01-28 11:14:49,Panasonic,DMC-FZ7,,,1880.0,2816.0,Rotate 90,Ver.1.0,100.0,1/30,5.0,6.0,Fired,Auto,Aperture priority,Pattern,,,,2026-08-17T04:02:02+00:00
37699e9f7c9d4e938d15a0519053b7a8,A1c16.jpg,UK Antarctic Heritage Trust Data/Condition_Artefacts/Artefacts_A_Var_Copyrright_L_Ling/A1c16.jpg,2009-01-28 11:15:31,2009-01-28 11:15:31,Panasonic,DMC-FZ7,,,2816.0,1880.0,Horizontal,Ver.1.0,100.0,1/30,5.0,9.2,Fired,Auto,Aperture priority,Pattern,,,,2026-08-17T04:02:02+00:00
1fef16ac6b8d4241981830746d15ac56,A1c166.jpg,UK Antarctic Heritage Trust Data/Condition_Artefacts/Artefacts_A_Var_Copyrright_L_Ling/A1c166.jpg,2009-02-02 10:52:10,2009-02-02 10:52:10,Panasonic,DMC-FZ7,,,2816.0,2112.0,Horizontal,Ver.1.0,200.0,1/15,2.8,6.0,Did not fire,Auto,Normal program,Pattern,,,,2026-08-17T04:02:02+00:00
a4fe8a187bd943c69d32ade17b1ecb4d,A1c166_1.jpg,UK Antarctic Heritage Trust Data/Condition_Artefacts/Artefacts_A_Var_Copyrright_L_Ling/A1c166_1.jpg,2009-02-02 10:52:20,2009-02-02 10:52:20,Panasonic,DMC-FZ7,,,2816.0,2112.0,Horizontal,Ver.1.0,200.0,1/20,2.8,6.0,Did not fire,Auto,Normal program,Pattern,,,,2026-08-17T04:02:02+00:00
cb0ea84d88f74bd9836419146dcdb970,A1c166_2.jpg,UK Antarctic Heritage Trust Data/Condition_Artefacts/Artefacts_A_Var_Copyrright_L_Ling/A1c166_2.jpg,2009-02-02 10:52:30,2009-02-02 10:52:30,Panasonic,DMC-FZ7,,,2112.0,2816.0,Horizontal,Ver.1.0,200.0,1/15,2.8,6.0,Did not fire,Auto,Normal program,Pattern,,,,2026-08-17T04:02:02+00:00
524ba2c9f9d4424cb63f57c4329accef,A1c166_3.jpg,UK Antarctic Heritage Trust Data/Condition_Artefacts/Artefacts_A_Var_Copyrright_L_Ling/A1c166_3.jpg,2009-02-02 10:52:37,2009-02-02 10:52:37,Panasonic,DMC-FZ7,,,2816.0,2112.0,Horizontal,Ver.1.0,200.0,1/15,2.8,6.0,Did not fire,Auto,Normal program,Pattern,,,,2026-08-17T04:02:02+00:00
23b3c027efcc43da889b67a9900ac0bd,A1c166a.jpg,UK Antarctic Heritage Trust Data/Condition_Artefacts/Artefacts_A_Var_Copyrright_L_Ling/A1c166a.jpg,2009-02-02 10:52:42,2009-02-02 10:52:42,Panasonic,DMC-FZ7,,,2816.0,2112.0,,Ver.1.0,200.0,1/30,2.8,6.0,Did not fire,Auto,Normal program,Pattern,,,,2026-08-17T04:02:02+00:00
eec134a1ef0c498295dfaaaa5c99b774,A1c166b.jpg,UK Antarctic Heritage Trust Data/Condition_Artefacts/Artefacts_A_Var_Copyrright_L_Ling/A1c166b.jpg,2009-02-02 10:52:47,2009-02-02 10:52:47,Panasonic,DMC-FZ7,,,2816.0,2112.0,Horizontal,Ver.1.0,200.0,1/25,2.8,6.0,Did not fire,Auto,Normal program,Pattern,,,,2026-08-17T04:02:02+00:00
474f7ec23b3247f5a70972b114acfe33,A1c168.jpg,UK Antarctic Heritage Trust Data/Condition_Artefacts/Artefacts_A_Var_Copyrright_L_Ling/A1c168.jpg,2009-02-02 10:53:09,2009-02-02 10:53:09,Panasonic,DMC-FZ7,,,2112.0,2816.0,Rotate 90,Ver.1.0,200.0,1/13,2.8,6.0,Did not fire,Auto,Normal program,Pattern,,,,2026-08-17T04:02:02+00:00
436a6f683df5444ba77fd1f39f229068,A1c169.jpg,UK Antarctic Heritage Trust Data/Condition_Artefacts/Artefacts_A_Var_Copyrright_L_Ling/A1c169.jpg,2009-02-02 10:53:06,2009-02-02 10:53:06,Panasonic,DMC-FZ7,,,2112.0,2816.0,Rotate 90,Ver.1.0,200.0,1/13,2.8,6.0,Did not fire,Auto,Normal program,Pattern,,,,2026-08-17T04:02:02+00:00
8b9e009f03904310a7b6af4cdefc8387,A1c170a.jpg,UK Antarctic Heritage Trust Data/Condition_Artefacts/Artefacts_A_Var_Copyrright_L_Ling/A1c170a.jpg,2009-02-02 10:51:29,2009-02-02 10:51:29,Panasonic,DMC-FZ7,,,2816.0,2112.0,Horizontal,Ver.1.0,200.0,1/8,2.8,6.0,Did not fire,Auto,Normal program,Pattern,,,,2026-08-17T04:02:02+00:00
d1f1e4b94bb34986b4f3b55bddef0fc4,A1c170b.jpg,UK Antarctic Heritage Trust Data/Condition_Artefacts/Artefacts_A_Var_Copyrright_L_Ling/A1c170b.jpg,2009-02-02 10:51:35,2009-02-02 10:51:35,Panasonic,DMC-FZ7,,,2816.0,2112.0,Horizontal,Ver.1.0,200.0,1/8,2.8,6.0,Did not fire,Auto,Normal program,Pattern,,,,2026-08-17T04:02:02+00:00
66244fdd7f2c47bcb377b6cbb99b96d0,A1c170c.jpg,UK Antarctic Heritage Trust Data/Condition_Artefacts/Artefacts_A_Var_Copyrright_L_Ling/A1c170c.jpg,2009-02-02 10:51:47,2009-02-02 10:51:47,Panasonic,DMC-FZ7,,,2112.0,2816.0,Rotate 90,Ver.1.0,200.0,1/20,2.8,6.0,Did not fire,Auto,Normal program,Pattern,,,,2026-08-17T04:02:02+00:00
d804feec54944e5c90a84c32f39a5985,A1c171a.jpg,UK Antarctic Heritage Trust Data/Condition_Artefacts/Artefacts_A_Var_Copyrright_L_Ling/A1c171a.jpg,2009-02-02 10:50:34,2009-02-02 10:50:34,Panasonic,DMC-FZ7,,,2112.0,2816.0,Rotate 90,Ver.1.0,200.0,1/15,2.8,6.0,Did not fire,Auto,Normal program,Pattern,,,,2026-08-17T04:02:02+00:00
dbe036b346024b8b9323f86d5642e699,A1c171b.jpg,UK Antarctic Heritage Trust Data/Condition_Artefacts/Artefacts_A_Var_Copyrright_L_Ling/A1c171b.jpg,2009-02-02 10:50:45,2009-02-02 10:50:45,Panasonic,DMC-FZ7,,,2816.0,2112.0,Horizontal,Ver.1.0,200.0,1/6,2.8,6.0,Did not fire,Auto,Normal program,Pattern,,,,2026-08-17T04:02:02+00:00
69526a62db554f6b85c8821ed8813085,A1c171c.jpg,UK Antarctic Heritage Trust Data/Condition_Artefacts/Artefacts_A_Var_Copyrright_L_Ling/A1c171c.jpg,2009-02-02 10:51:05,2009-02-02 10:51:05,Panasonic,DMC-FZ7,,,2112.0,2816.0,Rotate 90,Ver.1.0,200.0,1/15,2.8,6.0,Did not fire,Auto,Normal program,Pattern,,,,2026-08-17T04:02:02+00:00
dc2451409f6b4e1abb39ccd5238ed5da,A1c171d.jpg,UK Antarctic Heritage Trust Data/Condition_Artefacts/Artefacts_A_Var_Copyrright_L_Ling/A1c171d.jpg,2009-02-02 10:51:12,2009-02-02 10:51:12,Panasonic,DMC-FZ7,,,2112.0,2816.0,Rotate 90,Ver.1.0,200.0,1/13,2.8,6.0,Did not fire,Auto,Normal program,Pattern,,,,2026-08-17T04:02:02+00:00
74736a7a1c34448dbed10a37979d0f40,A1c172.jpg,UK Antarctic Heritage Trust Data/Condition_Artefacts/Artefacts_A_Var_Copyrright_L_Ling/A1c172.jpg,2009-02-02 10:54:36,2009-02-02 10:54:36,Panasonic,DMC-FZ7,,,2816.0,2112.0,Horizontal,Ver.1.0,100.0,1/30,2.8,6.0,Fired,Auto,Normal program,Pattern,,,,2026-08-17T04:02:02+00:00
acb6f7a5a2b64bd68d0d5c2872b2c7b9,A1c173a.jpg,UK Antarctic Heritage Trust Data/Condition_Artefacts/Artefacts_A_Var_Copyrright_L_Ling/A1c173a.jpg,2009-02-02 10:55:34,2009-02-02 10:55:34,Panasonic,DMC-FZ7,,,2816.0,2112.0,Horizontal,Ver.1.0,200.0,1/15,2.8,6.0,Did not fire,Auto,Normal program,Pattern,,,,2026-08-17T04:02:02+00:00
1a69c675ba00437fb6a6941da69846dc,A1c173b.jpg,UK Antarctic Heritage Trust Data/Condition_Artefacts/Artefacts_A_Var_Copyrright_L_Ling/A1c173b.jpg,2009-02-02 10:55:40,2009-02-02 10:55:40,Panasonic,DMC-FZ7,,,2112.0,2816.0,Rotate 90,Ver.1.0,200.0,1/10,2.8,6.0,Did not fire,Auto,Normal program,Pattern,,,,2026-08-17T04:02:02+00:00
b491ccb6d4f8406d9c8f5eb583aa1eda,A1c175.jpg,UK Antarctic Heritage Trust Data/Condition_Artefacts/Artefacts_A_Var_Copyrright_L_Ling/A1c175.jpg,2009-02-02 10:57:29,2009-02-02 10:57:29,Panasonic,DMC-FZ7,,,2112.0,2816.0,Rotate 90,Ver.1.0,200.0,1/13,2.8,6.0,Did not fire,Auto,Normal program,Pattern,,,,2026-08-17T04:02:02+00:00
17fbd9be14c44edbaf91afaf0b326212,A1c176.jpg,UK Antarctic Heritage Trust Data/Condition_Artefacts/Artefacts_A_Var_Copyrright_L_Ling/A1c176.jpg,2009-02-02 10:58:58,2009-02-02 10:58:58,Panasonic,DMC-FZ7,,,2112.0,2816.0,Rotate 90,Ver.1.0,200.0,1/25,2.8,6.0,Did not fire,Auto,Normal program,Pattern,,,,2026-08-17T04:02:02+00:00
fe6786ba41d14c16ba322f16342f82ac,A1c177.jpg,UK Antarctic Heritage Trust Data/Condition_Artefacts/Artefacts_A_Var_Copyrright_L_Ling/A1c177.jpg,2009-02-02 10:59:51,2009-02-02 10:59:51,Panasonic,DMC-FZ7,,,2112.0,2816.0,Rotate 90,Ver.1.0,200.0,1/20,2.8,6.0,Did not fire,Auto,Normal program,Pattern,,,,2026-08-17T04:02:02+00:00
3f0dd6ee45c64b58ba9b0bfbca401cdb,A1c178.jpg,UK Antarctic Heritage Trust Data/Condition_Artefacts/Artefacts_A_Var_Copyrright_L_Ling/A1c178.jpg,2009-02-02 10:59:41,2009-02-02 10:59:41,Panasonic,DMC-FZ7,,,2112.0,2816.0,Rotate 90,Ver.1.0,200.0,1/25,2.8,6.0,Did not fire,Auto,Normal program,Pattern,,,,2026-08-17T04:02:02+00:00
b036017d7ea14732948987549bdb383f,A1c180.jpg,UK Antarctic Heritage Trust Data/Condition_Artefacts/Artefacts_A_Var_Copyrright_L_Ling/A1c180.jpg,2009-02-02 11:03:17,2009-02-02 11:03:17,Panasonic,DMC-FZ7,,,2112.0,2816.0,Rotate 90,Ver.1.0,200.0,1/20,2.8,6.0,Did not fire,Auto,Normal program,Pattern,,,,2026-08-17T04:02:02+00:00
eb64bc53e2a84083b16bd57eb723e072,A1c181.jpg,UK Antarctic Heritage Trust Data/Condition_Artefacts/Artefacts_A_Var_Copyrright_L_Ling/A1c181.jpg,2009-02-02 11:06:26,2009-02-02 11:06:26,Panasonic,DMC-FZ7,,,2112.0,2816.0,Rotate 90,Ver.1.0,200.0,1/20,2.8,6.0,Did not fire,Auto,Normal program,Pattern,,,,2026-08-17T04:02:02+00:00
3fc23e77a44646ca9b5c1dff3c0f63ce,A1c182.jpg,UK Antarctic Heritage Trust Data/Condition_Artefacts/Artefacts_A_Var_Copyrright_L_Ling/A1c182.jpg,2009-02-02 11:07:21,2009-02-02 11:07:21,Panasonic,DMC-FZ7,,,2112.0,2816.0,Rotate 90,Ver.1.0,200.0,1/20,2.8,6.0,Did not fire,Auto,Normal program,Pattern,,,,2026-08-17T04:02:02+00:00
7608770a22b84c589aa5764f5416d85b,A1c182a.jpg,UK Antarctic Heritage Trust Data/Condition_Artefacts/Artefacts_A_Var_Copyrright_L_Ling/A1c182a.jpg,2009-02-02 11:07:29,2009-02-02 11:07:29,Panasonic,DMC-FZ7,,,2112.0,2816.0,Rotate 90,Ver.1.0,160.0,1/30,2.8,6.0,Did not fire,Auto,Normal program,Pattern,,,,2026-08-17T04:02:02+00:00
a7ff8d1727364c95bea00b946dd99635,A1c182b.jpg,UK Antarctic Heritage Trust Data/Condition_Artefacts/Artefacts_A_Var_Copyrright_L_Ling/A1c182b.jpg,2009-02-02 11:07:35,2009-02-02 11:07:35,Panasonic,DMC-FZ7,,,2112.0,2816.0,Rotate 90,Ver.1.0,200.0,1/30,2.8,6.0,Did not fire,Auto,Normal program,Pattern,,,,2026-08-17T04:02:02+00:00
1799ca758c0747749a0247c167fdb1a6,A1c182c.jpg,UK Antarctic Heritage Trust Data/Condition_Artefacts/Artefacts_A_Var_Copyrright_L_Ling/A1c182c.jpg,2009-02-02 11:07:41,2009-02-02 11:07:41,Panasonic,DMC-FZ7,,,2112.0,2816.0,Rotate 90,Ver.1.0,200.0,1/30,2.8,6.0,Did not fire,Auto,Normal program,Pattern,,,,2026-08-17T04:02:02+00:00
f8b4c88fbb694a2fb1fe2462e7431e96,A1c185.jpg,UK Antarctic Heritage Trust Data/Condition_Artefacts/Artefacts_A_Var_Copyrright_L_Ling/A1c185.jpg,2009-02-02 11:11:06,2009-02-02 11:11:06,Panasonic,DMC-FZ7,,,2816.0,2112.0,Horizontal,Ver.1.0,160.0,1/30,2.8,6.0,Did not fire,Auto,Normal program,Pattern,,,,2026-08-17T04:02:02+00:00
1443aa388b0f47909956ffe9e14ebd8c,A1c186.jpg,UK Antarctic Heritage Trust Data/Condition_Artefacts/Artefacts_A_Var_Copyrright_L_Ling/A1c186.jpg,2009-02-02 11:11:58,2009-02-02 11:11:58,Panasonic,DMC-FZ7,,,2816.0,2112.0,Horizontal,Ver.1.0,200.0,1/13,2.8,6.0,Did not fire,Auto,Normal program,Pattern,,,,2026-08-17T04:02:02+00:00
aa0e644645b741079198affdbe4c94f2,A1c186a.jpg,UK Antarctic Heritage Trust Data/Condition_Artefacts/Artefacts_A_Var_Copyrright_L_Ling/A1c186a.jpg,2009-02-02 11:12:33,2009-02-02 11:12:33,Panasonic,DMC-FZ7,,,2112.0,2816.0,Rotate 90,Ver.1.0,200.0,1/6,2.8,6.0,Did not fire,Auto,Normal program,Pattern,,,,2026-08-17T04:02:02+00:00
004538b3e1214bddbc2de2a90eeb4282,A1c187.jpg,UK Antarctic Heritage Trust Data/Condition_Artefacts/Artefacts_A_Var_Copyrright_L_Ling/A1c187.jpg,2009-02-02 11:15:02,2009-02-02 11:15:02,Panasonic,DMC-FZ7,,,2816.0,2112.0,Horizontal,Ver.1.0,200.0,1/13,2.8,6.0,Did not fire,Auto,Normal program,Pattern,,,,2026-08-17T04:02:02+00:00
98e0ccda158042fa8d7bfdc46639ea4b,A1c188.jpg,UK Antarctic Heritage Trust Data/Condition_Artefacts/Artefacts_A_Var_Copyrright_L_Ling/A1c188.jpg,2009-02-02 11:15:59,2009-02-02 11:15:59,Panasonic,DMC-FZ7,,,2816.0,2112.0,Horizontal,Ver.1.0,200.0,1/8,2.8,6.0,Did not fire,Auto,Normal program,Pattern,,,,2026-08-17T04:02:02+00:00
4f6f78ae30504b9daca1d343de9785bb,A1c190.jpg,UK Antarctic Heritage Trust Data/Condition_Artefacts/Artefacts_A_Var_Copyrright_L_Ling/A1c190.jpg,2009-02-02 11:20:33,2009-02-02 11:20:33,Panasonic,DMC-FZ7,,,2112.0,2816.0,Rotate 90,Ver.1.0,200.0,1/25,2.8,6.0,Did not fire,Auto,Normal program,Pattern,,,,2026-08-17T04:02:02+00:00
fe625272274247b49c147ee35afefd68,A1c191.jpg,UK Antarctic Heritage Trust Data/Condition_Artefacts/Artefacts_A_Var_Copyrright_L_Ling/A1c191.jpg,2009-02-02 11:21:58,2009-02-02 11:21:58,Panasonic,DMC-FZ7,,,2112.0,2816.0,Rotate 90,Ver.1.0,200.0,1/25,2.8,6.0,Did not fire,Auto,Normal program,Pattern,,,,2026-08-17T04:02:02+00:00
e7a0b485037d44f9a0a52cfd9c797f6e,A1c192.jpg,UK Antarctic Heritage Trust Data/Condition_Artefacts/Artefacts_A_Var_Copyrright_L_Ling/A1c192.jpg,2009-01-24 10:16:24,2009-01-24 10:16:24,Panasonic,DMC-FZ7,,,2048.0,1360.0,Horizontal,Ver.1.0,80.0,1/100,4.0,6.0,Did not fire,Auto,Normal program,Pattern,,,,2026-08-17T04:02:02+00:00
95d2e7caacbb4d7eb7219160e5106849,A1c194b.jpg,UK Antarctic Heritage Trust Data/Condition_Artefacts/Artefacts_A_Var_Copyrright_L_Ling/A1c194b.jpg,2009-01-21 15:58:13,2009-01-21 15:58:13,Panasonic,DMC-FZ7,,,2816.0,1880.0,Horizontal,Ver.1.0,100.0,1/30,2.8,6.0,Fired,Auto,Normal program,Pattern,,,,2026-08-17T04:02:02+00:00
4924aae255e74bc895772294ae3d91dc,A1c195a.jpg,UK Antarctic Heritage Trust Data/Condition_Artefacts/Artefacts_A_Var_Copyrright_L_Ling/A1c195a.jpg,2009-02-02 11:24:09,2009-02-02 11:24:09,Panasonic,DMC-FZ7,,,2112.0,2816.0,Rotate 90,Ver.1.0,200.0,1/15,2.8,6.0,Did not fire,Auto,Normal program,Pattern,,,,2026-08-17T04:02:02+00:00
d1c4150dbca74941bf538b2cd843e013,A1c195b.jpg,UK Antarctic Heritage Trust Data/Condition_Artefacts/Artefacts_A_Var_Copyrright_L_Ling/A1c195b.jpg,2009-02-02 11:24:17,2009-02-02 11:24:17,Panasonic,DMC-FZ7,,,2112.0,2816.0,Rotate 90,Ver.1.0,200.0,1/20,2.8,6.0,Did not fire,Auto,Normal program,Pattern,,,,2026-08-17T04:02:02+00:00
3ea1c51ca1034cb3a01d4ca3dd2e3577,A1c195c.jpg,UK Antarctic Heritage Trust Data/Condition_Artefacts/Artefacts_A_Var_Copyrright_L_Ling/A1c195c.jpg,2009-02-02 11:24:22,2009-02-02 11:24:22,Panasonic,DMC-FZ7,,,2112.0,2816.0,Rotate 90,Ver.1.0,200.0,1/25,2.8,6.0,Did not fire,Auto,Normal program,Pattern,,,,2026-08-17T04:02:02+00:00
ad520daa686a4cabb4296255eca9a950,A1c196.jpg,UK Antarctic Heritage Trust Data/Condition_Artefacts/Artefacts_A_Var_Copyrright_L_Ling/A1c196.jpg,2009-02-02 11:19:01,2009-02-02 11:19:01,Panasonic,DMC-FZ7,,,2816.0,2112.0,Horizontal,Ver.1.0,200.0,1/15,2.8,6.0,Did not fire,Auto,Normal program,Pattern,,,,2026-08-17T04:02:02+00:00
be236969fa9e44bf9eb4a8eac858ad92,A1c197a.jpg,UK Antarctic Heritage Trust Data/Condition_Artefacts/Artefacts_A_Var_Copyrright_L_Ling/A1c197a.jpg,2009-02-02 11:28:37,2009-02-02 11:28:37,Panasonic,DMC-FZ7,,,2112.0,2816.0,Rotate 90,Ver.1.0,125.0,1/30,2.8,6.0,Did not fire,Auto,Normal program,Pattern,,,,2026-08-17T04:02:02+00:00
a784e78aeae545878875ea472222a8f6,A1c197b.jpg,UK Antarctic Heritage Trust Data/Condition_Artefacts/Artefacts_A_Var_Copyrright_L_Ling/A1c197b.jpg,2009-02-02 11:28:41,2009-02-02 11:28:41,Panasonic,DMC-FZ7,,,2112.0,2816.0,Rotate 90,Ver.1.0,160.0,1/30,2.8,6.0,Did not fire,Auto,Normal program,Pattern,,,,2026-08-17T04:02:02+00:00
63bd4a6b47f346709823342f235e8b9e,A1c19a.jpg,UK Antarctic Heritage Trust Data/Condition_Artefacts/Artefacts_A_Var_Copyrright_L_Ling/A1c19a.jpg,2009-02-04 14:16:09,2009-02-04 14:16:09,Panasonic,DMC-FZ7,,,2816.0,2112.0,Horizontal,Ver.1.0,160.0,1/30,2.8,6.0,Did not fire,Auto,Normal program,Pattern,,,,2026-08-17T04:02:02+00:00
fba3fb0c79ad4441979bf02f49d1f6a6,A1c19c.jpg,UK Antarctic Heritage Trust Data/Condition_Artefacts/Artefacts_A_Var_Copyrright_L_Ling/A1c19c.jpg,2009-02-04 14:16:19,2009-02-04 14:16:19,Panasonic,DMC-FZ7,,,2112.0,2816.0,,Ver.1.0,100.0,1/30,2.8,6.0,Fired,Auto,Normal program,Pattern,,,,2026-08-17T04:02:02+00:00
5155c8cd91a44362a0d7ca6b089bbab1,A1c19e.jpg,UK Antarctic Heritage Trust Data/Condition_Artefacts/Artefacts_A_Var_Copyrright_L_Ling/A1c19e.jpg,2009-02-04 14:16:25,2009-02-04 14:16:25,Panasonic,DMC-FZ7,,,2112.0,2816.0,,Ver.1.0,80.0,1/80,4.0,6.0,Did not fire,Auto,Normal program,Pattern,,,,2026-08-17T04:02:02+00:00
78109619af8b45cfad8063e6651321bd,A1c1h.jpg,UK Antarctic Heritage Trust Data/Condition_Artefacts/Artefacts_A_Var_Copyrright_L_Ling/A1c1h.jpg,2009-02-04 14:02:58,2009-02-04 14:02:58,Panasonic,DMC-FZ7,,,2816.0,2112.0,Horizontal,Ver.1.0,100.0,1/30,2.8,6.0,Fired,Auto,Normal program,Pattern,,,,2026-08-17T04:02:02+00:00
fc6453d0c5ab4ec0b56265e49bdff76a,A1c1j.jpg,UK Antarctic Heritage Trust Data/Condition_Artefacts/Artefacts_A_Var_Copyrright_L_Ling/A1c1j.jpg,2009-02-04 14:03:03,2009-02-04 14:03:03,Panasonic,DMC-FZ7,,,2816.0,2112.0,Horizontal,Ver.1.0,100.0,1/30,2.8,6.0,Fired,Auto,Normal program,Pattern,,,,2026-08-17T04:02:02+00:00
c22d7263bb1f44988d89c6f2ec828100,A1c1p.jpg,UK Antarctic Heritage Trust Data/Condition_Artefacts/Artefacts_A_Var_Copyrright_L_Ling/A1c1p.jpg,2009-02-26 16:58:04,2009-02-26 16:58:04,Panasonic,DMC-FZ7,,,1360.0,2048.0,,Ver.1.0,100.0,1/25,2.8,6.0,Fired,Auto,Normal program,Pattern,,,,2026-08-17T04:02:02+00:00
0860405b335a4415884bff94ce109b3f,A1c1q.jpg,UK Antarctic Heritage Trust Data/Condition_Artefacts/Artefacts_A_Var_Copyrright_L_Ling/A1c1q.jpg,2009-02-26 16:58:00,2009-02-26 16:58:00,Panasonic,DMC-FZ7,,,2048.0,1360.0,Horizontal,Ver.1.0,100.0,1/25,2.8,6.0,Fired,Auto,Normal program,Pattern,,,,2026-08-17T04:02:02+00:00
f9ae31ec868344c3b0e110cb20a40569,A1c1r.jpg,UK Antarctic Heritage Trust Data/Condition_Artefacts/Artefacts_A_Var_Copyrright_L_Ling/A1c1r.jpg,2009-02-26 16:57:52,2009-02-26 16:57:52,Panasonic,DMC-FZ7,,,1360.0,2048.0,,Ver.1.0,100.0,1/25,2.8,6.0,Fired,Auto,Normal program,Pattern,,,,2026-08-17T04:02:02+00:00
f9d86ca18eff49c48312e5c93a2f2563,A1c1s.jpg,UK Antarctic Heritage Trust Data/Condition_Artefacts/Artefacts_A_Var_Copyrright_L_Ling/A1c1s.jpg,2009-02-26 16:57:40,2009-02-26 16:57:40,Panasonic,DMC-FZ7,,,2048.0,1360.0,Horizontal,Ver.1.0,100.0,1/25,2.8,6.0,Fired,Auto,Normal program,Pattern,,,,2026-08-17T04:02:02+00:00
20c50b375cfc4647a3252ca28c98d90a,A1c1t.jpg,UK Antarctic Heritage Trust Data/Condition_Artefacts/Artefacts_A_Var_Copyrright_L_Ling/A1c1t.jpg,2009-02-26 16:57:29,2009-02-26 16:57:29,Panasonic,DMC-FZ7,,,2048.0,1360.0,Horizontal,Ver.1.0,100.0,1/25,2.8,6.0,Fired,Auto,Normal program,Pattern,,,,2026-08-17T04:02:02+00:00
6d360fd6643a43c7a39dcb3cabf17b18,A1c1u.jpg,UK Antarctic Heritage Trust Data/Condition_Artefacts/Artefacts_A_Var_Copyrright_L_Ling/A1c1u.jpg,2009-02-26 16:57:07,2009-02-26 16:57:07,Panasonic,DMC-FZ7,,,1360.0,2048.0,,Ver.1.0,100.0,1/25,2.8,6.0,Fired,Auto,Normal program,Pattern,,,,2026-08-17T04:02:02+00:00
8831003116cc4f829055ee70ecaee41f,A1c1w.jpg,UK Antarctic Heritage Trust Data/Condition_Artefacts/Artefacts_A_Var_Copyrright_L_Ling/A1c1w.jpg,2009-02-26 16:56:30,2009-02-26 16:56:30,Panasonic,DMC-FZ7,,,1360.0,2048.0,Rotate 90,Ver.1.0,100.0,1/25,2.8,6.0,Fired,Auto,Normal program,Pattern,,,,2026-08-17T04:02:02+00:00
ac4626e6da324b478e19f7f1e788c42e,A1c1y.jpg,UK Antarctic Heritage Trust Data/Condition_Artefacts/Artefacts_A_Var_Copyrright_L_Ling/A1c1y.jpg,2009-02-26 16:55:42,2009-02-26 16:55:42,Panasonic,DMC-FZ7,,,2048.0,1360.0,Horizontal,Ver.1.0,100.0,1/25,2.8,6.0,Fired,Auto,Normal program,Pattern,,,,2026-08-17T04:02:02+00:00
81e04a70c08446bdad12f6a1a49ebe4b,A1c2&85etc.jpg,UK Antarctic Heritage Trust Data/Condition_Artefacts/Artefacts_A_Var_Copyrright_L_Ling/A1c2&85etc.jpg,2009-01-24 10:12:43,2009-01-24 10:12:43,Panasonic,DMC-FZ7,,,2048.0,1360.0,Horizontal,Ver.1.0,100.0,1/30,2.8,6.1,Fired,Auto,Normal program,Pattern,,,,2026-08-17T04:02:02+00:00
408442919d4c4d6f82df0e83c3f49a8e,A1c2.jpg,UK Antarctic Heritage Trust Data/Condition_Artefacts/Artefacts_A_Var_Copyrright_L_Ling/A1c2.jpg,2009-01-24 10:12:39,2009-01-24 10:12:39,Panasonic,DMC-FZ7,,,2048.0,1360.0,Horizontal,Ver.1.0,100.0,1/30,2.8,6.0,Fired,Auto,Normal program,Pattern,,,,2026-08-17T04:02:03+00:00
48798ed0c2ac40e3b361909bcbb6dec3,A1c20.jpg,UK Antarctic Heritage Trust Data/Condition_Artefacts/Artefacts_A_Var_Copyrright_L_Ling/A1c20.jpg,2009-01-24 10:28:54,2009-01-24 10:28:54,Panasonic,DMC-FZ7,,,2048.0,1360.0,Horizontal,Ver.1.0,100.0,1/30,2.8,6.0,Fired,Auto,Normal program,Pattern,,,,2026-08-17T04:02:03+00:00
1060b8e68977406db4c1912d70546bc3,A1c202b.jpg,UK Antarctic Heritage Trust Data/Condition_Artefacts/Artefacts_A_Var_Copyrright_L_Ling/A1c202b.jpg,2009-02-02 11:32:12,2009-02-02 11:32:12,Panasonic,DMC-FZ7,,,2112.0,2816.0,Rotate 90,Ver.1.0,200.0,1/15,2.8,6.0,Did not fire,Auto,Normal program,Pattern,,,,2026-08-17T04:02:03+00:00
e279e69eab6143c1875cefb029f9da5d,A1c206a.jpg,UK Antarctic Heritage Trust Data/Condition_Artefacts/Artefacts_A_Var_Copyrright_L_Ling/A1c206a.jpg,2009-02-02 11:33:46,2009-02-02 11:33:46,Panasonic,DMC-FZ7,,,2112.0,2816.0,Rotate 90,Ver.1.0,200.0,1/25,2.8,6.0,Did not fire,Auto,Normal program,Pattern,,,,2026-08-17T04:02:03+00:00
6c5a8adfabf345ab9a9ce3c27277225c,A1c206b.jpg,UK Antarctic Heritage Trust Data/Condition_Artefacts/Artefacts_A_Var_Copyrright_L_Ling/A1c206b.jpg,2009-02-02 11:33:59,2009-02-02 11:33:59,Panasonic,DMC-FZ7,,,2816.0,2112.0,Horizontal,Ver.1.0,200.0,1/25,2.8,6.0,Did not fire,Auto,Normal program,Pattern,,,,2026-08-17T04:02:03+00:00
7f67c84983a14ef9bb46133ca83fc933,A1c207.jpg,UK Antarctic Heritage Trust Data/Condition_Artefacts/Artefacts_A_Var_Copyrright_L_Ling/A1c207.jpg,2009-02-02 11:35:10,2009-02-02 11:35:10,Panasonic,DMC-FZ7,,,2112.0,2816.0,Rotate 90,Ver.1.0,200.0,1/20,2.8,6.0,Did not fire,Auto,Normal program,Pattern,,,,2026-08-17T04:02:03+00:00
570ef9e8c02046d3ad3352d2c26d1c9e,A1c208.jpg,UK Antarctic Heritage Trust Data/Condition_Artefacts/Artefacts_A_Var_Copyrright_L_Ling/A1c208.jpg,2009-02-02 11:35:24,2009-02-02 11:35:24,Panasonic,DMC-FZ7,,,2112.0,2816.0,Rotate 90,Ver.1.0,200.0,1/15,2.8,6.0,Did not fire,Auto,Normal program,Pattern,,,,2026-08-17T04:02:03+00:00
3c9f0891a8ba42359992c2fbb34f9f0d,A1c209.jpg,UK Antarctic Heritage Trust Data/Condition_Artefacts/Artefacts_A_Var_Copyrright_L_Ling/A1c209.jpg,2009-02-02 11:36:57,2009-02-02 11:36:57,Panasonic,DMC-FZ7,,,2112.0,2816.0,Rotate 90,Ver.1.0,200.0,1/15,2.8,6.0,Did not fire,Auto,Normal program,Pattern,,,,2026-08-17T04:02:03+00:00
e15de39e03e444478697bbab0bcfe748,A1c21.jpg,UK Antarctic Heritage Trust Data/Condition_Artefacts/Artefacts_A_Var_Copyrright_L_Ling/A1c21.jpg,2009-01-24 10:28:42,2009-01-24 10:28:42,Panasonic,DMC-FZ7,,,2048.0,1360.0,Horizontal,Ver.1.0,160.0,1/30,2.8,6.0,Did not fire,Auto,Normal program,Pattern,,,,2026-08-17T04:02:03+00:00
6c9f5ff061a34f58abf309515241101b,A1c214a.jpg,UK Antarctic Heritage Trust Data/Condition_Artefacts/Artefacts_A_Var_Copyrright_L_Ling/A1c214a.jpg,2009-02-02 11:39:48,2009-02-02 11:39:48,Panasonic,DMC-FZ7,,,2112.0,2816.0,Rotate 90,Ver.1.0,200.0,1/20,2.8,6.0,Did not fire,Auto,Normal program,Pattern,,,,2026-08-17T04:02:03+00:00
df0b1d437e434489835d4ebf43df7842,A1c214b.jpg,UK Antarctic Heritage Trust Data/Condition_Artefacts/Artefacts_A_Var_Copyrright_L_Ling/A1c214b.jpg,2009-02-02 11:40:08,2009-02-02 11:40:08,Panasonic,DMC-FZ7,,,2112.0,2816.0,Rotate 90,Ver.1.0,200.0,1/20,2.8,8.4,Did not fire,Auto,Normal program,Pattern,,,,2026-08-17T04:02:03+00:00
1e8ca18f830c44d6882da29905feb897,A1c214c.jpg,UK Antarctic Heritage Trust Data/Condition_Artefacts/Artefacts_A_Var_Copyrright_L_Ling/A1c214c.jpg,2009-02-02 11:40:17,2009-02-02 11:40:17,Panasonic,DMC-FZ7,,,2112.0,2816.0,Rotate 90,Ver.1.0,200.0,1/20,2.8,8.4,Did not fire,Auto,Normal program,Pattern,,,,2026-08-17T04:02:03+00:00
38515ae2811b4e34b2ebdfcdbf178995,A1c215_1.jpg,UK Antarctic Heritage Trust Data/Condition_Artefacts/Artefacts_A_Var_Copyrright_L_Ling/A1c215_1.jpg,2009-02-02 11:41:45,2009-02-02 11:41:45,Panasonic,DMC-FZ7,,,2112.0,2816.0,Rotate 90,Ver.1.0,200.0,1/20,2.8,6.0,Did not fire,Auto,Normal program,Pattern,,,,2026-08-17T04:02:03+00:00
f743db0a97f94337aba5e33851950109,A1c215_2.jpg,UK Antarctic Heritage Trust Data/Condition_Artefacts/Artefacts_A_Var_Copyrright_L_Ling/A1c215_2.jpg,2009-02-02 11:57:28,2009-02-02 11:57:28,Panasonic,DMC-FZ7,,,2112.0,2816.0,Rotate 90,Ver.1.0,200.0,1/15,2.8,6.0,Did not fire,Auto,Normal program,Pattern,,,,2026-08-17T04:02:03+00:00
fc528d07df014a1d8d2adc8d8f7153a8,A1c215_2a.jpg,UK Antarctic Heritage Trust Data/Condition_Artefacts/Artefacts_A_Var_Copyrright_L_Ling/A1c215_2a.jpg,2009-02-02 11:57:49,2009-02-02 11:57:49,Panasonic,DMC-FZ7,,,2816.0,2112.0,Horizontal,Ver.1.0,200.0,1/20,2.8,6.0,Did not fire,Auto,Normal program,Pattern,,,,2026-08-17T04:02:03+00:00
7b561a4337314a6db6b2cf8b41586a8a,A1c215_2b.jpg,UK Antarctic Heritage Trust Data/Condition_Artefacts/Artefacts_A_Var_Copyrright_L_Ling/A1c215_2b.jpg,2009-02-02 11:57:55,2009-02-02 11:57:55,Panasonic,DMC-FZ7,,,2816.0,2112.0,Horizontal,Ver.1.0,200.0,1/25,2.8,6.0,Did not fire,Auto,Normal program,Pattern,,,,2026-08-17T04:02:03+00:00
864cd904fca248189f40cb103a504fd9,A1c215_2c.jpg,UK Antarctic Heritage Trust Data/Condition_Artefacts/Artefacts_A_Var_Copyrright_L_Ling/A1c215_2c.jpg,2009-02-02 11:58:04,2009-02-02 11:58:04,Panasonic,DMC-FZ7,,,2112.0,2816.0,Rotate 90,Ver.1.0,200.0,1/20,2.8,6.0,Did not fire,Auto,Normal program,Pattern,,,,2026-08-17T04:02:03+00:00
cd7f0b7675f540429a7a01bcd96161c5,A1c216b.jpg,UK Antarctic Heritage Trust Data/Condition_Artefacts/Artefacts_A_Var_Copyrright_L_Ling/A1c216b.jpg,2009-02-02 11:43:02,2009-02-02 11:43:02,Panasonic,DMC-FZ7,,,2112.0,2816.0,Rotate 90,Ver.1.0,200.0,1/20,2.8,6.0,Did not fire,Auto,Normal program,Pattern,,,,2026-08-17T04:02:03+00:00
0d7f90471908431c9c7dcfca5880c8fb,A1c216d.jpg,UK Antarctic Heritage Trust Data/Condition_Artefacts/Artefacts_A_Var_Copyrright_L_Ling/A1c216d.jpg,2009-02-02 11:43:20,2009-02-02 11:43:20,Panasonic,DMC-FZ7,,,2112.0,2816.0,Rotate 90,Ver.1.0,200.0,1/20,2.8,6.0,Did not fire,Auto,Normal program,Pattern,,,,2026-08-17T04:02:03+00:00
e9dcca9a64b54fdeb5dbeee4672e3a67,A1c216e.jpg,UK Antarctic Heritage Trust Data/Condition_Artefacts/Artefacts_A_Var_Copyrright_L_Ling/A1c216e.jpg,2009-02-02 11:43:26,2009-02-02 11:43:26,Panasonic,DMC-FZ7,,,2112.0,2816.0,Rotate 90,Ver.1.0,200.0,1/20,2.8,6.0,Did not fire,Auto,Normal program,Pattern,,,,2026-08-17T04:02:03+00:00
cd014418f4124e74abb650cd009f8f9e,A1c216f.jpg,UK Antarctic Heritage Trust Data/Condition_Artefacts/Artefacts_A_Var_Copyrright_L_Ling/A1c216f.jpg,2009-02-02 11:43:34,2009-02-02 11:43:34,Panasonic,DMC-FZ7,,,2112.0,2816.0,Rotate 90,Ver.1.0,200.0,1/15,2.8,6.0,Did not fire,Auto,Normal program,Pattern,,,,2026-08-17T04:02:03+00:00
fe32291aaecf4731b16473e45c62431a,A1c217a.jpg,UK Antarctic Heritage Trust Data/Condition_Artefacts/Artefacts_A_Var_Copyrright_L_Ling/A1c217a.jpg,2009-02-02 12:00:29,2009-02-02 12:00:29,Panasonic,DMC-FZ7,,,2112.0,2816.0,Rotate 90,Ver.1.0,200.0,1/20,2.8,6.0,Did not fire,Auto,Normal program,Pattern,,,,2026-08-17T04:02:03+00:00
9dc6b56e27974b86b94346da14e377d9,A1c217b.jpg,UK Antarctic Heritage Trust Data/Condition_Artefacts/Artefacts_A_Var_Copyrright_L_Ling/A1c217b.jpg,2009-02-02 12:00:38,2009-02-02 12:00:38,Panasonic,DMC-FZ7,,,2112.0,2816.0,Rotate 90,Ver.1.0,200.0,1/20,2.8,6.0,Did not fire,Auto,Normal program,Pattern,,,,2026-08-17T04:02:03+00:00
35aa164d229f4dc8a27aec7f22f50c5c,A1c217d.jpg,UK Antarctic Heritage Trust Data/Condition_Artefacts/Artefacts_A_Var_Copyrright_L_Ling/A1c217d.jpg,2009-02-02 12:00:41,2009-02-02 12:00:41,Panasonic,DMC-FZ7,,,2112.0,2816.0,Rotate 90,Ver.1.0,200.0,1/20,2.8,6.0,Did not fire,Auto,Normal program,Pattern,,,,2026-08-17T04:02:03+00:00
ccd48985d1b04bc28e3efce523bd26e9,A1c218.jpg,UK Antarctic Heritage Trust Data/Condition_Artefacts/Artefacts_A_Var_Copyrright_L_Ling/A1c218.jpg,2009-02-02 12:00:53,2009-02-02 12:00:53,Panasonic,DMC-FZ7,,,2816.0,2112.0,Horizontal,Ver.1.0,200.0,1/25,2.8,6.0,Did not fire,Auto,Normal program,Pattern,,,,2026-08-17T04:02:03+00:00
0cedfb45bda7433180962f4517d50fbe,A1c218_2.jpg,UK Antarctic Heritage Trust Data/Condition_Artefacts/Artefacts_A_Var_Copyrright_L_Ling/A1c218_2.jpg,2009-02-02 12:01:58,2009-02-02 12:01:58,Panasonic,DMC-FZ7,,,2112.0,2816.0,,Ver.1.0,200.0,1/15,2.8,6.0,Did not fire,Auto,Normal program,Pattern,,,,2026-08-17T04:02:03+00:00
3241ea476dd0486aa55f04ee9df693df,A1c218a.jpg,UK Antarctic Heritage Trust Data/Condition_Artefacts/Artefacts_A_Var_Copyrright_L_Ling/A1c218a.jpg,2009-02-02 12:02:09,2009-02-02 12:02:09,Panasonic,DMC-FZ7,,,2112.0,2816.0,Rotate 90,Ver.1.0,200.0,1/20,2.8,6.0,Did not fire,Auto,Normal program,Pattern,,,,2026-08-17T04:02:03+00:00
b9581c0855c24d5b942522035a8a9bcc,A1c218d.jpg,UK Antarctic Heritage Trust Data/Condition_Artefacts/Artefacts_A_Var_Copyrright_L_Ling/A1c218d.jpg,2009-02-02 12:02:21,2009-02-02 12:02:21,Panasonic,DMC-FZ7,,,2112.0,2816.0,Rotate 90,Ver.1.0,200.0,1/20,2.8,6.0,Did not fire,Auto,Normal program,Pattern,,,,2026-08-17T04:02:03+00:00
723b6721d50840deaac3a40eab86cf16,A1c218e.jpg,UK Antarctic Heritage Trust Data/Condition_Artefacts/Artefacts_A_Var_Copyrright_L_Ling/A1c218e.jpg,2009-02-02 12:02:26,2009-02-02 12:02:26,Panasonic,DMC-FZ7,,,2112.0,2816.0,Rotate 90,Ver.1.0,200.0,1/15,2.8,6.0,Did not fire,Auto,Normal program,Pattern,,,,2026-08-17T04:02:03+00:00
84cbff60ab64483a8abc7ed7480fbe1e,A1c219.jpg,UK Antarctic Heritage Trust Data/Condition_Artefacts/Artefacts_A_Var_Copyrright_L_Ling/A1c219.jpg,2009-02-02 12:03:28,2009-02-02 12:03:28,Panasonic,DMC-FZ7,,,2112.0,2816.0,Rotate 90,Ver.1.0,200.0,1/15,2.8,6.0,Did not fire,Auto,Normal program,Pattern,,,,2026-08-17T04:02:03+00:00
97bc06f0e9904bef9edde7d1729a25be,A1c220b.jpg,UK Antarctic Heritage Trust Data/Condition_Artefacts/Artefacts_A_Var_Copyrright_L_Ling/A1c220b.jpg,2009-02-02 12:04:08,2009-02-02 12:04:08,Panasonic,DMC-FZ7,,,2112.0,2816.0,Rotate 90,Ver.1.0,200.0,1/20,2.8,6.0,Did not fire,Auto,Normal program,Pattern,,,,2026-08-17T04:02:03+00:00
0bcdb5eac5784065b0e3949d91967100,A1c220c.jpg,UK Antarctic Heritage Trust Data/Condition_Artefacts/Artefacts_A_Var_Copyrright_L_Ling/A1c220c.jpg,2009-02-02 12:04:14,2009-02-02 12:04:14,Panasonic,DMC-FZ7,,,2816.0,2112.0,Horizontal,Ver.1.0,200.0,1/10,2.8,6.0,Did not fire,Auto,Normal program,Pattern,,,,2026-08-17T04:02:03+00:00
0aa5d67a6c0e4d62a092b1d7dadb61ac,A1c220e.jpg,UK Antarctic Heritage Trust Data/Condition_Artefacts/Artefacts_A_Var_Copyrright_L_Ling/A1c220e.jpg,2009-02-02 12:04:31,2009-02-02 12:04:31,Panasonic,DMC-FZ7,,,2112.0,2816.0,Rotate 90,Ver.1.0,200.0,1/20,2.8,6.0,Did not fire,Auto,Normal program,Pattern,,,,2026-08-17T04:02:03+00:00
97e7a46d717f4b4d8581a952e399c3b6,A1c221_2.jpg,UK Antarctic Heritage Trust Data/Condition_Artefacts/Artefacts_A_Var_Copyrright_L_Ling/A1c221_2.jpg,2009-02-02 12:03:54,2009-02-02 12:03:54,Panasonic,DMC-FZ7,,,2112.0,2816.0,Rotate 90,Ver.1.0,200.0,1/30,2.8,6.0,Did not fire,Auto,Normal program,Pattern,,,,2026-08-17T04:02:03+00:00
fcf44b624b8246889ce99169841500de,A1c222.jpg,UK Antarctic Heritage Trust Data/Condition_Artefacts/Artefacts_A_Var_Copyrright_L_Ling/A1c222.jpg,2009-02-02 12:03:59,2009-02-02 12:03:59,Panasonic,DMC-FZ7,,,2112.0,2816.0,Rotate 90,Ver.1.0,200.0,1/10,2.8,6.0,Did not fire,Auto,Normal program,Pattern,,,,2026-08-17T04:02:03+00:00
a8bea53349554a23860767dd7e5e0b88,A1c231.jpg,UK Antarctic Heritage Trust Data/Condition_Artefacts/Artefacts_A_Var_Copyrright_L_Ling/A1c231.jpg,2009-01-31 16:15:12,2009-01-31 16:15:12,Panasonic,DMC-FZ7,,,2816.0,1880.0,Horizontal,Ver.1.0,100.0,1/30,2.8,7.0,Fired,Auto,Normal program,Pattern,,,,2026-08-17T04:02:03+00:00
ad254a557a344fde88a5f46e908d4a7d,A1c233.jpg,UK Antarctic Heritage Trust Data/Condition_Artefacts/Artefacts_A_Var_Copyrright_L_Ling/A1c233.jpg,2009-02-02 12:24:37,2009-02-02 12:24:37,Panasonic,DMC-FZ7,,,2816.0,2112.0,Horizontal,Ver.1.0,200.0,1/13,2.8,6.0,Did not fire,Auto,Normal program,Pattern,,,,2026-08-17T04:02:03+00:00
1da83a6f76ad4734b9e8fa198bde7e50,A1c235a.jpg,UK Antarctic Heritage Trust Data/Condition_Artefacts/Artefacts_A_Var_Copyrright_L_Ling/A1c235a.jpg,2009-02-02 18:25:15,2009-02-02 18:25:15,Panasonic,DMC-FZ7,,,2112.0,2816.0,Rotate 90,Ver.1.0,200.0,1/15,2.8,6.0,Did not fire,Auto,Normal program,Pattern,,,,2026-08-17T04:02:03+00:00
f5e776bfde034397aedab1ccd9144d48,A1c235b.jpg,UK Antarctic Heritage Trust Data/Condition_Artefacts/Artefacts_A_Var_Copyrright_L_Ling/A1c235b.jpg,2009-02-02 18:25:21,2009-02-02 18:25:21,Panasonic,DMC-FZ7,,,2112.0,2816.0,Rotate 90,Ver.1.0,200.0,1/15,2.8,6.0,Did not fire,Auto,Normal program,Pattern,,,,2026-08-17T04:02:03+00:00
b6fad07b737045f9b29794d6ce43499f,A1c235c.jpg,UK Antarctic Heritage Trust Data/Condition_Artefacts/Artefacts_A_Var_Copyrright_L_Ling/A1c235c.jpg,2009-02-02 18:25:35,2009-02-02 18:25:35,Panasonic,DMC-FZ7,,,2112.0,2816.0,Rotate 90,Ver.1.0,200.0,1/20,2.8,6.0,Did not fire,Auto,Normal program,Pattern,,,,2026-08-17T04:02:03+00:00
27e576b5290a4647a423164e4fd86b2b,A1c235d.jpg,UK Antarctic Heritage Trust Data/Condition_Artefacts/Artefacts_A_Var_Copyrright_L_Ling/A1c235d.jpg,2009-02-02 18:25:51,2009-02-02 18:25:51,Panasonic,DMC-FZ7,,,2112.0,2816.0,Rotate 90,Ver.1.0,200.0,1/20,2.8,6.0,Did not fire,Auto,Normal program,Pattern,,,,2026-08-17T04:02:03+00:00
1a1e1815b58043f193bf2d9de01ebf4d,A1c235e.jpg,UK Antarctic Heritage Trust Data/Condition_Artefacts/Artefacts_A_Var_Copyrright_L_Ling/A1c235e.jpg,2009-02-02 18:25:59,2009-02-02 18:25:59,Panasonic,DMC-FZ7,,,2112.0,2816.0,Rotate 90,Ver.1.0,200.0,1/20,2.8,6.0,Did not fire,Auto,Normal program,Pattern,,,,2026-08-17T04:02:03+00:00
48a64d0fd16842bfa0c3dddf9b6fb393,A1c236a.jpg,UK Antarctic Heritage Trust Data/Condition_Artefacts/Artefacts_A_Var_Copyrright_L_Ling/A1c236a.jpg,2009-02-02 13:34:05,2009-02-02 13:34:05,Panasonic,DMC-FZ7,,,2112.0,2816.0,Rotate 90,Ver.1.0,200.0,1/5,2.8,7.6,Did not fire,Auto,Normal program,Pattern,,,,2026-08-17T04:02:03+00:00
02513559810e4442979310f8091b8554,A1c250 (2).jpg,UK Antarctic Heritage Trust Data/Condition_Artefacts/Artefacts_A_Var_Copyrright_L_Ling/A1c250 (2).jpg,2009-02-01 09:17:09,2009-02-01 09:17:09,Panasonic,DMC-FZ7,,,2816.0,2112.0,Horizontal,Ver.1.0,200.0,1/15,2.8,6.0,Did not fire,Auto,Normal program,Pattern,,,,2026-08-17T04:02:03+00:00
c7e5b76a6e194aa986391e6636d76fb3,A1c250_1.jpg,UK Antarctic Heritage Trust Data/Condition_Artefacts/Artefacts_A_Var_Copyrright_L_Ling/A1c250_1.jpg,2009-02-01 09:13:08,2009-02-01 09:13:08,Panasonic,DMC-FZ7,,,2816.0,1880.0,Horizontal,Ver.1.0,200.0,1/15,2.8,6.0,Did not fire,Auto,Normal program,Pattern,,,,2026-08-17T04:02:03+00:00
f5ea0db6e7574021b14d43c6b12feb69,A1c250_11a.jpg,UK Antarctic Heritage Trust Data/Condition_Artefacts/Artefacts_A_Var_Copyrright_L_Ling/A1c250_11a.jpg,2009-02-01 09:24:13,2009-02-01 09:24:13,Panasonic,DMC-FZ7,,,2816.0,2112.0,Horizontal,Ver.1.0,200.0,1/13,2.8,6.0,Did not fire,Auto,Normal program,Pattern,,,,2026-08-17T04:02:03+00:00
8f49add627554274b37a49437d4ada83,A1c250_12a.jpg,UK Antarctic Heritage Trust Data/Condition_Artefacts/Artefacts_A_Var_Copyrright_L_Ling/A1c250_12a.jpg,2009-02-01 09:17:01,2009-02-01 09:17:01,Panasonic,DMC-FZ7,,,2816.0,2112.0,Horizontal,Ver.1.0,200.0,1/15,2.8,6.0,Did not fire,Auto,Normal program,Pattern,,,,2026-08-17T04:02:03+00:00
d90a3c617ca34c32b765bf57dc4a0d4f,A1c250_2.jpg,UK Antarctic Heritage Trust Data/Condition_Artefacts/Artefacts_A_Var_Copyrright_L_Ling/A1c250_2.jpg,2009-02-01 09:16:35,2009-02-01 09:16:35,Panasonic,DMC-FZ7,,,2816.0,2112.0,Horizontal,Ver.1.0,200.0,1/15,2.8,6.0,Did not fire,Auto,Normal program,Pattern,,,,2026-08-17T04:02:03+00:00
b9f72c7bd714439b9ba238213e14b087,A1c250_5.jpg,UK Antarctic Heritage Trust Data/Condition_Artefacts/Artefacts_A_Var_Copyrright_L_Ling/A1c250_5.jpg,2009-02-01 09:16:49,2009-02-01 09:16:49,Panasonic,DMC-FZ7,,,2816.0,2112.0,Horizontal,Ver.1.0,200.0,1/15,2.8,6.0,Did not fire,Auto,Normal program,Pattern,,,,2026-08-17T04:02:03+00:00
962c76c7c0a7422595ef3dca963ba85e,A1c250_6.jpg,UK Antarctic Heritage Trust Data/Condition_Artefacts/Artefacts_A_Var_Copyrright_L_Ling/A1c250_6.jpg,2009-02-01 09:19:29,2009-02-01 09:19:29,Panasonic,DMC-FZ7,,,2816.0,2112.0,Horizontal,Ver.1.0,200.0,1/8,2.8,6.0,Did not fire,Auto,Normal program,Pattern,,,,2026-08-17T04:02:03+00:00
2d77db62fef84affaab49aacb41149f6,A1c250_7.jpg,UK Antarctic Heritage Trust Data/Condition_Artefacts/Artefacts_A_Var_Copyrright_L_Ling/A1c250_7.jpg,2009-02-01 09:21:43,2009-02-01 09:21:43,Panasonic,DMC-FZ7,,,2816.0,2112.0,Horizontal,Ver.1.0,200.0,1/10,2.8,6.0,Did not fire,Auto,Normal program,Pattern,,,,2026-08-17T04:02:03+00:00
7947a27905b849d6b0bbb39e6696b63a,A1c251_1.jpg,UK Antarctic Heritage Trust Data/Condition_Artefacts/Artefacts_A_Var_Copyrright_L_Ling/A1c251_1.jpg,2009-02-01 10:41:46,2009-02-01 10:41:46,Panasonic,DMC-FZ7,,,2816.0,2112.0,Horizontal,Ver.1.0,200.0,1/15,2.8,6.0,Did not fire,Auto,Normal program,Pattern,,,,2026-08-17T04:02:03+00:00
dddba9d5397e401294380b1845f8b2d7,A1c251_10.jpg,UK Antarctic Heritage Trust Data/Condition_Artefacts/Artefacts_A_Var_Copyrright_L_Ling/A1c251_10.jpg,2009-02-01 10:56:17,2009-02-01 10:56:17,Panasonic,DMC-FZ7,,,2816.0,2112.0,Horizontal,Ver.1.0,200.0,1/20,2.8,6.0,Did not fire,Auto,Normal program,Pattern,,,,2026-08-17T04:02:03+00:00
7d7c035d8638443c8137b976500cde91,A1c251_10a.jpg,UK Antarctic Heritage Trust Data/Condition_Artefacts/Artefacts_A_Var_Copyrright_L_Ling/A1c251_10a.jpg,2009-02-01 10:56:23,2009-02-01 10:56:23,Panasonic,DMC-FZ7,,,2816.0,2112.0,Horizontal,Ver.1.0,200.0,1/20,2.8,6.0,Did not fire,Auto,Normal program,Pattern,,,,2026-08-17T04:02:03+00:00
a57716cfb1c64b2f89764cf17eed76e3,A1c251_11.jpg,UK Antarctic Heritage Trust Data/Condition_Artefacts/Artefacts_A_Var_Copyrright_L_Ling/A1c251_11.jpg,2009-02-01 10:58:26,2009-02-01 10:58:26,Panasonic,DMC-FZ7,,,2816.0,2112.0,Horizontal,Ver.1.0,200.0,1/20,2.8,6.0,Did not fire,Auto,Normal program,Pattern,,,,2026-08-17T04:02:03+00:00
f701631c77c647e197fd4bb5d71e36c2,A1c251_11b.jpg,UK Antarctic Heritage Trust Data/Condition_Artefacts/Artefacts_A_Var_Copyrright_L_Ling/A1c251_11b.jpg,2009-02-01 10:58:26,2009-02-01 10:58:26,Panasonic,DMC-FZ7,,,2816.0,2112.0,Horizontal,Ver.1.0,200.0,1/20,2.8,6.0,Did not fire,Auto,Normal program,Pattern,,,,2026-08-17T04:02:03+00:00
f916dc5a44a54e729267fe43c7d993e8,A1c251_12&13.jpg,UK Antarctic Heritage Trust Data/Condition_Artefacts/Artefacts_A_Var_Copyrright_L_Ling/A1c251_12&13.jpg,2009-02-01 10:59:40,2009-02-01 10:59:40,Panasonic,DMC-FZ7,,,2816.0,2112.0,Horizontal,Ver.1.0,200.0,1/20,2.8,6.0,Did not fire,Auto,Normal program,Pattern,,,,2026-08-17T04:02:03+00:00
90756f0a4397415e80c52c261d0e4fcb,A1c251_12.jpg,UK Antarctic Heritage Trust Data/Condition_Artefacts/Artefacts_A_Var_Copyrright_L_Ling/A1c251_12.jpg,2009-02-01 10:59:12,2009-02-01 10:59:12,Panasonic,DMC-FZ7,,,2816.0,2112.0,Horizontal,Ver.1.0,200.0,1/25,2.8,7.7,Did not fire,Auto,Normal program,Pattern,,,,2026-08-17T04:02:03+00:00
0caf40f58847492890835649a48b5d05,A1c251_13.jpg,UK Antarctic Heritage Trust Data/Condition_Artefacts/Artefacts_A_Var_Copyrright_L_Ling/A1c251_13.jpg,2009-02-01 10:59:40,2009-02-01 10:59:40,Panasonic,DMC-FZ7,,,2816.0,2112.0,Horizontal,Ver.1.0,200.0,1/20,2.8,6.0,Did not fire,Auto,Normal program,Pattern,,,,2026-08-17T04:02:03+00:00
d27a7e7e2a7a44f1864a02dfade46536,A1c251_13a.jpg,UK Antarctic Heritage Trust Data/Condition_Artefacts/Artefacts_A_Var_Copyrright_L_Ling/A1c251_13a.jpg,2009-02-01 10:59:12,2009-02-01 10:59:12,Panasonic,DMC-FZ7,,,2816.0,2112.0,Horizontal,Ver.1.0,200.0,1/25,2.8,7.7,Did not fire,Auto,Normal program,Pattern,,,,2026-08-17T04:02:04+00:00
106e961e989f473e937783e85ffa272e,A1c251_2.jpg,UK Antarctic Heritage Trust Data/Condition_Artefacts/Artefacts_A_Var_Copyrright_L_Ling/A1c251_2.jpg,2009-02-01 10:42:05,2009-02-01 10:42:05,Panasonic,DMC-FZ7,,,2816.0,2112.0,Horizontal,Ver.1.0,200.0,1/8,2.8,6.0,Did not fire,Auto,Normal program,Pattern,,,,2026-08-17T04:02:04+00:00
5a56b62622854723ab89bf7a7e58fa3d,A1c251_3.jpg,UK Antarctic Heritage Trust Data/Condition_Artefacts/Artefacts_A_Var_Copyrright_L_Ling/A1c251_3.jpg,2009-02-01 10:43:10,2009-02-01 10:43:10,Panasonic,DMC-FZ7,,,2816.0,2112.0,Horizontal,Ver.1.0,200.0,1/15,2.8,6.0,Did not fire,Auto,Normal program,Pattern,,,,2026-08-17T04:02:04+00:00
47b45a80b3df4214a84c0aa831e0bd90,A1c251_6a.jpg,UK Antarctic Heritage Trust Data/Condition_Artefacts/Artefacts_A_Var_Copyrright_L_Ling/A1c251_6a.jpg,2009-02-01 10:43:35,2009-02-01 10:43:35,Panasonic,DMC-FZ7,,,2816.0,2112.0,Horizontal,Ver.1.0,200.0,1/15,2.8,6.0,Did not fire,Auto,Normal program,Pattern,,,,2026-08-17T04:02:04+00:00
761a93378a634e64917fc3d320677eca,A1c251_6b.jpg,UK Antarctic Heritage Trust Data/Condition_Artefacts/Artefacts_A_Var_Copyrright_L_Ling/A1c251_6b.jpg,2009-02-01 10:43:50,2009-02-01 10:43:50,Panasonic,DMC-FZ7,,,2816.0,2112.0,Horizontal,Ver.1.0,200.0,1/15,2.8,6.0,Did not fire,Auto,Normal program,Pattern,,,,2026-08-17T04:02:04+00:00
d1055d098a9845c4ae9524bb631bf053,A1c251_6c.jpg,UK Antarctic Heritage Trust Data/Condition_Artefacts/Artefacts_A_Var_Copyrright_L_Ling/A1c251_6c.jpg,2009-02-01 10:44:21,2009-02-01 10:44:21,Panasonic,DMC-FZ7,,,2816.0,2112.0,Horizontal,Ver.1.0,200.0,1/20,2.8,6.0,Did not fire,Auto,Normal program,Pattern,,,,2026-08-17T04:02:04+00:00
4543722874234c1c99c6570dc707520a,A1c251_7.jpg,UK Antarctic Heritage Trust Data/Condition_Artefacts/Artefacts_A_Var_Copyrright_L_Ling/A1c251_7.jpg,2009-02-01 10:45:21,2009-02-01 10:45:21,Panasonic,DMC-FZ7,,,2816.0,2112.0,Horizontal,Ver.1.0,200.0,1/20,2.8,6.0,Did not fire,Auto,Normal program,Pattern,,,,2026-08-17T04:02:04+00:00
2c57b7b3ba184262b7be2105c72aa939,A1c251_8.jpg,UK Antarctic Heritage Trust Data/Condition_Artefacts/Artefacts_A_Var_Copyrright_L_Ling/A1c251_8.jpg,2009-02-01 10:45:39,2009-02-01 10:45:39,Panasonic,DMC-FZ7,,,2816.0,2112.0,Horizontal,Ver.1.0,200.0,1/15,2.8,6.0,Did not fire,Auto,Normal program,Pattern,,,,2026-08-17T04:02:04+00:00
f2e61940e9b74803abb4b58bdf5799ba,A1c252_1.jpg,UK Antarctic Heritage Trust Data/Condition_Artefacts/Artefacts_A_Var_Copyrright_L_Ling/A1c252_1.jpg,2009-02-01 11:14:26,2009-02-01 11:14:26,Panasonic,DMC-FZ7,,,2816.0,2112.0,Horizontal,Ver.1.0,200.0,1/10,2.8,6.0,Did not fire,Auto,Normal program,Pattern,,,,2026-08-17T04:02:04+00:00
6ec8a6c830f44e838acf8dabcfb5f9bb,A1c252_10.jpg,UK Antarctic Heritage Trust Data/Condition_Artefacts/Artefacts_A_Var_Copyrright_L_Ling/A1c252_10.jpg,2009-02-01 11:19:59,2009-02-01 11:19:59,Panasonic,DMC-FZ7,,,2816.0,2112.0,Horizontal,Ver.1.0,200.0,1/20,2.8,6.0,Did not fire,Auto,Normal program,Pattern,,,,2026-08-17T04:02:04+00:00
8644bc331dcb4566b2f8f2b12d52be18,A1c252_11.jpg,UK Antarctic Heritage Trust Data/Condition_Artefacts/Artefacts_A_Var_Copyrright_L_Ling/A1c252_11.jpg,2009-02-01 11:21:06,2009-02-01 11:21:06,Panasonic,DMC-FZ7,,,2816.0,2112.0,Horizontal,Ver.1.0,200.0,1/15,2.8,6.0,Did not fire,Auto,Normal program,Pattern,,,,2026-08-17T04:02:04+00:00
75822027a8b94bbb9571e5e0ab8d49a5,A1c252_11a.jpg,UK Antarctic Heritage Trust Data/Condition_Artefacts/Artefacts_A_Var_Copyrright_L_Ling/A1c252_11a.jpg,2009-02-01 11:21:21,2009-02-01 11:21:21,Panasonic,DMC-FZ7,,,2816.0,2112.0,Horizontal,Ver.1.0,200.0,1/15,2.8,6.0,Did not fire,Auto,Normal program,Pattern,,,,2026-08-17T04:02:04+00:00
1bc475cdc1d242f5a8107ac48e8b35ff,A1c252_123456.jpg,UK Antarctic Heritage Trust Data/Condition_Artefacts/Artefacts_A_Var_Copyrright_L_Ling/A1c252_123456.jpg,2009-02-01 11:13:32,2009-02-01 11:13:32,Panasonic,DMC-FZ7,,,2816.0,2112.0,Horizontal,Ver.1.0,200.0,1/15,2.8,6.0,Did not fire,Auto,Normal program,Pattern,,,,2026-08-17T04:02:04+00:00
5efd6d2225fa41829f3c27db611ad1b8,A1c252_13.jpg,UK Antarctic Heritage Trust Data/Condition_Artefacts/Artefacts_A_Var_Copyrright_L_Ling/A1c252_13.jpg,2009-02-01 11:23:47,2009-02-01 11:23:47,Panasonic,DMC-FZ7,,,2816.0,2112.0,Horizontal,Ver.1.0,200.0,1/20,2.8,6.0,Did not fire,Auto,Normal program,Pattern,,,,2026-08-17T04:02:04+00:00
e9318dfc8db64c51bef681783c124eb3,A1c252_14.jpg,UK Antarctic Heritage Trust Data/Condition_Artefacts/Artefacts_A_Var_Copyrright_L_Ling/A1c252_14.jpg,2009-02-01 11:24:38,2009-02-01 11:24:38,Panasonic,DMC-FZ7,,,2816.0,2112.0,Horizontal,Ver.1.0,200.0,1/15,2.8,6.0,Did not fire,Auto,Normal program,Pattern,,,,2026-08-17T04:02:04+00:00
81ab5c8bf6894c9b942a34082c0a91ed,A1c252_14a.jpg,UK Antarctic Heritage Trust Data/Condition_Artefacts/Artefacts_A_Var_Copyrright_L_Ling/A1c252_14a.jpg,2009-02-01 11:25:32,2009-02-01 11:25:32,Panasonic,DMC-FZ7,,,2816.0,2112.0,Horizontal,Ver.1.0,200.0,1/10,2.8,6.0,Did not fire,Auto,Normal program,Pattern,,,,2026-08-17T04:02:04+00:00
45f79aa0f8f4428b9b3afa3e1d94f9e5,A1c252_7.jpg,UK Antarctic Heritage Trust Data/Condition_Artefacts/Artefacts_A_Var_Copyrright_L_Ling/A1c252_7.jpg,2009-02-01 11:17:43,2009-02-01 11:17:43,Panasonic,DMC-FZ7,,,2816.0,2112.0,Horizontal,Ver.1.0,200.0,1/13,2.8,6.0,Did not fire,Auto,Normal program,Pattern,,,,2026-08-17T04:02:04+00:00
961eb4ea9ab64a1ba6ad8fc9de8136f4,A1c252_789.jpg,UK Antarctic Heritage Trust Data/Condition_Artefacts/Artefacts_A_Var_Copyrright_L_Ling/A1c252_789.jpg,2009-02-01 11:17:56,2009-02-01 11:17:56,Panasonic,DMC-FZ7,,,2816.0,2112.0,Horizontal,Ver.1.0,200.0,1/8,2.8,6.0,Did not fire,Auto,Normal program,Pattern,,,,2026-08-17T04:02:04+00:00
40762b6be7074390a6570ba598f61f4d,A1c257_1.jpg,UK Antarctic Heritage Trust Data/Condition_Artefacts/Artefacts_A_Var_Copyrright_L_Ling/A1c257_1.jpg,2009-02-02 14:45:41,2009-02-02 14:45:41,Panasonic,DMC-FZ7,,,2112.0,2816.0,Rotate 90,Ver.1.0,200.0,1/25,2.8,7.2,Did not fire,Auto,Normal program,Pattern,,,,2026-08-17T04:02:04+00:00
b329faa21ffb44d0ad290ca5d58730be,A1c257_1a.jpg,UK Antarctic Heritage Trust Data/Condition_Artefacts/Artefacts_A_Var_Copyrright_L_Ling/A1c257_1a.jpg,2009-02-02 14:45:59,2009-02-02 14:45:59,Panasonic,DMC-FZ7,,,2112.0,2816.0,Rotate 90,Ver.1.0,200.0,1/30,2.8,6.0,Did not fire,Auto,Normal program,Pattern,,,,2026-08-17T04:02:04+00:00
2f90fefe6df04d4983612a38a3c60bad,A1c257_1b.jpg,UK Antarctic Heritage Trust Data/Condition_Artefacts/Artefacts_A_Var_Copyrright_L_Ling/A1c257_1b.jpg,2009-02-02 14:45:48,2009-02-02 14:45:48,Panasonic,DMC-FZ7,,,2816.0,2112.0,Horizontal,Ver.1.0,200.0,1/20,2.8,7.2,Did not fire,Auto,Normal program,Pattern,,,,2026-08-17T04:02:04+00:00
b17593f9ffbe46bd8dfbe62cf6647557,A1c257_2.jpg,UK Antarctic Heritage Trust Data/Condition_Artefacts/Artefacts_A_Var_Copyrright_L_Ling/A1c257_2.jpg,2009-02-02 14:46:06,2009-02-02 14:46:06,Panasonic,DMC-FZ7,,,2112.0,2816.0,Rotate 90,Ver.1.0,200.0,1/25,2.8,6.0,Did not fire,Auto,Normal program,Pattern,,,,2026-08-17T04:02:04+00:00
894ac45379d5409ab8930e584f86fb1e,A1c258_1.jpg,UK Antarctic Heritage Trust Data/Condition_Artefacts/Artefacts_A_Var_Copyrright_L_Ling/A1c258_1.jpg,2009-02-02 14:52:49,2009-02-02 14:52:49,Panasonic,DMC-FZ7,,,2112.0,2816.0,Rotate 90,Ver.1.0,200.0,1/10,2.8,6.0,Did not fire,Auto,Normal program,Pattern,,,,2026-08-17T04:02:04+00:00
ff307e2213674e5387febe7a349aa64a,A1c260a.jpg,UK Antarctic Heritage Trust Data/Condition_Artefacts/Artefacts_A_Var_Copyrright_L_Ling/A1c260a.jpg,,,,,,,,,,,,,,,,,,,,,,2026-08-17T04:02:04+00:00
94a51f2b4f004c79b4b7dd5f0df5b36c,A1c260b.jpg,UK Antarctic Heritage Trust Data/Condition_Artefacts/Artefacts_A_Var_Copyrright_L_Ling/A1c260b.jpg,2009-02-02 17:55:47,2009-02-02 17:55:47,Panasonic,DMC-FZ7,,,2112.0,2816.0,Rotate 90,Ver.1.0,200.0,1/20,2.8,6.0,Did not fire,Auto,Normal program,Pattern,,,,2026-08-17T04:02:04+00:00
50a4d30ec5dd461fa4171dfb00891455,A1c260c.jpg,UK Antarctic Heritage Trust Data/Condition_Artefacts/Artefacts_A_Var_Copyrright_L_Ling/A1c260c.jpg,2009-02-02 17:55:55,2009-02-02 17:55:55,Panasonic,DMC-FZ7,,,2112.0,2816.0,Rotate 90,Ver.1.0,200.0,1/25,2.8,6.0,Did not fire,Auto,Normal program,Pattern,,,,2026-08-17T04:02:04+00:00
be36afed16ac427382c4a01858f8c680,A1c260d.jpg,UK Antarctic Heritage Trust Data/Condition_Artefacts/Artefacts_A_Var_Copyrright_L_Ling/A1c260d.jpg,2009-02-02 17:56:02,2009-02-02 17:56:02,Panasonic,DMC-FZ7,,,2112.0,2816.0,Rotate 90,Ver.1.0,200.0,1/15,2.8,6.0,Did not fire,Auto,Normal program,Pattern,,,,2026-08-17T04:02:04+00:00
2d8518e38a93451092e4bccb769bb35f,A1c261a.jpg,UK Antarctic Heritage Trust Data/Condition_Artefacts/Artefacts_A_Var_Copyrright_L_Ling/A1c261a.jpg,2009-02-02 17:58:15,2009-02-02 17:58:15,Panasonic,DMC-FZ7,,,2112.0,2816.0,Rotate 90,Ver.1.0,200.0,1/10,2.8,6.0,Did not fire,Auto,Normal program,Pattern,,,,2026-08-17T04:02:04+00:00
e13b4ca60b254c37872333f6b10bf3bf,A1c261b.jpg,UK Antarctic Heritage Trust Data/Condition_Artefacts/Artefacts_A_Var_Copyrright_L_Ling/A1c261b.jpg,2009-02-02 17:58:22,2009-02-02 17:58:22,Panasonic,DMC-FZ7,,,2112.0,2816.0,Rotate 90,Ver.1.0,200.0,1/15,2.8,6.0,Did not fire,Auto,Normal program,Pattern,,,,2026-08-17T04:02:04+00:00
546e04edce98467e87aa31f094352eea,A1c261e.jpg,UK Antarctic Heritage Trust Data/Condition_Artefacts/Artefacts_A_Var_Copyrright_L_Ling/A1c261e.jpg,2009-02-02 17:58:38,2009-02-02 17:58:38,Panasonic,DMC-FZ7,,,2112.0,2816.0,Rotate 90,Ver.1.0,100.0,1/30,2.8,6.0,Fired,Auto,Normal program,Pattern,,,,2026-08-17T04:02:04+00:00
75b3314d92f64a69ad08eb6ab3a6cce4,A1c261g.jpg,UK Antarctic Heritage Trust Data/Condition_Artefacts/Artefacts_A_Var_Copyrright_L_Ling/A1c261g.jpg,2009-02-02 17:58:45,2009-02-02 17:58:45,Panasonic,DMC-FZ7,,,2112.0,2816.0,Rotate 90,Ver.1.0,200.0,1/20,2.8,6.0,Did not fire,Auto,Normal program,Pattern,,,,2026-08-17T04:02:04+00:00
2bf3fdf44fa146c28098af3abd08b643,A1c261h.jpg,UK Antarctic Heritage Trust Data/Condition_Artefacts/Artefacts_A_Var_Copyrright_L_Ling/A1c261h.jpg,2009-02-02 17:58:50,2009-02-02 17:58:50,Panasonic,DMC-FZ7,,,2112.0,2816.0,Rotate 90,Ver.1.0,200.0,1/15,2.8,6.0,Did not fire,Auto,Normal program,Pattern,,,,2026-08-17T04:02:04+00:00
d1bc1ab0091d4af49ce08937891abfcd,A1c263.jpg,UK Antarctic Heritage Trust Data/Condition_Artefacts/Artefacts_A_Var_Copyrright_L_Ling/A1c263.jpg,2009-02-28 10:32:36,2009-02-28 10:32:36,Panasonic,DMC-FZ7,,,2816.0,1880.0,Horizontal,Ver.1.0,100.0,1/25,2.8,6.0,Fired,Auto,Normal program,Pattern,,,,2026-08-17T04:02:04+00:00
6f836122ae0a453a84eb8da5dbaf664e,A1c264.jpg,UK Antarctic Heritage Trust Data/Condition_Artefacts/Artefacts_A_Var_Copyrright_L_Ling/A1c264.jpg,2009-02-28 10:35:46,2009-02-28 10:35:46,Panasonic,DMC-FZ7,,,2816.0,1880.0,Horizontal,Ver.1.0,160.0,1/30,2.8,6.0,Did not fire,Auto,Normal program,Pattern,,,,2026-08-17T04:02:04+00:00
91017dc997294375ac348620eca6b38d,A1c265a.jpg,UK Antarctic Heritage Trust Data/Condition_Artefacts/Artefacts_A_Var_Copyrright_L_Ling/A1c265a.jpg,2009-02-28 10:39:43,2009-02-28 10:39:43,Panasonic,DMC-FZ7,,,2816.0,1880.0,Horizontal,Ver.1.0,160.0,1/30,2.8,6.0,Did not fire,Auto,Normal program,Pattern,,,,2026-08-17T04:02:04+00:00
b3b3b58a92d54c4687cd9523eae49917,A1c266.jpg,UK Antarctic Heritage Trust Data/Condition_Artefacts/Artefacts_A_Var_Copyrright_L_Ling/A1c266.jpg,2009-02-28 10:40:59,2009-02-28 10:40:59,Panasonic,DMC-FZ7,,,2816.0,1880.0,Horizontal,Ver.1.0,200.0,1/30,2.8,6.0,Did not fire,Auto,Normal program,Pattern,,,,2026-08-17T04:02:04+00:00
885e4fb377ca4a4a8a1bd17ac1adf480,A1c270.jpg,UK Antarctic Heritage Trust Data/Condition_Artefacts/Artefacts_A_Var_Copyrright_L_Ling/A1c270.jpg,2009-02-28 10:48:09,2009-02-28 10:48:09,Panasonic,DMC-FZ7,,,2816.0,1880.0,Horizontal,Ver.1.0,100.0,1/25,2.8,6.0,Fired,Auto,Normal program,Pattern,,,,2026-08-17T04:02:04+00:00
003b8b45093d4d7c8457788a9e5bb2c0,A1c271a.jpg,UK Antarctic Heritage Trust Data/Condition_Artefacts/Artefacts_A_Var_Copyrright_L_Ling/A1c271a.jpg,2009-02-28 10:49:27,2009-02-28 10:49:27,Panasonic,DMC-FZ7,,,2816.0,1880.0,Horizontal,Ver.1.0,200.0,1/30,2.8,6.0,Did not fire,Auto,Normal program,Pattern,,,,2026-08-17T04:02:04+00:00
bc904eda7be04745bc76770d25e01e54,A1c271b.jpg,UK Antarctic Heritage Trust Data/Condition_Artefacts/Artefacts_A_Var_Copyrright_L_Ling/A1c271b.jpg,2009-02-28 10:49:46,2009-02-28 10:49:46,Panasonic,DMC-FZ7,,,2816.0,1880.0,Horizontal,Ver.1.0,200.0,1/30,2.8,6.0,Did not fire,Auto,Normal program,Pattern,,,,2026-08-17T04:02:04+00:00
81f2e4aeb26b4ae4a6420f461392fd1e,A1c277.jpg,UK Antarctic Heritage Trust Data/Condition_Artefacts/Artefacts_A_Var_Copyrright_L_Ling/A1c277.jpg,2009-02-26 16:43:02,2009-02-26 16:43:02,Panasonic,DMC-FZ7,,,2048.0,1360.0,Rotate 90,Ver.1.0,100.0,1/25,2.8,6.0,Fired,Auto,Normal program,Pattern,,,,2026-08-17T04:02:04+00:00
60058a51d6d24132a92b8e6b6d19d572,A1c28.jpg,UK Antarctic Heritage Trust Data/Condition_Artefacts/Artefacts_A_Var_Copyrright_L_Ling/A1c28.jpg,2009-01-31 16:07:42,2009-01-31 16:07:42,Panasonic,DMC-FZ7,,,1880.0,2816.0,Rotate 90,Ver.1.0,200.0,1/25,2.8,6.0,Did not fire,Auto,Normal program,Pattern,,,,2026-08-17T04:02:04+00:00
71f2fe45bfa54c33ba3e6a0680159756,A1c28a.jpg,UK Antarctic Heritage Trust Data/Condition_Artefacts/Artefacts_A_Var_Copyrright_L_Ling/A1c28a.jpg,2009-01-31 16:08:12,2009-01-31 16:08:12,Panasonic,DMC-FZ7,,,1880.0,2816.0,Rotate 270,Ver.1.0,200.0,1/30,2.8,6.0,Did not fire,Auto,Normal program,Pattern,,,,2026-08-17T04:02:04+00:00
fcd679634430456abe77717357cde367,A1c29&30.jpg,UK Antarctic Heritage Trust Data/Condition_Artefacts/Artefacts_A_Var_Copyrright_L_Ling/A1c29&30.jpg,2009-01-31 16:16:11,2009-01-31 16:16:11,Panasonic,DMC-FZ7,,,2816.0,1880.0,Horizontal,Ver.1.0,100.0,1/30,2.8,6.0,Fired,Auto,Normal program,Pattern,,,,2026-08-17T04:02:04+00:00
67cd875ed6c742fb8d07caae84a6eb4d,A1c32.jpg,UK Antarctic Heritage Trust Data/Condition_Artefacts/Artefacts_A_Var_Copyrright_L_Ling/A1c32.jpg,2009-01-28 11:00:59,2009-01-28 11:00:59,Panasonic,DMC-FZ7,,,2816.0,1880.0,Horizontal,Ver.1.0,100.0,1/30,5.0,11.8,Fired,Auto,Aperture priority,Pattern,,,,2026-08-17T04:02:04+00:00
b376ef736cb740bb9f3446a03b8fc6e4,A1c32a.jpg,UK Antarctic Heritage Trust Data/Condition_Artefacts/Artefacts_A_Var_Copyrright_L_Ling/A1c32a.jpg,2009-01-28 11:01:08,2009-01-28 11:01:08,Panasonic,DMC-FZ7,,,2816.0,1880.0,Horizontal,Ver.1.0,100.0,1/30,5.0,11.8,Fired,Auto,Aperture priority,Pattern,,,,2026-08-17T04:02:04+00:00
f73ac24f422244dc8ac81be52e0024e7,A1c33a.jpg,UK Antarctic Heritage Trust Data/Condition_Artefacts/Artefacts_A_Var_Copyrright_L_Ling/A1c33a.jpg,2009-01-28 11:02:49,2009-01-28 11:02:49,Panasonic,DMC-FZ7,,,1880.0,2816.0,Horizontal,Ver.1.0,100.0,1/30,5.0,8.6,Fired,Auto,Aperture priority,Pattern,,,,2026-08-17T04:02:04+00:00
c4d3321ee23649019d0edffe653cf5f5,A1c33b.jpg,UK Antarctic Heritage Trust Data/Condition_Artefacts/Artefacts_A_Var_Copyrright_L_Ling/A1c33b.jpg,2009-01-28 11:03:00,2009-01-28 11:03:00,Panasonic,DMC-FZ7,,,2816.0,1880.0,Horizontal,Ver.1.0,100.0,1/30,5.0,8.6,Fired,Auto,Aperture priority,Pattern,,,,2026-08-17T04:02:04+00:00
5f522e0a761147988b7041e21a65d461,A1c33c.jpg,UK Antarctic Heritage Trust Data/Condition_Artefacts/Artefacts_A_Var_Copyrright_L_Ling/A1c33c.jpg,2009-01-28 11:03:07,2009-01-28 11:03:07,Panasonic,DMC-FZ7,,,1880.0,2816.0,Horizontal,Ver.1.0,100.0,1/30,5.0,8.6,Fired,Auto,Aperture priority,Pattern,,,,2026-08-17T04:02:04+00:00
d30f482c392349289382bbb0dfde1f9b,A1c33d.jpg,UK Antarctic Heritage Trust Data/Condition_Artefacts/Artefacts_A_Var_Copyrright_L_Ling/A1c33d.jpg,2009-01-28 11:03:19,2009-01-28 11:03:19,Panasonic,DMC-FZ7,,,2816.0,1880.0,Horizontal,Ver.1.0,100.0,1/30,5.0,8.6,Fired,Auto,Aperture priority,Pattern,,,,2026-08-17T04:02:04+00:00
bcf1213ec56149d8996ebaa5c784129f,A1c35.jpg,UK Antarctic Heritage Trust Data/Condition_Artefacts/Artefacts_A_Var_Copyrright_L_Ling/A1c35.jpg,2009-01-28 10:58:34,2009-01-28 10:58:34,Panasonic,DMC-FZ7,,,2816.0,1880.0,Horizontal,Ver.1.0,100.0,1/30,5.0,8.8,Fired,Auto,Aperture priority,Pattern,,,,2026-08-17T04:02:04+00:00
cf80b8085fd04854a88e57f917972cfd,A1c36.jpg,UK Antarctic Heritage Trust Data/Condition_Artefacts/Artefacts_A_Var_Copyrright_L_Ling/A1c36.jpg,2009-01-28 11:00:38,2009-01-28 11:00:38,Panasonic,DMC-FZ7,,,2816.0,1880.0,Horizontal,Ver.1.0,100.0,1/30,5.0,13.4,Fired,Auto,Aperture priority,Pattern,,,,2026-08-17T04:02:04+00:00
4bdfdad4853a41809b50565e10b1aa79,A1c42.jpg,UK Antarctic Heritage Trust Data/Condition_Artefacts/Artefacts_A_Var_Copyrright_L_Ling/A1c42.jpg,2009-01-24 10:16:40,2009-01-24 10:16:40,Panasonic,DMC-FZ7,,,2048.0,1360.0,Horizontal,Ver.1.0,80.0,1/80,4.0,6.0,Did not fire,Auto,Normal program,Pattern,,,,2026-08-17T04:02:04+00:00
e1d7f398313a421ea07c0e50c8d1d2c9,A1c4a.jpg,UK Antarctic Heritage Trust Data/Condition_Artefacts/Artefacts_A_Var_Copyrright_L_Ling/A1c4a.jpg,2009-01-31 16:15:45,2009-01-31 16:15:45,Panasonic,DMC-FZ7,,,1880.0,2816.0,Rotate 90,Ver.1.0,100.0,1/30,2.8,6.0,Fired,Auto,Normal program,Pattern,,,,2026-08-17T04:02:04+00:00
a0df646655634b77bf510b1605e11554,A1c4b.jpg,UK Antarctic Heritage Trust Data/Condition_Artefacts/Artefacts_A_Var_Copyrright_L_Ling/A1c4b.jpg,2009-01-31 16:15:52,2009-01-31 16:15:52,Panasonic,DMC-FZ7,,,1880.0,2816.0,Rotate 90,Ver.1.0,100.0,1/30,2.8,6.0,Fired,Auto,Normal program,Pattern,,,,2026-08-17T04:02:04+00:00
7946a67c0cc6431c97a480b2be2c8b34,A1c4c.jpg,UK Antarctic Heritage Trust Data/Condition_Artefacts/Artefacts_A_Var_Copyrright_L_Ling/A1c4c.jpg,2009-01-31 16:16:01,2009-01-31 16:16:01,Panasonic,DMC-FZ7,,,2816.0,1880.0,Rotate 90,Ver.1.0,100.0,1/30,2.8,6.0,Fired,Auto,Normal program,Pattern,,,,2026-08-17T04:02:04+00:00
a89295ee39144484a26f8a1bae5463e6,A1c5.jpg,UK Antarctic Heritage Trust Data/Condition_Artefacts/Artefacts_A_Var_Copyrright_L_Ling/A1c5.jpg,2009-01-31 16:18:04,2009-01-31 16:18:04,Panasonic,DMC-FZ7,,,2816.0,1880.0,Horizontal,Ver.1.0,100.0,1/30,2.8,8.3,Fired,Auto,Normal program,Pattern,,,,2026-08-17T04:02:04+00:00
48c62f7182f64eacaf6ce0f26828d2f8,A1c54.jpg,UK Antarctic Heritage Trust Data/Condition_Artefacts/Artefacts_A_Var_Copyrright_L_Ling/A1c54.jpg,2009-01-24 10:13:22,2009-01-24 10:13:22,Panasonic,DMC-FZ7,,,2048.0,1360.0,Rotate 90,Ver.1.0,100.0,1/30,2.8,6.0,Fired,Auto,Normal program,Pattern,,,,2026-08-17T04:02:04+00:00
339818c02ad442d0980348946d972052,A1c55.jpg,UK Antarctic Heritage Trust Data/Condition_Artefacts/Artefacts_A_Var_Copyrright_L_Ling/A1c55.jpg,2009-01-31 16:07:29,2009-01-31 16:07:29,Panasonic,DMC-FZ7,,,2816.0,1880.0,Horizontal,Ver.1.0,160.0,1/30,2.8,6.0,Did not fire,Auto,Normal program,Pattern,,,,2026-08-17T04:02:04+00:00
3fc34493e0ff4b75af1953607051675f,A1c56.jpg,UK Antarctic Heritage Trust Data/Condition_Artefacts/Artefacts_A_Var_Copyrright_L_Ling/A1c56.jpg,2009-01-24 10:16:14,2009-01-24 10:16:14,Panasonic,DMC-FZ7,,,2048.0,1360.0,Horizontal,Ver.1.0,80.0,1/60,4.0,6.0,Did not fire,Auto,Normal program,Pattern,,,,2026-08-17T04:02:04+00:00
454d900f285a46d3b2b3d683b3bcbb15,A1c57.jpg,UK Antarctic Heritage Trust Data/Condition_Artefacts/Artefacts_A_Var_Copyrright_L_Ling/A1c57.jpg,2009-01-24 10:31:08,2009-01-24 10:31:08,Panasonic,DMC-FZ7,,,2048.0,1360.0,Horizontal,Ver.1.0,100.0,1/30,2.8,6.0,Fired,Auto,Normal program,Pattern,,,,2026-08-17T04:02:04+00:00
20fdd5944ecc440f9f156d5847c4e9a3,A1c58.jpg,UK Antarctic Heritage Trust Data/Condition_Artefacts/Artefacts_A_Var_Copyrright_L_Ling/A1c58.jpg,2009-01-31 16:09:03,2009-01-31 16:09:03,Panasonic,DMC-FZ7,,,1880.0,2816.0,Rotate 90,Ver.1.0,80.0,1/30,2.8,6.4,Did not fire,Auto,Normal program,Pattern,,,,2026-08-17T04:02:04+00:00
1f0ea09d65a644db820e48b0eebd2309,A1c60.jpg,UK Antarctic Heritage Trust Data/Condition_Artefacts/Artefacts_A_Var_Copyrright_L_Ling/A1c60.jpg,2009-01-28 12:00:47,2009-01-28 12:00:47,Panasonic,DMC-FZ7,,,2816.0,1880.0,Rotate 90,Ver.1.0,80.0,1/30,3.2,11.8,Did not fire,Auto,Normal program,Pattern,,,,2026-08-17T04:02:05+00:00
0ffe995d9f9a45d2885413a55c11363b,A1c65.jpg,UK Antarctic Heritage Trust Data/Condition_Artefacts/Artefacts_A_Var_Copyrright_L_Ling/A1c65.jpg,2009-02-02 10:52:57,2009-02-02 10:52:57,Panasonic,DMC-FZ7,,,2112.0,2816.0,,Ver.1.0,200.0,1/13,2.8,6.0,Did not fire,Auto,Normal program,Pattern,,,,2026-08-17T04:02:05+00:00
3e6dd154891441f18718ffe29e5bb806,A1c66.jpg,UK Antarctic Heritage Trust Data/Condition_Artefacts/Artefacts_A_Var_Copyrright_L_Ling/A1c66.jpg,2009-01-24 10:12:22,2009-01-24 10:12:22,Panasonic,DMC-FZ7,,,1360.0,2048.0,,Ver.1.0,200.0,1/13,2.8,6.0,Did not fire,Auto,Normal program,Pattern,,,,2026-08-17T04:02:05+00:00
79e4776e03504f9b8f6528e5fe2c08b8,A1c66m.jpg,UK Antarctic Heritage Trust Data/Condition_Artefacts/Artefacts_A_Var_Copyrright_L_Ling/A1c66m.jpg,2009-01-28 11:06:20,2009-01-28 11:06:20,Panasonic,DMC-FZ7,,,1880.0,2816.0,Rotate 90,Ver.1.0,100.0,1/30,5.0,6.0,Fired,Auto,Aperture priority,Pattern,,,,2026-08-17T04:02:05+00:00
5d81ea6c69bb4312b7188982d916f758,A1c66x.jpg,UK Antarctic Heritage Trust Data/Condition_Artefacts/Artefacts_A_Var_Copyrright_L_Ling/A1c66x.jpg,2009-02-26 16:45:01,2009-02-26 16:45:01,Panasonic,DMC-FZ7,,,1360.0,2048.0,,Ver.1.0,100.0,1/25,2.8,6.0,Fired,Auto,Normal program,Pattern,,,,2026-08-17T04:02:05+00:00
0cccd90518f24480961dd80884a83180,A1c66y.jpg,UK Antarctic Heritage Trust Data/Condition_Artefacts/Artefacts_A_Var_Copyrright_L_Ling/A1c66y.jpg,2009-02-26 16:44:54,2009-02-26 16:44:54,Panasonic,DMC-FZ7,,,1360.0,2048.0,,Ver.1.0,100.0,1/25,2.8,6.0,Fired,Auto,Normal program,Pattern,,,,2026-08-17T04:02:05+00:00
924ac4ed38594594a649293acd5f9921,A1c66z.jpg,UK Antarctic Heritage Trust Data/Condition_Artefacts/Artefacts_A_Var_Copyrright_L_Ling/A1c66z.jpg,2009-02-26 16:44:49,2009-02-26 16:44:49,Panasonic,DMC-FZ7,,,1360.0,2048.0,,Ver.1.0,100.0,1/25,2.8,6.0,Fired,Auto,Normal program,Pattern,,,,2026-08-17T04:02:05+00:00
a848dfd2f3b74a6fad8384830e71c2b5,A1c68&69.jpg,UK Antarctic Heritage Trust Data/Condition_Artefacts/Artefacts_A_Var_Copyrright_L_Ling/A1c68&69.jpg,2009-01-31 16:09:44,2009-01-31 16:09:44,Panasonic,DMC-FZ7,,,1880.0,2816.0,Rotate 90,Ver.1.0,200.0,1/5,2.8,6.0,Did not fire,Auto,Normal program,Pattern,,,,2026-08-17T04:02:05+00:00
15bd90799e40448eaf04d35182b2bbc8,A1c7&143.jpg,UK Antarctic Heritage Trust Data/Condition_Artefacts/Artefacts_A_Var_Copyrright_L_Ling/A1c7&143.jpg,2009-01-31 16:08:58,2009-01-31 16:08:58,Panasonic,DMC-FZ7,,,1880.0,2816.0,Rotate 90,Ver.1.0,200.0,1/30,2.8,6.0,Did not fire,Auto,Normal program,Pattern,,,,2026-08-17T04:02:05+00:00
862a6d513b6740d59c6579c8495ebc63,A1c77.jpg,UK Antarctic Heritage Trust Data/Condition_Artefacts/Artefacts_A_Var_Copyrright_L_Ling/A1c77.jpg,2009-02-26 16:56:55,2009-02-26 16:56:55,Panasonic,DMC-FZ7,,,2048.0,1360.0,Horizontal,Ver.1.0,100.0,1/25,2.8,6.0,Fired,Auto,Normal program,Pattern,,,,2026-08-17T04:02:05+00:00
f5081516787440ada3a38892a1e36f32,A1c78.jpg,UK Antarctic Heritage Trust Data/Condition_Artefacts/Artefacts_A_Var_Copyrright_L_Ling/A1c78.jpg,2009-01-31 16:14:08,2009-01-31 16:14:08,Panasonic,DMC-FZ7,,,1880.0,2816.0,Rotate 90,Ver.1.0,100.0,1/30,2.8,6.0,Fired,Auto,Normal program,Pattern,,,,2026-08-17T04:02:05+00:00
2815485c81f4422eabbcfb6bda3f0b1e,A1c78a.jpg,UK Antarctic Heritage Trust Data/Condition_Artefacts/Artefacts_A_Var_Copyrright_L_Ling/A1c78a.jpg,2009-02-26 15:37:54,2009-02-26 15:37:54,Panasonic,DMC-FZ7,,,2048.0,1360.0,Horizontal,Ver.1.0,200.0,1/25,2.8,6.0,Did not fire,Auto,Normal program,Pattern,,,,2026-08-17T04:02:05+00:00
8d9b3501932e45d688b5fdd37c59f869,A1c78b.jpg,UK Antarctic Heritage Trust Data/Condition_Artefacts/Artefacts_A_Var_Copyrright_L_Ling/A1c78b.jpg,2009-01-24 10:14:08,2009-01-24 10:14:08,Panasonic,DMC-FZ7,,,2048.0,1360.0,Horizontal,Ver.1.0,100.0,1/30,2.8,6.0,Fired,Auto,Normal program,Pattern,,,,2026-08-17T04:02:05+00:00
d151ff731a7b4c5bbb0b04707cb0694a,A1c80.jpg,UK Antarctic Heritage Trust Data/Condition_Artefacts/Artefacts_A_Var_Copyrright_L_Ling/A1c80.jpg,2009-01-24 10:16:54,2009-01-24 10:16:54,Panasonic,DMC-FZ7,,,1360.0,2048.0,Rotate 90,Ver.1.0,80.0,1/60,2.8,6.0,Did not fire,Auto,Normal program,Pattern,,,,2026-08-17T04:02:05+00:00
1280d041ba4947bba13e17a7d8defc54,A1c89.jpg,UK Antarctic Heritage Trust Data/Condition_Artefacts/Artefacts_A_Var_Copyrright_L_Ling/A1c89.jpg,2009-01-31 16:08:36,2009-01-31 16:08:36,Panasonic,DMC-FZ7,,,2816.0,1880.0,Horizontal,Ver.1.0,200.0,1/13,2.8,6.0,Did not fire,Auto,Normal program,Pattern,,,,2026-08-17T04:02:05+00:00
88828fc525474fe5a5c2fe4528b017d9,A1c9.jpg,UK Antarctic Heritage Trust Data/Condition_Artefacts/Artefacts_A_Var_Copyrright_L_Ling/A1c9.jpg,2009-01-28 11:15:40,2009-01-28 11:15:40,Panasonic,DMC-FZ7,,,2816.0,1880.0,Horizontal,Ver.1.0,100.0,1/60,5.0,6.0,Did not fire,Auto,Aperture priority,Pattern,,,,2026-08-17T04:02:05+00:00
a77f181edbc54c78a00bd9897b72b2f2,A1c90.jpg,UK Antarctic Heritage Trust Data/Condition_Artefacts/Artefacts_A_Var_Copyrright_L_Ling/A1c90.jpg,2009-01-31 16:14:49,2009-01-31 16:14:49,Panasonic,DMC-FZ7,,,2816.0,1880.0,Horizontal,Ver.1.0,100.0,1/30,2.8,8.9,Fired,Auto,Normal program,Pattern,,,,2026-08-17T04:02:05+00:00
0b4b57fef69b418e9a5ff7b00ab13768,A1c92a.jpg,UK Antarctic Heritage Trust Data/Condition_Artefacts/Artefacts_A_Var_Copyrright_L_Ling/A1c92a.jpg,2009-01-24 10:15:27,2009-01-24 10:15:27,Panasonic,DMC-FZ7,,,2048.0,1360.0,Horizontal,Ver.1.0,100.0,1/30,2.8,6.0,Fired,Auto,Normal program,Pattern,,,,2026-08-17T04:02:05+00:00
fef6853d95614ce2b4ec6b2966da5ec4,A1c92b.jpg,UK Antarctic Heritage Trust Data/Condition_Artefacts/Artefacts_A_Var_Copyrright_L_Ling/A1c92b.jpg,2009-01-24 10:15:39,2009-01-24 10:15:39,Panasonic,DMC-FZ7,,,2048.0,1360.0,Horizontal,Ver.1.0,160.0,1/30,2.8,6.0,Did not fire,Auto,Normal program,Pattern,,,,2026-08-17T04:02:05+00:00
4c0e64f35d5f42f19896c2c681a8f990,A1c94.jpg,UK Antarctic Heritage Trust Data/Condition_Artefacts/Artefacts_A_Var_Copyrright_L_Ling/A1c94.jpg,2009-01-24 10:15:05,2009-01-24 10:15:05,Panasonic,DMC-FZ7,,,1360.0,2048.0,Rotate 90,Ver.1.0,100.0,1/30,2.8,6.0,Fired,Auto,Normal program,Pattern,,,,2026-08-17T04:02:05+00:00
b73095fb7a6d44cdb13688dac9fa098b,A1c97.jpg,UK Antarctic Heritage Trust Data/Condition_Artefacts/Artefacts_A_Var_Copyrright_L_Ling/A1c97.jpg,2009-01-28 11:14:21,2009-01-28 11:14:21,Panasonic,DMC-FZ7,,,1880.0,2816.0,Rotate 90,Ver.1.0,100.0,1/30,5.0,6.0,Fired,Auto,Aperture priority,Pattern,,,,2026-08-17T04:02:05+00:00
3dd3f77491da445fbec39a532505672e,A1c98.jpg,UK Antarctic Heritage Trust Data/Condition_Artefacts/Artefacts_A_Var_Copyrright_L_Ling/A1c98.jpg,2009-01-31 16:08:46,2009-01-31 16:08:46,Panasonic,DMC-FZ7,,,1880.0,2816.0,Rotate 90,Ver.1.0,200.0,1/15,2.8,6.0,Did not fire,Auto,Normal program,Pattern,,,,2026-08-17T04:02:05+00:00
f3ef6778f7a5400b90c7a4c0196de13e,A1d1.jpg,UK Antarctic Heritage Trust Data/Condition_Artefacts/Artefacts_A_Var_Copyrright_L_Ling/A1d1.jpg,2009-02-02 10:32:04,2009-02-02 10:32:04,Panasonic,DMC-FZ7,,,2112.0,2816.0,Rotate 90,Ver.1.0,100.0,1/30,3.2,17.3,Fired,Auto,Normal program,Pattern,,,,2026-08-17T04:02:05+00:00
a37b4bf04c354776b6b5f8f38a658263,A1d12.jpg,UK Antarctic Heritage Trust Data/Condition_Artefacts/Artefacts_A_Var_Copyrright_L_Ling/A1d12.jpg,2009-02-20 11:07:24,2009-02-20 11:07:24,Panasonic,DMC-FZ7,,,2816.0,1880.0,Horizontal,Ver.1.0,100.0,1/25,3.3,24.1,Fired,Auto,Normal program,Pattern,,,,2026-08-17T04:02:05+00:00
c6cdad85b80d40b68551a5d208226c2d,A1d18a.jpg,UK Antarctic Heritage Trust Data/Condition_Artefacts/Artefacts_A_Var_Copyrright_L_Ling/A1d18a.jpg,2009-02-20 10:34:07,2009-02-20 10:34:07,Panasonic,DMC-FZ7,,,1880.0,2816.0,Rotate 270,Ver.1.0,200.0,1/15,2.8,6.0,Did not fire,Auto,Normal program,Pattern,,,,2026-08-17T04:02:05+00:00
6d8f8538cfc34e5dbeecdd1f976943f5,A1d18b.jpg,UK Antarctic Heritage Trust Data/Condition_Artefacts/Artefacts_A_Var_Copyrright_L_Ling/A1d18b.jpg,2009-02-20 10:37:08,2009-02-20 10:37:08,Panasonic,DMC-FZ7,,,1880.0,2816.0,Rotate 270,Ver.1.0,200.0,1/20,2.8,6.0,Did not fire,Auto,Normal program,Pattern,,,,2026-08-17T04:02:05+00:00
70cdb284b2af44de9edc3d78d6246e2a,A1d20.jpg,UK Antarctic Heritage Trust Data/Condition_Artefacts/Artefacts_A_Var_Copyrright_L_Ling/A1d20.jpg,2009-02-19 14:40:19,2009-02-19 14:40:19,Panasonic,DMC-FZ7,,,1880.0,2816.0,Rotate 90,Ver.1.0,200.0,1/15,2.8,6.0,Did not fire,Auto,Normal program,Pattern,,,,2026-08-17T04:02:05+00:00
6ad838a3f45c4e75be9f53889958ea2e,A1d21.jpg,UK Antarctic Heritage Trust Data/Condition_Artefacts/Artefacts_A_Var_Copyrright_L_Ling/A1d21.jpg,2009-02-19 14:32:40,2009-02-19 14:32:40,Panasonic,DMC-FZ7,,,2816.0,1880.0,Horizontal,Ver.1.0,200.0,1/10,2.8,6.0,Did not fire,Auto,Normal program,Pattern,,,,2026-08-17T04:02:05+00:00
e89c05089a684cd78f34ff0f5d8c4784,A1d22a.jpg,UK Antarctic Heritage Trust Data/Condition_Artefacts/Artefacts_A_Var_Copyrright_L_Ling/A1d22a.jpg,2009-02-20 10:35:00,2009-02-20 10:35:00,Panasonic,DMC-FZ7,,,2816.0,1880.0,Horizontal,Ver.1.0,200.0,1/13,2.8,6.0,Did not fire,Auto,Normal program,Pattern,,,,2026-08-17T04:02:05+00:00
253de76fff634f4eb7890c9b9b965805,A1d22b.jpg,UK Antarctic Heritage Trust Data/Condition_Artefacts/Artefacts_A_Var_Copyrright_L_Ling/A1d22b.jpg,2009-02-20 10:35:09,2009-02-20 10:35:09,Panasonic,DMC-FZ7,,,2816.0,1880.0,Horizontal,Ver.1.0,200.0,1/10,2.8,6.0,Did not fire,Auto,Normal program,Pattern,,,,2026-08-17T04:02:05+00:00
2f35464e5c344596a8d343447de85d7d,A1d22d.jpg,UK Antarctic Heritage Trust Data/Condition_Artefacts/Artefacts_A_Var_Copyrright_L_Ling/A1d22d.jpg,2009-02-20 12:23:11,2009-02-20 12:23:11,Panasonic,DMC-FZ7,,,2816.0,1880.0,Horizontal,Ver.1.0,100.0,1/25,2.8,6.0,Fired,Auto,Normal program,Pattern,,,,2026-08-17T04:02:05+00:00
b634eadd42af4791b3ec8191aa6eda62,A1d22e.jpg,UK Antarctic Heritage Trust Data/Condition_Artefacts/Artefacts_A_Var_Copyrright_L_Ling/A1d22e.jpg,2009-02-20 12:23:17,2009-02-20 12:23:17,Panasonic,DMC-FZ7,,,1880.0,2816.0,Rotate 270,Ver.1.0,100.0,1/25,2.8,6.0,Fired,Auto,Normal program,Pattern,,,,2026-08-17T04:02:05+00:00
30855477bb8a45de99dcd58b7863fd36,A1d31&32.jpg,UK Antarctic Heritage Trust Data/Condition_Artefacts/Artefacts_A_Var_Copyrright_L_Ling/A1d31&32.jpg,2009-02-02 10:31:22,2009-02-02 10:31:22,Panasonic,DMC-FZ7,,,2816.0,2112.0,Horizontal,Ver.1.0,100.0,1/30,2.8,6.0,Fired,Auto,Normal program,Pattern,,,,2026-08-17T04:02:05+00:00
5a35edbfdb7c44cdb5b84badfcf582d2,A1d40.jpg,UK Antarctic Heritage Trust Data/Condition_Artefacts/Artefacts_A_Var_Copyrright_L_Ling/A1d40.jpg,2009-02-02 10:30:55,2009-02-02 10:30:55,Panasonic,DMC-FZ7,,,2112.0,2816.0,Rotate 90,Ver.1.0,100.0,1/30,2.8,7.0,Fired,Auto,Normal program,Pattern,,,,2026-08-17T04:02:05+00:00
13b3b03b46df4b4d9e459385d7719de8,A1d7.jpg,UK Antarctic Heritage Trust Data/Condition_Artefacts/Artefacts_A_Var_Copyrright_L_Ling/A1d7.jpg,2009-01-31 16:12:01,2009-01-31 16:12:01,Panasonic,DMC-FZ7,,,1880.0,2816.0,Rotate 90,Ver.1.0,100.0,1/30,3.2,11.4,Fired,Auto,Normal program,Pattern,,,,2026-08-17T04:02:05+00:00
5f9d4a34fef7466bad89bdd1f041fac7,A1e1.jpg,UK Antarctic Heritage Trust Data/Condition_Artefacts/Artefacts_A_Var_Copyrright_L_Ling/A1e1.jpg,2009-02-20 11:32:28,2009-02-20 11:32:28,Panasonic,DMC-FZ7,,,2816.0,1880.0,Rotate 270,Ver.1.0,200.0,1/8,2.8,6.0,Did not fire,Auto,Normal program,Pattern,,,,2026-08-17T04:02:05+00:00
f0136bf82194406f9d8e204d9c739a90,A1e101.jpg,UK Antarctic Heritage Trust Data/Condition_Artefacts/Artefacts_A_Var_Copyrright_L_Ling/A1e101.jpg,2009-02-18 15:08:36,2009-02-18 15:08:36,Panasonic,DMC-FZ7,,,2816.0,1880.0,Horizontal,Ver.1.0,125.0,1/30,2.8,8.4,Did not fire,Auto,Normal program,Pattern,,,,2026-08-17T04:02:05+00:00
1409fd3190ce42d59f7a0303a43dc514,A1e1a.jpg,UK Antarctic Heritage Trust Data/Condition_Artefacts/Artefacts_A_Var_Copyrright_L_Ling/A1e1a.jpg,2009-02-20 11:33:04,2009-02-20 11:33:04,Panasonic,DMC-FZ7,,,2816.0,1880.0,Rotate 90,Ver.1.0,100.0,1/25,2.8,6.0,Fired,Auto,Normal program,Pattern,,,,2026-08-17T04:02:05+00:00
3283ef831b834d8ebacd901620c03a0f,A1e1b.jpg,UK Antarctic Heritage Trust Data/Condition_Artefacts/Artefacts_A_Var_Copyrright_L_Ling/A1e1b.jpg,2009-02-20 11:33:09,2009-02-20 11:33:09,Panasonic,DMC-FZ7,,,2816.0,1880.0,Horizontal,Ver.1.0,100.0,1/25,2.8,6.0,Fired,Auto,Normal program,Pattern,,,,2026-08-17T04:02:05+00:00
6d2f055b05d449d79c5e9054bcb61900,A1e20.jpg,UK Antarctic Heritage Trust Data/Condition_Artefacts/Artefacts_A_Var_Copyrright_L_Ling/A1e20.jpg,2009-02-20 11:46:32,2009-02-20 11:46:32,Panasonic,DMC-FZ7,,,2816.0,1880.0,Horizontal,Ver.1.0,100.0,1/25,3.2,10.2,Fired,Auto,Normal program,Pattern,,,,2026-08-17T04:02:05+00:00
1e8865658382428bbc9b3cd96901b021,A1e24.jpg,UK Antarctic Heritage Trust Data/Condition_Artefacts/Artefacts_A_Var_Copyrright_L_Ling/A1e24.jpg,2009-02-19 14:45:11,2009-02-19 14:45:11,Panasonic,DMC-FZ7,,,2816.0,1880.0,Horizontal,Ver.1.0,200.0,2/5,2.8,6.0,Did not fire,Auto,Normal program,Pattern,,,,2026-08-17T04:02:05+00:00
de22627310644c22a5a0d4f2dbaa3b86,A1e25a.jpg,UK Antarctic Heritage Trust Data/Condition_Artefacts/Artefacts_A_Var_Copyrright_L_Ling/A1e25a.jpg,2009-02-18 14:24:31,2009-02-18 14:24:31,Panasonic,DMC-FZ7,,,2816.0,1880.0,Horizontal,Ver.1.0,100.0,1/25,2.8,6.0,Fired,Auto,Normal program,Pattern,,,,2026-08-17T04:02:05+00:00
7892aa2390324392a2f2a9413e0be8f1,A1e25c.jpg,UK Antarctic Heritage Trust Data/Condition_Artefacts/Artefacts_A_Var_Copyrright_L_Ling/A1e25c.jpg,2009-02-18 14:28:28,2009-02-18 14:28:28,Panasonic,DMC-FZ7,,,2816.0,1880.0,Horizontal,Ver.1.0,200.0,1/10,2.8,6.0,Did not fire,Auto,Normal program,Pattern,,,,2026-08-17T04:02:05+00:00
e32c4cffa9b0480fb4904ab55d70d062,A1e26.jpg,UK Antarctic Heritage Trust Data/Condition_Artefacts/Artefacts_A_Var_Copyrright_L_Ling/A1e26.jpg,2009-02-19 14:36:59,2009-02-19 14:36:59,Panasonic,DMC-FZ7,,,2816.0,1880.0,Horizontal,Ver.1.0,200.0,1/8,2.8,6.0,Did not fire,Auto,Normal program,Pattern,,,,2026-08-17T04:02:05+00:00
5c9d78965dad45a398bc47b933a9bfa6,A1e28.jpg,UK Antarctic Heritage Trust Data/Condition_Artefacts/Artefacts_A_Var_Copyrright_L_Ling/A1e28.jpg,2009-02-19 15:04:44,2009-02-19 15:04:44,Panasonic,DMC-FZ7,,,2816.0,1880.0,Horizontal,Ver.1.0,100.0,1/25,2.8,6.0,Fired,Auto,Normal program,Pattern,,,,2026-08-17T04:02:05+00:00
3eea3982f65a4b22805332cad408fb5e,A1e3.jpg,UK Antarctic Heritage Trust Data/Condition_Artefacts/Artefacts_A_Var_Copyrright_L_Ling/A1e3.jpg,2009-02-19 14:27:27,2009-02-19 14:27:27,Panasonic,DMC-FZ7,,,2816.0,1880.0,Horizontal,Ver.1.0,200.0,1/8,3.2,9.9,Did not fire,Auto,Normal program,Pattern,,,,2026-08-17T04:02:05+00:00
a14113c560b24512993c63cd3bc474f5,A1e30.jpg,UK Antarctic Heritage Trust Data/Condition_Artefacts/Artefacts_A_Var_Copyrright_L_Ling/A1e30.jpg,2009-02-19 14:38:11,2009-02-19 14:38:11,Panasonic,DMC-FZ7,,,2816.0,1880.0,Horizontal,Ver.1.0,200.0,1/6,2.8,6.0,Did not fire,Auto,Normal program,Pattern,,,,2026-08-17T04:02:05+00:00
36ad212405c24b84acc5e860ec6f5fcc,A1e32.jpg,UK Antarctic Heritage Trust Data/Condition_Artefacts/Artefacts_A_Var_Copyrright_L_Ling/A1e32.jpg,2009-02-19 14:35:29,2009-02-19 14:35:29,Panasonic,DMC-FZ7,,,2816.0,1880.0,Horizontal,Ver.1.0,200.0,1/4,2.8,6.4,Did not fire,Auto,Normal program,Pattern,,,,2026-08-17T04:02:05+00:00
1a68f233664849f39fa2a2464f3fed0f,A1e32z.jpg,UK Antarctic Heritage Trust Data/Condition_Artefacts/Artefacts_A_Var_Copyrright_L_Ling/A1e32z.jpg,2009-02-20 11:45:04,2009-02-20 11:45:04,Panasonic,DMC-FZ7,,,2816.0,1880.0,Horizontal,Ver.1.0,100.0,1/25,2.8,6.0,Fired,Auto,Normal program,Pattern,,,,2026-08-17T04:02:05+00:00
d3d845bf39884f87b126b1c41f261242,A1e34.jpg,UK Antarctic Heritage Trust Data/Condition_Artefacts/Artefacts_A_Var_Copyrright_L_Ling/A1e34.jpg,2009-02-20 11:08:53,2009-02-20 11:08:53,Panasonic,DMC-FZ7,,,2816.0,1880.0,Horizontal,Ver.1.0,100.0,1/25,3.2,17.3,Fired,Auto,Normal program,Pattern,,,,2026-08-17T04:02:05+00:00
93f5ce2446f242349b7f669117e25890,A1e34a.jpg,UK Antarctic Heritage Trust Data/Condition_Artefacts/Artefacts_A_Var_Copyrright_L_Ling/A1e34a.jpg,2009-02-20 11:08:58,2009-02-20 11:08:58,Panasonic,DMC-FZ7,,,2816.0,1880.0,Horizontal,Ver.1.0,100.0,1/25,3.2,17.3,Fired,Auto,Normal program,Pattern,,,,2026-08-17T04:02:05+00:00
e20f73823f80483cb065e0ceea44c93c,A1e4.jpg,UK Antarctic Heritage Trust Data/Condition_Artefacts/Artefacts_A_Var_Copyrright_L_Ling/A1e4.jpg,2009-02-19 14:34:14,2009-02-19 14:34:14,Panasonic,DMC-FZ7,,,2816.0,1880.0,Horizontal,Ver.1.0,200.0,1/8,2.8,6.6,Did not fire,Auto,Normal program,Pattern,,,,2026-08-17T04:02:05+00:00
2a4e75771755445fb8f988f09eabd1ef,A1e41j.jpg,UK Antarctic Heritage Trust Data/Condition_Artefacts/Artefacts_A_Var_Copyrright_L_Ling/A1e41j.jpg,2009-02-18 14:30:48,2009-02-18 14:30:48,Panasonic,DMC-FZ7,,,2816.0,1880.0,Horizontal,Ver.1.0,100.0,1/25,2.8,6.0,Fired,Auto,Normal program,Pattern,,,,2026-08-17T04:02:05+00:00
6bcade2502c849bd906589178760189c,A1e41k.jpg,UK Antarctic Heritage Trust Data/Condition_Artefacts/Artefacts_A_Var_Copyrright_L_Ling/A1e41k.jpg,2009-02-18 14:30:34,2009-02-18 14:30:34,Panasonic,DMC-FZ7,,,2816.0,1880.0,Horizontal,Ver.1.0,200.0,1/4,2.8,6.0,Did not fire,Auto,Normal program,Pattern,,,,2026-08-17T04:02:05+00:00
29735508242a40b39afca0e74efdcda0,A1e41l.jpg,UK Antarctic Heritage Trust Data/Condition_Artefacts/Artefacts_A_Var_Copyrright_L_Ling/A1e41l.jpg,2009-02-18 14:30:08,2009-02-18 14:30:08,Panasonic,DMC-FZ7,,,2816.0,1880.0,Horizontal,Ver.1.0,100.0,1/25,2.8,6.0,Fired,Auto,Normal program,Pattern,,,,2026-08-17T04:02:05+00:00
c001061e0dad4aeba8704d3ce4be4c92,A1e41m.jpg,UK Antarctic Heritage Trust Data/Condition_Artefacts/Artefacts_A_Var_Copyrright_L_Ling/A1e41m.jpg,2009-02-18 14:29:57,2009-02-18 14:29:57,Panasonic,DMC-FZ7,,,2816.0,1880.0,Rotate 270,Ver.1.0,100.0,1/25,2.8,6.0,Fired,Auto,Normal program,Pattern,,,,2026-08-17T04:02:05+00:00
d654d95f0e8747b7a217eae7ac140595,A1e41n.jpg,UK Antarctic Heritage Trust Data/Condition_Artefacts/Artefacts_A_Var_Copyrright_L_Ling/A1e41n.jpg,2009-02-18 14:29:30,2009-02-18 14:29:30,Panasonic,DMC-FZ7,,,2816.0,1880.0,Horizontal,Ver.1.0,100.0,1/25,3.2,9.9,Fired,Auto,Normal program,Pattern,,,,2026-08-17T04:02:05+00:00
0efdfe6456114773a1d1737541be9f9d,A1e41o.jpg,UK Antarctic Heritage Trust Data/Condition_Artefacts/Artefacts_A_Var_Copyrright_L_Ling/A1e41o.jpg,2009-02-18 14:28:54,2009-02-18 14:28:54,Panasonic,DMC-FZ7,,,2816.0,1880.0,Horizontal,Ver.1.0,200.0,1/25,3.2,9.9,Did not fire,Auto,Normal program,Pattern,,,,2026-08-17T04:02:05+00:00
97f6f6333d9d43cba11c1286029b3b44,A1e41p.jpg,UK Antarctic Heritage Trust Data/Condition_Artefacts/Artefacts_A_Var_Copyrright_L_Ling/A1e41p.jpg,2009-02-18 14:27:56,2009-02-18 14:27:56,Panasonic,DMC-FZ7,,,2816.0,1880.0,Horizontal,Ver.1.0,100.0,1/25,2.8,6.0,Fired,Auto,Normal program,Pattern,,,,2026-08-17T04:02:05+00:00
b4910e1264a846c6a0639b0c3e2c3957,A1e41q.jpg,UK Antarctic Heritage Trust Data/Condition_Artefacts/Artefacts_A_Var_Copyrright_L_Ling/A1e41q.jpg,2009-02-18 14:25:33,2009-02-18 14:25:33,Panasonic,DMC-FZ7,,,2816.0,1880.0,Horizontal,Ver.1.0,100.0,1/25,2.8,6.0,Fired,Auto,Normal program,Pattern,,,,2026-08-17T04:02:05+00:00
f0b0540c46f043e1aa835e1dfc178743,A1e41r.jpg,UK Antarctic Heritage Trust Data/Condition_Artefacts/Artefacts_A_Var_Copyrright_L_Ling/A1e41r.jpg,2009-02-18 14:25:12,2009-02-18 14:25:12,Panasonic,DMC-FZ7,,,2816.0,1880.0,Horizontal,Ver.1.0,100.0,1/25,2.8,6.0,Fired,Auto,Normal program,Pattern,,,,2026-08-17T04:02:05+00:00
febdbf3ad6e9415ab18eb0f8d7140079,A1e41s.jpg,UK Antarctic Heritage Trust Data/Condition_Artefacts/Artefacts_A_Var_Copyrright_L_Ling/A1e41s.jpg,2009-02-18 14:25:03,2009-02-18 14:25:03,Panasonic,DMC-FZ7,,,2816.0,1880.0,Horizontal,Ver.1.0,100.0,1/25,2.8,6.0,Fired,Auto,Normal program,Pattern,,,,2026-08-17T04:02:06+00:00
b2ea24e28319467f9f51792bc992bd98,A1e41t.jpg,UK Antarctic Heritage Trust Data/Condition_Artefacts/Artefacts_A_Var_Copyrright_L_Ling/A1e41t.jpg,2009-02-18 14:24:56,2009-02-18 14:24:56,Panasonic,DMC-FZ7,,,2816.0,1880.0,Rotate 90,Ver.1.0,100.0,1/25,2.8,6.0,Fired,Auto,Normal program,Pattern,,,,2026-08-17T04:02:06+00:00
78e03c62992f446a951dbb7cf7c02bd9,A1e41u.jpg,UK Antarctic Heritage Trust Data/Condition_Artefacts/Artefacts_A_Var_Copyrright_L_Ling/A1e41u.jpg,2009-02-18 14:24:51,2009-02-18 14:24:51,Panasonic,DMC-FZ7,,,2816.0,1880.0,Rotate 90,Ver.1.0,100.0,1/25,2.8,6.0,Fired,Auto,Normal program,Pattern,,,,2026-08-17T04:02:06+00:00
f547253ba84045eabed59effef152f17,A1e41v.jpg,UK Antarctic Heritage Trust Data/Condition_Artefacts/Artefacts_A_Var_Copyrright_L_Ling/A1e41v.jpg,2009-02-18 14:24:40,2009-02-18 14:24:40,Panasonic,DMC-FZ7,,,2816.0,1880.0,Rotate 90,Ver.1.0,100.0,1/25,2.8,6.0,Fired,Auto,Normal program,Pattern,,,,2026-08-17T04:02:06+00:00
25afbc14e6384d85b3d1c23599bc825c,A1e41w.jpg,UK Antarctic Heritage Trust Data/Condition_Artefacts/Artefacts_A_Var_Copyrright_L_Ling/A1e41w.jpg,2009-02-18 14:24:24,2009-02-18 14:24:24,Panasonic,DMC-FZ7,,,2816.0,1880.0,Horizontal,Ver.1.0,200.0,1/10,2.8,6.0,Did not fire,Auto,Normal program,Pattern,,,,2026-08-17T04:02:06+00:00
8520105327544903aa6635281b0cb434,A1e41x.jpg,UK Antarctic Heritage Trust Data/Condition_Artefacts/Artefacts_A_Var_Copyrright_L_Ling/A1e41x.jpg,2009-02-18 14:24:18,2009-02-18 14:24:18,Panasonic,DMC-FZ7,,,2816.0,1880.0,Horizontal,Ver.1.0,200.0,1/15,2.8,6.0,Did not fire,Auto,Normal program,Pattern,,,,2026-08-17T04:02:06+00:00
686e6db12bc5420bb07e7b5536bcf99c,A1e41y.jpg,UK Antarctic Heritage Trust Data/Condition_Artefacts/Artefacts_A_Var_Copyrright_L_Ling/A1e41y.jpg,2009-02-18 14:24:01,2009-02-18 14:24:01,Panasonic,DMC-FZ7,,,2816.0,1880.0,Horizontal,Ver.1.0,100.0,1/25,2.8,6.0,Fired,Auto,Normal program,Pattern,,,,2026-08-17T04:02:06+00:00
6796d6f69e764e08976082db44844136,A1e41z.jpg,UK Antarctic Heritage Trust Data/Condition_Artefacts/Artefacts_A_Var_Copyrright_L_Ling/A1e41z.jpg,2009-02-18 14:23:51,2009-02-18 14:23:51,Panasonic,DMC-FZ7,,,2816.0,1880.0,Horizontal,Ver.1.0,100.0,1/25,2.8,6.0,Fired,Auto,Normal program,Pattern,,,,2026-08-17T04:02:06+00:00
c566af79424c4490bfb19d37ba68ca41,A1e42.jpg,UK Antarctic Heritage Trust Data/Condition_Artefacts/Artefacts_A_Var_Copyrright_L_Ling/A1e42.jpg,2009-02-20 12:15:26,2009-02-20 12:15:26,Panasonic,DMC-FZ7,,,2816.0,1880.0,Horizontal,Ver.1.0,200.0,1/8,2.8,6.0,Did not fire,Auto,Normal program,Pattern,,,,2026-08-17T04:02:06+00:00
654bbb28ef35434a95d810c6a0a5aa22,A1e45.jpg,UK Antarctic Heritage Trust Data/Condition_Artefacts/Artefacts_A_Var_Copyrright_L_Ling/A1e45.jpg,2009-02-27 12:17:11,2009-02-27 12:17:11,Panasonic,DMC-FZ7,,,2816.0,1880.0,Horizontal,Ver.1.0,100.0,1/25,2.8,6.0,Fired,Auto,Normal program,Pattern,,,,2026-08-17T04:02:06+00:00
476e4fbdd571409f83d753c5fe50a090,A1e50&d21.jpg,UK Antarctic Heritage Trust Data/Condition_Artefacts/Artefacts_A_Var_Copyrright_L_Ling/A1e50&d21.jpg,2009-02-19 14:32:54,2009-02-19 14:32:54,Panasonic,DMC-FZ7,,,2816.0,1880.0,Horizontal,Ver.1.0,200.0,1/10,3.2,11.8,Did not fire,Auto,Normal program,Pattern,,,,2026-08-17T04:02:06+00:00
baac54468450453e93a2ec9d3ce37e23,A1e57.jpg,UK Antarctic Heritage Trust Data/Condition_Artefacts/Artefacts_A_Var_Copyrright_L_Ling/A1e57.jpg,2009-02-20 11:42:06,2009-02-20 11:42:06,Panasonic,DMC-FZ7,,,2816.0,1880.0,Horizontal,Ver.1.0,200.0,1/20,2.8,6.0,Did not fire,Auto,Normal program,Pattern,,,,2026-08-17T04:02:06+00:00
696478af297c4b7d959a23fba093197b,A1e66.jpg,UK Antarctic Heritage Trust Data/Condition_Artefacts/Artefacts_A_Var_Copyrright_L_Ling/A1e66.jpg,2009-02-19 16:27:01,2009-02-19 16:27:01,Panasonic,DMC-FZ7,,,2816.0,1880.0,Horizontal,Ver.1.0,200.0,1/6,2.8,6.0,Did not fire,Auto,Normal program,Pattern,,,,2026-08-17T04:02:06+00:00
9d78ecea302b4b9aa3ad14c5bbb894c6,A1e7a.jpg,UK Antarctic Heritage Trust Data/Condition_Artefacts/Artefacts_A_Var_Copyrright_L_Ling/A1e7a.jpg,2009-02-20 11:31:09,2009-02-20 11:31:09,Panasonic,DMC-FZ7,,,2816.0,1880.0,Horizontal,Ver.1.0,200.0,1/20,2.8,6.0,Did not fire,Auto,Normal program,Pattern,,,,2026-08-17T04:02:06+00:00
be2bef4e9057418ab1547b27dc1c07f5,A1e7b.jpg,UK Antarctic Heritage Trust Data/Condition_Artefacts/Artefacts_A_Var_Copyrright_L_Ling/A1e7b.jpg,2009-02-20 11:31:31,2009-02-20 11:31:31,Panasonic,DMC-FZ7,,,2816.0,1880.0,Horizontal,Ver.1.0,200.0,1/25,2.8,6.0,Did not fire,Auto,Normal program,Pattern,,,,2026-08-17T04:02:06+00:00
c4e1a16951484019b35fccbb7a129e83,A1e8.jpg,UK Antarctic Heritage Trust Data/Condition_Artefacts/Artefacts_A_Var_Copyrright_L_Ling/A1e8.jpg,2009-02-20 11:42:57,2009-02-20 11:42:57,Panasonic,DMC-FZ7,,,2816.0,1880.0,Horizontal,Ver.1.0,100.0,1/25,2.8,6.0,Fired,Auto,Normal program,Pattern,,,,2026-08-17T04:02:06+00:00
6024baf4f4e748b9be98f421382bcb10,A1e9 (2).jpg,UK Antarctic Heritage Trust Data/Condition_Artefacts/Artefacts_A_Var_Copyrright_L_Ling/A1e9 (2).jpg,2009-02-20 11:30:49,2009-02-20 11:30:49,Panasonic,DMC-FZ7,,,2816.0,1880.0,Rotate 270,Ver.1.0,200.0,1/15,2.8,6.0,Did not fire,Auto,Normal program,Pattern,,,,2026-08-17T04:02:06+00:00
858d2b78c13f429195f41ae4f1983c8a,A1e9.jpg,UK Antarctic Heritage Trust Data/Condition_Artefacts/Artefacts_A_Var_Copyrright_L_Ling/A1e9.jpg,2009-02-20 11:23:23,2009-02-20 11:23:23,Panasonic,DMC-FZ7,,,2816.0,1880.0,Horizontal,Ver.1.0,200.0,1/15,2.8,6.0,Did not fire,Auto,Normal program,Pattern,,,,2026-08-17T04:02:06+00:00
e96d3b0f4a8b46bb8bb93d93cc6c5f3d,A1f1.jpg,UK Antarctic Heritage Trust Data/Condition_Artefacts/Artefacts_A_Var_Copyrright_L_Ling/A1f1.jpg,2009-01-28 11:06:08,2009-01-28 11:06:08,Panasonic,DMC-FZ7,,,2816.0,1880.0,Horizontal,Ver.1.0,100.0,1/30,5.0,11.0,Fired,Auto,Aperture priority,Pattern,,,,2026-08-17T04:02:06+00:00
ed958cf2af4a4b0a8360c8d49aef00bb,A1f11.jpg,UK Antarctic Heritage Trust Data/Condition_Artefacts/Artefacts_A_Var_Copyrright_L_Ling/A1f11.jpg,2009-01-28 10:59:10,2009-01-28 10:59:10,Panasonic,DMC-FZ7,,,2816.0,1880.0,Horizontal,Ver.1.0,100.0,1/30,5.0,8.7,Fired,Auto,Aperture priority,Pattern,,,,2026-08-17T04:02:06+00:00
73878613b7c9473cabb6d53417a30a61,A1f14.jpg,UK Antarctic Heritage Trust Data/Condition_Artefacts/Artefacts_A_Var_Copyrright_L_Ling/A1f14.jpg,2009-01-28 10:57:12,2009-01-28 10:57:12,Panasonic,DMC-FZ7,,,2816.0,1880.0,Horizontal,Ver.1.0,100.0,1/30,5.0,6.6,Fired,Auto,Aperture priority,Pattern,,,,2026-08-17T04:02:06+00:00
b33e96f032af4691b8768ab8afe2496f,A1f15.jpg,UK Antarctic Heritage Trust Data/Condition_Artefacts/Artefacts_A_Var_Copyrright_L_Ling/A1f15.jpg,2009-01-28 10:57:21,2009-01-28 10:57:21,Panasonic,DMC-FZ7,,,2816.0,1880.0,Horizontal,Ver.1.0,100.0,1/30,5.0,8.8,Fired,Auto,Aperture priority,Pattern,,,,2026-08-17T04:02:06+00:00
9f5e426713254e5e850e51cf424b9135,A1f16.jpg,UK Antarctic Heritage Trust Data/Condition_Artefacts/Artefacts_A_Var_Copyrright_L_Ling/A1f16.jpg,2009-01-28 10:49:33,2009-01-28 10:49:33,Panasonic,DMC-FZ7,,,1880.0,2816.0,Rotate 90,Ver.1.0,100.0,1/30,2.8,8.3,Fired,Auto,Normal program,Pattern,,,,2026-08-17T04:02:06+00:00
8429ceb6016846bdb391094994942100,A1f17.jpg,UK Antarctic Heritage Trust Data/Condition_Artefacts/Artefacts_A_Var_Copyrright_L_Ling/A1f17.jpg,2009-01-28 10:53:21,2009-01-28 10:53:21,Panasonic,DMC-FZ7,,,2816.0,1880.0,Horizontal,Ver.1.0,100.0,1/30,5.0,8.6,Fired,Auto,Aperture priority,Pattern,,,,2026-08-17T04:02:06+00:00
8f8dfae0a36d42d7ad9339a22b55d979,A1f17_2a.jpg,UK Antarctic Heritage Trust Data/Condition_Artefacts/Artefacts_A_Var_Copyrright_L_Ling/A1f17_2a.jpg,2009-01-28 10:53:56,2009-01-28 10:53:56,Panasonic,DMC-FZ7,,,2816.0,1880.0,Horizontal,Ver.1.0,100.0,1/30,5.0,8.6,Fired,Auto,Aperture priority,Pattern,,,,2026-08-17T04:02:06+00:00
1d9b82c056c64172b390e688947207ba,A1f17_2b.jpg,UK Antarctic Heritage Trust Data/Condition_Artefacts/Artefacts_A_Var_Copyrright_L_Ling/A1f17_2b.jpg,2009-01-28 10:53:49,2009-01-28 10:53:49,Panasonic,DMC-FZ7,,,2816.0,1880.0,Horizontal,Ver.1.0,100.0,1/30,5.0,8.6,Fired,Auto,Aperture priority,Pattern,,,,2026-08-17T04:02:06+00:00
62b596f879a845e8bb1e7e6dc0f28d14,A1f17a.jpg,UK Antarctic Heritage Trust Data/Condition_Artefacts/Artefacts_A_Var_Copyrright_L_Ling/A1f17a.jpg,2009-01-28 10:53:34,2009-01-28 10:53:34,Panasonic,DMC-FZ7,,,2816.0,1880.0,Horizontal,Ver.1.0,100.0,1/30,5.0,8.6,Fired,Auto,Aperture priority,Pattern,,,,2026-08-17T04:02:06+00:00
7d2899b775aa48c2ac59d0aee08b64ea,A1f18a.jpg,UK Antarctic Heritage Trust Data/Condition_Artefacts/Artefacts_A_Var_Copyrright_L_Ling/A1f18a.jpg,2009-01-28 10:50:06,2009-01-28 10:50:06,Panasonic,DMC-FZ7,,,2816.0,1880.0,Horizontal,Ver.1.0,100.0,1/30,3.2,9.6,Fired,Auto,Normal program,Pattern,,,,2026-08-17T04:02:06+00:00
18ab88d02b7140e787b40c8d2b34edc6,A1f2.jpg,UK Antarctic Heritage Trust Data/Condition_Artefacts/Artefacts_A_Var_Copyrright_L_Ling/A1f2.jpg,2009-01-28 10:54:09,2009-01-28 10:54:09,Panasonic,DMC-FZ7,,,2816.0,1880.0,Horizontal,Ver.1.0,100.0,1/30,5.0,8.6,Fired,Auto,Aperture priority,Pattern,,,,2026-08-17T04:02:06+00:00
27ca5caaea394b06a8377db6df36231a,A1f20&5.jpg,UK Antarctic Heritage Trust Data/Condition_Artefacts/Artefacts_A_Var_Copyrright_L_Ling/A1f20&5.jpg,2009-01-28 10:52:46,2009-01-28 10:52:46,Panasonic,DMC-FZ7,,,2816.0,1880.0,Horizontal,Ver.1.0,100.0,1/30,5.0,8.6,Fired,Auto,Aperture priority,Pattern,,,,2026-08-17T04:02:06+00:00
8c00cb7ae4804c6aaea80a1cabf887ff,A1f21.jpg,UK Antarctic Heritage Trust Data/Condition_Artefacts/Artefacts_A_Var_Copyrright_L_Ling/A1f21.jpg,2009-01-28 10:53:04,2009-01-28 10:53:04,Panasonic,DMC-FZ7,,,2816.0,1880.0,Horizontal,Ver.1.0,100.0,1/30,5.0,8.6,Fired,Auto,Aperture priority,Pattern,,,,2026-08-17T04:02:06+00:00
cc3398b743954895a5a7b197eab6cd20,A1f22a.jpg,UK Antarctic Heritage Trust Data/Condition_Artefacts/Artefacts_A_Var_Copyrright_L_Ling/A1f22a.jpg,2009-01-28 10:59:28,2009-01-28 10:59:28,Panasonic,DMC-FZ7,,,1880.0,2816.0,Rotate 90,Ver.1.0,100.0,1/30,5.0,8.7,Fired,Auto,Aperture priority,Pattern,,,,2026-08-17T04:02:06+00:00
e4e28cb52913449ca51e1ec82ac2d8f5,A1f22b.jpg,UK Antarctic Heritage Trust Data/Condition_Artefacts/Artefacts_A_Var_Copyrright_L_Ling/A1f22b.jpg,2009-01-28 10:59:38,2009-01-28 10:59:38,Panasonic,DMC-FZ7,,,1880.0,2816.0,Rotate 90,Ver.1.0,100.0,1/30,5.0,9.6,Fired,Auto,Aperture priority,Pattern,,,,2026-08-17T04:02:06+00:00
90741e90a29d498ea0d954e9b3ecfcad,A1f22c.jpg,UK Antarctic Heritage Trust Data/Condition_Artefacts/Artefacts_A_Var_Copyrright_L_Ling/A1f22c.jpg,2009-01-28 10:59:55,2009-01-28 10:59:55,Panasonic,DMC-FZ7,,,1880.0,2816.0,Rotate 90,Ver.1.0,100.0,1/30,5.0,9.6,Fired,Auto,Aperture priority,Pattern,,,,2026-08-17T04:02:06+00:00
d0cab4b308a64e49b4a9bd3897da818d,A1f2b.jpg,UK Antarctic Heritage Trust Data/Condition_Artefacts/Artefacts_A_Var_Copyrright_L_Ling/A1f2b.jpg,2009-01-28 10:54:19,2009-01-28 10:54:19,Panasonic,DMC-FZ7,,,2816.0,1880.0,Horizontal,Ver.1.0,100.0,1/30,5.0,8.6,Fired,Auto,Aperture priority,Pattern,,,,2026-08-17T04:02:06+00:00
d99be65f117e4695b12a350de7f47277,A1f4.jpg,UK Antarctic Heritage Trust Data/Condition_Artefacts/Artefacts_A_Var_Copyrright_L_Ling/A1f4.jpg,2009-01-28 10:56:31,2009-01-28 10:56:31,Panasonic,DMC-FZ7,,,1880.0,2816.0,Rotate 90,Ver.1.0,100.0,1/30,5.0,10.4,Fired,Auto,Aperture priority,Pattern,,,,2026-08-17T04:02:06+00:00
7b29d258e71d424a9d7780585e27bd72,1964 extension basis.jpg,"UK Antarctic Heritage Trust Data/Hist_E_Var_Copyright_NeilMarsden/Marsden, Neil/Marsden, Neil/1964 extension basis.jpg",,,,,,,5359.0,3627.0,,,,,,,,,,,,,,2026-08-17T04:02:06+00:00
b812980514364c7db8f32fd0ad1c9786,1964 extension.jpg,"UK Antarctic Heritage Trust Data/Hist_E_Var_Copyright_NeilMarsden/Marsden, Neil/Marsden, Neil/1964 extension.jpg",,,,,,,3336.0,2264.0,,,,,,,,,,,,,,2026-08-17T04:02:06+00:00
1e04379223aa4d2095a7743cacd287af,Afternoon smoko.jpg,"UK Antarctic Heritage Trust Data/Hist_E_Var_Copyright_NeilMarsden/Marsden, Neil/Marsden, Neil/Afternoon smoko.jpg",,,,,,,3336.0,2264.0,,,,,,,,,,,,,,2026-08-17T04:02:06+00:00
eff80e8b8ef14da893c662271df1121e,At the bar.jpg,"UK Antarctic Heritage Trust Data/Hist_E_Var_Copyright_NeilMarsden/Marsden, Neil/Marsden, Neil/At the bar.jpg",,,,,,,2669.0,1811.0,,,,,,,,,,,,,,2026-08-17T04:02:06+00:00
267ef77ce29745a4b950140bc92db9d7,Bar and firreplacee taking shape.jpg,"UK Antarctic Heritage Trust Data/Hist_E_Var_Copyright_NeilMarsden/Marsden, Neil/Marsden, Neil/Bar and firreplacee taking shape.jpg",2012-05-24 15:59:53,2012-05-24 15:59:53,Canon,                               ,,,1811.0,2669.0,Horizontal,Microsoft Windows Photo Gallery 6.0.6000.16386,,,,,,,,,,,,2026-08-17T04:02:06+00:00
49556b204c48435cb21c4c76e0a686f9,Bathroom.jpg,"UK Antarctic Heritage Trust Data/Hist_E_Var_Copyright_NeilMarsden/Marsden, Neil/Marsden, Neil/Bathroom.jpg",,,,,,,1811.0,2669.0,Horizontal,,,,,,,,,,,,,2026-08-17T04:02:06+00:00
b5b4a612116749c5a41206c7f4cd0b42,Building the new bar.jpg,"UK Antarctic Heritage Trust Data/Hist_E_Var_Copyright_NeilMarsden/Marsden, Neil/Marsden, Neil/Building the new bar.jpg",,,,,,,3336.0,2264.0,,,,,,,,,,,,,,2026-08-17T04:02:06+00:00
64c3332c7c7b48989bc98d5757395677,Bunkroom cleaning.jpg,"UK Antarctic Heritage Trust Data/Hist_E_Var_Copyright_NeilMarsden/Marsden, Neil/Marsden, Neil/Bunkroom cleaning.jpg",,,,,,,1811.0,2669.0,Horizontal,,,,,,,,,,,,,2026-08-17T04:02:06+00:00
1f645d12c54849ed82b3cf95869318c9,Completed extension.jpg,"UK Antarctic Heritage Trust Data/Hist_E_Var_Copyright_NeilMarsden/Marsden, Neil/Marsden, Neil/Completed extension.jpg",,,,,,,2669.0,1811.0,,,,,,,,,,,,,,2026-08-17T04:02:06+00:00
3cce6a23c9274185a270990fea1562f7,"Diesel mech, electrician in new extension.jpg","UK Antarctic Heritage Trust Data/Hist_E_Var_Copyright_NeilMarsden/Marsden, Neil/Marsden, Neil/Diesel mech, electrician in new extension.jpg",,,,,,,1811.0,2669.0,Horizontal,,,,,,,,,,,,,2026-08-17T04:02:06+00:00
bec428b5ae774636bd9ecc4c406e81a9,Extension disappears.jpg,"UK Antarctic Heritage Trust Data/Hist_E_Var_Copyright_NeilMarsden/Marsden, Neil/Marsden, Neil/Extension disappears.jpg",,,,,,,2669.0,1811.0,,,,,,,,,,,,,,2026-08-17T04:02:06+00:00
97eeae66ab644e249ee1e92c2a2fb300,Filling water tank in summer.jpg,"UK Antarctic Heritage Trust Data/Hist_E_Var_Copyright_NeilMarsden/Marsden, Neil/Marsden, Neil/Filling water tank in summer.jpg",,,,,,,2263.0,3321.0,Horizontal,,,,,,,,,,,,,2026-08-17T04:02:06+00:00
9a98df5722bc40f09b7064803e583b81,Finishing new extension.jpg,"UK Antarctic Heritage Trust Data/Hist_E_Var_Copyright_NeilMarsden/Marsden, Neil/Marsden, Neil/Finishing new extension.jpg",,,,,,,3336.0,2264.0,,,,,,,,,,,,,,2026-08-17T04:02:06+00:00
e9f5d76289be4a21a0f69cfa22e6b12c,From the sea ice.jpg,"UK Antarctic Heritage Trust Data/Hist_E_Var_Copyright_NeilMarsden/Marsden, Neil/Marsden, Neil/From the sea ice.jpg",,,,,,,2669.0,1811.0,,,,,,,,,,,,,,2026-08-17T04:02:06+00:00
988ef3db4bc2414693103f62e6b3b215,Geology office.jpg,"UK Antarctic Heritage Trust Data/Hist_E_Var_Copyright_NeilMarsden/Marsden, Neil/Marsden, Neil/Geology office.jpg",,,,,,,2657.0,1809.0,,,,,,,,,,,,,,2026-08-17T04:02:06+00:00
58d6633ea07a4be29f738e22e9083743,Library laughter.jpg,"UK Antarctic Heritage Trust Data/Hist_E_Var_Copyright_NeilMarsden/Marsden, Neil/Marsden, Neil/Library laughter.jpg",,,,,,,3336.0,2264.0,,,,,,,,,,,,,,2026-08-17T04:02:06+00:00
9de30bd5c71148228c6bb0671622855a,Louge relaxation.jpg,"UK Antarctic Heritage Trust Data/Hist_E_Var_Copyright_NeilMarsden/Marsden, Neil/Marsden, Neil/Louge relaxation.jpg",,,,,,,2669.0,1811.0,,,,,,,,,,,,,,2026-08-17T04:02:06+00:00
d44363065d8e4b5d9b617fe56eeb12f3,Lounge scrubout.jpg,"UK Antarctic Heritage Trust Data/Hist_E_Var_Copyright_NeilMarsden/Marsden, Neil/Marsden, Neil/Lounge scrubout.jpg",,,,,,,2669.0,1811.0,,,,,,,,,,,,,,2026-08-17T04:02:06+00:00
d787d94f52664408bd9dd14a590f9963,Making new harnesses.JPG,"UK Antarctic Heritage Trust Data/Hist_E_Var_Copyright_NeilMarsden/Marsden, Neil/Marsden, Neil/Making new harnesses.JPG",,,Maginon,MS-7100,,,2760.0,1840.0,Rotate 90,COACHWare 1.0,,1481089/16777216,0.0,,Did not fire,,Aperture priority,Pattern,,,,2026-08-17T04:02:06+00:00
8e2c245434e84004a0cd09b851c88029,Medium size female husky.jpg,"UK Antarctic Heritage Trust Data/Hist_E_Var_Copyright_NeilMarsden/Marsden, Neil/Marsden, Neil/Medium size female husky.jpg",,,,,,,1811.0,2669.0,Horizontal,,,,,,,,,,,,,2026-08-17T04:02:06+00:00
bc13dd75fdec4fc087f68ede5b8ef11c,Midwinter celebrations.jpg,"UK Antarctic Heritage Trust Data/Hist_E_Var_Copyright_NeilMarsden/Marsden, Neil/Marsden, Neil/Midwinter celebrations.jpg",,,,,,,2669.0,1811.0,,,,,,,,,,,,,,2026-08-17T04:02:06+00:00
70483bbbfcc849df92700db72177325a,More unloading.jpg,"UK Antarctic Heritage Trust Data/Hist_E_Var_Copyright_NeilMarsden/Marsden, Neil/Marsden, Neil/More unloading.jpg",,,,,,,3336.0,2264.0,,,,,,,,,,,,,,2026-08-17T04:02:06+00:00
844cebe2e9b64e6ebee05e9a5580e189,Noticeboard.jpg,"UK Antarctic Heritage Trust Data/Hist_E_Var_Copyright_NeilMarsden/Marsden, Neil/Marsden, Neil/Noticeboard.jpg",,,,,,,1809.0,2657.0,Horizontal,,,,,,,,,,,,,2026-08-17T04:02:06+00:00
2920fd9b3af44b30a2b78e68bbe21c92,Party time.jpg,"UK Antarctic Heritage Trust Data/Hist_E_Var_Copyright_NeilMarsden/Marsden, Neil/Marsden, Neil/Party time.jpg",,,,,,,3336.0,2264.0,,,,,,,,,,,,,,2026-08-17T04:02:06+00:00
d87f9491286443b8a06c56d712101f06,Pretend radio op.jpg,"UK Antarctic Heritage Trust Data/Hist_E_Var_Copyright_NeilMarsden/Marsden, Neil/Marsden, Neil/Pretend radio op.jpg",,,,,,,1811.0,2669.0,Horizontal,,,,,,,,,,,,,2026-08-17T04:02:07+00:00
0c2e120341c8434f87a038c97511e2b7,Proper radio op.jpg,"UK Antarctic Heritage Trust Data/Hist_E_Var_Copyright_NeilMarsden/Marsden, Neil/Marsden, Neil/Proper radio op.jpg",,,,,,,1811.0,2669.0,Horizontal,,,,,,,,,,,,,2026-08-17T04:02:07+00:00
ae614a1cfe714c11b544cb89bd29a43a,Radio shack.jpg,"UK Antarctic Heritage Trust Data/Hist_E_Var_Copyright_NeilMarsden/Marsden, Neil/Marsden, Neil/Radio shack.jpg",,,,,,,2264.0,3336.0,Horizontal,,,,,,,,,,,,,2026-08-17T04:02:07+00:00
207c9a0150494e6b86a162b91f6b3de1,Relaxing in library.jpg,"UK Antarctic Heritage Trust Data/Hist_E_Var_Copyright_NeilMarsden/Marsden, Neil/Marsden, Neil/Relaxing in library.jpg",,,,,,,2263.0,3321.0,Horizontal,,,,,,,,,,,,,2026-08-17T04:02:07+00:00
e819abedc6504efe86a4db84b23aaa00,Relaxing in lounge.jpg,"UK Antarctic Heritage Trust Data/Hist_E_Var_Copyright_NeilMarsden/Marsden, Neil/Marsden, Neil/Relaxing in lounge.jpg",,,,,,,2669.0,1811.0,,,,,,,,,,,,,,2026-08-17T04:02:07+00:00
d2996a150f1a499ab8da11f246a2f9b2,Relaxing on new extension roof.jpg,"UK Antarctic Heritage Trust Data/Hist_E_Var_Copyright_NeilMarsden/Marsden, Neil/Marsden, Neil/Relaxing on new extension roof.jpg",,,,,,,3321.0,2263.0,,,,,,,,,,,,,,2026-08-17T04:02:07+00:00
6c49c9499c4c40fd9852863d4609772b,repairs for sledging season.jpg,"UK Antarctic Heritage Trust Data/Hist_E_Var_Copyright_NeilMarsden/Marsden, Neil/Marsden, Neil/repairs for sledging season.jpg",,,,,,,3336.0,2264.0,,,,,,,,,,,,,,2026-08-17T04:02:07+00:00
a36b94782d9644d1b17d05bb36fd5951,Repairs.jpg,"UK Antarctic Heritage Trust Data/Hist_E_Var_Copyright_NeilMarsden/Marsden, Neil/Marsden, Neil/Repairs.jpg",,,,,,,1811.0,2669.0,Horizontal,,,,,,,,,,,,,2026-08-17T04:02:07+00:00
45643126a2594f86ba2ad581d7b1016f,Restocking coal bunker.jpg,"UK Antarctic Heritage Trust Data/Hist_E_Var_Copyright_NeilMarsden/Marsden, Neil/Marsden, Neil/Restocking coal bunker.jpg",,,,,,,2264.0,3336.0,Horizontal,,,,,,,,,,,,,2026-08-17T04:02:07+00:00
2dbf3690878847a7b02891043ad76e18,RRS JB in Back Bay.jpg,"UK Antarctic Heritage Trust Data/Hist_E_Var_Copyright_NeilMarsden/Marsden, Neil/Marsden, Neil/RRS JB in Back Bay.jpg",,,,,,,3336.0,2264.0,,,,,,,,,,,,,,2026-08-17T04:02:07+00:00
4cf60b4cacbe44b4bc37599865dc3a4b,RRS JB unloading at Stonington.jpg,"UK Antarctic Heritage Trust Data/Hist_E_Var_Copyright_NeilMarsden/Marsden, Neil/Marsden, Neil/RRS JB unloading at Stonington.jpg",,,,,,,3336.0,2264.0,,,,,,,,,,,,,,2026-08-17T04:02:07+00:00
a023e2e5b1784f9ebeac2a9bfa81afd4,RRS JB unloading.jpg,"UK Antarctic Heritage Trust Data/Hist_E_Var_Copyright_NeilMarsden/Marsden, Neil/Marsden, Neil/RRS JB unloading.jpg",,,,,,,2264.0,3336.0,Horizontal,,,,,,,,,,,,,2026-08-17T04:02:07+00:00
9264cdc927fb4ea5a824ac9ee5a861d0,RRS JB wedged into Back Bay ice.jpg,"UK Antarctic Heritage Trust Data/Hist_E_Var_Copyright_NeilMarsden/Marsden, Neil/Marsden, Neil/RRS JB wedged into Back Bay ice.jpg",,,,,,,3336.0,2264.0,,,,,,,,,,,,,,2026-08-17T04:02:07+00:00
4084c1f203c444c9864e6f80168509e3,Saturday night at the bar.jpg,"UK Antarctic Heritage Trust Data/Hist_E_Var_Copyright_NeilMarsden/Marsden, Neil/Marsden, Neil/Saturday night at the bar.jpg",,,,,,,3336.0,2264.0,,,,,,,,,,,,,,2026-08-17T04:02:07+00:00
efdd27ff85d241ba87086310312a085f,Scrubout.jpg,"UK Antarctic Heritage Trust Data/Hist_E_Var_Copyright_NeilMarsden/Marsden, Neil/Marsden, Neil/Scrubout.jpg",,,,,,,3336.0,2264.0,,,,,,,,,,,,,,2026-08-17T04:02:07+00:00
5ff14b4b60e24e2dbb41f24a372eeaea,Snow arrives.jpg,"UK Antarctic Heritage Trust Data/Hist_E_Var_Copyright_NeilMarsden/Marsden, Neil/Marsden, Neil/Snow arrives.jpg",,,,,,,2669.0,1811.0,,,,,,,,,,,,,,2026-08-17T04:02:07+00:00
670af994fb034ac091bdb0f8b5bac29f,Sometimes they were quite clean.jpg,"UK Antarctic Heritage Trust Data/Hist_E_Var_Copyright_NeilMarsden/Marsden, Neil/Marsden, Neil/Sometimes they were quite clean.jpg",,,,,,,5337.0,3622.0,,,,,,,,,,,,,,2026-08-17T04:02:07+00:00
caefb09eae92469092896ef1cd468d36,Stonington from Neny Island.jpg,"UK Antarctic Heritage Trust Data/Hist_E_Var_Copyright_NeilMarsden/Marsden, Neil/Marsden, Neil/Stonington from Neny Island.jpg",,,,,,,5197.0,3526.0,,Adobe Photoshop Lightroom Classic 8.3.1 (Macintosh),,,,,,,,,,,,2026-08-17T04:02:07+00:00
4f1985bcd7b54f739da5fd941572258e,Survey office (1).jpg,"UK Antarctic Heritage Trust Data/Hist_E_Var_Copyright_NeilMarsden/Marsden, Neil/Marsden, Neil/Survey office (1).jpg",,,,,,,3321.0,2263.0,,,,,,,,,,,,,,2026-08-17T04:02:07+00:00
d218d1f507eb455d9680b6e59d15b664,Survey office 2.jpg,"UK Antarctic Heritage Trust Data/Hist_E_Var_Copyright_NeilMarsden/Marsden, Neil/Marsden, Neil/Survey office 2.jpg",,,,,,,1811.0,2669.0,Horizontal,,,,,,,,,,,,,2026-08-17T04:02:07+00:00
572b4172a96d45139b96f76983b1b9b7,Survey office relaxation.jpg,"UK Antarctic Heritage Trust Data/Hist_E_Var_Copyright_NeilMarsden/Marsden, Neil/Marsden, Neil/Survey office relaxation.jpg",,,,,,,1811.0,2669.0,Horizontal,,,,,,,,,,,,,2026-08-17T04:02:07+00:00
da2e041766cc4f36aba4fd8975920a6b,Unloading 1.jpg,"UK Antarctic Heritage Trust Data/Hist_E_Var_Copyright_NeilMarsden/Marsden, Neil/Marsden, Neil/Unloading 1.jpg",,,,,,,3336.0,2264.0,,,,,,,,,,,,,,2026-08-17T04:02:07+00:00
8a96e1ffbf104df689e5ff74aa179cdc,Usual view from sledge (2).jpg,"UK Antarctic Heritage Trust Data/Hist_E_Var_Copyright_NeilMarsden/Marsden, Neil/Marsden, Neil/Usual view from sledge (2).jpg",,,,,,,2264.0,3336.0,Horizontal,,,,,,,,,,,,,2026-08-17T04:02:07+00:00
0cfd29237f7345c1884410ec57335912,Usual view from sledge.jpg,"UK Antarctic Heritage Trust Data/Hist_E_Var_Copyright_NeilMarsden/Marsden, Neil/Marsden, Neil/Usual view from sledge.jpg",,,,,,,3336.0,2264.0,,,,,,,,,,,,,,2026-08-17T04:02:07+00:00
58e6eeb0f1374b5aa770532edf261a7c,Winter set in.jpg,"UK Antarctic Heritage Trust Data/Hist_E_Var_Copyright_NeilMarsden/Marsden, Neil/Marsden, Neil/Winter set in.jpg",,,,,,,2669.0,1811.0,,,,,,,,,,,,,,2026-08-17T04:02:07+00:00
e947f614aa47408b81e01fa0836e2d02,Writing survey report.jpg,"UK Antarctic Heritage Trust Data/Hist_E_Var_Copyright_NeilMarsden/Marsden, Neil/Marsden, Neil/Writing survey report.jpg",,,,,,,2263.0,3321.0,Horizontal,,,,,,,,,,,,,2026-08-17T04:02:07+00:00
530724a885924fbcb8a2cfa0dee84aa1,DSC_7114.JPG,UK Antarctic Heritage Trust Data/SfM/SfM_A_external/DSC_7114.JPG,2020-01-24 22:33:55,2020-01-24 22:33:55,NIKON CORPORATION,NIKON D610,,,6016.0,4016.0,Rotate 270,Ver.1.02,400.0,1/250,8.0,35.0,Did not fire,Auto,Manual,Pattern,,,,2026-08-17T04:02:07+00:00
c2933a6ee9034ec1b211b29a41b34750,DSC_7115.JPG,UK Antarctic Heritage Trust Data/SfM/SfM_A_external/DSC_7115.JPG,2020-01-24 22:34:01,2020-01-24 22:34:01,NIKON CORPORATION,NIKON D610,,,6016.0,4016.0,Rotate 270,Ver.1.02,400.0,1/250,8.0,35.0,Did not fire,Auto,Manual,Pattern,,,,2026-08-17T04:02:07+00:00
790a3f2bbf67455faf41ee9246e3845b,DSC_7116.JPG,UK Antarctic Heritage Trust Data/SfM/SfM_A_external/DSC_7116.JPG,2020-01-24 22:34:02,2020-01-24 22:34:02,NIKON CORPORATION,NIKON D610,,,6016.0,4016.0,Rotate 270,Ver.1.02,400.0,1/250,8.0,35.0,Did not fire,Auto,Manual,Pattern,,,,2026-08-17T04:02:07+00:00
2002dce388d543c28457a3fd9c85de8a,DSC_7117.JPG,UK Antarctic Heritage Trust Data/SfM/SfM_A_external/DSC_7117.JPG,2020-01-24 22:34:04,2020-01-24 22:34:04,NIKON CORPORATION,NIKON D610,,,6016.0,4016.0,Rotate 270,Ver.1.02,400.0,1/250,8.0,35.0,Did not fire,Auto,Manual,Pattern,,,,2026-08-17T04:02:07+00:00
7160250288ff4e50a9b485420c350be6,DSC_7118.JPG,UK Antarctic Heritage Trust Data/SfM/SfM_A_external/DSC_7118.JPG,2020-01-24 22:34:11,2020-01-24 22:34:11,NIKON CORPORATION,NIKON D610,,,6016.0,4016.0,Rotate 270,Ver.1.02,400.0,1/250,8.0,35.0,Did not fire,Auto,Manual,Pattern,,,,2026-08-17T04:02:07+00:00
ba7fad8c77314d2896e5d83fa753f75d,DSC_7119.JPG,UK Antarctic Heritage Trust Data/SfM/SfM_A_external/DSC_7119.JPG,2020-01-24 22:34:17,2020-01-24 22:34:17,NIKON CORPORATION,NIKON D610,,,6016.0,4016.0,Rotate 270,Ver.1.02,400.0,1/250,8.0,35.0,Did not fire,Auto,Manual,Pattern,,,,2026-08-17T04:02:07+00:00
a58cda92a95c4db7adea654f58ab436d,DSC_7120.JPG,UK Antarctic Heritage Trust Data/SfM/SfM_A_external/DSC_7120.JPG,2020-01-24 22:34:20,2020-01-24 22:34:20,NIKON CORPORATION,NIKON D610,,,6016.0,4016.0,Rotate 270,Ver.1.02,400.0,1/250,8.0,35.0,Did not fire,Auto,Manual,Pattern,,,,2026-08-17T04:02:07+00:00
274718c3d5ec4972be74e61464417c99,DSC_7121.JPG,UK Antarctic Heritage Trust Data/SfM/SfM_A_external/DSC_7121.JPG,2020-01-24 22:34:26,2020-01-24 22:34:26,NIKON CORPORATION,NIKON D610,,,6016.0,4016.0,Rotate 270,Ver.1.02,400.0,1/250,8.0,35.0,Did not fire,Auto,Manual,Pattern,,,,2026-08-17T04:02:07+00:00
71d91cb2342848179cf87cd58a6f69e4,DSC_7122.JPG,UK Antarctic Heritage Trust Data/SfM/SfM_A_external/DSC_7122.JPG,2020-01-24 22:34:27,2020-01-24 22:34:27,NIKON CORPORATION,NIKON D610,,,6016.0,4016.0,Rotate 270,Ver.1.02,400.0,1/250,8.0,35.0,Did not fire,Auto,Manual,Pattern,,,,2026-08-17T04:02:07+00:00
ab41ae5f56d7435684c9a7cb6922d6ce,DSC_7123.JPG,UK Antarctic Heritage Trust Data/SfM/SfM_A_external/DSC_7123.JPG,2020-01-24 22:34:32,2020-01-24 22:34:32,NIKON CORPORATION,NIKON D610,,,6016.0,4016.0,Rotate 270,Ver.1.02,400.0,1/250,8.0,35.0,Did not fire,Auto,Manual,Pattern,,,,2026-08-17T04:02:07+00:00
0fd74fdf16724f50a087b2453219f9da,DSC_7124.JPG,UK Antarctic Heritage Trust Data/SfM/SfM_A_external/DSC_7124.JPG,2020-01-24 22:34:38,2020-01-24 22:34:38,NIKON CORPORATION,NIKON D610,,,6016.0,4016.0,Rotate 270,Ver.1.02,400.0,1/250,8.0,35.0,Did not fire,Auto,Manual,Pattern,,,,2026-08-17T04:02:07+00:00
5d94ef26cb0b40aeadc43e791d46f1d0,DSC_7125.JPG,UK Antarctic Heritage Trust Data/SfM/SfM_A_external/DSC_7125.JPG,2020-01-24 22:34:44,2020-01-24 22:34:44,NIKON CORPORATION,NIKON D610,,,6016.0,4016.0,Rotate 270,Ver.1.02,400.0,1/250,8.0,35.0,Did not fire,Auto,Manual,Pattern,,,,2026-08-17T04:02:07+00:00
a454b798719843468479b0702b6d7cf3,DSC_7126.JPG,UK Antarctic Heritage Trust Data/SfM/SfM_A_external/DSC_7126.JPG,2020-01-24 22:34:48,2020-01-24 22:34:48,NIKON CORPORATION,NIKON D610,,,6016.0,4016.0,Rotate 270,Ver.1.02,400.0,1/250,8.0,35.0,Did not fire,Auto,Manual,Pattern,,,,2026-08-17T04:02:07+00:00
9e9823a64a294f8da32e9aeab5203ec9,DSC_7127.JPG,UK Antarctic Heritage Trust Data/SfM/SfM_A_external/DSC_7127.JPG,2020-01-24 22:34:52,2020-01-24 22:34:52,NIKON CORPORATION,NIKON D610,,,6016.0,4016.0,Rotate 270,Ver.1.02,400.0,1/250,8.0,35.0,Did not fire,Auto,Manual,Pattern,,,,2026-08-17T04:02:07+00:00
b0e9c85306f74575bb40bf375670164b,DSC_7128.JPG,UK Antarctic Heritage Trust Data/SfM/SfM_A_external/DSC_7128.JPG,2020-01-24 22:34:57,2020-01-24 22:34:57,NIKON CORPORATION,NIKON D610,,,6016.0,4016.0,Rotate 270,Ver.1.02,400.0,1/250,8.0,35.0,Did not fire,Auto,Manual,Pattern,,,,2026-08-17T04:02:07+00:00
d49a1bfb8a28477ab201aa422e010988,DSC_7129.JPG,UK Antarctic Heritage Trust Data/SfM/SfM_A_external/DSC_7129.JPG,2020-01-24 22:35:02,2020-01-24 22:35:02,NIKON CORPORATION,NIKON D610,,,6016.0,4016.0,Rotate 270,Ver.1.02,400.0,1/250,8.0,35.0,Did not fire,Auto,Manual,Pattern,,,,2026-08-17T04:02:07+00:00
c3653cbb51134c0aa7ee8cb82eae11a6,DSC_7130.JPG,UK Antarctic Heritage Trust Data/SfM/SfM_A_external/DSC_7130.JPG,2020-01-24 22:35:06,2020-01-24 22:35:06,NIKON CORPORATION,NIKON D610,,,6016.0,4016.0,Rotate 270,Ver.1.02,400.0,1/250,8.0,35.0,Did not fire,Auto,Manual,Pattern,,,,2026-08-17T04:02:07+00:00
630e487be67e4315b0ba19ba1913d06f,DSC_7131.JPG,UK Antarctic Heritage Trust Data/SfM/SfM_A_external/DSC_7131.JPG,2020-01-24 22:35:10,2020-01-24 22:35:10,NIKON CORPORATION,NIKON D610,,,6016.0,4016.0,Rotate 270,Ver.1.02,400.0,1/250,8.0,35.0,Did not fire,Auto,Manual,Pattern,,,,2026-08-17T04:02:07+00:00
ba2484c8a6024e7baab3bced5fda6f00,DSC_7132.JPG,UK Antarctic Heritage Trust Data/SfM/SfM_A_external/DSC_7132.JPG,2020-01-24 22:35:14,2020-01-24 22:35:14,NIKON CORPORATION,NIKON D610,,,6016.0,4016.0,Rotate 270,Ver.1.02,400.0,1/250,8.0,35.0,Did not fire,Auto,Manual,Pattern,,,,2026-08-17T04:02:07+00:00
da0d299899484bb0b01233a564f9b978,DSC_7133.JPG,UK Antarctic Heritage Trust Data/SfM/SfM_A_external/DSC_7133.JPG,2020-01-24 22:35:18,2020-01-24 22:35:18,NIKON CORPORATION,NIKON D610,,,6016.0,4016.0,Rotate 270,Ver.1.02,400.0,1/250,8.0,35.0,Did not fire,Auto,Manual,Pattern,,,,2026-08-17T04:02:07+00:00
127120b738384f44b9e5fe162e672a03,DSC_7134.JPG,UK Antarctic Heritage Trust Data/SfM/SfM_A_external/DSC_7134.JPG,2020-01-24 22:35:22,2020-01-24 22:35:22,NIKON CORPORATION,NIKON D610,,,6016.0,4016.0,Rotate 270,Ver.1.02,400.0,1/250,8.0,35.0,Did not fire,Auto,Manual,Pattern,,,,2026-08-17T04:02:07+00:00
7c2c8d4cecde42f58cd488af5ccfc73d,DSC_7135.JPG,UK Antarctic Heritage Trust Data/SfM/SfM_A_external/DSC_7135.JPG,2020-01-24 22:35:40,2020-01-24 22:35:40,NIKON CORPORATION,NIKON D610,,,6016.0,4016.0,Rotate 270,Ver.1.02,400.0,1/250,8.0,35.0,Did not fire,Auto,Manual,Pattern,,,,2026-08-17T04:02:07+00:00
8d027fe992c248c69126ac208121d449,DSC_7136.JPG,UK Antarctic Heritage Trust Data/SfM/SfM_A_external/DSC_7136.JPG,2020-01-24 22:35:42,2020-01-24 22:35:42,NIKON CORPORATION,NIKON D610,,,6016.0,4016.0,Rotate 270,Ver.1.02,400.0,1/250,8.0,35.0,Did not fire,Auto,Manual,Pattern,,,,2026-08-17T04:02:07+00:00
7ede7272bbab464491781148b5e2f1e9,DSC_7137.JPG,UK Antarctic Heritage Trust Data/SfM/SfM_A_external/DSC_7137.JPG,2020-01-24 22:35:43,2020-01-24 22:35:43,NIKON CORPORATION,NIKON D610,,,6016.0,4016.0,Rotate 270,Ver.1.02,400.0,1/250,8.0,35.0,Did not fire,Auto,Manual,Pattern,,,,2026-08-17T04:02:07+00:00
e449034c6c8f40efb01bc6f36a9b1c57,DSC_7138.JPG,UK Antarctic Heritage Trust Data/SfM/SfM_A_external/DSC_7138.JPG,2020-01-24 22:35:44,2020-01-24 22:35:44,NIKON CORPORATION,NIKON D610,,,6016.0,4016.0,Rotate 270,Ver.1.02,400.0,1/250,8.0,35.0,Did not fire,Auto,Manual,Pattern,,,,2026-08-17T04:02:07+00:00
e6298321e014421c85c8a5eb9bd7b76c,DSC_7139.JPG,UK Antarctic Heritage Trust Data/SfM/SfM_A_external/DSC_7139.JPG,2020-01-24 22:35:47,2020-01-24 22:35:47,NIKON CORPORATION,NIKON D610,,,6016.0,4016.0,Rotate 270,Ver.1.02,400.0,1/250,8.0,18.0,Did not fire,Auto,Manual,Pattern,,,,2026-08-17T04:02:07+00:00
6c259a9bf9dd41a7803fd1ff4821cdca,DSC_7140.JPG,UK Antarctic Heritage Trust Data/SfM/SfM_A_external/DSC_7140.JPG,2020-01-24 22:35:55,2020-01-24 22:35:55,NIKON CORPORATION,NIKON D610,,,6016.0,4016.0,Rotate 270,Ver.1.02,400.0,1/250,8.0,35.0,Did not fire,Auto,Manual,Pattern,,,,2026-08-17T04:02:07+00:00
bba19b0744a74f1a89eb3e014cc7f4a7,DSC_7141.JPG,UK Antarctic Heritage Trust Data/SfM/SfM_A_external/DSC_7141.JPG,2020-01-24 22:35:56,2020-01-24 22:35:56,NIKON CORPORATION,NIKON D610,,,6016.0,4016.0,Rotate 270,Ver.1.02,400.0,1/250,8.0,35.0,Did not fire,Auto,Manual,Pattern,,,,2026-08-17T04:02:07+00:00
3d331fc5faff454c8caf46dc17615abc,DSC_7142.JPG,UK Antarctic Heritage Trust Data/SfM/SfM_A_external/DSC_7142.JPG,2020-01-24 22:36:05,2020-01-24 22:36:05,NIKON CORPORATION,NIKON D610,,,6016.0,4016.0,Rotate 270,Ver.1.02,400.0,1/250,8.0,20.0,Did not fire,Auto,Manual,Pattern,,,,2026-08-17T04:02:07+00:00
d7f8d5006aaf4fc48040d347f8ddb2e5,DSC_7143.JPG,UK Antarctic Heritage Trust Data/SfM/SfM_A_external/DSC_7143.JPG,2020-01-24 22:36:09,2020-01-24 22:36:09,NIKON CORPORATION,NIKON D610,,,6016.0,4016.0,Rotate 270,Ver.1.02,400.0,1/250,8.0,20.0,Did not fire,Auto,Manual,Pattern,,,,2026-08-17T04:02:07+00:00
5fc5a48a167e4198babb1e55a49e59d7,DSC_7144.JPG,UK Antarctic Heritage Trust Data/SfM/SfM_A_external/DSC_7144.JPG,2020-01-24 22:36:14,2020-01-24 22:36:14,NIKON CORPORATION,NIKON D610,,,6016.0,4016.0,Rotate 270,Ver.1.02,400.0,1/250,8.0,20.0,Did not fire,Auto,Manual,Pattern,,,,2026-08-17T04:02:07+00:00
b709abacf75a45f9a80c3a0c3c91931f,DSC_7145.JPG,UK Antarctic Heritage Trust Data/SfM/SfM_A_external/DSC_7145.JPG,2020-01-24 22:36:18,2020-01-24 22:36:18,NIKON CORPORATION,NIKON D610,,,6016.0,4016.0,Rotate 270,Ver.1.02,400.0,1/250,8.0,20.0,Did not fire,Auto,Manual,Pattern,,,,2026-08-17T04:02:07+00:00
b175181118734eaeba45d79ace3b4ff9,DSC_7146.JPG,UK Antarctic Heritage Trust Data/SfM/SfM_A_external/DSC_7146.JPG,2020-01-24 22:36:22,2020-01-24 22:36:22,NIKON CORPORATION,NIKON D610,,,6016.0,4016.0,Rotate 270,Ver.1.02,400.0,1/250,8.0,20.0,Did not fire,Auto,Manual,Pattern,,,,2026-08-17T04:02:07+00:00
c3c508972e6a465e8ea2083ca672bae2,DSC_7147.JPG,UK Antarctic Heritage Trust Data/SfM/SfM_A_external/DSC_7147.JPG,2020-01-24 22:36:26,2020-01-24 22:36:26,NIKON CORPORATION,NIKON D610,,,6016.0,4016.0,Rotate 270,Ver.1.02,400.0,1/250,8.0,20.0,Did not fire,Auto,Manual,Pattern,,,,2026-08-17T04:02:07+00:00
a9621fc241a84f0cb0de691a0a51247f,DSC_7148.JPG,UK Antarctic Heritage Trust Data/SfM/SfM_A_external/DSC_7148.JPG,2020-01-24 22:36:43,2020-01-24 22:36:43,NIKON CORPORATION,NIKON D610,,,6016.0,4016.0,Rotate 270,Ver.1.02,400.0,1/250,8.0,20.0,Did not fire,Auto,Manual,Pattern,,,,2026-08-17T04:02:07+00:00
beac5d44112f47a99b66741d1b75e8df,DSC_7149.JPG,UK Antarctic Heritage Trust Data/SfM/SfM_A_external/DSC_7149.JPG,2020-01-24 22:36:49,2020-01-24 22:36:49,NIKON CORPORATION,NIKON D610,,,6016.0,4016.0,Rotate 270,Ver.1.02,400.0,1/250,8.0,20.0,Did not fire,Auto,Manual,Pattern,,,,2026-08-17T04:02:07+00:00
9b73714aba28465eb9d4e9cd7181526c,DSC_7150.JPG,UK Antarctic Heritage Trust Data/SfM/SfM_A_external/DSC_7150.JPG,2020-01-24 22:36:53,2020-01-24 22:36:53,NIKON CORPORATION,NIKON D610,,,6016.0,4016.0,Rotate 270,Ver.1.02,400.0,1/250,8.0,20.0,Did not fire,Auto,Manual,Pattern,,,,2026-08-17T04:02:07+00:00
f919ed38f34b4eb7b22d634b6edaeaa2,DSC_7151.JPG,UK Antarctic Heritage Trust Data/SfM/SfM_A_external/DSC_7151.JPG,2020-01-24 22:36:55,2020-01-24 22:36:55,NIKON CORPORATION,NIKON D610,,,6016.0,4016.0,Rotate 270,Ver.1.02,400.0,1/250,8.0,20.0,Did not fire,Auto,Manual,Pattern,,,,2026-08-17T04:02:07+00:00
70d8d0d2ff9f4291a3f06cdae9750a81,DSC_7152.JPG,UK Antarctic Heritage Trust Data/SfM/SfM_A_external/DSC_7152.JPG,2020-01-24 22:36:58,2020-01-24 22:36:58,NIKON CORPORATION,NIKON D610,,,6016.0,4016.0,Horizontal,Ver.1.02,400.0,1/250,8.0,20.0,Did not fire,Auto,Manual,Pattern,,,,2026-08-17T04:02:07+00:00
50b1f209147c4fc9bcd94f7d1249c0f4,DSC_7153.JPG,UK Antarctic Heritage Trust Data/SfM/SfM_A_external/DSC_7153.JPG,2020-01-24 22:36:59,2020-01-24 22:36:59,NIKON CORPORATION,NIKON D610,,,6016.0,4016.0,Horizontal,Ver.1.02,400.0,1/250,8.0,20.0,Did not fire,Auto,Manual,Pattern,,,,2026-08-17T04:02:07+00:00
bb66e5983eb64de089e96c242cce1e4c,DSC_7154.JPG,UK Antarctic Heritage Trust Data/SfM/SfM_A_external/DSC_7154.JPG,2020-01-24 22:37:05,2020-01-24 22:37:05,NIKON CORPORATION,NIKON D610,,,6016.0,4016.0,Rotate 270,Ver.1.02,400.0,1/250,8.0,20.0,Did not fire,Auto,Manual,Pattern,,,,2026-08-17T04:02:07+00:00
7817d1bfd73c473c863be57cf25e000a,DSC_7155.JPG,UK Antarctic Heritage Trust Data/SfM/SfM_A_external/DSC_7155.JPG,2020-01-24 22:37:08,2020-01-24 22:37:08,NIKON CORPORATION,NIKON D610,,,6016.0,4016.0,Rotate 270,Ver.1.02,400.0,1/250,8.0,20.0,Did not fire,Auto,Manual,Pattern,,,,2026-08-17T04:02:08+00:00
cc206d87fe99479ebfb7a47a278eef3e,DSC_7156.JPG,UK Antarctic Heritage Trust Data/SfM/SfM_A_external/DSC_7156.JPG,2020-01-24 22:37:10,2020-01-24 22:37:10,NIKON CORPORATION,NIKON D610,,,6016.0,4016.0,Rotate 270,Ver.1.02,400.0,1/250,8.0,20.0,Did not fire,Auto,Manual,Pattern,,,,2026-08-17T04:02:08+00:00
6d5a78245a0a40ef8013b8515f5ad64c,DSC_7157.JPG,UK Antarctic Heritage Trust Data/SfM/SfM_A_external/DSC_7157.JPG,2020-01-24 22:37:13,2020-01-24 22:37:13,NIKON CORPORATION,NIKON D610,,,6016.0,4016.0,Rotate 270,Ver.1.02,400.0,1/250,8.0,20.0,Did not fire,Auto,Manual,Pattern,,,,2026-08-17T04:02:08+00:00
724e759b1f704ebe85d319b59c66e7b9,DSC_7158.JPG,UK Antarctic Heritage Trust Data/SfM/SfM_A_external/DSC_7158.JPG,2020-01-24 22:37:14,2020-01-24 22:37:14,NIKON CORPORATION,NIKON D610,,,6016.0,4016.0,Rotate 270,Ver.1.02,400.0,1/250,8.0,20.0,Did not fire,Auto,Manual,Pattern,,,,2026-08-17T04:02:08+00:00
8cd095cceaba4cb29f1f8311f008b007,DSC_7159.JPG,UK Antarctic Heritage Trust Data/SfM/SfM_A_external/DSC_7159.JPG,2020-01-24 22:37:17,2020-01-24 22:37:17,NIKON CORPORATION,NIKON D610,,,6016.0,4016.0,Rotate 270,Ver.1.02,400.0,1/250,8.0,20.0,Did not fire,Auto,Manual,Pattern,,,,2026-08-17T04:02:08+00:00
7d12ec8487e54a5b8ba731960b0da0ab,DSC_7160.JPG,UK Antarctic Heritage Trust Data/SfM/SfM_A_external/DSC_7160.JPG,2020-01-24 22:37:18,2020-01-24 22:37:18,NIKON CORPORATION,NIKON D610,,,6016.0,4016.0,Rotate 270,Ver.1.02,400.0,1/250,8.0,20.0,Did not fire,Auto,Manual,Pattern,,,,2026-08-17T04:02:08+00:00
49932c5ab0614f1a9c2bc0c8405345bb,DSC_7161.JPG,UK Antarctic Heritage Trust Data/SfM/SfM_A_external/DSC_7161.JPG,2020-01-24 22:37:22,2020-01-24 22:37:22,NIKON CORPORATION,NIKON D610,,,6016.0,4016.0,Rotate 270,Ver.1.02,400.0,1/250,8.0,20.0,Did not fire,Auto,Manual,Pattern,,,,2026-08-17T04:02:08+00:00
e387a182dd744cb49befa62b6ce976fd,DSC_7162.JPG,UK Antarctic Heritage Trust Data/SfM/SfM_A_external/DSC_7162.JPG,2020-01-24 22:37:23,2020-01-24 22:37:23,NIKON CORPORATION,NIKON D610,,,6016.0,4016.0,Rotate 270,Ver.1.02,400.0,1/250,8.0,20.0,Did not fire,Auto,Manual,Pattern,,,,2026-08-17T04:02:08+00:00
8617cb7a6e2247608c413d40e71d31ab,DSC_7163.JPG,UK Antarctic Heritage Trust Data/SfM/SfM_A_external/DSC_7163.JPG,2020-01-24 22:37:25,2020-01-24 22:37:25,NIKON CORPORATION,NIKON D610,,,6016.0,4016.0,Rotate 270,Ver.1.02,400.0,1/250,8.0,20.0,Did not fire,Auto,Manual,Pattern,,,,2026-08-17T04:02:08+00:00
e151fae833734ce3b189eda5cfe7b80a,DSC_7164.JPG,UK Antarctic Heritage Trust Data/SfM/SfM_A_external/DSC_7164.JPG,2020-01-24 22:37:30,2020-01-24 22:37:30,NIKON CORPORATION,NIKON D610,,,6016.0,4016.0,Rotate 270,Ver.1.02,400.0,1/250,8.0,20.0,Did not fire,Auto,Manual,Pattern,,,,2026-08-17T04:02:08+00:00
41a2ec2249a44cae96858fd0d318439d,DSC_7165.JPG,UK Antarctic Heritage Trust Data/SfM/SfM_A_external/DSC_7165.JPG,2020-01-24 22:37:31,2020-01-24 22:37:31,NIKON CORPORATION,NIKON D610,,,6016.0,4016.0,Rotate 270,Ver.1.02,400.0,1/250,8.0,20.0,Did not fire,Auto,Manual,Pattern,,,,2026-08-17T04:02:08+00:00
e6fce10409634dd783f6564974cb3d7b,DSC_7166.JPG,UK Antarctic Heritage Trust Data/SfM/SfM_A_external/DSC_7166.JPG,2020-01-24 22:37:34,2020-01-24 22:37:34,NIKON CORPORATION,NIKON D610,,,6016.0,4016.0,Rotate 270,Ver.1.02,400.0,1/250,8.0,20.0,Did not fire,Auto,Manual,Pattern,,,,2026-08-17T04:02:08+00:00
afaaf4fee79f481f9125af907c3d83f5,DSC_7167.JPG,UK Antarctic Heritage Trust Data/SfM/SfM_A_external/DSC_7167.JPG,2020-01-24 22:37:35,2020-01-24 22:37:35,NIKON CORPORATION,NIKON D610,,,6016.0,4016.0,Rotate 270,Ver.1.02,400.0,1/250,8.0,20.0,Did not fire,Auto,Manual,Pattern,,,,2026-08-17T04:02:08+00:00
dc7ac0c173fc4fa89b1cb29a94fb8f42,DSC_7168.JPG,UK Antarctic Heritage Trust Data/SfM/SfM_A_external/DSC_7168.JPG,2020-01-24 22:37:48,2020-01-24 22:37:48,NIKON CORPORATION,NIKON D610,,,6016.0,4016.0,Rotate 270,Ver.1.02,400.0,1/250,8.0,20.0,Did not fire,Auto,Manual,Pattern,,,,2026-08-17T04:02:08+00:00
5c246e1cb01f4a9ab72e7fc0cf9164b3,DSC_7169.JPG,UK Antarctic Heritage Trust Data/SfM/SfM_A_external/DSC_7169.JPG,2020-01-24 22:37:49,2020-01-24 22:37:49,NIKON CORPORATION,NIKON D610,,,6016.0,4016.0,Rotate 270,Ver.1.02,400.0,1/250,8.0,20.0,Did not fire,Auto,Manual,Pattern,,,,2026-08-17T04:02:08+00:00
8cedf09395404fac8171786e79ffa504,DSC_7170.JPG,UK Antarctic Heritage Trust Data/SfM/SfM_A_external/DSC_7170.JPG,2020-01-24 22:37:51,2020-01-24 22:37:51,NIKON CORPORATION,NIKON D610,,,6016.0,4016.0,Rotate 270,Ver.1.02,400.0,1/250,8.0,20.0,Did not fire,Auto,Manual,Pattern,,,,2026-08-17T04:02:08+00:00
315c1db673dd472185cf69cd30f2f327,DSC_7171.JPG,UK Antarctic Heritage Trust Data/SfM/SfM_A_external/DSC_7171.JPG,2020-01-24 22:37:52,2020-01-24 22:37:52,NIKON CORPORATION,NIKON D610,,,6016.0,4016.0,Rotate 270,Ver.1.02,400.0,1/250,8.0,20.0,Did not fire,Auto,Manual,Pattern,,,,2026-08-17T04:02:08+00:00
5518845f44154714820fdce5c089cd01,DSC_7172.JPG,UK Antarctic Heritage Trust Data/SfM/SfM_A_external/DSC_7172.JPG,2020-01-24 22:38:04,2020-01-24 22:38:04,NIKON CORPORATION,NIKON D610,,,6016.0,4016.0,Rotate 270,Ver.1.02,400.0,1/320,8.0,20.0,Did not fire,Auto,Manual,Pattern,,,,2026-08-17T04:02:08+00:00
d4505f634eb74e9c868ca89b52286af3,DSC_7173.JPG,UK Antarctic Heritage Trust Data/SfM/SfM_A_external/DSC_7173.JPG,2020-01-24 22:38:05,2020-01-24 22:38:05,NIKON CORPORATION,NIKON D610,,,6016.0,4016.0,Rotate 270,Ver.1.02,400.0,1/320,8.0,20.0,Did not fire,Auto,Manual,Pattern,,,,2026-08-17T04:02:08+00:00
4c3a0566107c453d92ab84d13c1b3568,DSC_7174.JPG,UK Antarctic Heritage Trust Data/SfM/SfM_A_external/DSC_7174.JPG,2020-01-24 22:38:07,2020-01-24 22:38:07,NIKON CORPORATION,NIKON D610,,,6016.0,4016.0,Rotate 270,Ver.1.02,400.0,1/320,8.0,20.0,Did not fire,Auto,Manual,Pattern,,,,2026-08-17T04:02:08+00:00
36924174c71447a0808c6021b95884c9,DSC_7175.JPG,UK Antarctic Heritage Trust Data/SfM/SfM_A_external/DSC_7175.JPG,2020-01-24 22:38:17,2020-01-24 22:38:17,NIKON CORPORATION,NIKON D610,,,6016.0,4016.0,Rotate 270,Ver.1.02,400.0,1/320,8.0,35.0,Did not fire,Auto,Manual,Pattern,,,,2026-08-17T04:02:08+00:00
3ebd5ea086794144acb8d0cb25a02a14,DSC_7176.JPG,UK Antarctic Heritage Trust Data/SfM/SfM_A_external/DSC_7176.JPG,2020-01-24 22:38:24,2020-01-24 22:38:24,NIKON CORPORATION,NIKON D610,,,6016.0,4016.0,Rotate 270,Ver.1.02,400.0,1/320,8.0,35.0,Did not fire,Auto,Manual,Pattern,,,,2026-08-17T04:02:08+00:00
5582672a680c4355a5ee521a6e6d7eac,DSC_7177.JPG,UK Antarctic Heritage Trust Data/SfM/SfM_A_external/DSC_7177.JPG,2020-01-24 22:38:28,2020-01-24 22:38:28,NIKON CORPORATION,NIKON D610,,,6016.0,4016.0,Rotate 270,Ver.1.02,400.0,1/320,8.0,35.0,Did not fire,Auto,Manual,Pattern,,,,2026-08-17T04:02:08+00:00
82b5e8f4d15f4ee5b63d43078e59dd05,DSC_7178.JPG,UK Antarctic Heritage Trust Data/SfM/SfM_A_external/DSC_7178.JPG,2020-01-24 22:38:32,2020-01-24 22:38:32,NIKON CORPORATION,NIKON D610,,,6016.0,4016.0,Rotate 270,Ver.1.02,400.0,1/320,8.0,35.0,Did not fire,Auto,Manual,Pattern,,,,2026-08-17T04:02:08+00:00
3cc60bfd65f74a26848b8ecf33d4c22a,DSC_7179.JPG,UK Antarctic Heritage Trust Data/SfM/SfM_A_external/DSC_7179.JPG,2020-01-24 22:38:35,2020-01-24 22:38:35,NIKON CORPORATION,NIKON D610,,,6016.0,4016.0,Rotate 270,Ver.1.02,400.0,1/320,8.0,35.0,Did not fire,Auto,Manual,Pattern,,,,2026-08-17T04:02:08+00:00
1023b1feefa8495ca6f628a5c4428ec8,DSC_7180.JPG,UK Antarctic Heritage Trust Data/SfM/SfM_A_external/DSC_7180.JPG,2020-01-24 22:38:39,2020-01-24 22:38:39,NIKON CORPORATION,NIKON D610,,,6016.0,4016.0,Rotate 270,Ver.1.02,400.0,1/320,8.0,35.0,Did not fire,Auto,Manual,Pattern,,,,2026-08-17T04:02:08+00:00
a8c91a22e7f54e1b9b7918c15bafa0b0,DSC_7181.JPG,UK Antarctic Heritage Trust Data/SfM/SfM_A_external/DSC_7181.JPG,2020-01-24 22:38:43,2020-01-24 22:38:43,NIKON CORPORATION,NIKON D610,,,6016.0,4016.0,Rotate 270,Ver.1.02,400.0,1/320,8.0,35.0,Did not fire,Auto,Manual,Pattern,,,,2026-08-17T04:02:08+00:00
8033c41dbe93461db20dec390fb125dd,DSC_7182.JPG,UK Antarctic Heritage Trust Data/SfM/SfM_A_external/DSC_7182.JPG,2020-01-24 22:38:46,2020-01-24 22:38:46,NIKON CORPORATION,NIKON D610,,,6016.0,4016.0,Rotate 270,Ver.1.02,400.0,1/320,8.0,35.0,Did not fire,Auto,Manual,Pattern,,,,2026-08-17T04:02:08+00:00
b86c6b81ddd14a4cb77fa646acc449bc,DSC_7183.JPG,UK Antarctic Heritage Trust Data/SfM/SfM_A_external/DSC_7183.JPG,2020-01-24 22:38:50,2020-01-24 22:38:50,NIKON CORPORATION,NIKON D610,,,6016.0,4016.0,Rotate 270,Ver.1.02,400.0,1/320,8.0,35.0,Did not fire,Auto,Manual,Pattern,,,,2026-08-17T04:02:08+00:00
792e63ba505b426ab114de74363daeaf,DSC_7184.JPG,UK Antarctic Heritage Trust Data/SfM/SfM_A_external/DSC_7184.JPG,2020-01-24 22:38:53,2020-01-24 22:38:53,NIKON CORPORATION,NIKON D610,,,6016.0,4016.0,Rotate 270,Ver.1.02,400.0,1/320,8.0,35.0,Did not fire,Auto,Manual,Pattern,,,,2026-08-17T04:02:08+00:00
43e1b588886b4d01a610642f050cb229,DSC_7185.JPG,UK Antarctic Heritage Trust Data/SfM/SfM_A_external/DSC_7185.JPG,2020-01-24 22:38:57,2020-01-24 22:38:57,NIKON CORPORATION,NIKON D610,,,6016.0,4016.0,Rotate 270,Ver.1.02,400.0,1/320,8.0,35.0,Did not fire,Auto,Manual,Pattern,,,,2026-08-17T04:02:08+00:00
1b0324f9b0114286bbeec62f5176d059,DSC_7186.JPG,UK Antarctic Heritage Trust Data/SfM/SfM_A_external/DSC_7186.JPG,2020-01-24 22:39:00,2020-01-24 22:39:00,NIKON CORPORATION,NIKON D610,,,6016.0,4016.0,Rotate 270,Ver.1.02,400.0,1/320,8.0,35.0,Did not fire,Auto,Manual,Pattern,,,,2026-08-17T04:02:08+00:00
02ab1675caad4366af1b55e55505a07c,DSC_7187.JPG,UK Antarctic Heritage Trust Data/SfM/SfM_A_external/DSC_7187.JPG,2020-01-24 22:39:04,2020-01-24 22:39:04,NIKON CORPORATION,NIKON D610,,,6016.0,4016.0,Rotate 270,Ver.1.02,400.0,1/320,8.0,35.0,Did not fire,Auto,Manual,Pattern,,,,2026-08-17T04:02:08+00:00
8aab6e6f8fc4418cba472e815457cf9c,DSC_7188.JPG,UK Antarctic Heritage Trust Data/SfM/SfM_A_external/DSC_7188.JPG,2020-01-24 22:39:08,2020-01-24 22:39:08,NIKON CORPORATION,NIKON D610,,,6016.0,4016.0,Rotate 270,Ver.1.02,400.0,1/320,8.0,35.0,Did not fire,Auto,Manual,Pattern,,,,2026-08-17T04:02:08+00:00
6cf60cac9abd48a99968c1a697cff6b2,DSC_7189.JPG,UK Antarctic Heritage Trust Data/SfM/SfM_A_external/DSC_7189.JPG,2020-01-24 22:39:11,2020-01-24 22:39:11,NIKON CORPORATION,NIKON D610,,,6016.0,4016.0,Rotate 270,Ver.1.02,400.0,1/320,8.0,35.0,Did not fire,Auto,Manual,Pattern,,,,2026-08-17T04:02:08+00:00
4c9a00b887ab4237987b338d731c42a5,DSC_7190.JPG,UK Antarctic Heritage Trust Data/SfM/SfM_A_external/DSC_7190.JPG,2020-01-24 22:39:15,2020-01-24 22:39:15,NIKON CORPORATION,NIKON D610,,,6016.0,4016.0,Rotate 270,Ver.1.02,400.0,1/320,8.0,35.0,Did not fire,Auto,Manual,Pattern,,,,2026-08-17T04:02:08+00:00
0fbba7ff5d9c4973ac4350547c83711c,DSC_7191.JPG,UK Antarctic Heritage Trust Data/SfM/SfM_A_external/DSC_7191.JPG,2020-01-24 22:39:19,2020-01-24 22:39:19,NIKON CORPORATION,NIKON D610,,,6016.0,4016.0,Rotate 270,Ver.1.02,400.0,1/320,8.0,35.0,Did not fire,Auto,Manual,Pattern,,,,2026-08-17T04:02:08+00:00
2fab9e75ac5f480eb35e320477dfd621,DSC_7192.JPG,UK Antarctic Heritage Trust Data/SfM/SfM_A_external/DSC_7192.JPG,2020-01-24 22:39:24,2020-01-24 22:39:24,NIKON CORPORATION,NIKON D610,,,6016.0,4016.0,Rotate 270,Ver.1.02,400.0,1/320,8.0,35.0,Did not fire,Auto,Manual,Pattern,,,,2026-08-17T04:02:08+00:00
2f52543f4d1b4da7b944a255590de735,DSC_7193.JPG,UK Antarctic Heritage Trust Data/SfM/SfM_A_external/DSC_7193.JPG,2020-01-24 22:39:28,2020-01-24 22:39:28,NIKON CORPORATION,NIKON D610,,,6016.0,4016.0,Rotate 270,Ver.1.02,400.0,1/320,8.0,35.0,Did not fire,Auto,Manual,Pattern,,,,2026-08-17T04:02:08+00:00
a3f865193a454ad6a9f68002e7d16abd,DSC_7194.JPG,UK Antarctic Heritage Trust Data/SfM/SfM_A_external/DSC_7194.JPG,2020-01-24 22:39:31,2020-01-24 22:39:31,NIKON CORPORATION,NIKON D610,,,6016.0,4016.0,Rotate 270,Ver.1.02,400.0,1/320,8.0,35.0,Did not fire,Auto,Manual,Pattern,,,,2026-08-17T04:02:08+00:00
9efbcc51518d47489dc80b808dbd1420,DSC_7195.JPG,UK Antarctic Heritage Trust Data/SfM/SfM_A_external/DSC_7195.JPG,2020-01-24 22:39:34,2020-01-24 22:39:34,NIKON CORPORATION,NIKON D610,,,6016.0,4016.0,Rotate 270,Ver.1.02,400.0,1/320,8.0,35.0,Did not fire,Auto,Manual,Pattern,,,,2026-08-17T04:02:08+00:00
143138b03f8349d8821820b255259614,DSC_7196.JPG,UK Antarctic Heritage Trust Data/SfM/SfM_A_external/DSC_7196.JPG,2020-01-24 22:39:38,2020-01-24 22:39:38,NIKON CORPORATION,NIKON D610,,,6016.0,4016.0,Rotate 270,Ver.1.02,400.0,1/320,8.0,35.0,Did not fire,Auto,Manual,Pattern,,,,2026-08-17T04:02:08+00:00
62a251545abd4e1a9817683072371829,DSC_7197.JPG,UK Antarctic Heritage Trust Data/SfM/SfM_A_external/DSC_7197.JPG,2020-01-24 22:39:39,2020-01-24 22:39:39,NIKON CORPORATION,NIKON D610,,,6016.0,4016.0,Rotate 270,Ver.1.02,400.0,1/320,8.0,35.0,Did not fire,Auto,Manual,Pattern,,,,2026-08-17T04:02:08+00:00
efb9c2faa56f4f4885999b5fafc3cb4c,DSC_7198.JPG,UK Antarctic Heritage Trust Data/SfM/SfM_A_external/DSC_7198.JPG,2020-01-24 22:39:43,2020-01-24 22:39:43,NIKON CORPORATION,NIKON D610,,,6016.0,4016.0,Rotate 270,Ver.1.02,400.0,1/320,8.0,35.0,Did not fire,Auto,Manual,Pattern,,,,2026-08-17T04:02:08+00:00
9112b6cc01d74dd393a91ef36d81fa41,DSC_7199.JPG,UK Antarctic Heritage Trust Data/SfM/SfM_A_external/DSC_7199.JPG,2020-01-24 22:39:47,2020-01-24 22:39:47,NIKON CORPORATION,NIKON D610,,,6016.0,4016.0,Rotate 270,Ver.1.02,400.0,1/320,8.0,35.0,Did not fire,Auto,Manual,Pattern,,,,2026-08-17T04:02:08+00:00
0da1daeb35a744c58137814382fa7c15,DSC_7200.JPG,UK Antarctic Heritage Trust Data/SfM/SfM_A_external/DSC_7200.JPG,2020-01-24 22:39:52,2020-01-24 22:39:52,NIKON CORPORATION,NIKON D610,,,6016.0,4016.0,Rotate 270,Ver.1.02,400.0,1/320,8.0,35.0,Did not fire,Auto,Manual,Pattern,,,,2026-08-17T04:02:08+00:00
ce023a33edd1440f991f9ac7992f9a2a,DSC_7201.JPG,UK Antarctic Heritage Trust Data/SfM/SfM_A_external/DSC_7201.JPG,2020-01-24 22:39:53,2020-01-24 22:39:53,NIKON CORPORATION,NIKON D610,,,6016.0,4016.0,Rotate 270,Ver.1.02,400.0,1/320,8.0,35.0,Did not fire,Auto,Manual,Pattern,,,,2026-08-17T04:02:08+00:00
5543a72ef6014c7b97e2b7f0a7877b82,DSC_7202.JPG,UK Antarctic Heritage Trust Data/SfM/SfM_A_external/DSC_7202.JPG,2020-01-24 22:40:04,2020-01-24 22:40:04,NIKON CORPORATION,NIKON D610,,,6016.0,4016.0,Rotate 270,Ver.1.02,400.0,1/320,8.0,35.0,Did not fire,Auto,Manual,Pattern,,,,2026-08-17T04:02:08+00:00
ff252993c86d4fe49ca96dce5746ec9c,DSC_7203.JPG,UK Antarctic Heritage Trust Data/SfM/SfM_A_external/DSC_7203.JPG,2020-01-24 22:40:05,2020-01-24 22:40:05,NIKON CORPORATION,NIKON D610,,,6016.0,4016.0,Rotate 270,Ver.1.02,400.0,1/320,8.0,35.0,Did not fire,Auto,Manual,Pattern,,,,2026-08-17T04:02:08+00:00
79d257690da54685a2d7d8748272e4b6,DSC_7204.JPG,UK Antarctic Heritage Trust Data/SfM/SfM_A_external/DSC_7204.JPG,2020-01-24 22:40:09,2020-01-24 22:40:09,NIKON CORPORATION,NIKON D610,,,6016.0,4016.0,Rotate 270,Ver.1.02,400.0,1/320,8.0,35.0,Did not fire,Auto,Manual,Pattern,,,,2026-08-17T04:02:08+00:00
eb0d91d790cf4d438adabb0575c74395,DSC_7205.JPG,UK Antarctic Heritage Trust Data/SfM/SfM_A_external/DSC_7205.JPG,2020-01-24 22:40:10,2020-01-24 22:40:10,NIKON CORPORATION,NIKON D610,,,6016.0,4016.0,Rotate 270,Ver.1.02,400.0,1/320,8.0,35.0,Did not fire,Auto,Manual,Pattern,,,,2026-08-17T04:02:08+00:00
565ad9adfd99485ca2f5f931781e6b07,DSC_7206.JPG,UK Antarctic Heritage Trust Data/SfM/SfM_A_external/DSC_7206.JPG,2020-01-24 22:40:13,2020-01-24 22:40:13,NIKON CORPORATION,NIKON D610,,,6016.0,4016.0,Rotate 270,Ver.1.02,400.0,1/320,8.0,35.0,Did not fire,Auto,Manual,Pattern,,,,2026-08-17T04:02:08+00:00
0aeb467e670a4fcebabfe8d236d98f99,DSC_7207.JPG,UK Antarctic Heritage Trust Data/SfM/SfM_A_external/DSC_7207.JPG,2020-01-24 22:40:14,2020-01-24 22:40:14,NIKON CORPORATION,NIKON D610,,,6016.0,4016.0,Rotate 270,Ver.1.02,400.0,1/320,8.0,35.0,Did not fire,Auto,Manual,Pattern,,,,2026-08-17T04:02:08+00:00
48484a5e56054afd98ea695ce0885f3b,DSC_7208.JPG,UK Antarctic Heritage Trust Data/SfM/SfM_A_external/DSC_7208.JPG,2020-01-24 22:40:18,2020-01-24 22:40:18,NIKON CORPORATION,NIKON D610,,,6016.0,4016.0,Rotate 270,Ver.1.02,400.0,1/320,8.0,35.0,Did not fire,Auto,Manual,Pattern,,,,2026-08-17T04:02:08+00:00
218dc16d0587421fb878a7f6001c1879,DSC_0056.JPG,UK Antarctic Heritage Trust Data/SfM/SfM_E_external/Main Hut/DSC_0056.JPG,2018-01-12 14:50:26,2018-01-12 14:50:26,NIKON CORPORATION,NIKON D610,,,6016.0,4016.0,Horizontal,Ver.1.02,200.0,1/500,8.0,20.0,Did not fire,Auto,Manual,Pattern,,,,2026-08-17T04:02:08+00:00
3f0eaf37c9d74790a2915aafd99c9b87,DSC_0057.JPG,UK Antarctic Heritage Trust Data/SfM/SfM_E_external/Main Hut/DSC_0057.JPG,2018-01-12 14:50:33,2018-01-12 14:50:33,NIKON CORPORATION,NIKON D610,,,6016.0,4016.0,Horizontal,Ver.1.02,200.0,1/500,8.0,20.0,Did not fire,Auto,Manual,Pattern,,,,2026-08-17T04:02:08+00:00
d9df180dfa074f12b439e8f04a594467,DSC_0058.JPG,UK Antarctic Heritage Trust Data/SfM/SfM_E_external/Main Hut/DSC_0058.JPG,2018-01-12 14:51:04,2018-01-12 14:51:04,NIKON CORPORATION,NIKON D610,,,6016.0,4016.0,Horizontal,Ver.1.02,200.0,1/400,8.0,20.0,Did not fire,Auto,Manual,Pattern,,,,2026-08-17T04:02:08+00:00
6970698313cf4b5fa0f5bebc08822817,DSC_0059.JPG,UK Antarctic Heritage Trust Data/SfM/SfM_E_external/Main Hut/DSC_0059.JPG,2018-01-12 14:51:12,2018-01-12 14:51:12,NIKON CORPORATION,NIKON D610,,,6016.0,4016.0,Horizontal,Ver.1.02,200.0,1/400,8.0,20.0,Did not fire,Auto,Manual,Pattern,,,,2026-08-17T04:02:08+00:00
505d81c428184919a380822b9dc6fe78,DSC_0061.JPG,UK Antarctic Heritage Trust Data/SfM/SfM_E_external/Main Hut/DSC_0061.JPG,2018-01-12 14:51:38,2018-01-12 14:51:38,NIKON CORPORATION,NIKON D610,,,6016.0,4016.0,Horizontal,Ver.1.02,200.0,1/400,8.0,20.0,Did not fire,Auto,Manual,Pattern,,,,2026-08-17T04:02:08+00:00
77eef7f6d9384d458d3a6714c2a495b7,DSC_0062.JPG,UK Antarctic Heritage Trust Data/SfM/SfM_E_external/Main Hut/DSC_0062.JPG,2018-01-12 14:51:45,2018-01-12 14:51:45,NIKON CORPORATION,NIKON D610,,,6016.0,4016.0,Horizontal,Ver.1.02,200.0,1/400,8.0,20.0,Did not fire,Auto,Manual,Pattern,,,,2026-08-17T04:02:08+00:00
0a60dc28761346a68d49f8e06b0301b9,DSC_0063.JPG,UK Antarctic Heritage Trust Data/SfM/SfM_E_external/Main Hut/DSC_0063.JPG,2018-01-12 14:52:03,2018-01-12 14:52:03,NIKON CORPORATION,NIKON D610,,,6016.0,4016.0,Horizontal,Ver.1.02,200.0,1/500,8.0,20.0,Did not fire,Auto,Manual,Pattern,,,,2026-08-17T04:02:08+00:00
74ee0469b70347d7b791d177d53fc515,DSC_0064.JPG,UK Antarctic Heritage Trust Data/SfM/SfM_E_external/Main Hut/DSC_0064.JPG,2018-01-12 14:52:09,2018-01-12 14:52:09,NIKON CORPORATION,NIKON D610,,,6016.0,4016.0,Horizontal,Ver.1.02,200.0,1/640,8.0,20.0,Did not fire,Auto,Manual,Pattern,,,,2026-08-17T04:02:08+00:00
5ecd6fb2e2834d8086754c67ed951004,DSC_0065.JPG,UK Antarctic Heritage Trust Data/SfM/SfM_E_external/Main Hut/DSC_0065.JPG,2018-01-12 14:52:25,2018-01-12 14:52:25,NIKON CORPORATION,NIKON D610,,,6016.0,4016.0,Horizontal,Ver.1.02,200.0,1/500,8.0,20.0,Did not fire,Auto,Manual,Pattern,,,,2026-08-17T04:02:08+00:00
98d298eb607b4dbbae65dd21d622fcfc,DSC_0066.JPG,UK Antarctic Heritage Trust Data/SfM/SfM_E_external/Main Hut/DSC_0066.JPG,2018-01-12 14:52:34,2018-01-12 14:52:34,NIKON CORPORATION,NIKON D610,,,6016.0,4016.0,Horizontal,Ver.1.02,200.0,1/500,8.0,20.0,Did not fire,Auto,Manual,Pattern,,,,2026-08-17T04:02:08+00:00
564c1a69123b429786e430ab5dd44fc8,DSC_0067.JPG,UK Antarctic Heritage Trust Data/SfM/SfM_E_external/Main Hut/DSC_0067.JPG,2018-01-12 14:52:46,2018-01-12 14:52:46,NIKON CORPORATION,NIKON D610,,,6016.0,4016.0,Horizontal,Ver.1.02,200.0,1/500,8.0,20.0,Did not fire,Auto,Manual,Pattern,,,,2026-08-17T04:02:08+00:00
c6141614aeca4e25b51a817345d0d04d,DSC_0068.JPG,UK Antarctic Heritage Trust Data/SfM/SfM_E_external/Main Hut/DSC_0068.JPG,2018-01-12 14:52:51,2018-01-12 14:52:51,NIKON CORPORATION,NIKON D610,,,6016.0,4016.0,Horizontal,Ver.1.02,200.0,1/500,8.0,20.0,Did not fire,Auto,Manual,Pattern,,,,2026-08-17T04:02:09+00:00
f2adfd0166014296916abe75f7341fb7,DSC_0069.JPG,UK Antarctic Heritage Trust Data/SfM/SfM_E_external/Main Hut/DSC_0069.JPG,2018-01-12 14:53:05,2018-01-12 14:53:05,NIKON CORPORATION,NIKON D610,,,6016.0,4016.0,Horizontal,Ver.1.02,200.0,1/500,8.0,20.0,Did not fire,Auto,Manual,Pattern,,,,2026-08-17T04:02:09+00:00
c67c1fc5d51c4e5e980355d05cfa0c2e,DSC_0070.JPG,UK Antarctic Heritage Trust Data/SfM/SfM_E_external/Main Hut/DSC_0070.JPG,2018-01-12 14:53:12,2018-01-12 14:53:12,NIKON CORPORATION,NIKON D610,,,6016.0,4016.0,Horizontal,Ver.1.02,200.0,1/500,8.0,20.0,Did not fire,Auto,Manual,Pattern,,,,2026-08-17T04:02:09+00:00
b84ded49330c4ed5be333238d1231538,DSC_0071.JPG,UK Antarctic Heritage Trust Data/SfM/SfM_E_external/Main Hut/DSC_0071.JPG,2018-01-12 14:53:22,2018-01-12 14:53:22,NIKON CORPORATION,NIKON D610,,,6016.0,4016.0,Horizontal,Ver.1.02,200.0,1/500,8.0,20.0,Did not fire,Auto,Manual,Pattern,,,,2026-08-17T04:02:09+00:00
782a89d8cddb46b987a2bbfb2af9d531,DSC_0072.JPG,UK Antarctic Heritage Trust Data/SfM/SfM_E_external/Main Hut/DSC_0072.JPG,2018-01-12 14:53:28,2018-01-12 14:53:28,NIKON CORPORATION,NIKON D610,,,6016.0,4016.0,Horizontal,Ver.1.02,200.0,1/500,8.0,20.0,Did not fire,Auto,Manual,Pattern,,,,2026-08-17T04:02:09+00:00
b3f92b4c032d4bd9b6ba9f2fbd963b88,DSC_0073.JPG,UK Antarctic Heritage Trust Data/SfM/SfM_E_external/Main Hut/DSC_0073.JPG,2018-01-12 14:53:39,2018-01-12 14:53:39,NIKON CORPORATION,NIKON D610,,,6016.0,4016.0,Horizontal,Ver.1.02,200.0,1/500,8.0,20.0,Did not fire,Auto,Manual,Pattern,,,,2026-08-17T04:02:09+00:00
8c45487d587142859b1c00cc744117ef,DSC_0074.JPG,UK Antarctic Heritage Trust Data/SfM/SfM_E_external/Main Hut/DSC_0074.JPG,2018-01-12 14:53:45,2018-01-12 14:53:45,NIKON CORPORATION,NIKON D610,,,6016.0,4016.0,Horizontal,Ver.1.02,200.0,1/500,8.0,20.0,Did not fire,Auto,Manual,Pattern,,,,2026-08-17T04:02:09+00:00
ad33418e482648d9aa24ebafcd1dc87c,DSC_0078.JPG,UK Antarctic Heritage Trust Data/SfM/SfM_E_external/Main Hut/DSC_0078.JPG,2018-01-12 14:54:49,2018-01-12 14:54:49,NIKON CORPORATION,NIKON D610,,,6016.0,4016.0,Horizontal,Ver.1.02,200.0,1/640,8.0,20.0,Did not fire,Auto,Manual,Pattern,,,,2026-08-17T04:02:09+00:00
971cf60f7664486987bfaa93244c746d,DSC_0079.JPG,UK Antarctic Heritage Trust Data/SfM/SfM_E_external/Main Hut/DSC_0079.JPG,2018-01-12 14:54:52,2018-01-12 14:54:52,NIKON CORPORATION,NIKON D610,,,6016.0,4016.0,Horizontal,Ver.1.02,200.0,1/640,8.0,20.0,Did not fire,Auto,Manual,Pattern,,,,2026-08-17T04:02:09+00:00
11edeb047af343769af0d6f8b9cd20f5,DSC_0081.JPG,UK Antarctic Heritage Trust Data/SfM/SfM_E_external/Main Hut/DSC_0081.JPG,2018-01-12 14:55:07,2018-01-12 14:55:07,NIKON CORPORATION,NIKON D610,,,6016.0,4016.0,Horizontal,Ver.1.02,200.0,1/640,8.0,20.0,Did not fire,Auto,Manual,Pattern,,,,2026-08-17T04:02:09+00:00
9bb14ecb1bd448c7beb402fbd2ca28d2,DSC_0082.JPG,UK Antarctic Heritage Trust Data/SfM/SfM_E_external/Main Hut/DSC_0082.JPG,2018-01-12 14:55:11,2018-01-12 14:55:11,NIKON CORPORATION,NIKON D610,,,6016.0,4016.0,Horizontal,Ver.1.02,200.0,1/640,8.0,20.0,Did not fire,Auto,Manual,Pattern,,,,2026-08-17T04:02:09+00:00
ba9a1bca37ef4a9aad0032c4030415f3,DSC_0083.JPG,UK Antarctic Heritage Trust Data/SfM/SfM_E_external/Main Hut/DSC_0083.JPG,2018-01-12 14:55:24,2018-01-12 14:55:24,NIKON CORPORATION,NIKON D610,,,6016.0,4016.0,Horizontal,Ver.1.02,200.0,1/640,8.0,20.0,Did not fire,Auto,Manual,Pattern,,,,2026-08-17T04:02:09+00:00
54acf9f3a6a6414f9a24573a72866226,DSC_0084.JPG,UK Antarctic Heritage Trust Data/SfM/SfM_E_external/Main Hut/DSC_0084.JPG,2018-01-12 14:55:31,2018-01-12 14:55:31,NIKON CORPORATION,NIKON D610,,,6016.0,4016.0,Horizontal,Ver.1.02,200.0,1/640,8.0,20.0,Did not fire,Auto,Manual,Pattern,,,,2026-08-17T04:02:09+00:00
0ac460f1f9d74a05871e66215cb952b2,DSC_0085.JPG,UK Antarctic Heritage Trust Data/SfM/SfM_E_external/Main Hut/DSC_0085.JPG,2018-01-12 14:55:45,2018-01-12 14:55:45,NIKON CORPORATION,NIKON D610,,,6016.0,4016.0,Horizontal,Ver.1.02,200.0,1/640,8.0,20.0,Did not fire,Auto,Manual,Pattern,,,,2026-08-17T04:02:09+00:00
b9650737924444beb4fdc36534c8fe5e,DSC_0086.JPG,UK Antarctic Heritage Trust Data/SfM/SfM_E_external/Main Hut/DSC_0086.JPG,2018-01-12 14:55:49,2018-01-12 14:55:49,NIKON CORPORATION,NIKON D610,,,6016.0,4016.0,Horizontal,Ver.1.02,200.0,1/640,8.0,20.0,Did not fire,Auto,Manual,Pattern,,,,2026-08-17T04:02:09+00:00
833a3d34792e4942b4023f4d5699e7d1,DSC_0087.JPG,UK Antarctic Heritage Trust Data/SfM/SfM_E_external/Main Hut/DSC_0087.JPG,2018-01-12 14:56:05,2018-01-12 14:56:05,NIKON CORPORATION,NIKON D610,,,6016.0,4016.0,Horizontal,Ver.1.02,200.0,1/640,8.0,20.0,Did not fire,Auto,Manual,Pattern,,,,2026-08-17T04:02:09+00:00
4e125fef3f8647a99f29ce83f5cd8b13,DSC_0088.JPG,UK Antarctic Heritage Trust Data/SfM/SfM_E_external/Main Hut/DSC_0088.JPG,2018-01-12 14:56:10,2018-01-12 14:56:10,NIKON CORPORATION,NIKON D610,,,6016.0,4016.0,Horizontal,Ver.1.02,200.0,1/640,8.0,20.0,Did not fire,Auto,Manual,Pattern,,,,2026-08-17T04:02:09+00:00
5ace63319a6e441da5519497fb01af0e,DSC_0089.JPG,UK Antarctic Heritage Trust Data/SfM/SfM_E_external/Main Hut/DSC_0089.JPG,2018-01-12 14:56:17,2018-01-12 14:56:17,NIKON CORPORATION,NIKON D610,,,6016.0,4016.0,Horizontal,Ver.1.02,200.0,1/640,8.0,20.0,Did not fire,Auto,Manual,Pattern,,,,2026-08-17T04:02:09+00:00
4d62d3f89d1141eeaac48c1fbfadaa5f,DSC_0090.JPG,UK Antarctic Heritage Trust Data/SfM/SfM_E_external/Main Hut/DSC_0090.JPG,2018-01-12 14:56:22,2018-01-12 14:56:22,NIKON CORPORATION,NIKON D610,,,6016.0,4016.0,Horizontal,Ver.1.02,200.0,1/640,8.0,20.0,Did not fire,Auto,Manual,Pattern,,,,2026-08-17T04:02:09+00:00
6fbcfe0eb1dd4ff293a7096dbcc49854,DSC_0091.JPG,UK Antarctic Heritage Trust Data/SfM/SfM_E_external/Main Hut/DSC_0091.JPG,2018-01-12 14:56:29,2018-01-12 14:56:29,NIKON CORPORATION,NIKON D610,,,6016.0,4016.0,Horizontal,Ver.1.02,200.0,1/640,8.0,20.0,Did not fire,Auto,Manual,Pattern,,,,2026-08-17T04:02:09+00:00
de9358e5cbc4499b864fc37c55e16eba,DSC_0092.JPG,UK Antarctic Heritage Trust Data/SfM/SfM_E_external/Main Hut/DSC_0092.JPG,2018-01-12 14:56:34,2018-01-12 14:56:34,NIKON CORPORATION,NIKON D610,,,6016.0,4016.0,Horizontal,Ver.1.02,200.0,1/640,8.0,20.0,Did not fire,Auto,Manual,Pattern,,,,2026-08-17T04:02:09+00:00
4c6c8de12a0f44c1a70155e622a9e3b1,DSC_0093.JPG,UK Antarctic Heritage Trust Data/SfM/SfM_E_external/Main Hut/DSC_0093.JPG,2018-01-12 14:56:46,2018-01-12 14:56:46,NIKON CORPORATION,NIKON D610,,,6016.0,4016.0,Horizontal,Ver.1.02,200.0,1/640,8.0,20.0,Did not fire,Auto,Manual,Pattern,,,,2026-08-17T04:02:09+00:00
e737cb46f04d4a2ca037161c6138c27c,DSC_0094.JPG,UK Antarctic Heritage Trust Data/SfM/SfM_E_external/Main Hut/DSC_0094.JPG,2018-01-12 14:56:50,2018-01-12 14:56:50,NIKON CORPORATION,NIKON D610,,,6016.0,4016.0,Horizontal,Ver.1.02,200.0,1/640,8.0,20.0,Did not fire,Auto,Manual,Pattern,,,,2026-08-17T04:02:09+00:00
a02cb49d6bf541d7804325ec12e37011,DSC_0095.JPG,UK Antarctic Heritage Trust Data/SfM/SfM_E_external/Main Hut/DSC_0095.JPG,2018-01-12 14:57:05,2018-01-12 14:57:05,NIKON CORPORATION,NIKON D610,,,6016.0,4016.0,Horizontal,Ver.1.02,200.0,1/640,8.0,20.0,Did not fire,Auto,Manual,Pattern,,,,2026-08-17T04:02:09+00:00
bd01584dd7f7461789e6315833bc0126,DSC_0096.JPG,UK Antarctic Heritage Trust Data/SfM/SfM_E_external/Main Hut/DSC_0096.JPG,2018-01-12 14:57:09,2018-01-12 14:57:09,NIKON CORPORATION,NIKON D610,,,6016.0,4016.0,Horizontal,Ver.1.02,200.0,1/640,8.0,20.0,Did not fire,Auto,Manual,Pattern,,,,2026-08-17T04:02:09+00:00
398f219da3e74811ad747bef6bace273,DSC_0097.JPG,UK Antarctic Heritage Trust Data/SfM/SfM_E_external/Main Hut/DSC_0097.JPG,2018-01-12 14:57:19,2018-01-12 14:57:19,NIKON CORPORATION,NIKON D610,,,6016.0,4016.0,Horizontal,Ver.1.02,200.0,1/640,8.0,20.0,Did not fire,Auto,Manual,Pattern,,,,2026-08-17T04:02:09+00:00
b823c93eadcb4d46a0ae191cc4bc365d,DSC_0098.JPG,UK Antarctic Heritage Trust Data/SfM/SfM_E_external/Main Hut/DSC_0098.JPG,2018-01-12 14:57:24,2018-01-12 14:57:24,NIKON CORPORATION,NIKON D610,,,6016.0,4016.0,Horizontal,Ver.1.02,200.0,1/640,8.0,20.0,Did not fire,Auto,Manual,Pattern,,,,2026-08-17T04:02:09+00:00
26f60ab9f8494641a7bd11bea93c9d50,DSC_0099.JPG,UK Antarctic Heritage Trust Data/SfM/SfM_E_external/Main Hut/DSC_0099.JPG,2018-01-12 14:57:34,2018-01-12 14:57:34,NIKON CORPORATION,NIKON D610,,,6016.0,4016.0,Horizontal,Ver.1.02,200.0,1/640,8.0,20.0,Did not fire,Auto,Manual,Pattern,,,,2026-08-17T04:02:09+00:00
236b4fc8173d460b817396048fc5f776,DSC_0100.JPG,UK Antarctic Heritage Trust Data/SfM/SfM_E_external/Main Hut/DSC_0100.JPG,2018-01-12 14:57:39,2018-01-12 14:57:39,NIKON CORPORATION,NIKON D610,,,6016.0,4016.0,Horizontal,Ver.1.02,200.0,1/640,8.0,20.0,Did not fire,Auto,Manual,Pattern,,,,2026-08-17T04:02:09+00:00
ea187e5ba7d646b3977516df0f72b3da,DSC_0102.JPG,UK Antarctic Heritage Trust Data/SfM/SfM_E_external/Main Hut/DSC_0102.JPG,2018-01-12 14:57:58,2018-01-12 14:57:58,NIKON CORPORATION,NIKON D610,,,6016.0,4016.0,Horizontal,Ver.1.02,200.0,1/400,8.0,20.0,Did not fire,Auto,Manual,Pattern,,,,2026-08-17T04:02:09+00:00
6ccd1904112244629ba2523cabc5edd0,DSC_0103.JPG,UK Antarctic Heritage Trust Data/SfM/SfM_E_external/Main Hut/DSC_0103.JPG,2018-01-12 14:58:03,2018-01-12 14:58:03,NIKON CORPORATION,NIKON D610,,,6016.0,4016.0,Horizontal,Ver.1.02,200.0,1/500,8.0,20.0,Did not fire,Auto,Manual,Pattern,,,,2026-08-17T04:02:09+00:00
238137d6549b4bd985707d978f769af1,DSC_0105.JPG,UK Antarctic Heritage Trust Data/SfM/SfM_E_external/Main Hut/DSC_0105.JPG,2018-01-12 14:58:27,2018-01-12 14:58:27,NIKON CORPORATION,NIKON D610,,,6016.0,4016.0,Horizontal,Ver.1.02,200.0,1/500,8.0,17.0,Did not fire,Auto,Manual,Pattern,,,,2026-08-17T04:02:09+00:00
729570dc54444c29a072112df5d1d1ba,DSC_0106.JPG,UK Antarctic Heritage Trust Data/SfM/SfM_E_external/Main Hut/DSC_0106.JPG,2018-01-12 14:58:33,2018-01-12 14:58:33,NIKON CORPORATION,NIKON D610,,,6016.0,4016.0,Horizontal,Ver.1.02,200.0,1/500,8.0,20.0,Did not fire,Auto,Manual,Pattern,,,,2026-08-17T04:02:09+00:00
ff5e244143f849b78512aa6deeb513d6,DSC_0110.JPG,UK Antarctic Heritage Trust Data/SfM/SfM_E_external/Main Hut/DSC_0110.JPG,2018-01-12 14:59:02,2018-01-12 14:59:02,NIKON CORPORATION,NIKON D610,,,6016.0,4016.0,Horizontal,Ver.1.02,200.0,1/500,8.0,20.0,Did not fire,Auto,Manual,Pattern,,,,2026-08-17T04:02:09+00:00
2cb9c6317cb84e1ebf2ff549d824fc49,DSC_0111.JPG,UK Antarctic Heritage Trust Data/SfM/SfM_E_external/Main Hut/DSC_0111.JPG,2018-01-12 14:59:07,2018-01-12 14:59:07,NIKON CORPORATION,NIKON D610,,,6016.0,4016.0,Horizontal,Ver.1.02,200.0,1/500,8.0,20.0,Did not fire,Auto,Manual,Pattern,,,,2026-08-17T04:02:09+00:00
2f6afaae85ae4f3c9c9b1f3cd44631ae,DSC_0112.JPG,UK Antarctic Heritage Trust Data/SfM/SfM_E_external/Main Hut/DSC_0112.JPG,2018-01-12 14:59:26,2018-01-12 14:59:26,NIKON CORPORATION,NIKON D610,,,6016.0,4016.0,Horizontal,Ver.1.02,200.0,1/500,8.0,20.0,Did not fire,Auto,Manual,Pattern,,,,2026-08-17T04:02:09+00:00
27853e7e2d674ea3828cc2851d1a3134,DSC_0113.JPG,UK Antarctic Heritage Trust Data/SfM/SfM_E_external/Main Hut/DSC_0113.JPG,2018-01-12 14:59:40,2018-01-12 14:59:40,NIKON CORPORATION,NIKON D610,,,6016.0,4016.0,Horizontal,Ver.1.02,200.0,1/500,8.0,20.0,Did not fire,Auto,Manual,Pattern,,,,2026-08-17T04:02:09+00:00
85ec3a87b2a8402f86c9e29a7f67a7e6,DSC_0114.JPG,UK Antarctic Heritage Trust Data/SfM/SfM_E_external/Main Hut/DSC_0114.JPG,2018-01-12 14:59:55,2018-01-12 14:59:55,NIKON CORPORATION,NIKON D610,,,6016.0,4016.0,Horizontal,Ver.1.02,200.0,1/500,8.0,17.0,Did not fire,Auto,Manual,Pattern,,,,2026-08-17T04:02:09+00:00
af48cf8a2a984e37abc6a3d2a9f7eb4b,DSC_0115.JPG,UK Antarctic Heritage Trust Data/SfM/SfM_E_external/Main Hut/DSC_0115.JPG,2018-01-12 15:00:01,2018-01-12 15:00:01,NIKON CORPORATION,NIKON D610,,,6016.0,4016.0,Horizontal,Ver.1.02,200.0,1/500,8.0,17.0,Did not fire,Auto,Manual,Pattern,,,,2026-08-17T04:02:09+00:00
541e8fdea5de493887dfc749d3e20d89,DSC_0075.JPG,UK Antarctic Heritage Trust Data/SfM/SfM_E_external/Main Hut/Other/DSC_0075.JPG,2018-01-12 14:53:56,2018-01-12 14:53:56,NIKON CORPORATION,NIKON D610,,,6016.0,4016.0,Horizontal,Ver.1.02,200.0,1/500,8.0,20.0,Did not fire,Auto,Manual,Pattern,,,,2026-08-17T04:02:09+00:00
bcf9ec6c878e408a902b64d9a6c64949,DSC_0076.JPG,UK Antarctic Heritage Trust Data/SfM/SfM_E_external/Main Hut/Other/DSC_0076.JPG,2018-01-12 14:54:24,2018-01-12 14:54:24,NIKON CORPORATION,NIKON D610,,,6016.0,4016.0,Horizontal,Ver.1.02,200.0,1/500,8.0,17.0,Did not fire,Auto,Manual,Pattern,,,,2026-08-17T04:02:09+00:00
7296a4c309064836b4878236eca1b1da,DSC_0109.JPG,UK Antarctic Heritage Trust Data/SfM/SfM_E_external/Main Hut/Other/DSC_0109.JPG,2018-01-12 14:58:55,2018-01-12 14:58:55,NIKON CORPORATION,NIKON D610,,,6016.0,4016.0,Horizontal,Ver.1.02,200.0,1/500,8.0,18.0,Did not fire,Auto,Manual,Pattern,,,,2026-08-17T04:02:09+00:00
f92f1f185b7b439a98cc54de79b5d7d2,S7R08440.JPG,UK Antarctic Heritage Trust Data/SfM/SfM_W_external/S7R08440.JPG,2024-01-13 18:07:07,2024-01-13 18:07:07,SONY,ILCE-7RM3A,,FE 20mm F1.8 G,2592.0,1728.0,Horizontal,ILCE-7RM3A v1.00,400.0,1/640,14.0,20.0,Did not fire,Manual,Manual,Pattern,,,,2026-08-17T04:02:09+00:00
1fb210f8eb2f45b78f95d54ef34230a4,S7R08441.JPG,UK Antarctic Heritage Trust Data/SfM/SfM_W_external/S7R08441.JPG,2024-01-13 18:07:10,2024-01-13 18:07:10,SONY,ILCE-7RM3A,,FE 20mm F1.8 G,2592.0,1728.0,Horizontal,ILCE-7RM3A v1.00,400.0,1/640,14.0,20.0,Did not fire,Manual,Manual,Pattern,,,,2026-08-17T04:02:09+00:00
20f40e35fd3e4a15b04873dbda0ebbe6,S7R08442.JPG,UK Antarctic Heritage Trust Data/SfM/SfM_W_external/S7R08442.JPG,2024-01-13 18:07:11,2024-01-13 18:07:11,SONY,ILCE-7RM3A,,FE 20mm F1.8 G,2592.0,1728.0,Horizontal,ILCE-7RM3A v1.00,400.0,1/640,14.0,20.0,Did not fire,Manual,Manual,Pattern,,,,2026-08-17T04:02:09+00:00
d2acc91f9e4248f69a144a545a16387a,S7R08443.JPG,UK Antarctic Heritage Trust Data/SfM/SfM_W_external/S7R08443.JPG,2024-01-13 18:07:21,2024-01-13 18:07:21,SONY,ILCE-7RM3A,,FE 20mm F1.8 G,2592.0,1728.0,Horizontal,ILCE-7RM3A v1.00,400.0,1/640,14.0,20.0,Did not fire,Manual,Manual,Pattern,,,,2026-08-17T04:02:09+00:00
84406bd155d14691ae645adb2300d61f,S7R08444.JPG,UK Antarctic Heritage Trust Data/SfM/SfM_W_external/S7R08444.JPG,2024-01-13 18:07:23,2024-01-13 18:07:23,SONY,ILCE-7RM3A,,FE 20mm F1.8 G,2592.0,1728.0,Horizontal,ILCE-7RM3A v1.00,400.0,1/640,14.0,20.0,Did not fire,Manual,Manual,Pattern,,,,2026-08-17T04:02:09+00:00
9cc6faa142da493097ad4a4608c0ea1d,S7R08445.JPG,UK Antarctic Heritage Trust Data/SfM/SfM_W_external/S7R08445.JPG,2024-01-13 18:07:29,2024-01-13 18:07:29,SONY,ILCE-7RM3A,,FE 20mm F1.8 G,2592.0,1728.0,Horizontal,ILCE-7RM3A v1.00,400.0,1/640,14.0,20.0,Did not fire,Manual,Manual,Pattern,,,,2026-08-17T04:02:09+00:00
15e73008ceb94b2481041c8196cea4d3,S7R08446.JPG,UK Antarctic Heritage Trust Data/SfM/SfM_W_external/S7R08446.JPG,2024-01-13 18:12:39,2024-01-13 18:12:39,SONY,ILCE-7RM3A,,FE 20mm F1.8 G,2592.0,1728.0,Horizontal,ILCE-7RM3A v1.00,400.0,1/640,14.0,20.0,Did not fire,Manual,Manual,Pattern,,,,2026-08-17T04:02:09+00:00
0d05492e809a472c9fe54ef06b334afa,S7R08447.JPG,UK Antarctic Heritage Trust Data/SfM/SfM_W_external/S7R08447.JPG,2024-01-13 18:12:47,2024-01-13 18:12:47,SONY,ILCE-7RM3A,,FE 20mm F1.8 G,2592.0,1728.0,Horizontal,ILCE-7RM3A v1.00,400.0,1/640,14.0,20.0,Did not fire,Manual,Manual,Pattern,,,,2026-08-17T04:02:09+00:00
d9bb701ee86a4dc2836c9427eb411e0c,S7R08448.JPG,UK Antarctic Heritage Trust Data/SfM/SfM_W_external/S7R08448.JPG,2024-01-13 18:12:53,2024-01-13 18:12:53,SONY,ILCE-7RM3A,,FE 20mm F1.8 G,2592.0,1728.0,Horizontal,ILCE-7RM3A v1.00,400.0,1/640,14.0,20.0,Did not fire,Manual,Manual,Pattern,,,,2026-08-17T04:02:09+00:00
e7d4a4eff5094e19952f2ec7476a380d,S7R08449.JPG,UK Antarctic Heritage Trust Data/SfM/SfM_W_external/S7R08449.JPG,2024-01-13 18:12:59,2024-01-13 18:12:59,SONY,ILCE-7RM3A,,FE 20mm F1.8 G,2592.0,1728.0,Horizontal,ILCE-7RM3A v1.00,400.0,1/640,14.0,20.0,Did not fire,Manual,Manual,Pattern,,,,2026-08-17T04:02:09+00:00
2688af4a5db8434b8491ca97c3d6e9aa,S7R08450.JPG,UK Antarctic Heritage Trust Data/SfM/SfM_W_external/S7R08450.JPG,2024-01-13 18:13:03,2024-01-13 18:13:03,SONY,ILCE-7RM3A,,FE 20mm F1.8 G,2592.0,1728.0,Horizontal,ILCE-7RM3A v1.00,400.0,1/640,14.0,20.0,Did not fire,Manual,Manual,Pattern,,,,2026-08-17T04:02:09+00:00
f7bdcb85a9c5409a8eb98d79ef40cc60,S7R08451.JPG,UK Antarctic Heritage Trust Data/SfM/SfM_W_external/S7R08451.JPG,2024-01-13 18:13:05,2024-01-13 18:13:05,SONY,ILCE-7RM3A,,FE 20mm F1.8 G,2592.0,1728.0,Horizontal,ILCE-7RM3A v1.00,400.0,1/640,14.0,20.0,Did not fire,Manual,Manual,Pattern,,,,2026-08-17T04:02:09+00:00
f213851191794caeaa7a2c7041a6525d,S7R08452.JPG,UK Antarctic Heritage Trust Data/SfM/SfM_W_external/S7R08452.JPG,2024-01-13 18:13:13,2024-01-13 18:13:13,SONY,ILCE-7RM3A,,FE 20mm F1.8 G,2592.0,1728.0,Horizontal,ILCE-7RM3A v1.00,400.0,1/640,14.0,20.0,Did not fire,Manual,Manual,Pattern,,,,2026-08-17T04:02:09+00:00
9ce4594a897b455ca263a11b35f63d75,S7R08453.JPG,UK Antarctic Heritage Trust Data/SfM/SfM_W_external/S7R08453.JPG,2024-01-13 18:13:14,2024-01-13 18:13:14,SONY,ILCE-7RM3A,,FE 20mm F1.8 G,2592.0,1728.0,Horizontal,ILCE-7RM3A v1.00,400.0,1/640,14.0,20.0,Did not fire,Manual,Manual,Pattern,,,,2026-08-17T04:02:09+00:00
80529f2104dd4a9bacb14befee052bc4,S7R08454.JPG,UK Antarctic Heritage Trust Data/SfM/SfM_W_external/S7R08454.JPG,2024-01-13 18:13:16,2024-01-13 18:13:16,SONY,ILCE-7RM3A,,FE 20mm F1.8 G,2592.0,1728.0,Horizontal,ILCE-7RM3A v1.00,400.0,1/640,14.0,20.0,Did not fire,Manual,Manual,Pattern,,,,2026-08-17T04:02:09+00:00
0fafc89872b74d898b6a1bb0b5657d5c,S7R08455.JPG,UK Antarctic Heritage Trust Data/SfM/SfM_W_external/S7R08455.JPG,2024-01-13 18:13:23,2024-01-13 18:13:23,SONY,ILCE-7RM3A,,FE 20mm F1.8 G,2592.0,1728.0,Horizontal,ILCE-7RM3A v1.00,400.0,1/640,14.0,20.0,Did not fire,Manual,Manual,Pattern,,,,2026-08-17T04:02:09+00:00
c7527d8579da4f0fbb10e0d106a41dc5,S7R08456.JPG,UK Antarctic Heritage Trust Data/SfM/SfM_W_external/S7R08456.JPG,2024-01-13 18:13:24,2024-01-13 18:13:24,SONY,ILCE-7RM3A,,FE 20mm F1.8 G,2592.0,1728.0,Horizontal,ILCE-7RM3A v1.00,400.0,1/640,14.0,20.0,Did not fire,Manual,Manual,Pattern,,,,2026-08-17T04:02:09+00:00
7510bda2c6754aa0a1a6be65923a9719,S7R08457.JPG,UK Antarctic Heritage Trust Data/SfM/SfM_W_external/S7R08457.JPG,2024-01-13 18:13:26,2024-01-13 18:13:26,SONY,ILCE-7RM3A,,FE 20mm F1.8 G,2592.0,1728.0,Horizontal,ILCE-7RM3A v1.00,400.0,1/640,14.0,20.0,Did not fire,Manual,Manual,Pattern,,,,2026-08-17T04:02:09+00:00
70654a3363c64b2b91d9b12847bc21a9,S7R08458.JPG,UK Antarctic Heritage Trust Data/SfM/SfM_W_external/S7R08458.JPG,2024-01-13 18:13:29,2024-01-13 18:13:29,SONY,ILCE-7RM3A,,FE 20mm F1.8 G,2592.0,1728.0,Horizontal,ILCE-7RM3A v1.00,400.0,1/640,14.0,20.0,Did not fire,Manual,Manual,Pattern,,,,2026-08-17T04:02:09+00:00
cd39538df1254f1f854b4316cf03e256,S7R08459.JPG,UK Antarctic Heritage Trust Data/SfM/SfM_W_external/S7R08459.JPG,2024-01-13 18:13:40,2024-01-13 18:13:40,SONY,ILCE-7RM3A,,FE 20mm F1.8 G,2592.0,1728.0,Horizontal,ILCE-7RM3A v1.00,400.0,1/400,14.0,20.0,Did not fire,Manual,Manual,Pattern,,,,2026-08-17T04:02:10+00:00
103a57b5bf4c4d2294018c9882d4f53b,S7R08460.JPG,UK Antarctic Heritage Trust Data/SfM/SfM_W_external/S7R08460.JPG,2024-01-13 18:13:43,2024-01-13 18:13:43,SONY,ILCE-7RM3A,,FE 20mm F1.8 G,2592.0,1728.0,Horizontal,ILCE-7RM3A v1.00,400.0,1/400,14.0,20.0,Did not fire,Manual,Manual,Pattern,,,,2026-08-17T04:02:10+00:00
548c7271c9b34628a1729448717eb5de,S7R08461.JPG,UK Antarctic Heritage Trust Data/SfM/SfM_W_external/S7R08461.JPG,2024-01-13 18:13:45,2024-01-13 18:13:45,SONY,ILCE-7RM3A,,FE 20mm F1.8 G,2592.0,1728.0,Horizontal,ILCE-7RM3A v1.00,400.0,1/400,14.0,20.0,Did not fire,Manual,Manual,Pattern,,,,2026-08-17T04:02:10+00:00
69ff73ada9654b30b8bef69d6ed45197,S7R08462.JPG,UK Antarctic Heritage Trust Data/SfM/SfM_W_external/S7R08462.JPG,2024-01-13 18:13:46,2024-01-13 18:13:46,SONY,ILCE-7RM3A,,FE 20mm F1.8 G,2592.0,1728.0,Horizontal,ILCE-7RM3A v1.00,400.0,1/400,14.0,20.0,Did not fire,Manual,Manual,Pattern,,,,2026-08-17T04:02:10+00:00
62b76df6f64f4f25b9028a4a5b5d0d4e,S7R08463.JPG,UK Antarctic Heritage Trust Data/SfM/SfM_W_external/S7R08463.JPG,2024-01-13 18:13:52,2024-01-13 18:13:52,SONY,ILCE-7RM3A,,FE 20mm F1.8 G,2592.0,1728.0,Horizontal,ILCE-7RM3A v1.00,400.0,1/400,14.0,20.0,Did not fire,Manual,Manual,Pattern,,,,2026-08-17T04:02:10+00:00
0cdd875fb21d4299afa41ae2e9d13bf0,S7R08464.JPG,UK Antarctic Heritage Trust Data/SfM/SfM_W_external/S7R08464.JPG,2024-01-13 18:13:53,2024-01-13 18:13:53,SONY,ILCE-7RM3A,,FE 20mm F1.8 G,2592.0,1728.0,Horizontal,ILCE-7RM3A v1.00,400.0,1/400,14.0,20.0,Did not fire,Manual,Manual,Pattern,,,,2026-08-17T04:02:10+00:00
6deb5e5c9e77425eb064ef0c30a67164,S7R08465.JPG,UK Antarctic Heritage Trust Data/SfM/SfM_W_external/S7R08465.JPG,2024-01-13 18:13:55,2024-01-13 18:13:55,SONY,ILCE-7RM3A,,FE 20mm F1.8 G,2592.0,1728.0,Horizontal,ILCE-7RM3A v1.00,400.0,1/400,14.0,20.0,Did not fire,Manual,Manual,Pattern,,,,2026-08-17T04:02:10+00:00
3e80bffc18ca4656a9368725accb3e87,S7R08466.JPG,UK Antarctic Heritage Trust Data/SfM/SfM_W_external/S7R08466.JPG,2024-01-13 18:13:56,2024-01-13 18:13:56,SONY,ILCE-7RM3A,,FE 20mm F1.8 G,2592.0,1728.0,Horizontal,ILCE-7RM3A v1.00,400.0,1/400,14.0,20.0,Did not fire,Manual,Manual,Pattern,,,,2026-08-17T04:02:10+00:00
9125ad05706d4870b0fc33af67ade4b8,S7R08467.JPG,UK Antarctic Heritage Trust Data/SfM/SfM_W_external/S7R08467.JPG,2024-01-13 18:13:57,2024-01-13 18:13:57,SONY,ILCE-7RM3A,,FE 20mm F1.8 G,2592.0,1728.0,Horizontal,ILCE-7RM3A v1.00,400.0,1/400,14.0,20.0,Did not fire,Manual,Manual,Pattern,,,,2026-08-17T04:02:10+00:00
4a41c0c7605f4ebc808d118a24c56424,S7R08468.JPG,UK Antarctic Heritage Trust Data/SfM/SfM_W_external/S7R08468.JPG,2024-01-13 18:14:10,2024-01-13 18:14:10,SONY,ILCE-7RM3A,,FE 20mm F1.8 G,2592.0,1728.0,Horizontal,ILCE-7RM3A v1.00,400.0,1/400,14.0,20.0,Did not fire,Manual,Manual,Pattern,,,,2026-08-17T04:02:10+00:00
7bf685dbf0a04574b844a00340d70921,S7R08469.JPG,UK Antarctic Heritage Trust Data/SfM/SfM_W_external/S7R08469.JPG,2024-01-13 18:14:27,2024-01-13 18:14:27,SONY,ILCE-7RM3A,,FE 20mm F1.8 G,2592.0,1728.0,Horizontal,ILCE-7RM3A v1.00,400.0,1/400,14.0,20.0,Did not fire,Manual,Manual,Pattern,,,,2026-08-17T04:02:10+00:00
d0f93986368843c9beae33868b97aab1,S7R08470.JPG,UK Antarctic Heritage Trust Data/SfM/SfM_W_external/S7R08470.JPG,2024-01-13 18:14:29,2024-01-13 18:14:29,SONY,ILCE-7RM3A,,FE 20mm F1.8 G,2592.0,1728.0,Horizontal,ILCE-7RM3A v1.00,400.0,1/400,14.0,20.0,Did not fire,Manual,Manual,Pattern,,,,2026-08-17T04:02:10+00:00
43fdae8e0a2c4c7ead7559e00e5b5e80,S7R08471.JPG,UK Antarctic Heritage Trust Data/SfM/SfM_W_external/S7R08471.JPG,2024-01-13 18:14:31,2024-01-13 18:14:31,SONY,ILCE-7RM3A,,FE 20mm F1.8 G,2592.0,1728.0,Horizontal,ILCE-7RM3A v1.00,400.0,1/400,14.0,20.0,Did not fire,Manual,Manual,Pattern,,,,2026-08-17T04:02:10+00:00
3db87069da0145bca3ceb0316a216976,S7R08472.JPG,UK Antarctic Heritage Trust Data/SfM/SfM_W_external/S7R08472.JPG,2024-01-13 18:14:37,2024-01-13 18:14:37,SONY,ILCE-7RM3A,,FE 20mm F1.8 G,2592.0,1728.0,Horizontal,ILCE-7RM3A v1.00,400.0,1/400,14.0,20.0,Did not fire,Manual,Manual,Pattern,,,,2026-08-17T04:02:10+00:00
c22f4447e44645a2bf1d656359b684e9,S7R08473.JPG,UK Antarctic Heritage Trust Data/SfM/SfM_W_external/S7R08473.JPG,2024-01-13 18:14:39,2024-01-13 18:14:39,SONY,ILCE-7RM3A,,FE 20mm F1.8 G,2592.0,1728.0,Horizontal,ILCE-7RM3A v1.00,400.0,1/400,14.0,20.0,Did not fire,Manual,Manual,Pattern,,,,2026-08-17T04:02:10+00:00
6e6a560a7d0649d09381d4ce008f3486,S7R08474.JPG,UK Antarctic Heritage Trust Data/SfM/SfM_W_external/S7R08474.JPG,2024-01-13 18:14:40,2024-01-13 18:14:40,SONY,ILCE-7RM3A,,FE 20mm F1.8 G,2592.0,1728.0,Horizontal,ILCE-7RM3A v1.00,400.0,1/400,14.0,20.0,Did not fire,Manual,Manual,Pattern,,,,2026-08-17T04:02:10+00:00
a16acf77b3514610b34e6484f0baf510,S7R08475.JPG,UK Antarctic Heritage Trust Data/SfM/SfM_W_external/S7R08475.JPG,2024-01-13 18:14:42,2024-01-13 18:14:42,SONY,ILCE-7RM3A,,FE 20mm F1.8 G,2592.0,1728.0,Horizontal,ILCE-7RM3A v1.00,400.0,1/400,14.0,20.0,Did not fire,Manual,Manual,Pattern,,,,2026-08-17T04:02:10+00:00
cd6dc312f87a474cb26bd33bc1b93aa8,S7R08476.JPG,UK Antarctic Heritage Trust Data/SfM/SfM_W_external/S7R08476.JPG,2024-01-13 18:14:43,2024-01-13 18:14:43,SONY,ILCE-7RM3A,,FE 20mm F1.8 G,2592.0,1728.0,Horizontal,ILCE-7RM3A v1.00,400.0,1/400,14.0,20.0,Did not fire,Manual,Manual,Pattern,,,,2026-08-17T04:02:10+00:00
247f74dd2a0a40f6a59f6acf0270020d,S7R08477.JPG,UK Antarctic Heritage Trust Data/SfM/SfM_W_external/S7R08477.JPG,2024-01-13 18:14:45,2024-01-13 18:14:45,SONY,ILCE-7RM3A,,FE 20mm F1.8 G,2592.0,1728.0,Horizontal,ILCE-7RM3A v1.00,400.0,1/400,14.0,20.0,Did not fire,Manual,Manual,Pattern,,,,2026-08-17T04:02:10+00:00
0729cdb889e04875bf1cab8b60696bb2,S7R08478.JPG,UK Antarctic Heritage Trust Data/SfM/SfM_W_external/S7R08478.JPG,2024-01-13 18:14:57,2024-01-13 18:14:57,SONY,ILCE-7RM3A,,FE 20mm F1.8 G,2592.0,1728.0,Horizontal,ILCE-7RM3A v1.00,400.0,1/500,14.0,20.0,Did not fire,Manual,Manual,Pattern,,,,2026-08-17T04:02:10+00:00
9a3d58a4da3244f9ad0668dc88287d6d,S7R08479.JPG,UK Antarctic Heritage Trust Data/SfM/SfM_W_external/S7R08479.JPG,2024-01-13 18:14:58,2024-01-13 18:14:58,SONY,ILCE-7RM3A,,FE 20mm F1.8 G,2592.0,1728.0,Horizontal,ILCE-7RM3A v1.00,400.0,1/500,14.0,20.0,Did not fire,Manual,Manual,Pattern,,,,2026-08-17T04:02:10+00:00
a8d6a55b8fbf47b2af9c1f1d7d35e656,S7R08480.JPG,UK Antarctic Heritage Trust Data/SfM/SfM_W_external/S7R08480.JPG,2024-01-13 18:15:00,2024-01-13 18:15:00,SONY,ILCE-7RM3A,,FE 20mm F1.8 G,2592.0,1728.0,Horizontal,ILCE-7RM3A v1.00,400.0,1/500,14.0,20.0,Did not fire,Manual,Manual,Pattern,,,,2026-08-17T04:02:10+00:00
64445b8d0db64e7bbc737c81b8eb3ed0,S7R08481.JPG,UK Antarctic Heritage Trust Data/SfM/SfM_W_external/S7R08481.JPG,2024-01-13 18:15:01,2024-01-13 18:15:01,SONY,ILCE-7RM3A,,FE 20mm F1.8 G,2592.0,1728.0,Horizontal,ILCE-7RM3A v1.00,400.0,1/500,14.0,20.0,Did not fire,Manual,Manual,Pattern,,,,2026-08-17T04:02:10+00:00
8f96f74ae3524e4cb59d3204927a90a8,S7R08482.JPG,UK Antarctic Heritage Trust Data/SfM/SfM_W_external/S7R08482.JPG,2024-01-13 18:15:03,2024-01-13 18:15:03,SONY,ILCE-7RM3A,,FE 20mm F1.8 G,2592.0,1728.0,Horizontal,ILCE-7RM3A v1.00,400.0,1/500,14.0,20.0,Did not fire,Manual,Manual,Pattern,,,,2026-08-17T04:02:10+00:00
d906ce4c63aa4ec18cca05003a3fd8ad,S7R08483.JPG,UK Antarctic Heritage Trust Data/SfM/SfM_W_external/S7R08483.JPG,2024-01-13 18:15:06,2024-01-13 18:15:06,SONY,ILCE-7RM3A,,FE 20mm F1.8 G,2592.0,1728.0,Horizontal,ILCE-7RM3A v1.00,400.0,1/500,14.0,20.0,Did not fire,Manual,Manual,Pattern,,,,2026-08-17T04:02:10+00:00
f1a8a5820edd43fa93538d7bfb2b1edc,S7R08484.JPG,UK Antarctic Heritage Trust Data/SfM/SfM_W_external/S7R08484.JPG,2024-01-13 18:15:09,2024-01-13 18:15:09,SONY,ILCE-7RM3A,,FE 20mm F1.8 G,2592.0,1728.0,Horizontal,ILCE-7RM3A v1.00,400.0,1/500,14.0,20.0,Did not fire,Manual,Manual,Pattern,,,,2026-08-17T04:02:10+00:00
96155bfc50d7491e89755ee8340d82b4,S7R08485.JPG,UK Antarctic Heritage Trust Data/SfM/SfM_W_external/S7R08485.JPG,2024-01-13 18:15:11,2024-01-13 18:15:11,SONY,ILCE-7RM3A,,FE 20mm F1.8 G,2592.0,1728.0,Horizontal,ILCE-7RM3A v1.00,400.0,1/500,14.0,20.0,Did not fire,Manual,Manual,Pattern,,,,2026-08-17T04:02:10+00:00
ca5d1ad599ac47768d6666e5924f3163,S7R08486.JPG,UK Antarctic Heritage Trust Data/SfM/SfM_W_external/S7R08486.JPG,2024-01-13 18:15:12,2024-01-13 18:15:12,SONY,ILCE-7RM3A,,FE 20mm F1.8 G,2592.0,1728.0,Horizontal,ILCE-7RM3A v1.00,400.0,1/500,14.0,20.0,Did not fire,Manual,Manual,Pattern,,,,2026-08-17T04:02:10+00:00
780b3d66ec004ff9839ab55ed6e5ffed,S7R08487.JPG,UK Antarctic Heritage Trust Data/SfM/SfM_W_external/S7R08487.JPG,2024-01-13 18:15:18,2024-01-13 18:15:18,SONY,ILCE-7RM3A,,FE 20mm F1.8 G,2592.0,1728.0,Horizontal,ILCE-7RM3A v1.00,400.0,1/1000,14.0,20.0,Did not fire,Manual,Manual,Pattern,,,,2026-08-17T04:02:10+00:00
21aa78da30bd446d880f37990b5df288,S7R08488.JPG,UK Antarctic Heritage Trust Data/SfM/SfM_W_external/S7R08488.JPG,2024-01-13 18:15:20,2024-01-13 18:15:20,SONY,ILCE-7RM3A,,FE 20mm F1.8 G,2592.0,1728.0,Horizontal,ILCE-7RM3A v1.00,400.0,1/1000,14.0,20.0,Did not fire,Manual,Manual,Pattern,,,,2026-08-17T04:02:10+00:00
7626ec715ba74c85a6b4f854252a3b53,S7R08489.JPG,UK Antarctic Heritage Trust Data/SfM/SfM_W_external/S7R08489.JPG,2024-01-13 18:15:22,2024-01-13 18:15:22,SONY,ILCE-7RM3A,,FE 20mm F1.8 G,2592.0,1728.0,Horizontal,ILCE-7RM3A v1.00,400.0,1/1000,14.0,20.0,Did not fire,Manual,Manual,Pattern,,,,2026-08-17T04:02:10+00:00
3f9e59ad2ee64a8697eb3f94149053bd,S7R08490.JPG,UK Antarctic Heritage Trust Data/SfM/SfM_W_external/S7R08490.JPG,2024-01-13 18:15:26,2024-01-13 18:15:26,SONY,ILCE-7RM3A,,FE 20mm F1.8 G,2592.0,1728.0,Horizontal,ILCE-7RM3A v1.00,400.0,1/2000,14.0,20.0,Did not fire,Manual,Manual,Pattern,,,,2026-08-17T04:02:10+00:00
f1e9ff0e481a47e98eca8df3458862db,S7R08491.JPG,UK Antarctic Heritage Trust Data/SfM/SfM_W_external/S7R08491.JPG,2024-01-13 18:15:28,2024-01-13 18:15:28,SONY,ILCE-7RM3A,,FE 20mm F1.8 G,2592.0,1728.0,Horizontal,ILCE-7RM3A v1.00,400.0,1/2000,14.0,20.0,Did not fire,Manual,Manual,Pattern,,,,2026-08-17T04:02:10+00:00
be64272852a442738f2b3f6994a63320,S7R08492.JPG,UK Antarctic Heritage Trust Data/SfM/SfM_W_external/S7R08492.JPG,2024-01-13 18:15:34,2024-01-13 18:15:34,SONY,ILCE-7RM3A,,FE 20mm F1.8 G,2592.0,1728.0,Horizontal,ILCE-7RM3A v1.00,400.0,1/1000,14.0,20.0,Did not fire,Manual,Manual,Pattern,,,,2026-08-17T04:02:10+00:00
8f20eab349d645278f838d84da896064,S7R08493.JPG,UK Antarctic Heritage Trust Data/SfM/SfM_W_external/S7R08493.JPG,2024-01-13 18:15:45,2024-01-13 18:15:45,SONY,ILCE-7RM3A,,FE 20mm F1.8 G,2592.0,1728.0,Horizontal,ILCE-7RM3A v1.00,400.0,1/640,14.0,20.0,Did not fire,Manual,Manual,Pattern,,,,2026-08-17T04:02:10+00:00
99cb1221584141e2bd2e28ac7d745c2e,S7R08494.JPG,UK Antarctic Heritage Trust Data/SfM/SfM_W_external/S7R08494.JPG,2024-01-13 18:15:47,2024-01-13 18:15:47,SONY,ILCE-7RM3A,,FE 20mm F1.8 G,2592.0,1728.0,Horizontal,ILCE-7RM3A v1.00,400.0,1/640,14.0,20.0,Did not fire,Manual,Manual,Pattern,,,,2026-08-17T04:02:10+00:00
62d17a595ee849c89d7403497bff69a5,S7R08495.JPG,UK Antarctic Heritage Trust Data/SfM/SfM_W_external/S7R08495.JPG,2024-01-13 18:15:48,2024-01-13 18:15:48,SONY,ILCE-7RM3A,,FE 20mm F1.8 G,2592.0,1728.0,Horizontal,ILCE-7RM3A v1.00,400.0,1/640,14.0,20.0,Did not fire,Manual,Manual,Pattern,,,,2026-08-17T04:02:10+00:00
27dc563430854ee88ae8d17ecc80d096,S7R08496.JPG,UK Antarctic Heritage Trust Data/SfM/SfM_W_external/S7R08496.JPG,2024-01-13 18:15:51,2024-01-13 18:15:51,SONY,ILCE-7RM3A,,FE 20mm F1.8 G,2592.0,1728.0,Horizontal,ILCE-7RM3A v1.00,400.0,1/640,14.0,20.0,Did not fire,Manual,Manual,Pattern,,,,2026-08-17T04:02:10+00:00
713f413b8d614e8ead71029f3b18c71b,S7R08497.JPG,UK Antarctic Heritage Trust Data/SfM/SfM_W_external/S7R08497.JPG,2024-01-13 18:15:53,2024-01-13 18:15:53,SONY,ILCE-7RM3A,,FE 20mm F1.8 G,2592.0,1728.0,Horizontal,ILCE-7RM3A v1.00,400.0,1/640,14.0,20.0,Did not fire,Manual,Manual,Pattern,,,,2026-08-17T04:02:10+00:00
c0404c6a80d14c01b43a0f0aee8606b8,S7R08498.JPG,UK Antarctic Heritage Trust Data/SfM/SfM_W_external/S7R08498.JPG,2024-01-13 18:15:54,2024-01-13 18:15:54,SONY,ILCE-7RM3A,,FE 20mm F1.8 G,2592.0,1728.0,Horizontal,ILCE-7RM3A v1.00,400.0,1/640,14.0,20.0,Did not fire,Manual,Manual,Pattern,,,,2026-08-17T04:02:10+00:00
2762f797816042d9ac2755609f990cef,S7R08499.JPG,UK Antarctic Heritage Trust Data/SfM/SfM_W_external/S7R08499.JPG,2024-01-13 18:15:55,2024-01-13 18:15:55,SONY,ILCE-7RM3A,,FE 20mm F1.8 G,2592.0,1728.0,Horizontal,ILCE-7RM3A v1.00,400.0,1/640,14.0,20.0,Did not fire,Manual,Manual,Pattern,,,,2026-08-17T04:02:10+00:00
dc0714e064af4e94aeb13bc1db713820,S7R08500.JPG,UK Antarctic Heritage Trust Data/SfM/SfM_W_external/S7R08500.JPG,2024-01-13 18:15:57,2024-01-13 18:15:57,SONY,ILCE-7RM3A,,FE 20mm F1.8 G,2592.0,1728.0,Horizontal,ILCE-7RM3A v1.00,400.0,1/640,14.0,20.0,Did not fire,Manual,Manual,Pattern,,,,2026-08-17T04:02:10+00:00
4bcae3503875468a9ba8098ba2328298,S7R08501.JPG,UK Antarctic Heritage Trust Data/SfM/SfM_W_external/S7R08501.JPG,2024-01-13 18:16:04,2024-01-13 18:16:04,SONY,ILCE-7RM3A,,FE 20mm F1.8 G,2592.0,1728.0,Horizontal,ILCE-7RM3A v1.00,400.0,1/500,14.0,20.0,Did not fire,Manual,Manual,Pattern,,,,2026-08-17T04:02:10+00:00
a1f68121a27b4567880613a60bc37b39,S7R08502.JPG,UK Antarctic Heritage Trust Data/SfM/SfM_W_external/S7R08502.JPG,2024-01-13 18:16:06,2024-01-13 18:16:06,SONY,ILCE-7RM3A,,FE 20mm F1.8 G,2592.0,1728.0,Horizontal,ILCE-7RM3A v1.00,400.0,1/500,14.0,20.0,Did not fire,Manual,Manual,Pattern,,,,2026-08-17T04:02:10+00:00
a881970ad8374d6ebd11a8c89982d01c,S7R08503.JPG,UK Antarctic Heritage Trust Data/SfM/SfM_W_external/S7R08503.JPG,2024-01-13 18:16:08,2024-01-13 18:16:08,SONY,ILCE-7RM3A,,FE 20mm F1.8 G,2592.0,1728.0,Horizontal,ILCE-7RM3A v1.00,400.0,1/500,14.0,20.0,Did not fire,Manual,Manual,Pattern,,,,2026-08-17T04:02:10+00:00
afa668e7cf4e4cba9e8f477de6a6a50f,S7R08504.JPG,UK Antarctic Heritage Trust Data/SfM/SfM_W_external/S7R08504.JPG,2024-01-13 18:16:10,2024-01-13 18:16:10,SONY,ILCE-7RM3A,,FE 20mm F1.8 G,2592.0,1728.0,Horizontal,ILCE-7RM3A v1.00,400.0,1/500,14.0,20.0,Did not fire,Manual,Manual,Pattern,,,,2026-08-17T04:02:10+00:00
3a8ef8a1ea0347cdb10ce8edbb257ad0,S7R08505.JPG,UK Antarctic Heritage Trust Data/SfM/SfM_W_external/S7R08505.JPG,2024-01-13 18:16:21,2024-01-13 18:16:21,SONY,ILCE-7RM3A,,FE 20mm F1.8 G,2592.0,1728.0,Horizontal,ILCE-7RM3A v1.00,400.0,1/1250,14.0,20.0,Did not fire,Manual,Manual,Pattern,,,,2026-08-17T04:02:10+00:00
33b8d05b5d694193a012bbc698235a9a,S7R08506.JPG,UK Antarctic Heritage Trust Data/SfM/SfM_W_external/S7R08506.JPG,2024-01-13 18:16:27,2024-01-13 18:16:27,SONY,ILCE-7RM3A,,FE 20mm F1.8 G,2592.0,1728.0,Horizontal,ILCE-7RM3A v1.00,400.0,1/1250,14.0,20.0,Did not fire,Manual,Manual,Pattern,,,,2026-08-17T04:02:10+00:00
83914f846e2a4a7b84cacd611e1d0b3d,S7R08507.JPG,UK Antarctic Heritage Trust Data/SfM/SfM_W_external/S7R08507.JPG,2024-01-13 18:16:31,2024-01-13 18:16:31,SONY,ILCE-7RM3A,,FE 20mm F1.8 G,2592.0,1728.0,Horizontal,ILCE-7RM3A v1.00,400.0,1/1250,14.0,20.0,Did not fire,Manual,Manual,Pattern,,,,2026-08-17T04:02:10+00:00
3853ae3615ba4671bbc334cb4d4ea870,S7R08508.JPG,UK Antarctic Heritage Trust Data/SfM/SfM_W_external/S7R08508.JPG,2024-01-13 18:16:33,2024-01-13 18:16:33,SONY,ILCE-7RM3A,,FE 20mm F1.8 G,2592.0,1728.0,Horizontal,ILCE-7RM3A v1.00,400.0,1/1250,14.0,20.0,Did not fire,Manual,Manual,Pattern,,,,2026-08-17T04:02:10+00:00
30e107e755524acda91469f23226308e,S7R08509.JPG,UK Antarctic Heritage Trust Data/SfM/SfM_W_external/S7R08509.JPG,2024-01-13 18:16:34,2024-01-13 18:16:34,SONY,ILCE-7RM3A,,FE 20mm F1.8 G,2592.0,1728.0,Horizontal,ILCE-7RM3A v1.00,400.0,1/1250,14.0,20.0,Did not fire,Manual,Manual,Pattern,,,,2026-08-17T04:02:10+00:00
17a4009ee2e94993a887c3a6aa8001eb,S7R08510.JPG,UK Antarctic Heritage Trust Data/SfM/SfM_W_external/S7R08510.JPG,2024-01-13 18:17:31,2024-01-13 18:17:31,SONY,ILCE-7RM3A,,FE 20mm F1.8 G,2592.0,1728.0,Horizontal,ILCE-7RM3A v1.00,400.0,1/1000,14.0,20.0,Did not fire,Manual,Manual,Pattern,,,,2026-08-17T04:02:10+00:00
6b0ba0c7fa534195a76b76cc4e8083b7,S7R08511.JPG,UK Antarctic Heritage Trust Data/SfM/SfM_W_external/S7R08511.JPG,2024-01-13 18:17:34,2024-01-13 18:17:34,SONY,ILCE-7RM3A,,FE 20mm F1.8 G,2592.0,1728.0,Horizontal,ILCE-7RM3A v1.00,400.0,1/1000,14.0,20.0,Did not fire,Manual,Manual,Pattern,,,,2026-08-17T04:02:10+00:00
3d24a8ed05034ab890bbd9dfcdb07c10,S7R08512.JPG,UK Antarctic Heritage Trust Data/SfM/SfM_W_external/S7R08512.JPG,2024-01-13 18:17:52,2024-01-13 18:17:52,SONY,ILCE-7RM3A,,FE 20mm F1.8 G,2592.0,1728.0,Horizontal,ILCE-7RM3A v1.00,400.0,1/640,14.0,20.0,Did not fire,Manual,Manual,Pattern,,,,2026-08-17T04:02:10+00:00
cbf0698211d34d49ba103e59bd3533d6,S7R08513.JPG,UK Antarctic Heritage Trust Data/SfM/SfM_W_external/S7R08513.JPG,2024-01-13 18:17:55,2024-01-13 18:17:55,SONY,ILCE-7RM3A,,FE 20mm F1.8 G,2592.0,1728.0,Horizontal,ILCE-7RM3A v1.00,400.0,1/640,14.0,20.0,Did not fire,Manual,Manual,Pattern,,,,2026-08-17T04:02:10+00:00
d9bba617d4164192981a4b494b904b42,S7R08514.JPG,UK Antarctic Heritage Trust Data/SfM/SfM_W_external/S7R08514.JPG,2024-01-13 18:17:58,2024-01-13 18:17:58,SONY,ILCE-7RM3A,,FE 20mm F1.8 G,2592.0,1728.0,Horizontal,ILCE-7RM3A v1.00,400.0,1/640,14.0,20.0,Did not fire,Manual,Manual,Pattern,,,,2026-08-17T04:02:10+00:00
f50d7cf9bf9d474cafbb9f40a6f81534,S7R08515.JPG,UK Antarctic Heritage Trust Data/SfM/SfM_W_external/S7R08515.JPG,2024-01-13 18:18:00,2024-01-13 18:18:00,SONY,ILCE-7RM3A,,FE 20mm F1.8 G,2592.0,1728.0,Horizontal,ILCE-7RM3A v1.00,400.0,1/640,14.0,20.0,Did not fire,Manual,Manual,Pattern,,,,2026-08-17T04:02:10+00:00
9864ab7aa9ac4a0881223d9595d2f4a8,S7R08516.JPG,UK Antarctic Heritage Trust Data/SfM/SfM_W_external/S7R08516.JPG,2024-01-13 18:18:07,2024-01-13 18:18:07,SONY,ILCE-7RM3A,,FE 20mm F1.8 G,2592.0,1728.0,Horizontal,ILCE-7RM3A v1.00,400.0,1/1600,14.0,20.0,Did not fire,Manual,Manual,Pattern,,,,2026-08-17T04:02:10+00:00
86de08b5a9fe45b8a45bcab56621e59c,S7R08517.JPG,UK Antarctic Heritage Trust Data/SfM/SfM_W_external/S7R08517.JPG,2024-01-13 18:18:08,2024-01-13 18:18:08,SONY,ILCE-7RM3A,,FE 20mm F1.8 G,2592.0,1728.0,Horizontal,ILCE-7RM3A v1.00,400.0,1/1600,14.0,20.0,Did not fire,Manual,Manual,Pattern,,,,2026-08-17T04:02:10+00:00
5fdef5af61d2495482b06bc5d562ebde,S7R08518.JPG,UK Antarctic Heritage Trust Data/SfM/SfM_W_external/S7R08518.JPG,2024-01-13 18:18:11,2024-01-13 18:18:11,SONY,ILCE-7RM3A,,FE 20mm F1.8 G,2592.0,1728.0,Horizontal,ILCE-7RM3A v1.00,400.0,1/1600,14.0,20.0,Did not fire,Manual,Manual,Pattern,,,,2026-08-17T04:02:10+00:00
5b4b8bb995884b3ab899c7e8ee9ffee8,S7R08519.JPG,UK Antarctic Heritage Trust Data/SfM/SfM_W_external/S7R08519.JPG,2024-01-13 18:18:16,2024-01-13 18:18:16,SONY,ILCE-7RM3A,,FE 20mm F1.8 G,2592.0,1728.0,Horizontal,ILCE-7RM3A v1.00,400.0,1/1600,14.0,20.0,Did not fire,Manual,Manual,Pattern,,,,2026-08-17T04:02:10+00:00
c922c14692974f279ab5c365789ff60c,S7R08520.JPG,UK Antarctic Heritage Trust Data/SfM/SfM_W_external/S7R08520.JPG,2024-01-13 18:18:17,2024-01-13 18:18:17,SONY,ILCE-7RM3A,,FE 20mm F1.8 G,2592.0,1728.0,Horizontal,ILCE-7RM3A v1.00,400.0,1/1600,14.0,20.0,Did not fire,Manual,Manual,Pattern,,,,2026-08-17T04:02:11+00:00
0d74a7ef3a474d7fa49b0f4b09f0e62f,S7R08521.JPG,UK Antarctic Heritage Trust Data/SfM/SfM_W_external/S7R08521.JPG,2024-01-13 18:18:23,2024-01-13 18:18:23,SONY,ILCE-7RM3A,,FE 20mm F1.8 G,2592.0,1728.0,Horizontal,ILCE-7RM3A v1.00,400.0,1/500,14.0,20.0,Did not fire,Manual,Manual,Pattern,,,,2026-08-17T04:02:11+00:00
edddc264c721499a97be4d53365efdfc,S7R08522.JPG,UK Antarctic Heritage Trust Data/SfM/SfM_W_external/S7R08522.JPG,2024-01-13 18:18:25,2024-01-13 18:18:25,SONY,ILCE-7RM3A,,FE 20mm F1.8 G,2592.0,1728.0,Horizontal,ILCE-7RM3A v1.00,400.0,1/500,14.0,20.0,Did not fire,Manual,Manual,Pattern,,,,2026-08-17T04:02:11+00:00
cee4c9a44b7f4ccb99b960989205face,S7R08523.JPG,UK Antarctic Heritage Trust Data/SfM/SfM_W_external/S7R08523.JPG,2024-01-13 18:18:27,2024-01-13 18:18:27,SONY,ILCE-7RM3A,,FE 20mm F1.8 G,2592.0,1728.0,Horizontal,ILCE-7RM3A v1.00,400.0,1/500,14.0,20.0,Did not fire,Manual,Manual,Pattern,,,,2026-08-17T04:02:11+00:00
57837560a5f04983b200944da095e8f7,S7R08524.JPG,UK Antarctic Heritage Trust Data/SfM/SfM_W_external/S7R08524.JPG,2024-01-13 18:18:28,2024-01-13 18:18:28,SONY,ILCE-7RM3A,,FE 20mm F1.8 G,2592.0,1728.0,Horizontal,ILCE-7RM3A v1.00,400.0,1/500,14.0,20.0,Did not fire,Manual,Manual,Pattern,,,,2026-08-17T04:02:11+00:00
1df7f42031204b41a971441a6a6ee511,S7R08525.JPG,UK Antarctic Heritage Trust Data/SfM/SfM_W_external/S7R08525.JPG,2024-01-13 18:18:30,2024-01-13 18:18:30,SONY,ILCE-7RM3A,,FE 20mm F1.8 G,2592.0,1728.0,Horizontal,ILCE-7RM3A v1.00,400.0,1/500,14.0,20.0,Did not fire,Manual,Manual,Pattern,,,,2026-08-17T04:02:11+00:00
a07e1c3fb43d45cdba78e41bf5485022,S7R08526.JPG,UK Antarctic Heritage Trust Data/SfM/SfM_W_external/S7R08526.JPG,2024-01-13 18:18:32,2024-01-13 18:18:32,SONY,ILCE-7RM3A,,FE 20mm F1.8 G,2592.0,1728.0,Horizontal,ILCE-7RM3A v1.00,400.0,1/500,14.0,20.0,Did not fire,Manual,Manual,Pattern,,,,2026-08-17T04:02:11+00:00
56907fe571ef497f91ce6cac8ea63462,S7R08527.JPG,UK Antarctic Heritage Trust Data/SfM/SfM_W_external/S7R08527.JPG,2024-01-13 18:18:36,2024-01-13 18:18:36,SONY,ILCE-7RM3A,,FE 20mm F1.8 G,2592.0,1728.0,Horizontal,ILCE-7RM3A v1.00,400.0,1/500,14.0,20.0,Did not fire,Manual,Manual,Pattern,,,,2026-08-17T04:02:11+00:00
3a8877be13be4e01812c937ef194d909,S7R08528.JPG,UK Antarctic Heritage Trust Data/SfM/SfM_W_external/S7R08528.JPG,2024-01-13 18:18:37,2024-01-13 18:18:37,SONY,ILCE-7RM3A,,FE 20mm F1.8 G,2592.0,1728.0,Horizontal,ILCE-7RM3A v1.00,400.0,1/500,14.0,20.0,Did not fire,Manual,Manual,Pattern,,,,2026-08-17T04:02:11+00:00
4cd11f821d1d4890940fdf6f315a27c5,S7R08529.JPG,UK Antarctic Heritage Trust Data/SfM/SfM_W_external/S7R08529.JPG,2024-01-13 18:18:38,2024-01-13 18:18:38,SONY,ILCE-7RM3A,,FE 20mm F1.8 G,2592.0,1728.0,Horizontal,ILCE-7RM3A v1.00,400.0,1/500,14.0,20.0,Did not fire,Manual,Manual,Pattern,,,,2026-08-17T04:02:11+00:00
c01691253a304317bda1e89574fc8890,S7R08530.JPG,UK Antarctic Heritage Trust Data/SfM/SfM_W_external/S7R08530.JPG,2024-01-13 18:18:40,2024-01-13 18:18:40,SONY,ILCE-7RM3A,,FE 20mm F1.8 G,2592.0,1728.0,Horizontal,ILCE-7RM3A v1.00,400.0,1/500,14.0,20.0,Did not fire,Manual,Manual,Pattern,,,,2026-08-17T04:02:11+00:00
fc24ee48b45b416880b2763f3cd645cd,S7R08531.JPG,UK Antarctic Heritage Trust Data/SfM/SfM_W_external/S7R08531.JPG,2024-01-13 18:18:54,2024-01-13 18:18:54,SONY,ILCE-7RM3A,,FE 20mm F1.8 G,2592.0,1728.0,Horizontal,ILCE-7RM3A v1.00,400.0,1/800,14.0,20.0,Did not fire,Manual,Manual,Pattern,,,,2026-08-17T04:02:11+00:00
bc0097e6dd5c47e9a0e0a77357991907,S7R08532.JPG,UK Antarctic Heritage Trust Data/SfM/SfM_W_external/S7R08532.JPG,2024-01-13 18:18:56,2024-01-13 18:18:56,SONY,ILCE-7RM3A,,FE 20mm F1.8 G,2592.0,1728.0,Horizontal,ILCE-7RM3A v1.00,400.0,1/800,14.0,20.0,Did not fire,Manual,Manual,Pattern,,,,2026-08-17T04:02:11+00:00
32a67cf88f31416fa11011647c594ace,S7R08533.JPG,UK Antarctic Heritage Trust Data/SfM/SfM_W_external/S7R08533.JPG,2024-01-13 18:18:58,2024-01-13 18:18:58,SONY,ILCE-7RM3A,,FE 20mm F1.8 G,2592.0,1728.0,Horizontal,ILCE-7RM3A v1.00,400.0,1/800,14.0,20.0,Did not fire,Manual,Manual,Pattern,,,,2026-08-17T04:02:11+00:00
5c9ad2c5f0c74170a3a5136a99a94364,S7R08534.JPG,UK Antarctic Heritage Trust Data/SfM/SfM_W_external/S7R08534.JPG,2024-01-13 18:19:01,2024-01-13 18:19:01,SONY,ILCE-7RM3A,,FE 20mm F1.8 G,2592.0,1728.0,Horizontal,ILCE-7RM3A v1.00,400.0,1/800,14.0,20.0,Did not fire,Manual,Manual,Pattern,,,,2026-08-17T04:02:11+00:00
ec4cc792d69546efb03520fc6c69ee76,S7R08535.JPG,UK Antarctic Heritage Trust Data/SfM/SfM_W_external/S7R08535.JPG,2024-01-13 18:19:02,2024-01-13 18:19:02,SONY,ILCE-7RM3A,,FE 20mm F1.8 G,2592.0,1728.0,Horizontal,ILCE-7RM3A v1.00,400.0,1/800,14.0,20.0,Did not fire,Manual,Manual,Pattern,,,,2026-08-17T04:02:11+00:00
64063bda56774edaa24cf25d179e92fa,S7R08536.JPG,UK Antarctic Heritage Trust Data/SfM/SfM_W_external/S7R08536.JPG,2024-01-13 18:19:10,2024-01-13 18:19:10,SONY,ILCE-7RM3A,,FE 20mm F1.8 G,2592.0,1728.0,Horizontal,ILCE-7RM3A v1.00,400.0,1/640,14.0,20.0,Did not fire,Manual,Manual,Pattern,,,,2026-08-17T04:02:11+00:00
7f673d3340444c4e80dad5b5715b42b0,S7R08537.JPG,UK Antarctic Heritage Trust Data/SfM/SfM_W_external/S7R08537.JPG,2024-01-13 18:19:14,2024-01-13 18:19:14,SONY,ILCE-7RM3A,,FE 20mm F1.8 G,2592.0,1728.0,Horizontal,ILCE-7RM3A v1.00,400.0,1/1000,14.0,20.0,Did not fire,Manual,Manual,Pattern,,,,2026-08-17T04:02:11+00:00
a7cf7123b22740a593bee4d0daead93f,S7R08538.JPG,UK Antarctic Heritage Trust Data/SfM/SfM_W_external/S7R08538.JPG,2024-01-13 18:19:16,2024-01-13 18:19:16,SONY,ILCE-7RM3A,,FE 20mm F1.8 G,2592.0,1728.0,Horizontal,ILCE-7RM3A v1.00,400.0,1/1000,14.0,20.0,Did not fire,Manual,Manual,Pattern,,,,2026-08-17T04:02:11+00:00
24b9c5d3a7f34e6192a3b69654ad4338,S7R08539.JPG,UK Antarctic Heritage Trust Data/SfM/SfM_W_external/S7R08539.JPG,2024-01-13 18:19:24,2024-01-13 18:19:24,SONY,ILCE-7RM3A,,FE 20mm F1.8 G,2592.0,1728.0,Horizontal,ILCE-7RM3A v1.00,400.0,1/640,14.0,20.0,Did not fire,Manual,Manual,Pattern,,,,2026-08-17T04:02:11+00:00
9d51b600a8ca4a3597ba76ccb951fa54,S7R08540.JPG,UK Antarctic Heritage Trust Data/SfM/SfM_W_external/S7R08540.JPG,2024-01-13 18:19:31,2024-01-13 18:19:31,SONY,ILCE-7RM3A,,FE 20mm F1.8 G,2592.0,1728.0,Horizontal,ILCE-7RM3A v1.00,400.0,1/250,14.0,20.0,Did not fire,Manual,Manual,Pattern,,,,2026-08-17T04:02:11+00:00
bf8a020e3ce84a5a8b0e0a685470d094,S7R08541.JPG,UK Antarctic Heritage Trust Data/SfM/SfM_W_external/S7R08541.JPG,2024-01-13 18:19:33,2024-01-13 18:19:33,SONY,ILCE-7RM3A,,FE 20mm F1.8 G,2592.0,1728.0,Horizontal,ILCE-7RM3A v1.00,400.0,1/250,14.0,20.0,Did not fire,Manual,Manual,Pattern,,,,2026-08-17T04:02:11+00:00
cc569302d0f64fee96f4b0b7a54c4a9a,S7R08542.JPG,UK Antarctic Heritage Trust Data/SfM/SfM_W_external/S7R08542.JPG,2024-01-13 18:19:40,2024-01-13 18:19:40,SONY,ILCE-7RM3A,,FE 20mm F1.8 G,2592.0,1728.0,Horizontal,ILCE-7RM3A v1.00,400.0,1/1250,14.0,20.0,Did not fire,Manual,Manual,Pattern,,,,2026-08-17T04:02:11+00:00
c02a0f34f2764e53aedde802012e7989,S7R08543.JPG,UK Antarctic Heritage Trust Data/SfM/SfM_W_external/S7R08543.JPG,2024-01-13 18:19:41,2024-01-13 18:19:41,SONY,ILCE-7RM3A,,FE 20mm F1.8 G,2592.0,1728.0,Horizontal,ILCE-7RM3A v1.00,400.0,1/1250,14.0,20.0,Did not fire,Manual,Manual,Pattern,,,,2026-08-17T04:02:11+00:00
99c131b5fc17414cbb6a114d687758b3,S7R08544.JPG,UK Antarctic Heritage Trust Data/SfM/SfM_W_external/S7R08544.JPG,2024-01-13 18:19:44,2024-01-13 18:19:44,SONY,ILCE-7RM3A,,FE 20mm F1.8 G,2592.0,1728.0,Horizontal,ILCE-7RM3A v1.00,400.0,1/1250,14.0,20.0,Did not fire,Manual,Manual,Pattern,,,,2026-08-17T04:02:11+00:00
879d853a8b3941acbb3df793d9e847fe,S7R08545.JPG,UK Antarctic Heritage Trust Data/SfM/SfM_W_external/S7R08545.JPG,2024-01-13 18:19:45,2024-01-13 18:19:45,SONY,ILCE-7RM3A,,FE 20mm F1.8 G,2592.0,1728.0,Horizontal,ILCE-7RM3A v1.00,400.0,1/1250,14.0,20.0,Did not fire,Manual,Manual,Pattern,,,,2026-08-17T04:02:11+00:00
d2cab9bfc286434ca1641332827db925,S7R08546.JPG,UK Antarctic Heritage Trust Data/SfM/SfM_W_external/S7R08546.JPG,2024-01-13 18:19:47,2024-01-13 18:19:47,SONY,ILCE-7RM3A,,FE 20mm F1.8 G,2592.0,1728.0,Horizontal,ILCE-7RM3A v1.00,400.0,1/1250,14.0,20.0,Did not fire,Manual,Manual,Pattern,,,,2026-08-17T04:02:11+00:00
9f13b28e383f4a6cbe96949f7704b93b,S7R08547.JPG,UK Antarctic Heritage Trust Data/SfM/SfM_W_external/S7R08547.JPG,2024-01-13 18:19:50,2024-01-13 18:19:50,SONY,ILCE-7RM3A,,FE 20mm F1.8 G,2592.0,1728.0,Horizontal,ILCE-7RM3A v1.00,400.0,1/1250,14.0,20.0,Did not fire,Manual,Manual,Pattern,,,,2026-08-17T04:02:11+00:00
bba8b410fca94aa28e5774fcb53940f6,S7R08548.JPG,UK Antarctic Heritage Trust Data/SfM/SfM_W_external/S7R08548.JPG,2024-01-13 18:20:42,2024-01-13 18:20:42,SONY,ILCE-7RM3A,,FE 20mm F1.8 G,2592.0,1728.0,Horizontal,ILCE-7RM3A v1.00,400.0,1/500,14.0,20.0,Did not fire,Manual,Manual,Pattern,,,,2026-08-17T04:02:11+00:00
ed7da19a39374deb9cba6b98367dbc02,S7R08549.JPG,UK Antarctic Heritage Trust Data/SfM/SfM_W_external/S7R08549.JPG,2024-01-13 18:20:43,2024-01-13 18:20:43,SONY,ILCE-7RM3A,,FE 20mm F1.8 G,2592.0,1728.0,Horizontal,ILCE-7RM3A v1.00,400.0,1/500,14.0,20.0,Did not fire,Manual,Manual,Pattern,,,,2026-08-17T04:02:11+00:00
228694446796490fb83a9357a18d129b,S7R08550.JPG,UK Antarctic Heritage Trust Data/SfM/SfM_W_external/S7R08550.JPG,2024-01-13 18:20:45,2024-01-13 18:20:45,SONY,ILCE-7RM3A,,FE 20mm F1.8 G,2592.0,1728.0,Horizontal,ILCE-7RM3A v1.00,400.0,1/500,14.0,20.0,Did not fire,Manual,Manual,Pattern,,,,2026-08-17T04:02:11+00:00
5eaeb0101b9642a4b75a68cf8cfc487b,S7R08551.JPG,UK Antarctic Heritage Trust Data/SfM/SfM_W_external/S7R08551.JPG,2024-01-13 18:20:49,2024-01-13 18:20:49,SONY,ILCE-7RM3A,,FE 20mm F1.8 G,2592.0,1728.0,Horizontal,ILCE-7RM3A v1.00,400.0,1/1600,14.0,20.0,Did not fire,Manual,Manual,Pattern,,,,2026-08-17T04:02:11+00:00
614368202b0540b7b78d82991824fd9e,S7R08552.JPG,UK Antarctic Heritage Trust Data/SfM/SfM_W_external/S7R08552.JPG,2024-01-13 18:20:53,2024-01-13 18:20:53,SONY,ILCE-7RM3A,,FE 20mm F1.8 G,2592.0,1728.0,Horizontal,ILCE-7RM3A v1.00,400.0,1/1000,14.0,20.0,Did not fire,Manual,Manual,Pattern,,,,2026-08-17T04:02:11+00:00
a1468f09cf0841b58255645708a67eec,S7R08553.JPG,UK Antarctic Heritage Trust Data/SfM/SfM_W_external/S7R08553.JPG,2024-01-13 18:20:58,2024-01-13 18:20:58,SONY,ILCE-7RM3A,,FE 20mm F1.8 G,2592.0,1728.0,Horizontal,ILCE-7RM3A v1.00,400.0,1/500,14.0,20.0,Did not fire,Manual,Manual,Pattern,,,,2026-08-17T04:02:11+00:00
c5d78015bf2b413ca4aff7f1d126e1f0,S7R08554.JPG,UK Antarctic Heritage Trust Data/SfM/SfM_W_external/S7R08554.JPG,2024-01-13 18:21:03,2024-01-13 18:21:03,SONY,ILCE-7RM3A,,FE 20mm F1.8 G,2592.0,1728.0,Horizontal,ILCE-7RM3A v1.00,400.0,1/1600,14.0,20.0,Did not fire,Manual,Manual,Pattern,,,,2026-08-17T04:02:11+00:00
257b8d5d68314fdb89ab2f34510f7912,S7R08555.JPG,UK Antarctic Heritage Trust Data/SfM/SfM_W_external/S7R08555.JPG,2024-01-13 18:21:05,2024-01-13 18:21:05,SONY,ILCE-7RM3A,,FE 20mm F1.8 G,2592.0,1728.0,Horizontal,ILCE-7RM3A v1.00,400.0,1/1600,14.0,20.0,Did not fire,Manual,Manual,Pattern,,,,2026-08-17T04:02:11+00:00
98634917477d4c39a1fc04b8bed4798c,S7R08556.JPG,UK Antarctic Heritage Trust Data/SfM/SfM_W_external/S7R08556.JPG,2024-01-13 18:21:07,2024-01-13 18:21:07,SONY,ILCE-7RM3A,,FE 20mm F1.8 G,2592.0,1728.0,Horizontal,ILCE-7RM3A v1.00,400.0,1/1600,14.0,20.0,Did not fire,Manual,Manual,Pattern,,,,2026-08-17T04:02:11+00:00
2441d2f77c9a48e6afdd2c5c29aedc43,S7R08557.JPG,UK Antarctic Heritage Trust Data/SfM/SfM_W_external/S7R08557.JPG,2024-01-13 18:21:09,2024-01-13 18:21:09,SONY,ILCE-7RM3A,,FE 20mm F1.8 G,2592.0,1728.0,Horizontal,ILCE-7RM3A v1.00,400.0,1/1600,14.0,20.0,Did not fire,Manual,Manual,Pattern,,,,2026-08-17T04:02:11+00:00
4a2e024a056c40668780115184c8e82c,S7R08558.JPG,UK Antarctic Heritage Trust Data/SfM/SfM_W_external/S7R08558.JPG,2024-01-13 18:21:51,2024-01-13 18:21:51,SONY,ILCE-7RM3A,,FE 20mm F1.8 G,2592.0,1728.0,Horizontal,ILCE-7RM3A v1.00,400.0,1/400,14.0,20.0,Did not fire,Manual,Manual,Pattern,,,,2026-08-17T04:02:11+00:00
6290fa7dd0bb4bb88b6188f900db3ddf,S7R08559.JPG,UK Antarctic Heritage Trust Data/SfM/SfM_W_external/S7R08559.JPG,2024-01-13 18:21:57,2024-01-13 18:21:57,SONY,ILCE-7RM3A,,FE 20mm F1.8 G,2592.0,1728.0,Horizontal,ILCE-7RM3A v1.00,400.0,1/400,14.0,20.0,Did not fire,Manual,Manual,Pattern,,,,2026-08-17T04:02:11+00:00
056b07e4713047b0ab562c854636e04d,S7R08560.JPG,UK Antarctic Heritage Trust Data/SfM/SfM_W_external/S7R08560.JPG,2024-01-13 18:21:59,2024-01-13 18:21:59,SONY,ILCE-7RM3A,,FE 20mm F1.8 G,2592.0,1728.0,Horizontal,ILCE-7RM3A v1.00,400.0,1/400,14.0,20.0,Did not fire,Manual,Manual,Pattern,,,,2026-08-17T04:02:11+00:00
7a82451965a64c73b71406b77b448e92,S7R08561.JPG,UK Antarctic Heritage Trust Data/SfM/SfM_W_external/S7R08561.JPG,2024-01-13 18:22:06,2024-01-13 18:22:06,SONY,ILCE-7RM3A,,FE 20mm F1.8 G,2592.0,1728.0,Horizontal,ILCE-7RM3A v1.00,400.0,1/400,14.0,20.0,Did not fire,Manual,Manual,Pattern,,,,2026-08-17T04:02:11+00:00
844a5a1527184122af58b83ff0d8b9e2,S7R08562.JPG,UK Antarctic Heritage Trust Data/SfM/SfM_W_external/S7R08562.JPG,2024-01-13 18:22:41,2024-01-13 18:22:41,SONY,ILCE-7RM3A,,FE 20mm F1.8 G,2592.0,1728.0,Horizontal,ILCE-7RM3A v1.00,400.0,1/400,14.0,20.0,Did not fire,Manual,Manual,Pattern,,,,2026-08-17T04:02:11+00:00
dadcd1bade1b4abc9710438a6d1eaa85,S7R08563.JPG,UK Antarctic Heritage Trust Data/SfM/SfM_W_external/S7R08563.JPG,2024-01-13 18:22:43,2024-01-13 18:22:43,SONY,ILCE-7RM3A,,FE 20mm F1.8 G,2592.0,1728.0,Horizontal,ILCE-7RM3A v1.00,400.0,1/400,14.0,20.0,Did not fire,Manual,Manual,Pattern,,,,2026-08-17T04:02:11+00:00
bdd4746457284a51bf7381518b5e59c0,S7R08564.JPG,UK Antarctic Heritage Trust Data/SfM/SfM_W_external/S7R08564.JPG,2024-01-13 18:22:44,2024-01-13 18:22:44,SONY,ILCE-7RM3A,,FE 20mm F1.8 G,2592.0,1728.0,Horizontal,ILCE-7RM3A v1.00,400.0,1/400,14.0,20.0,Did not fire,Manual,Manual,Pattern,,,,2026-08-17T04:02:11+00:00
e9e343aa28a0481196fee86964355fc8,S7R08565.JPG,UK Antarctic Heritage Trust Data/SfM/SfM_W_external/S7R08565.JPG,2024-01-13 18:23:13,2024-01-13 18:23:13,SONY,ILCE-7RM3A,,FE 20mm F1.8 G,2592.0,1728.0,Horizontal,ILCE-7RM3A v1.00,400.0,1/250,14.0,20.0,Did not fire,Manual,Manual,Pattern,,,,2026-08-17T04:02:11+00:00
e7781e5d01294d7f8b2855520064e156,S7R08566.JPG,UK Antarctic Heritage Trust Data/SfM/SfM_W_external/S7R08566.JPG,2024-01-13 18:23:15,2024-01-13 18:23:15,SONY,ILCE-7RM3A,,FE 20mm F1.8 G,2592.0,1728.0,Horizontal,ILCE-7RM3A v1.00,400.0,1/250,14.0,20.0,Did not fire,Manual,Manual,Pattern,,,,2026-08-17T04:02:11+00:00
08b9cb0d158f4b91809b9b7a09496c38,S7R08567.JPG,UK Antarctic Heritage Trust Data/SfM/SfM_W_external/S7R08567.JPG,2024-01-13 18:23:16,2024-01-13 18:23:16,SONY,ILCE-7RM3A,,FE 20mm F1.8 G,2592.0,1728.0,Horizontal,ILCE-7RM3A v1.00,400.0,1/250,14.0,20.0,Did not fire,Manual,Manual,Pattern,,,,2026-08-17T04:02:11+00:00
0ec7fd1f943b48d1b00cf64e79043055,S7R08568.JPG,UK Antarctic Heritage Trust Data/SfM/SfM_W_external/S7R08568.JPG,2024-01-13 18:23:18,2024-01-13 18:23:18,SONY,ILCE-7RM3A,,FE 20mm F1.8 G,2592.0,1728.0,Horizontal,ILCE-7RM3A v1.00,400.0,1/250,14.0,20.0,Did not fire,Manual,Manual,Pattern,,,,2026-08-17T04:02:11+00:00
87214fe0a0964570b57f72e156a98d54,S7R08569.JPG,UK Antarctic Heritage Trust Data/SfM/SfM_W_external/S7R08569.JPG,2024-01-13 18:23:29,2024-01-13 18:23:29,SONY,ILCE-7RM3A,,FE 20mm F1.8 G,2592.0,1728.0,Horizontal,ILCE-7RM3A v1.00,400.0,1/250,14.0,20.0,Did not fire,Manual,Manual,Pattern,,,,2026-08-17T04:02:11+00:00
6ec02d1f3448470593e529a5b965e1ec,S7R08570.JPG,UK Antarctic Heritage Trust Data/SfM/SfM_W_external/S7R08570.JPG,2024-01-13 18:23:33,2024-01-13 18:23:33,SONY,ILCE-7RM3A,,FE 20mm F1.8 G,2592.0,1728.0,Horizontal,ILCE-7RM3A v1.00,400.0,1/250,14.0,20.0,Did not fire,Manual,Manual,Pattern,,,,2026-08-17T04:02:11+00:00
5cb5f062d4484062bb7c6a2e111d6e3f,S7R08571.JPG,UK Antarctic Heritage Trust Data/SfM/SfM_W_external/S7R08571.JPG,2024-01-13 18:23:34,2024-01-13 18:23:34,SONY,ILCE-7RM3A,,FE 20mm F1.8 G,2592.0,1728.0,Horizontal,ILCE-7RM3A v1.00,400.0,1/250,14.0,20.0,Did not fire,Manual,Manual,Pattern,,,,2026-08-17T04:02:11+00:00
61315e993cdf4b5184443e4c25e5d667,S7R08572.JPG,UK Antarctic Heritage Trust Data/SfM/SfM_W_external/S7R08572.JPG,2024-01-13 18:23:46,2024-01-13 18:23:46,SONY,ILCE-7RM3A,,FE 20mm F1.8 G,2592.0,1728.0,Horizontal,ILCE-7RM3A v1.00,400.0,1/250,14.0,20.0,Did not fire,Manual,Manual,Pattern,,,,2026-08-17T04:02:11+00:00
21378367a7c148a589010ffc3df3f0a6,S7R08573.JPG,UK Antarctic Heritage Trust Data/SfM/SfM_W_external/S7R08573.JPG,2024-01-13 18:23:52,2024-01-13 18:23:52,SONY,ILCE-7RM3A,,FE 20mm F1.8 G,2592.0,1728.0,Horizontal,ILCE-7RM3A v1.00,400.0,1/200,14.0,20.0,Did not fire,Manual,Manual,Pattern,,,,2026-08-17T04:02:11+00:00
9a05e1f291684486ace739b12f337b6a,S7R08574.JPG,UK Antarctic Heritage Trust Data/SfM/SfM_W_external/S7R08574.JPG,2024-01-13 18:23:53,2024-01-13 18:23:53,SONY,ILCE-7RM3A,,FE 20mm F1.8 G,2592.0,1728.0,Horizontal,ILCE-7RM3A v1.00,400.0,1/200,14.0,20.0,Did not fire,Manual,Manual,Pattern,,,,2026-08-17T04:02:11+00:00
60fa5e2075ea43818c43d843972d92fd,S7R08575.JPG,UK Antarctic Heritage Trust Data/SfM/SfM_W_external/S7R08575.JPG,2024-01-13 18:23:54,2024-01-13 18:23:54,SONY,ILCE-7RM3A,,FE 20mm F1.8 G,2592.0,1728.0,Horizontal,ILCE-7RM3A v1.00,400.0,1/200,14.0,20.0,Did not fire,Manual,Manual,Pattern,,,,2026-08-17T04:02:12+00:00
f6c6a4113c0b420b9eb7bdad9b098596,S7R08576.JPG,UK Antarctic Heritage Trust Data/SfM/SfM_W_external/S7R08576.JPG,2024-01-13 18:23:56,2024-01-13 18:23:56,SONY,ILCE-7RM3A,,FE 20mm F1.8 G,2592.0,1728.0,Horizontal,ILCE-7RM3A v1.00,400.0,1/200,14.0,20.0,Did not fire,Manual,Manual,Pattern,,,,2026-08-17T04:02:12+00:00
17d490b5c63f4256adc7aa7a37a178fb,S7R08577.JPG,UK Antarctic Heritage Trust Data/SfM/SfM_W_external/S7R08577.JPG,2024-01-13 18:23:59,2024-01-13 18:23:59,SONY,ILCE-7RM3A,,FE 20mm F1.8 G,2592.0,1728.0,Horizontal,ILCE-7RM3A v1.00,400.0,1/200,14.0,20.0,Did not fire,Manual,Manual,Pattern,,,,2026-08-17T04:02:12+00:00
776bf8573c154055878ba94694437cf5,S7R08578.JPG,UK Antarctic Heritage Trust Data/SfM/SfM_W_external/S7R08578.JPG,2024-01-13 18:24:00,2024-01-13 18:24:00,SONY,ILCE-7RM3A,,FE 20mm F1.8 G,2592.0,1728.0,Horizontal,ILCE-7RM3A v1.00,400.0,1/200,14.0,20.0,Did not fire,Manual,Manual,Pattern,,,,2026-08-17T04:02:12+00:00
75a59d0a369e4fd1980757e9dac88b37,S7R08579.JPG,UK Antarctic Heritage Trust Data/SfM/SfM_W_external/S7R08579.JPG,2024-01-13 18:24:02,2024-01-13 18:24:02,SONY,ILCE-7RM3A,,FE 20mm F1.8 G,2592.0,1728.0,Horizontal,ILCE-7RM3A v1.00,400.0,1/200,14.0,20.0,Did not fire,Manual,Manual,Pattern,,,,2026-08-17T04:02:12+00:00
a205486f070f4861bbcaba92ecec0f6d,S7R08580.JPG,UK Antarctic Heritage Trust Data/SfM/SfM_W_external/S7R08580.JPG,2024-01-13 18:24:03,2024-01-13 18:24:03,SONY,ILCE-7RM3A,,FE 20mm F1.8 G,2592.0,1728.0,Horizontal,ILCE-7RM3A v1.00,400.0,1/200,14.0,20.0,Did not fire,Manual,Manual,Pattern,,,,2026-08-17T04:02:12+00:00
76f3782bd38142e7ac63c860894161f0,S7R08581.JPG,UK Antarctic Heritage Trust Data/SfM/SfM_W_external/S7R08581.JPG,2024-01-13 18:24:09,2024-01-13 18:24:09,SONY,ILCE-7RM3A,,FE 20mm F1.8 G,2592.0,1728.0,Horizontal,ILCE-7RM3A v1.00,400.0,1/640,14.0,20.0,Did not fire,Manual,Manual,Pattern,,,,2026-08-17T04:02:12+00:00
cffeb08fef5f4994b4d38acabc43300f,S7R08582.JPG,UK Antarctic Heritage Trust Data/SfM/SfM_W_external/S7R08582.JPG,2024-01-13 18:24:28,2024-01-13 18:24:28,SONY,ILCE-7RM3A,,FE 20mm F1.8 G,2592.0,1728.0,Horizontal,ILCE-7RM3A v1.00,400.0,1/640,14.0,20.0,Did not fire,Manual,Manual,Pattern,,,,2026-08-17T04:02:12+00:00
3b7c68be48da4e5aa4cfcbb52edfcc01,1786459551797-image_1.jpg,UK Antarctic Heritage Trust Data/uploads/1786459551797-image_1.jpg,,,,,,,3840.0,2160.0,Horizontal,Adobe Photoshop 23.3 (Windows),,,,,,,,,,,,2026-08-17T04:02:12+00:00
4b822d667288465da84f55b6c139e2b0,1 (10).JPG,UK Antarctic Heritage Trust Data/Various_A/1 (10).JPG,2014-12-18 22:00:29,2014-12-18 22:00:29,NIKON CORPORATION,NIKON D3200,,,4000.0,6016.0,Horizontal,Microsoft Windows Photo Viewer 6.1.7600.16385,400.0,1/1000,4.5,55.0,Did not fire,Auto,Not defined,Pattern,,,,2026-08-17T04:02:12+00:00
8ece808f0846494ab273b54b9a7c2c6e,1 (12).JPG,UK Antarctic Heritage Trust Data/Various_A/1 (12).JPG,2015-01-26 18:28:24,2015-01-26 18:28:24,NIKON CORPORATION,NIKON D3200,,,6016.0,4000.0,Horizontal,Ver.1.00,100.0,1/320,9.0,55.0,Did not fire,Auto,Not defined,Pattern,,,,2026-08-17T04:02:12+00:00
b6da4c0f5e374b8ca0798b4afa42ab06,1 (19).JPG,UK Antarctic Heritage Trust Data/Various_A/1 (19).JPG,2014-12-09 14:59:18,2014-12-09 14:59:18,NIKON CORPORATION,NIKON D3200,,,6016.0,4000.0,Horizontal,Ver.1.00,6400.0,1/100,8.0,55.0,Fired,Auto,Normal program,Spot,,,,2026-08-17T04:02:12+00:00
bfd2fbe9862c4420ad177393ce23005b,1 (39).JPG,UK Antarctic Heritage Trust Data/Various_A/1 (39).JPG,2015-02-07 19:52:05,2015-02-07 19:52:05,NIKON CORPORATION,NIKON D3200,,,6016.0,4000.0,Horizontal,Ver.1.00,400.0,1/1250,5.6,72.0,Did not fire,Auto,Not defined,Pattern,,,,2026-08-17T04:02:12+00:00
a9e239f6e4e04e5d8e9816708696a91f,1 (47).JPG,UK Antarctic Heritage Trust Data/Various_A/1 (47).JPG,2015-02-18 15:04:00,2015-02-18 15:04:00,NIKON CORPORATION,NIKON D3200,,,4000.0,6016.0,Horizontal,Microsoft Windows Photo Viewer 6.1.7600.16385,400.0,1/1250,5.0,28.0,Did not fire,Auto,Not defined,Pattern,,,,2026-08-17T04:02:12+00:00
58ad0eca52b1496caa3ccb64cdd599ef,1 (8).JPG,UK Antarctic Heritage Trust Data/Various_A/1 (8).JPG,2014-12-18 21:18:58,2014-12-18 21:18:58,NIKON CORPORATION,NIKON D3200,,,6016.0,4000.0,Horizontal,Ver.1.00,250.0,1/2000,7.1,122.0,Did not fire,Auto,Not defined,Pattern,,,,2026-08-17T04:02:12+00:00
0e538a46847b47d89cbc28b0e7338872,1.JPG,UK Antarctic Heritage Trust Data/Various_A/1.JPG,2010-11-15 16:02:01,2010-11-15 16:02:01,NIKON CORPORATION,NIKON D80,,,3872.0,2592.0,Horizontal,Ver.1.11,100.0,1/400,10.0,18.0,Did not fire,Auto,Not defined,Pattern,,,,2026-08-17T04:02:12+00:00
8dece808356d47de97c5d9e9ca4387af,2.JPG,UK Antarctic Heritage Trust Data/Various_A/2.JPG,2011-02-13 11:16:58,2011-02-13 11:16:58,NIKON CORPORATION,NIKON D80,,,3872.0,2592.0,Horizontal,Ver.1.11,200.0,1/60,3.5,18.0,Fired,Auto,Not defined,Pattern,,,,2026-08-17T04:02:12+00:00
b37d9033cb4541cf8841f9a8fa68f8c8,20121121-DSC_0811 FK.jpg,UK Antarctic Heritage Trust Data/Various_A/20121121-DSC_0811 FK.jpg,2012-11-21 15:16:34,2012-11-21 15:16:34,NIKON CORPORATION,NIKON D90,6393062,18.0-200.0 mm f/3.5-5.6,4288.0,2848.0,,Adobe Photoshop Lightroom 3.4,250.0,1/6,5.6,20.0,Did not fire,Auto,Manual,Center weighted,,,,2026-08-17T04:02:12+00:00
670d92fec3714d698185b0f12ff09726,3.JPG,UK Antarctic Heritage Trust Data/Various_A/3.JPG,2011-02-13 11:16:06,2011-02-13 11:16:06,NIKON CORPORATION,NIKON D80,,,3872.0,2592.0,Horizontal,Ver.1.11,200.0,1/60,3.5,18.0,Fired,Auto,Not defined,Pattern,,,,2026-08-17T04:02:12+00:00
a6a1a94489954754995badb4d9e4901a,4.JPG,UK Antarctic Heritage Trust Data/Various_A/4.JPG,2011-02-13 15:34:12,2011-02-13 15:34:12,NIKON CORPORATION,NIKON D80,,,3872.0,2592.0,Horizontal,Ver.1.11,200.0,1/60,3.5,18.0,Fired,Auto,Not defined,Pattern,,,,2026-08-17T04:02:12+00:00
00c57e6729664d8eb4e3c9a74d7d07a6,a Calire IMG_1633.JPG,UK Antarctic Heritage Trust Data/Various_A/a Calire IMG_1633.JPG,2011-11-14 12:38:29,2011-11-14 12:38:29,Canon,Canon EOS 550D,,,5184.0,3456.0,Horizontal,,100.0,1/200,10.0,55.0,Did not fire,Auto,Landscape mode,Pattern,,,,2026-08-17T04:02:12+00:00
4d47a19500fb4143a0357d7b03b66637,a Cat IMG_5756.JPG,UK Antarctic Heritage Trust Data/Various_A/a Cat IMG_5756.JPG,2011-11-15 12:14:41,2011-11-15 12:14:41,Canon,Canon EOS 550D,,,2893.0,1929.0,Horizontal,QuickTime 7.7.1,100.0,1/500,8.0,15.0,Did not fire,Manual,Shutter priority,Partial,,,,2026-08-17T04:02:12+00:00
2ced6748625747ec8ec520d8429e21b2,a Cat IMG_5781 50_.jpg,UK Antarctic Heritage Trust Data/Various_A/a Cat IMG_5781 50_.jpg,2011-11-15 15:14:10,2011-11-15 15:14:10,Canon,Canon EOS 550D,,,2592.0,1728.0,Horizontal,,100.0,1/30,2.8,15.0,Did not fire,Manual,Normal program,Partial,,,,2026-08-17T04:02:12+00:00
c8917b29762943e2a24155481b4fdbd8,a Cat IMG_5781 50_1.jpg,UK Antarctic Heritage Trust Data/Various_A/a Cat IMG_5781 50_1.jpg,2011-11-15 15:14:10,2011-11-15 15:14:10,Canon,Canon EOS 550D,,,2592.0,1728.0,Horizontal,,100.0,1/30,2.8,15.0,Did not fire,Manual,Normal program,Partial,,,,2026-08-17T04:02:12+00:00
5661fd861cbe4b23bb81b8858508d8f1,a Cat IMG_7551-Optimized.JPG,UK Antarctic Heritage Trust Data/Various_A/a Cat IMG_7551-Optimized.JPG,,,,,,,1350.0,900.0,,,,,,,,,,,,,,2026-08-17T04:02:12+00:00
753e393224b949a09ffde62dc3a3a40a,a Cat IMG_7551-Optimized1.JPG,UK Antarctic Heritage Trust Data/Various_A/a Cat IMG_7551-Optimized1.JPG,,,,,,,1350.0,900.0,,,,,,,,,,,,,,2026-08-17T04:02:12+00:00
47d6687c350c45efad5ec70082c44cba,a Cat IMG_7551.JPG,UK Antarctic Heritage Trust Data/Various_A/a Cat IMG_7551.JPG,2011-12-13 02:27:28,2011-12-13 02:27:28,Canon,Canon EOS 550D,,,5184.0,3456.0,Horizontal,QuickTime 7.7.1,200.0,1/100,5.6,55.0,Did not fire,Manual,Manual,Partial,,,,2026-08-17T04:02:12+00:00
8b97ab42a8c545c3bc5c85a061032793,a Cat IMG_8594.JPG,UK Antarctic Heritage Trust Data/Various_A/a Cat IMG_8594.JPG,2011-12-28 18:49:42,2011-12-28 18:49:42,Canon,Canon EOS 550D,,,5184.0,3456.0,Horizontal,,100.0,1/400,7.1,229.0,Did not fire,Manual,Normal program,Spot,,,,2026-08-17T04:02:12+00:00
4daeb06f241b4a41b1b7b3d98ab4c857,a Cat IMG_9332.JPG,UK Antarctic Heritage Trust Data/Various_A/a Cat IMG_9332.JPG,2012-01-02 17:57:32,2012-01-02 17:57:32,Canon,Canon EOS 550D,,,3456.0,2304.0,Horizontal,,100.0,1/100,4.0,50.0,Did not fire,Auto,Not defined,Pattern,,,,2026-08-17T04:02:12+00:00
ec87f18761674be6a07bd2e0b8f02d18,a Cat IMG_93321.JPG,UK Antarctic Heritage Trust Data/Various_A/a Cat IMG_93321.JPG,2012-01-02 17:57:32,2012-01-02 17:57:32,Canon,Canon EOS 550D,,,3456.0,2304.0,Horizontal,,100.0,1/100,4.0,50.0,Did not fire,Auto,Not defined,Pattern,,,,2026-08-17T04:02:12+00:00
2420e0f4c76149ea8307f843fd320093,a Cat IMG_9758.JPG,UK Antarctic Heritage Trust Data/Various_A/a Cat IMG_9758.JPG,2012-01-09 00:20:15,2012-01-09 00:20:15,Canon,Canon EOS 550D,,,3456.0,2304.0,Horizontal,,400.0,1/500,5.6,250.0,Did not fire,Manual,Aperture priority,Partial,,,,2026-08-17T04:02:12+00:00
906b49a6965f49e19a7e3bdc73c68794,a Cat IMG_97581.JPG,UK Antarctic Heritage Trust Data/Various_A/a Cat IMG_97581.JPG,2012-01-09 00:20:15,2012-01-09 00:20:15,Canon,Canon EOS 550D,,,3456.0,2304.0,Horizontal,,400.0,1/500,5.6,250.0,Did not fire,Manual,Aperture priority,Partial,,,,2026-08-17T04:02:12+00:00
97b81fece16f4a228b8df50bfdd0e9e6,a Claire DSC07803.JPG,UK Antarctic Heritage Trust Data/Various_A/a Claire DSC07803.JPG,2012-02-06 09:44:19,2012-02-06 09:44:19,SONY,DSC-W50,,,2816.0,2112.0,Horizontal,,80.0,1/400,4.0,10.9,Did not fire,Auto,Normal program,Pattern,,,,2026-08-17T04:02:12+00:00
216a5b2b4b534c6099ffc4fb933a41fd,a Claire DSC078031.JPG,UK Antarctic Heritage Trust Data/Various_A/a Claire DSC078031.JPG,2012-02-06 09:44:19,2012-02-06 09:44:19,SONY,DSC-W50,,,2816.0,2112.0,Horizontal,,80.0,1/400,4.0,10.9,Did not fire,Auto,Normal program,Pattern,,,,2026-08-17T04:02:12+00:00
866d520d97974faabd098bc3f670918f,a Claire IMG_1985.JPG,UK Antarctic Heritage Trust Data/Various_A/a Claire IMG_1985.JPG,2011-11-18 22:47:05,2011-11-18 22:47:05,Canon,Canon EOS 550D,,,5184.0,3456.0,Horizontal,,3200.0,1/60,5.6,55.0,Did not fire,Auto,Landscape mode,Pattern,,,,2026-08-17T04:02:12+00:00
e2ebd96fdbab492ea388376c13e75edd,a Claire IMG_19851.JPG,UK Antarctic Heritage Trust Data/Various_A/a Claire IMG_19851.JPG,2011-11-18 22:47:05,2011-11-18 22:47:05,Canon,Canon EOS 550D,,,5184.0,3456.0,Horizontal,,3200.0,1/60,5.6,55.0,Did not fire,Auto,Landscape mode,Pattern,,,,2026-08-17T04:02:12+00:00
a13dc36ca5c5459fa73a863075e281f4,a Claire IMG_3388.JPG,UK Antarctic Heritage Trust Data/Various_A/a Claire IMG_3388.JPG,2011-12-28 14:58:00,2011-12-28 14:58:00,Canon,Canon EOS 550D,,,5184.0,3456.0,Horizontal,,100.0,1/320,11.0,29.0,Did not fire,Auto,Not defined,Pattern,,,,2026-08-17T04:02:12+00:00
44cbcda07d4f4a368222f7d08f49559b,a Claire IMG_6340.JPG,UK Antarctic Heritage Trust Data/Various_A/a Claire IMG_6340.JPG,2012-02-25 16:03:17,2012-02-25 16:03:17,Canon,Canon EOS 550D,,,5184.0,3456.0,Horizontal,Microsoft Windows Photo Gallery 6.0.6001.18000,400.0,1/200,22.0,18.0,Fired,Auto,Normal program,Pattern,,,,2026-08-17T04:02:12+00:00
4bafca9340254ae4802bc2f5d0fa6972,a Claire IMG_6407.JPG,UK Antarctic Heritage Trust Data/Various_A/a Claire IMG_6407.JPG,2012-02-25 16:08:17,2012-02-25 16:08:17,Canon,Canon EOS 550D,,,5184.0,3456.0,Horizontal,,100.0,1/200,8.0,53.0,Did not fire,Auto,Not defined,Pattern,,,,2026-08-17T04:02:12+00:00
2bbce50ef0b644eb8c556484ccfba2c0,a Claire IMG_64071.JPG,UK Antarctic Heritage Trust Data/Various_A/a Claire IMG_64071.JPG,2012-02-25 16:08:17,2012-02-25 16:08:17,Canon,Canon EOS 550D,,,5184.0,3456.0,Horizontal,,100.0,1/200,8.0,53.0,Did not fire,Auto,Not defined,Pattern,,,,2026-08-17T04:02:12+00:00
3411113fb34048b480722fef06818c96,a Michael DSC_1154.JPG,UK Antarctic Heritage Trust Data/Various_A/a Michael DSC_1154.JPG,2012-02-08 08:10:06,2012-02-08 08:10:06,NIKON CORPORATION,NIKON D5100,,,3696.0,2448.0,Horizontal,Ver.1.00,100.0,1/250,8.0,48.0,Did not fire,Auto,Not defined,Pattern,,,,2026-08-17T04:02:12+00:00
b849c236ee5e4264940e6198c732c3a3,a Michael DSC_11541.JPG,UK Antarctic Heritage Trust Data/Various_A/a Michael DSC_11541.JPG,2012-02-08 08:10:06,2012-02-08 08:10:06,NIKON CORPORATION,NIKON D5100,,,3696.0,2448.0,Horizontal,Ver.1.00,100.0,1/250,8.0,48.0,Did not fire,Auto,Not defined,Pattern,,,,2026-08-17T04:02:12+00:00
96c58efa1d0a4470bf36c6c934e5d2bd,a Michael DSC_1736.JPG,UK Antarctic Heritage Trust Data/Various_A/a Michael DSC_1736.JPG,2011-12-30 18:02:34,2011-12-30 18:02:34,NIKON CORPORATION,NIKON D5100,,,3696.0,2448.0,Horizontal,Ver.1.00,640.0,1/60,5.6,55.0,Fired,Auto,Not defined,Pattern,,,,2026-08-17T04:02:12+00:00
2442d0cf66654ff887e1a1dd86eaf334,a RACHEL MORGAN - Ylva P1010042.JPG,UK Antarctic Heritage Trust Data/Various_A/a RACHEL MORGAN - Ylva P1010042.JPG,2011-11-21 21:05:32,2011-11-21 21:05:32,Panasonic,DMC-TZ20,,,4320.0,3240.0,Horizontal,Ver.1.1,200.0,1/1600,4.0,4.3,Fired,Manual,Normal program,Pattern,,,,2026-08-17T04:02:12+00:00
cc60cd02d4de49c3a0bf8b41774f6d31,a RACHEL MORGAN - Ylva P10100421.JPG,UK Antarctic Heritage Trust Data/Various_A/a RACHEL MORGAN - Ylva P10100421.JPG,2011-11-21 21:05:32,2011-11-21 21:05:32,Panasonic,DMC-TZ20,,,4320.0,3240.0,Horizontal,Ver.1.1,200.0,1/1600,4.0,4.3,Fired,Manual,Normal program,Pattern,,,,2026-08-17T04:02:12+00:00
818067655fc84368ae33da0d721a1f75,A true Antarctic scene. Kristine Hannon.jpg,UK Antarctic Heritage Trust Data/Various_A/A true Antarctic scene. Kristine Hannon.jpg,2010-02-01 07:23:36,2010-02-01 07:23:36,NIKON CORPORATION,NIKON D300S,,,4114.0,2732.0,Horizontal,QuickTime 7.6.4,800.0,1/400,10.0,300.0,Did not fire,Manual,Normal program,Pattern,,,,2026-08-17T04:02:12+00:00
b225f58caca44e448cf870d524b13950,a Ylva P1000662.jpg,UK Antarctic Heritage Trust Data/Various_A/a Ylva P1000662.jpg,2011-11-07 03:01:48,2011-11-07 03:01:48,Panasonic,DMC-TZ20,,,4320.0,3240.0,Horizontal,Ver.1.1,200.0,1/160,4.0,4.7,Fired,Manual,Normal program,Pattern,,,,2026-08-17T04:02:12+00:00
be503ff4e1734936abc31570577a98ce,a Ylva P10006621.jpg,UK Antarctic Heritage Trust Data/Various_A/a Ylva P10006621.jpg,2011-11-07 03:01:48,2011-11-07 03:01:48,Panasonic,DMC-TZ20,,,4320.0,3240.0,Horizontal,Ver.1.1,200.0,1/160,4.0,4.7,Fired,Manual,Normal program,Pattern,,,,2026-08-17T04:02:12+00:00
a43a7be2282f4099958b702ead0ee003,aa Cat IMG_7551.JPG,UK Antarctic Heritage Trust Data/Various_A/aa Cat IMG_7551.JPG,2011-12-13 02:27:28,2011-12-13 02:27:28,Canon,Canon EOS 550D,,,5184.0,3456.0,Horizontal,QuickTime 7.7.1,200.0,1/100,5.6,55.0,Did not fire,Manual,Manual,Partial,,,,2026-08-17T04:02:12+00:00
f134941f9a2847daa60d1dff3b8e819e,Ad Chart scan 3.jpg,UK Antarctic Heritage Trust Data/Various_A/Ad Chart scan 3.jpg,2010-07-26 18:21:24,2010-07-26 18:21:24,,,,,3440.0,2464.0,,,,,,,,,,,,,,2026-08-17T04:02:12+00:00
c5e9de18b80e425e8fb505658b3cfbaf,BaseASign.JPG,UK Antarctic Heritage Trust Data/Various_A/BaseASign.JPG,2014-12-11 15:55:00,2014-12-11 15:55:00,NIKON,COOLPIX S32,,,4160.0,3120.0,Horizontal,COOLPIX S32   V1.0,125.0,1/200,3.3,4.1,Did not fire,Auto,Normal program,Pattern,,,,2026-08-17T04:02:12+00:00
f6d3bf818d6c45f6a181d1ea99d7f851,BHPorch2.JPG,UK Antarctic Heritage Trust Data/Various_A/BHPorch2.JPG,2014-12-11 16:19:33,2014-12-11 16:19:33,NIKON,COOLPIX S32,,,4160.0,3120.0,Horizontal,COOLPIX S32   V1.0,125.0,1/1250,3.3,4.1,Did not fire,Auto,Normal program,Pattern,,,,2026-08-17T04:02:12+00:00
f180945f8b234cf1a270e8e9b4f435ee,BitumenBoatShedDSC02535.JPG,UK Antarctic Heritage Trust Data/Various_A/BitumenBoatShedDSC02535.JPG,2014-11-22 09:33:33,2014-11-22 09:33:33,SONY,DSC-H55,,,2592.0,1944.0,Horizontal,,80.0,1/500,3.5,4.25,Fired,Auto,Normal program,Pattern,,,,2026-08-17T04:02:12+00:00
5e9b093848fc4a0db74c0dcfe796a1f3,Bransfield House 2011 Ylva Grams P1000662.jpg,UK Antarctic Heritage Trust Data/Various_A/Bransfield House 2011 Ylva Grams P1000662.jpg,2011-11-07 03:01:48,2011-11-07 03:01:48,Panasonic,DMC-TZ20,,,4320.0,3240.0,Horizontal,Ver.1.1,200.0,1/160,4.0,4.7,Fired,Manual,Normal program,Pattern,,,,2026-08-17T04:02:12+00:00
37294159bf3f4373ba119bd68d9cc34b,BRANSFIELD HOUSE Ylva P1010793.JPG,UK Antarctic Heritage Trust Data/Various_A/BRANSFIELD HOUSE Ylva P1010793.JPG,2011-12-05 16:39:41,2011-12-05 16:39:41,Panasonic,DMC-TZ20,,,4320.0,3240.0,Horizontal,Ver.1.1,200.0,1/2000,4.1,8.7,Did not fire,Manual,Aperture priority,Pattern,,,,2026-08-17T04:02:12+00:00
e4625e99738c4458ac11444bc24f3067,BRANSFIELD HOUSE Ylva P10107931.JPG,UK Antarctic Heritage Trust Data/Various_A/BRANSFIELD HOUSE Ylva P10107931.JPG,2011-12-05 16:39:41,2011-12-05 16:39:41,Panasonic,DMC-TZ20,,,4320.0,3240.0,Horizontal,Ver.1.1,200.0,1/2000,4.1,8.7,Did not fire,Manual,Aperture priority,Pattern,,,,2026-08-17T04:02:12+00:00
f26b00765c7545198e29085c22d984a4,"Bransfield House, Kristine Hannon (1).jpg","UK Antarctic Heritage Trust Data/Various_A/Bransfield House, Kristine Hannon (1).jpg",2010-01-23 09:23:54,2010-01-23 09:23:54,NIKON CORPORATION,NIKON D300S,,,4288.0,2412.0,Horizontal,QuickTime 7.6.4,400.0,1/500,11.0,28.0,Did not fire,Manual,Normal program,Pattern,,,,2026-08-17T04:02:12+00:00
46efe742f76e4a8fa064663a05341ee8,Cat IMG_0846.JPG,UK Antarctic Heritage Trust Data/Various_A/Cat IMG_0846.JPG,2012-01-28 14:07:42,2012-01-28 14:07:42,Canon,Canon EOS 550D,,,3456.0,2304.0,Horizontal,,100.0,1/640,5.6,250.0,Did not fire,Manual,Manual,Partial,,,,2026-08-17T04:02:12+00:00
3f2fb9348e8a4cf2b1da6a4b2323c0eb,CAT TOTTY - Claire DSC06438.JPG,UK Antarctic Heritage Trust Data/Various_A/CAT TOTTY - Claire DSC06438.JPG,2011-11-18 17:41:39,2011-11-18 17:41:39,SONY,DSC-W50,,,2112.0,2816.0,,,160.0,1/40,2.8,6.3,Did not fire,Auto,Normal program,Pattern,,,,2026-08-17T04:02:12+00:00
749e1191b37b4148b7f591aaa350f731,CAT TOTTY - Rachel P1040162.jpg,UK Antarctic Heritage Trust Data/Various_A/CAT TOTTY - Rachel P1040162.jpg,2011-12-07 18:59:16,2011-12-07 18:59:16,Panasonic,DMC-FX66,,,1483.0,2076.0,Horizontal,QuickTime 7.7.1,125.0,1/400,5.7,15.2,Did not fire,Auto,Normal program,Pattern,,,,2026-08-17T04:02:12+00:00
087c9e5b07934c17a216f6d5614a2df4,CAT TOTTY P1000953 Ylva.JPG,UK Antarctic Heritage Trust Data/Various_A/CAT TOTTY P1000953 Ylva.JPG,2011-11-15 00:32:15,2011-11-15 00:32:15,Panasonic,DMC-TZ20,,,3240.0,4320.0,Horizontal,Microsoft Windows Photo Viewer 6.1.7600.16385,200.0,1/10,3.3,4.3,Did not fire,Manual,Normal program,Pattern,,,,2026-08-17T04:02:12+00:00
a3e501f9cd6b45779ebe1dc9100caaf0,CAT TOTTY Rachel P1040161.JPG,UK Antarctic Heritage Trust Data/Various_A/CAT TOTTY Rachel P1040161.JPG,2011-12-07 18:59:11,2011-12-07 18:59:11,Panasonic,DMC-FX66,,,2560.0,1920.0,Rotate 90,Ver.1.0,80.0,1/500,5.6,6.8,Did not fire,Auto,Landscape mode,Pattern,,,,2026-08-17T04:02:12+00:00
26581f3779d547fcac233764406754c3,Claire IMG_1633.JPG,UK Antarctic Heritage Trust Data/Various_A/Claire IMG_1633.JPG,2011-11-14 12:38:29,2011-11-14 12:38:29,Canon,Canon EOS 550D,,,5184.0,3456.0,Horizontal,,100.0,1/200,10.0,55.0,Did not fire,Auto,Landscape mode,Pattern,,,,2026-08-17T04:02:12+00:00
2587865db1174de09c3135e2603b8533,DSC_0025.JPG,UK Antarctic Heritage Trust Data/Various_A/DSC_0025.JPG,2010-11-09 00:56:04,2010-11-09 00:56:04,NIKON CORPORATION,NIKON D80,,,3872.0,2592.0,Horizontal,Ver.1.11,200.0,1/400,6.3,31.0,Did not fire,Auto,Normal program,Pattern,,,,2026-08-17T04:02:13+00:00
6a6d7a0093cf422aa96ee45906ee3664,DSC_0029.JPG,UK Antarctic Heritage Trust Data/Various_A/DSC_0029.JPG,2010-02-19 11:18:05,2010-02-19 11:18:05,NIKON CORPORATION,NIKON D90,,,4288.0,2848.0,Horizontal,Ver.1.00,560.0,1/1000,5.6,300.0,Did not fire,Auto,Not defined,Pattern,,,,2026-08-17T04:02:13+00:00
e69f6f2b63df494ca037857396749c69,DSC_0033.JPG,UK Antarctic Heritage Trust Data/Various_A/DSC_0033.JPG,2014-11-15 18:13:24,2014-11-15 18:13:24,NIKON CORPORATION,NIKON D80,,,3872.0,2592.0,Horizontal,Ver.1.11,400.0,1/640,13.0,22.0,Did not fire,Auto,Normal program,Pattern,,,,2026-08-17T04:02:13+00:00
09fdab8e48364067ba296e112b711e6c,DSC_0037.JPG,UK Antarctic Heritage Trust Data/Various_A/DSC_0037.JPG,2009-11-15 11:00:58,2009-11-15 11:00:58,NIKON CORPORATION,NIKON D90,,,4288.0,2848.0,Horizontal,Ver.1.00,200.0,1/400,11.0,52.0,Did not fire,Auto,Not defined,Pattern,,,,2026-08-17T04:02:13+00:00
69d9886354c944fab91648ce2f274315,DSC_0039.JPG,UK Antarctic Heritage Trust Data/Various_A/DSC_0039.JPG,2009-11-15 11:02:38,2009-11-15 11:02:38,NIKON CORPORATION,NIKON D90,,,4288.0,2848.0,Horizontal,Ver.1.00,200.0,1/400,11.0,50.0,Did not fire,Auto,Not defined,Pattern,,,,2026-08-17T04:02:13+00:00
970504c62bf64fa689032aa74dd0e86b,DSC_0040.JPG,UK Antarctic Heritage Trust Data/Various_A/DSC_0040.JPG,2010-11-09 01:00:13,2010-11-09 01:00:13,NIKON CORPORATION,NIKON D80,,,3872.0,2592.0,Horizontal,Ver.1.11,200.0,1/100,5.0,25.0,Did not fire,Auto,Normal program,Pattern,,,,2026-08-17T04:02:13+00:00
35f1b76f590347ebaae1788a7b6041e4,DSC_0046.JPG,UK Antarctic Heritage Trust Data/Various_A/DSC_0046.JPG,2010-11-09 01:03:39,2010-11-09 01:03:39,NIKON CORPORATION,NIKON D80,,,3872.0,2592.0,Horizontal,Ver.1.11,200.0,1/200,5.6,18.0,Did not fire,Auto,Normal program,Pattern,,,,2026-08-17T04:02:13+00:00
8aab8526291c4e2c8aa2168ed5d256d5,DSC_0047.JPG,UK Antarctic Heritage Trust Data/Various_A/DSC_0047.JPG,2010-02-19 11:20:11,2010-02-19 11:20:11,NIKON CORPORATION,NIKON D90,,,4288.0,2848.0,Horizontal,Ver.1.00,220.0,1/500,5.6,70.0,Did not fire,Auto,Not defined,Pattern,,,,2026-08-17T04:02:13+00:00
819a57a912164d4ca9d9dfb9ecc0213a,DSC_0057.JPG,UK Antarctic Heritage Trust Data/Various_A/DSC_0057.JPG,2010-02-09 11:52:39,2010-02-09 11:52:39,NIKON CORPORATION,NIKON D90,,,4288.0,2848.0,Horizontal,Ver.1.00,400.0,1/1600,5.6,300.0,Did not fire,Auto,Not defined,Pattern,,,,2026-08-17T04:02:13+00:00
9f152da966ba4d499feb2921cdc63a0c,DSC_0058.JPG,UK Antarctic Heritage Trust Data/Various_A/DSC_0058.JPG,2014-11-15 18:27:14,2014-11-15 18:27:14,NIKON CORPORATION,NIKON D80,,,3872.0,2592.0,Horizontal,Ver.1.11,400.0,1/4000,4.5,34.0,Did not fire,Auto,Aperture priority,Pattern,,,,2026-08-17T04:02:13+00:00
2264007dabba451db07d9c3989c7f5af,DSC_0061.JPG,UK Antarctic Heritage Trust Data/Various_A/DSC_0061.JPG,2010-01-06 19:28:25,2010-01-06 19:28:25,NIKON CORPORATION,NIKON D90,,,4288.0,2848.0,Horizontal,Ver.1.00,400.0,1/1600,5.6,300.0,Did not fire,Auto,Not defined,Pattern,,,,2026-08-17T04:02:13+00:00
383b81c21bbb4a589c1d1441da6a406e,DSC_00611.JPG,UK Antarctic Heritage Trust Data/Various_A/DSC_00611.JPG,2010-01-06 19:28:25,2010-01-06 19:28:25,NIKON CORPORATION,NIKON D90,,,4288.0,2848.0,Horizontal,Ver.1.00,400.0,1/1600,5.6,300.0,Did not fire,Auto,Not defined,Pattern,,,,2026-08-17T04:02:13+00:00
33243bb01d70471f90fb24247cf6e58d,DSC_0066 TJOM.JPG,UK Antarctic Heritage Trust Data/Various_A/DSC_0066 TJOM.JPG,2011-02-13 11:15:30,2011-02-13 11:15:30,NIKON CORPORATION,NIKON D80,,,3872.0,2592.0,Horizontal,Ver.1.11,200.0,1/60,3.5,18.0,Fired,Auto,Not defined,Pattern,,,,2026-08-17T04:02:13+00:00
6f5929fc4dd041a2b2b67913983c1ea5,DSC_0068 - TJOM.JPG,UK Antarctic Heritage Trust Data/Various_A/DSC_0068 - TJOM.JPG,2011-02-13 11:16:06,2011-02-13 11:16:06,NIKON CORPORATION,NIKON D80,,,3872.0,2592.0,Horizontal,Ver.1.11,200.0,1/60,3.5,18.0,Fired,Auto,Not defined,Pattern,,,,2026-08-17T04:02:13+00:00
5ac11bd07772442abb08fe445f2ef30c,DSC_0069 TJOM.JPG,UK Antarctic Heritage Trust Data/Various_A/DSC_0069 TJOM.JPG,2011-02-13 11:16:22,2011-02-13 11:16:22,NIKON CORPORATION,NIKON D80,,,3872.0,2592.0,Horizontal,Ver.1.11,200.0,1/60,3.5,18.0,Fired,Auto,Not defined,Pattern,,,,2026-08-17T04:02:13+00:00
7723c4781a4644e48ed3554b4d83844c,DSC_0069.JPG,UK Antarctic Heritage Trust Data/Various_A/DSC_0069.JPG,2010-01-06 19:41:05,2010-01-06 19:41:05,NIKON CORPORATION,NIKON D90,,,4288.0,2848.0,Horizontal,Ver.1.00,400.0,1/500,5.6,135.0,Did not fire,Auto,Not defined,Pattern,,,,2026-08-17T04:02:13+00:00
fb3c2f8afed14e50b63ae6a9c87399d7,DSC_00691.jpg,UK Antarctic Heritage Trust Data/Various_A/DSC_00691.jpg,,,,,,,1024.0,680.0,,,,,,,,,,,,,,2026-08-17T04:02:13+00:00
b04687b25514403cb3b93458d139bfcd,DSC_0070 TJOM.JPG,UK Antarctic Heritage Trust Data/Various_A/DSC_0070 TJOM.JPG,2011-02-13 11:16:27,2011-02-13 11:16:27,NIKON CORPORATION,NIKON D80,,,3872.0,2592.0,Horizontal,Ver.1.11,200.0,1/60,3.5,18.0,Fired,Auto,Not defined,Pattern,,,,2026-08-17T04:02:13+00:00
33667cae04a24c8aaf122872ce8bc2f0,DSC_0071 TJOM.JPG,UK Antarctic Heritage Trust Data/Various_A/DSC_0071 TJOM.JPG,2011-02-13 11:16:46,2011-02-13 11:16:46,NIKON CORPORATION,NIKON D80,,,3872.0,2592.0,Horizontal,Ver.1.11,200.0,1/60,3.5,18.0,Fired,Auto,Not defined,Pattern,,,,2026-08-17T04:02:13+00:00
8877627eef9a4d1a836c38aee4e6e0f7,DSC_0072 TJOM.JPG,UK Antarctic Heritage Trust Data/Various_A/DSC_0072 TJOM.JPG,2011-02-13 11:16:58,2011-02-13 11:16:58,NIKON CORPORATION,NIKON D80,,,3872.0,2592.0,Horizontal,Ver.1.11,200.0,1/60,3.5,18.0,Fired,Auto,Not defined,Pattern,,,,2026-08-17T04:02:13+00:00
ff01433ce5424071ba0949ccd29e1057,DSC_0079 TJOM.JPG,UK Antarctic Heritage Trust Data/Various_A/DSC_0079 TJOM.JPG,2011-02-13 11:20:02,2011-02-13 11:20:02,NIKON CORPORATION,NIKON D80,,,3872.0,2592.0,Horizontal,Ver.1.11,200.0,1/60,3.5,18.0,Fired,Auto,Not defined,Pattern,,,,2026-08-17T04:02:13+00:00
342b649a37b943c4b3617d2338b32637,DSC_0081.JPG,UK Antarctic Heritage Trust Data/Various_A/DSC_0081.JPG,2009-11-15 11:58:57,2009-11-15 11:58:57,NIKON CORPORATION,NIKON D90,,,4288.0,2848.0,Horizontal,Ver.1.00,200.0,1/500,11.0,62.0,Did not fire,Auto,Not defined,Pattern,,,,2026-08-17T04:02:13+00:00
68a80b392f70411f9dd3d4b062d0e36b,DSC_0083.JPG,UK Antarctic Heritage Trust Data/Various_A/DSC_0083.JPG,2010-11-15 15:53:04,2010-11-15 15:53:04,NIKON CORPORATION,NIKON D80,,,3872.0,2592.0,Horizontal,Ver.1.11,100.0,1/400,10.0,18.0,Did not fire,Auto,Not defined,Pattern,,,,2026-08-17T04:02:13+00:00
30bc21b8211545a9b99e3ea0d4121373,DSC_0086.JPG,UK Antarctic Heritage Trust Data/Various_A/DSC_0086.JPG,2010-01-10 20:52:31,2010-01-10 20:52:31,NIKON CORPORATION,NIKON D90,,,4288.0,2848.0,Horizontal,Ver.1.00,800.0,1/640,5.6,300.0,Did not fire,Auto,Not defined,Pattern,,,,2026-08-17T04:02:13+00:00
2ca44f86d7d548169c37c65bf0ee885f,DSC_0089 TJOM.JPG,UK Antarctic Heritage Trust Data/Various_A/DSC_0089 TJOM.JPG,2011-02-13 11:24:13,2011-02-13 11:24:13,NIKON CORPORATION,NIKON D80,,,3872.0,2592.0,Horizontal,Ver.1.11,200.0,1/60,3.5,18.0,Fired,Auto,Not defined,Pattern,,,,2026-08-17T04:02:13+00:00
7e0fee1b14754840bf1b4889f536a880,DSC_0089.JPG,UK Antarctic Heritage Trust Data/Various_A/DSC_0089.JPG,2010-02-09 17:59:47,2010-02-09 17:59:47,NIKON CORPORATION,NIKON D90,,,4288.0,2848.0,Horizontal,Ver.1.00,640.0,1/1000,5.6,300.0,Did not fire,Auto,Not defined,Pattern,,,,2026-08-17T04:02:13+00:00
f1f94d7ff80f4b938e87fec35d1225fc,DSC_0101 TJOM.JPG,UK Antarctic Heritage Trust Data/Various_A/DSC_0101 TJOM.JPG,2011-02-13 11:27:42,2011-02-13 11:27:42,NIKON CORPORATION,NIKON D80,,,3872.0,2592.0,Horizontal,Ver.1.11,200.0,1/60,3.5,18.0,Fired,Auto,Not defined,Pattern,,,,2026-08-17T04:02:13+00:00
9a327f54827540b48936a3e83d0f155a,DSC_0104.JPG,UK Antarctic Heritage Trust Data/Various_A/DSC_0104.JPG,2010-01-10 21:06:12,2010-01-10 21:06:12,NIKON CORPORATION,NIKON D90,,,4288.0,2848.0,Horizontal,Ver.1.00,1250.0,1/500,5.6,300.0,Did not fire,Auto,Not defined,Pattern,,,,2026-08-17T04:02:13+00:00
c883a8618be24f9cab5901c0f5134129,DSC_0107 TJOM.JPG,UK Antarctic Heritage Trust Data/Various_A/DSC_0107 TJOM.JPG,2011-02-13 15:34:12,2011-02-13 15:34:12,NIKON CORPORATION,NIKON D80,,,3872.0,2592.0,Horizontal,Ver.1.11,200.0,1/60,3.5,18.0,Fired,Auto,Not defined,Pattern,,,,2026-08-17T04:02:13+00:00
b6e73b052280408e9329d339f7c32cde,DSC_0108 TJOM.JPG,UK Antarctic Heritage Trust Data/Various_A/DSC_0108 TJOM.JPG,2011-02-13 15:34:37,2011-02-13 15:34:37,NIKON CORPORATION,NIKON D80,,,3872.0,2592.0,Horizontal,Ver.1.11,200.0,1/60,3.5,18.0,Fired,Auto,Not defined,Pattern,,,,2026-08-17T04:02:13+00:00
85b5e37117b84d06bd62d69538908efb,DSC_0112.JPG,UK Antarctic Heritage Trust Data/Various_A/DSC_0112.JPG,2010-11-15 16:02:11,2010-11-15 16:02:11,NIKON CORPORATION,NIKON D80,,,3872.0,2592.0,Horizontal,Ver.1.11,100.0,1/400,10.0,18.0,Did not fire,Auto,Not defined,Pattern,,,,2026-08-17T04:02:13+00:00
2b327db1dea14e2eba2fd04502378be7,DSC_0115.JPG,UK Antarctic Heritage Trust Data/Various_A/DSC_0115.JPG,2009-11-15 12:18:55,2009-11-15 12:18:55,NIKON CORPORATION,NIKON D90,,,4288.0,2848.0,Horizontal,Ver.1.00,200.0,1/640,11.0,21.0,Did not fire,Auto,Not defined,Pattern,,,,2026-08-17T04:02:13+00:00
cc519999857047d4ad2932dd732de6e0,DSC_0116.JPG,UK Antarctic Heritage Trust Data/Various_A/DSC_0116.JPG,2010-11-15 16:04:15,2010-11-15 16:04:15,NIKON CORPORATION,NIKON D80,,,3872.0,2592.0,Horizontal,Ver.1.11,100.0,1/800,7.1,62.0,Did not fire,Auto,Not defined,Pattern,,,,2026-08-17T04:02:13+00:00
dac7729bf13d4b77a9afa77c390c0614,DSC_0120.JPG,UK Antarctic Heritage Trust Data/Various_A/DSC_0120.JPG,2009-11-15 12:25:04,2009-11-15 12:25:04,NIKON CORPORATION,NIKON D90,,,4288.0,2848.0,Horizontal,Ver.1.00,200.0,1/640,13.0,80.0,Did not fire,Auto,Not defined,Pattern,,,,2026-08-17T04:02:13+00:00
3fa2445b18d94883aeaaf882b66cd5ab,DSC_0142.JPG,UK Antarctic Heritage Trust Data/Various_A/DSC_0142.JPG,2009-11-08 15:21:24,2009-11-08 15:21:24,NIKON CORPORATION,NIKON D90,,,4288.0,2848.0,Horizontal,Ver.1.00,400.0,1/1600,6.3,300.0,Did not fire,Auto,Not defined,Pattern,,,,2026-08-17T04:02:13+00:00
2dc9660a1f634c859e4009251e6f3263,DSC_0146 (2).JPG,UK Antarctic Heritage Trust Data/Various_A/DSC_0146 (2).JPG,2010-01-12 15:04:34,2010-01-12 15:04:34,NIKON CORPORATION,NIKON D90,,,4288.0,2848.0,Horizontal,Ver.1.00,1600.0,1/320,5.6,300.0,Did not fire,Auto,Not defined,Pattern,,,,2026-08-17T04:02:13+00:00
56320888bb9f4eeeab1489b8cd56c3f4,DSC_0146.JPG,UK Antarctic Heritage Trust Data/Various_A/DSC_0146.JPG,2010-02-20 15:43:44,2010-02-20 15:43:44,NIKON CORPORATION,NIKON D90,,,4288.0,2848.0,Horizontal,Ver.1.00,400.0,1/1250,5.3,280.0,Did not fire,Auto,Not defined,Pattern,,,,2026-08-17T04:02:13+00:00
81c5c5b9bb6f4d57b4f1dfc8a30f5755,DSC_0154.JPG,UK Antarctic Heritage Trust Data/Various_A/DSC_0154.JPG,2009-11-08 15:29:26,2009-11-08 15:29:26,NIKON CORPORATION,NIKON D90,,,4288.0,2848.0,Horizontal,Ver.1.00,400.0,1/1600,6.3,300.0,Did not fire,Auto,Not defined,Pattern,,,,2026-08-17T04:02:13+00:00
db85e269e18f47008e79746070111415,DSC_0161.JPG,UK Antarctic Heritage Trust Data/Various_A/DSC_0161.JPG,2010-11-15 16:21:42,2010-11-15 16:21:42,NIKON CORPORATION,NIKON D80,,,3872.0,2592.0,Horizontal,Ver.1.11,100.0,1/400,10.0,18.0,Did not fire,Auto,Not defined,Pattern,,,,2026-08-17T04:02:13+00:00
2479518127024b1cbe1d790f9c8f027d,DSC_0166.JPG,UK Antarctic Heritage Trust Data/Various_A/DSC_0166.JPG,2010-11-15 16:25:20,2010-11-15 16:25:20,NIKON CORPORATION,NIKON D80,,,3872.0,2592.0,Horizontal,Ver.1.11,100.0,1/400,10.0,46.0,Did not fire,Auto,Not defined,Pattern,,,,2026-08-17T04:02:13+00:00
02f4abc23b144fed991801c898e4e6d8,DSC_0175.JPG,UK Antarctic Heritage Trust Data/Various_A/DSC_0175.JPG,2010-02-21 11:38:13,2010-02-21 11:38:13,NIKON CORPORATION,NIKON D90,,,4288.0,2848.0,Horizontal,Ver.1.00,200.0,1/800,7.1,70.0,Did not fire,Auto,Not defined,Pattern,,,,2026-08-17T04:02:13+00:00
91c93f2049294217b52e397785179da2,DSC_0177.JPG,UK Antarctic Heritage Trust Data/Various_A/DSC_0177.JPG,2010-11-15 17:48:10,2010-11-15 17:48:10,NIKON CORPORATION,NIKON D80,,,3872.0,2592.0,Horizontal,Ver.1.11,100.0,1/320,9.0,18.0,Did not fire,Auto,Not defined,Pattern,,,,2026-08-17T04:02:13+00:00
b6bd21fcac144711be8350d7cf2d0a02,DSC_0180.JPG,UK Antarctic Heritage Trust Data/Various_A/DSC_0180.JPG,2010-02-21 11:39:21,2010-02-21 11:39:21,NIKON CORPORATION,NIKON D90,,,4288.0,2848.0,Horizontal,Ver.1.00,280.0,1/2000,5.6,200.0,Did not fire,Auto,Not defined,Pattern,,,,2026-08-17T04:02:13+00:00
116370a140fb40f0bce039539f2a4a03,DSC_0181.JPG,UK Antarctic Heritage Trust Data/Various_A/DSC_0181.JPG,2010-02-21 11:39:30,2010-02-21 11:39:30,NIKON CORPORATION,NIKON D90,,,4288.0,2848.0,Horizontal,Ver.1.00,200.0,1/1000,8.0,70.0,Did not fire,Auto,Not defined,Pattern,,,,2026-08-17T04:02:13+00:00
c45adfa74f6f4e348f17612b3857cdff,DSC_0188.JPG,UK Antarctic Heritage Trust Data/Various_A/DSC_0188.JPG,2010-11-21 17:52:23,2010-11-21 17:52:23,NIKON CORPORATION,NIKON D80,,,3872.0,2592.0,Horizontal,Ver.1.11,250.0,1/30,3.5,18.0,Did not fire,Auto,Not defined,Pattern,,,,2026-08-17T04:02:13+00:00
5f0563c38fa54357a73973aa4b8ce4a3,DSC_0195.JPG,UK Antarctic Heritage Trust Data/Various_A/DSC_0195.JPG,2010-11-21 17:57:35,2010-11-21 17:57:35,NIKON CORPORATION,NIKON D80,,,3872.0,2592.0,Horizontal,Ver.1.11,200.0,1/60,3.5,18.0,Fired,Auto,Not defined,Pattern,,,,2026-08-17T04:02:13+00:00
db96ead7423e4fc5be0f99f10e49e00d,DSC_01951.JPG,UK Antarctic Heritage Trust Data/Various_A/DSC_01951.JPG,2010-11-21 17:57:35,2010-11-21 17:57:35,NIKON CORPORATION,NIKON D80,,,3872.0,2592.0,Horizontal,Ver.1.11,200.0,1/60,3.5,18.0,Fired,Auto,Not defined,Pattern,,,,2026-08-17T04:02:13+00:00
2399fcf08d3f490eb9d5780bef98bd39,DSC_0198.JPG,UK Antarctic Heritage Trust Data/Various_A/DSC_0198.JPG,2010-11-21 18:05:58,2010-11-21 18:05:58,NIKON CORPORATION,NIKON D80,,,3872.0,2592.0,Horizontal,Ver.1.11,200.0,1/60,3.8,27.0,Fired,Auto,Not defined,Pattern,,,,2026-08-17T04:02:13+00:00
2fddf9126203449294a75a04d40c8194,DSC_0199.JPG,UK Antarctic Heritage Trust Data/Various_A/DSC_0199.JPG,2010-11-21 18:06:08,2010-11-21 18:06:08,NIKON CORPORATION,NIKON D80,,,2592.0,3872.0,,Ver.1.11,200.0,1/60,3.8,25.0,Fired,Auto,Not defined,Pattern,,,,2026-08-17T04:02:13+00:00
645fdb9cb94b4cfb8387618edaa4e65d,DSC_0200.JPG,UK Antarctic Heritage Trust Data/Various_A/DSC_0200.JPG,2010-11-21 18:06:14,2010-11-21 18:06:14,NIKON CORPORATION,NIKON D80,,,3872.0,2592.0,Horizontal,Ver.1.11,200.0,1/60,3.8,22.0,Fired,Auto,Not defined,Pattern,,,,2026-08-17T04:02:13+00:00
1e40fb4af3094ec8975b453b6b6064f8,DSC_0201.JPG,UK Antarctic Heritage Trust Data/Various_A/DSC_0201.JPG,2010-11-21 18:06:23,2010-11-21 18:06:23,NIKON CORPORATION,NIKON D80,,,3872.0,2592.0,Horizontal,Ver.1.11,200.0,1/60,3.5,18.0,Fired,Auto,Not defined,Pattern,,,,2026-08-17T04:02:13+00:00
313e1364c8734b0e81d70c54ec61732f,DSC_02011.JPG,UK Antarctic Heritage Trust Data/Various_A/DSC_02011.JPG,2010-11-21 18:06:23,2010-11-21 18:06:23,NIKON CORPORATION,NIKON D80,,,3872.0,2592.0,Horizontal,Ver.1.11,200.0,1/60,3.5,18.0,Fired,Auto,Not defined,Pattern,,,,2026-08-17T04:02:13+00:00
72f5deb4d57b44f8b11e25c9733ab82f,DSC_0202.JPG,UK Antarctic Heritage Trust Data/Various_A/DSC_0202.JPG,2010-11-21 18:06:33,2010-11-21 18:06:33,NIKON CORPORATION,NIKON D80,,,3872.0,2592.0,Horizontal,Ver.1.11,200.0,1/60,3.5,18.0,Fired,Auto,Not defined,Pattern,,,,2026-08-17T04:02:13+00:00
c54adb4a8b5e40e8b413f470e7865f63,DSC_0203.JPG,UK Antarctic Heritage Trust Data/Various_A/DSC_0203.JPG,2010-11-21 18:06:39,2010-11-21 18:06:39,NIKON CORPORATION,NIKON D80,,,2592.0,3872.0,,Ver.1.11,200.0,1/60,3.8,27.0,Fired,Auto,Not defined,Pattern,,,,2026-08-17T04:02:13+00:00
63c9b45c86cf490dbe30ba26e6678ee8,DSC_0204.JPG,UK Antarctic Heritage Trust Data/Various_A/DSC_0204.JPG,2010-11-21 18:06:48,2010-11-21 18:06:48,NIKON CORPORATION,NIKON D80,,,3872.0,2592.0,Horizontal,Ver.1.11,200.0,1/60,3.5,18.0,Fired,Auto,Not defined,Pattern,,,,2026-08-17T04:02:13+00:00
0e5c09f3ad044ecaa222a08f8c92a50b,DSC_0205.JPG,UK Antarctic Heritage Trust Data/Various_A/DSC_0205.JPG,2010-11-21 18:06:50,2010-11-21 18:06:50,NIKON CORPORATION,NIKON D80,,,3872.0,2592.0,Horizontal,Ver.1.11,200.0,1/60,4.5,40.0,Fired,Auto,Not defined,Pattern,,,,2026-08-17T04:02:13+00:00
de27ec881cbf4564b8cc9d616807fc87,DSC_0206.JPG,UK Antarctic Heritage Trust Data/Various_A/DSC_0206.JPG,2010-11-21 18:07:01,2010-11-21 18:07:01,NIKON CORPORATION,NIKON D80,,,3872.0,2592.0,Horizontal,Ver.1.11,200.0,1/60,3.8,22.0,Fired,Auto,Not defined,Pattern,,,,2026-08-17T04:02:13+00:00
16d625a8a93445958249a9772ead869f,DSC_0207.JPG,UK Antarctic Heritage Trust Data/Various_A/DSC_0207.JPG,2010-11-21 18:07:09,2010-11-21 18:07:09,NIKON CORPORATION,NIKON D80,,,2592.0,3872.0,,Ver.1.11,200.0,1/60,3.5,18.0,Fired,Auto,Not defined,Pattern,,,,2026-08-17T04:02:13+00:00
70fb06b54ea84592912641d447450178,DSC_0215.JPG,UK Antarctic Heritage Trust Data/Various_A/DSC_0215.JPG,2010-01-23 11:44:25,2010-01-23 11:44:25,NIKON CORPORATION,NIKON D90,,,4288.0,2848.0,Horizontal,Ver.1.00,200.0,1/200,14.0,45.0,Did not fire,Auto,Not defined,Pattern,,,,2026-08-17T04:02:13+00:00
b3da0826beea43ea87e6fe07d176336d,DSC_0216.JPG,UK Antarctic Heritage Trust Data/Various_A/DSC_0216.JPG,2010-11-21 18:08:12,2010-11-21 18:08:12,NIKON CORPORATION,NIKON D80,,,3872.0,2592.0,Horizontal,Ver.1.11,200.0,1/60,3.5,18.0,Fired,Auto,Not defined,Pattern,,,,2026-08-17T04:02:13+00:00
7665ee6f8e73458dbd851cba83de2a01,DSC_02161.JPG,UK Antarctic Heritage Trust Data/Various_A/DSC_02161.JPG,2010-11-21 18:08:12,2010-11-21 18:08:12,NIKON CORPORATION,NIKON D80,,,3872.0,2592.0,Horizontal,Ver.1.11,200.0,1/60,3.5,18.0,Fired,Auto,Not defined,Pattern,,,,2026-08-17T04:02:13+00:00
c138032691a5438d9287857360d705d7,DSC_0217.JPG,UK Antarctic Heritage Trust Data/Various_A/DSC_0217.JPG,2010-11-21 18:08:20,2010-11-21 18:08:20,NIKON CORPORATION,NIKON D80,,,3872.0,2592.0,Horizontal,Ver.1.11,200.0,1/60,3.5,18.0,Fired,Auto,Not defined,Pattern,,,,2026-08-17T04:02:13+00:00
8617f5d7807e4b08b3cc8a6978fff76d,DSC_0219.JPG,UK Antarctic Heritage Trust Data/Various_A/DSC_0219.JPG,2010-11-21 18:08:36,2010-11-21 18:08:36,NIKON CORPORATION,NIKON D80,,,3872.0,2592.0,Horizontal,Ver.1.11,200.0,1/60,3.5,18.0,Fired,Auto,Not defined,Pattern,,,,2026-08-17T04:02:13+00:00
e378cbe6a6db4ac5aa6292a229218fa6,DSC_0221.JPG,UK Antarctic Heritage Trust Data/Various_A/DSC_0221.JPG,2010-11-21 18:09:00,2010-11-21 18:09:00,NIKON CORPORATION,NIKON D80,,,3872.0,2592.0,Horizontal,Ver.1.11,200.0,1/60,3.5,18.0,Fired,Auto,Not defined,Pattern,,,,2026-08-17T04:02:13+00:00
bd12c05ef6ae4eae9aa2e8cf39818bda,DSC_0222.JPG,UK Antarctic Heritage Trust Data/Various_A/DSC_0222.JPG,2010-11-21 18:09:13,2010-11-21 18:09:13,NIKON CORPORATION,NIKON D80,,,2592.0,3872.0,,Ver.1.11,200.0,1/60,3.5,18.0,Fired,Auto,Not defined,Pattern,,,,2026-08-17T04:02:13+00:00
0277d7ce66704f1a868d7b969f425603,DSC_0227.JPG,UK Antarctic Heritage Trust Data/Various_A/DSC_0227.JPG,2010-11-21 18:10:14,2010-11-21 18:10:14,NIKON CORPORATION,NIKON D80,,,3872.0,2592.0,Horizontal,Ver.1.11,200.0,1/60,3.5,18.0,Fired,Auto,Not defined,Pattern,,,,2026-08-17T04:02:13+00:00
b724c195d4b941d5a1a8f623b71c7255,DSC_0228.JPG,UK Antarctic Heritage Trust Data/Various_A/DSC_0228.JPG,2010-11-21 18:10:27,2010-11-21 18:10:27,NIKON CORPORATION,NIKON D80,,,3872.0,2592.0,Horizontal,Ver.1.11,200.0,1/60,3.5,18.0,Fired,Auto,Not defined,Pattern,,,,2026-08-17T04:02:13+00:00
e151845e6cd347d690277ab217b486af,DSC_0229.JPG,UK Antarctic Heritage Trust Data/Various_A/DSC_0229.JPG,2010-11-21 18:10:39,2010-11-21 18:10:39,NIKON CORPORATION,NIKON D80,,,3872.0,2592.0,Horizontal,Ver.1.11,200.0,1/60,3.8,27.0,Fired,Auto,Not defined,Pattern,,,,2026-08-17T04:02:14+00:00
cac3988661904b30901082f8758e0365,DSC_0230.JPG,UK Antarctic Heritage Trust Data/Various_A/DSC_0230.JPG,2010-11-21 18:10:48,2010-11-21 18:10:48,NIKON CORPORATION,NIKON D80,,,3872.0,2592.0,Horizontal,Ver.1.11,200.0,1/60,3.8,22.0,Fired,Auto,Not defined,Pattern,,,,2026-08-17T04:02:14+00:00
13633be6963444cea140cc15f9f59020,DSC_02301.JPG,UK Antarctic Heritage Trust Data/Various_A/DSC_02301.JPG,2010-11-21 18:10:48,2010-11-21 18:10:48,NIKON CORPORATION,NIKON D80,,,3872.0,2592.0,Horizontal,Ver.1.11,200.0,1/60,3.8,22.0,Fired,Auto,Not defined,Pattern,,,,2026-08-17T04:02:14+00:00
60cc39e73dda4fbaab66ebbdf711a88f,DSC_0231.JPG,UK Antarctic Heritage Trust Data/Various_A/DSC_0231.JPG,2010-11-21 18:11:01,2010-11-21 18:11:01,NIKON CORPORATION,NIKON D80,,,3872.0,2592.0,Horizontal,Ver.1.11,180.0,1/125,3.5,18.0,Fired,Auto,Not defined,Pattern,,,,2026-08-17T04:02:14+00:00
739e88f8a9c34d7d9aa21e362f925ed5,DSC_02311.JPG,UK Antarctic Heritage Trust Data/Various_A/DSC_02311.JPG,2010-11-21 18:11:01,2010-11-21 18:11:01,NIKON CORPORATION,NIKON D80,,,3872.0,2592.0,Horizontal,Ver.1.11,180.0,1/125,3.5,18.0,Fired,Auto,Not defined,Pattern,,,,2026-08-17T04:02:14+00:00
5e087596f15642b0818b1c0d66f67aac,DSC_0232.JPG,UK Antarctic Heritage Trust Data/Various_A/DSC_0232.JPG,2010-11-21 18:11:11,2010-11-21 18:11:11,NIKON CORPORATION,NIKON D80,,,3872.0,2592.0,Horizontal,Ver.1.11,200.0,1/60,3.5,18.0,Fired,Auto,Not defined,Pattern,,,,2026-08-17T04:02:14+00:00
f17a06cef97b44f9aedb0fa8ea01e458,DSC_0233.JPG,UK Antarctic Heritage Trust Data/Various_A/DSC_0233.JPG,2010-11-21 18:11:27,2010-11-21 18:11:27,NIKON CORPORATION,NIKON D80,,,3872.0,2592.0,Horizontal,Ver.1.11,250.0,1/30,4.5,40.0,Did not fire,Auto,Not defined,Pattern,,,,2026-08-17T04:02:14+00:00
ba3612b8b1ab41a899eab0ba5109aa6f,DSC_0234.JPG,UK Antarctic Heritage Trust Data/Various_A/DSC_0234.JPG,2010-11-21 18:11:34,2010-11-21 18:11:34,NIKON CORPORATION,NIKON D80,,,3872.0,2592.0,Horizontal,Ver.1.11,200.0,1/60,4.5,40.0,Fired,Auto,Not defined,Pattern,,,,2026-08-17T04:02:14+00:00
2599bc48e96a49c8a1e57b8459eaec80,DSC_0235.JPG,UK Antarctic Heritage Trust Data/Various_A/DSC_0235.JPG,2010-11-21 18:11:50,2010-11-21 18:11:50,NIKON CORPORATION,NIKON D80,,,2592.0,3872.0,,Ver.1.11,200.0,1/60,3.8,27.0,Fired,Auto,Not defined,Pattern,,,,2026-08-17T04:02:14+00:00
59cffb15c815482e884ac7b1bfd5a676,DSC_0236.JPG,UK Antarctic Heritage Trust Data/Various_A/DSC_0236.JPG,2010-11-21 18:12:02,2010-11-21 18:12:02,NIKON CORPORATION,NIKON D80,,,3872.0,2592.0,Horizontal,Ver.1.11,160.0,1/125,4.0,29.0,Fired,Auto,Not defined,Pattern,,,,2026-08-17T04:02:14+00:00
2d29c77858874ee78110717b8f01bac3,DSC_0237.JPG,UK Antarctic Heritage Trust Data/Various_A/DSC_0237.JPG,2010-11-21 18:12:12,2010-11-21 18:12:12,NIKON CORPORATION,NIKON D80,,,3872.0,2592.0,Horizontal,Ver.1.11,160.0,1/125,3.5,18.0,Fired,Auto,Not defined,Pattern,,,,2026-08-17T04:02:14+00:00
131078d7d4b041d2a333b932a1dd95e8,DSC_0238.JPG,UK Antarctic Heritage Trust Data/Various_A/DSC_0238.JPG,2010-11-21 18:12:39,2010-11-21 18:12:39,NIKON CORPORATION,NIKON D80,,,3872.0,2592.0,Horizontal,Ver.1.11,200.0,1/60,4.0,29.0,Fired,Auto,Not defined,Pattern,,,,2026-08-17T04:02:14+00:00
badd456c057a4205ae0197926cb5a608,DSC_02381.JPG,UK Antarctic Heritage Trust Data/Various_A/DSC_02381.JPG,2010-11-21 18:12:39,2010-11-21 18:12:39,NIKON CORPORATION,NIKON D80,,,3872.0,2592.0,Horizontal,Ver.1.11,200.0,1/60,4.0,29.0,Fired,Auto,Not defined,Pattern,,,,2026-08-17T04:02:14+00:00
468101ec38ac486782b63082a2bf026a,DSC_0239.JPG,UK Antarctic Heritage Trust Data/Various_A/DSC_0239.JPG,2010-11-21 18:12:46,2010-11-21 18:12:46,NIKON CORPORATION,NIKON D80,,,2592.0,3872.0,,Ver.1.11,200.0,1/60,4.5,44.0,Fired,Auto,Not defined,Pattern,,,,2026-08-17T04:02:14+00:00
92b6148a74964ab7b1b41198d352f11a,DSC_02391.JPG,UK Antarctic Heritage Trust Data/Various_A/DSC_02391.JPG,2010-11-21 18:12:46,2010-11-21 18:12:46,NIKON CORPORATION,NIKON D80,,,2592.0,3872.0,,Ver.1.11,200.0,1/60,4.5,44.0,Fired,Auto,Not defined,Pattern,,,,2026-08-17T04:02:14+00:00
b09414a25541456bab64fb6bf8a363b9,DSC_0240.JPG,UK Antarctic Heritage Trust Data/Various_A/DSC_0240.JPG,2010-11-21 18:12:57,2010-11-21 18:12:57,NIKON CORPORATION,NIKON D80,,,2592.0,3872.0,,Ver.1.11,200.0,1/60,3.8,24.0,Fired,Auto,Not defined,Pattern,,,,2026-08-17T04:02:14+00:00
6a2686d04531405b8d4c618b25144a13,DSC_0242.JPG,UK Antarctic Heritage Trust Data/Various_A/DSC_0242.JPG,2010-11-21 18:13:07,2010-11-21 18:13:07,NIKON CORPORATION,NIKON D80,,,3872.0,2592.0,Horizontal,Ver.1.11,200.0,1/60,3.5,18.0,Fired,Auto,Not defined,Pattern,,,,2026-08-17T04:02:14+00:00
c7a897ec77804ee7b7b9b9f4219c7493,DSC_0247.JPG,UK Antarctic Heritage Trust Data/Various_A/DSC_0247.JPG,2010-11-21 18:14:38,2010-11-21 18:14:38,NIKON CORPORATION,NIKON D80,,,3872.0,2592.0,Horizontal,Ver.1.11,200.0,1/60,4.5,52.0,Fired,Auto,Not defined,Pattern,,,,2026-08-17T04:02:14+00:00
cdcac5afe7e74f49813e886b77e052b2,DSC_02471.JPG,UK Antarctic Heritage Trust Data/Various_A/DSC_02471.JPG,2010-11-21 18:14:38,2010-11-21 18:14:38,NIKON CORPORATION,NIKON D80,,,3872.0,2592.0,Horizontal,Ver.1.11,200.0,1/60,4.5,52.0,Fired,Auto,Not defined,Pattern,,,,2026-08-17T04:02:14+00:00
1faa978c85824e70b53377d676653bb3,DSC_0249.JPG,UK Antarctic Heritage Trust Data/Various_A/DSC_0249.JPG,2010-01-23 11:53:22,2010-01-23 11:53:22,NIKON CORPORATION,NIKON D90,,,4288.0,2848.0,Horizontal,Ver.1.00,200.0,1/500,11.0,105.0,Did not fire,Auto,Not defined,Pattern,,,,2026-08-17T04:02:14+00:00
e10b6ed387a645f6a6a02a0034f5c7f1,DSC_0255.JPG.jpg,UK Antarctic Heritage Trust Data/Various_A/DSC_0255.JPG.jpg,,,,,,,1899.0,2848.0,,,,,,,,,,,,,,2026-08-17T04:02:14+00:00
9c3d8fc6db3e45d19cda1d002ad1cfbf,DSC_0281.JPG,UK Antarctic Heritage Trust Data/Various_A/DSC_0281.JPG,2010-11-22 01:15:04,2010-11-22 01:15:04,NIKON CORPORATION,NIKON D80,,,3872.0,2592.0,Horizontal,Ver.1.11,200.0,1/60,3.5,18.0,Fired,Auto,Not defined,Pattern,,,,2026-08-17T04:02:14+00:00
f48bea53dd804f1eb3383ae8720b7bdd,DSC_0282 TJOM.JPG,UK Antarctic Heritage Trust Data/Various_A/DSC_0282 TJOM.JPG,2010-11-22 01:15:50,2010-11-22 01:15:50,NIKON CORPORATION,NIKON D80,,,3872.0,2592.0,Horizontal,Ver.1.11,200.0,1/60,3.5,18.0,Fired,Auto,Not defined,Pattern,,,,2026-08-17T04:02:14+00:00
db5fd35a1f844b3d8d6a4b531bdb865c,DSC_0294.JPG,UK Antarctic Heritage Trust Data/Various_A/DSC_0294.JPG,2010-02-25 09:34:13,2010-02-25 09:34:13,NIKON CORPORATION,NIKON D90,,,4288.0,2848.0,Horizontal,Ver.1.00,640.0,1/1000,5.6,300.0,Did not fire,Auto,Not defined,Pattern,,,,2026-08-17T04:02:14+00:00
5f51434e7834475db19768e49018a6d2,DSC_0463.JPG,UK Antarctic Heritage Trust Data/Various_A/DSC_0463.JPG,2010-01-27 13:09:50,2010-01-27 13:09:50,NIKON CORPORATION,NIKON D90,,,4288.0,2848.0,Horizontal,Ver.1.00,200.0,1/1000,8.0,105.0,Did not fire,Auto,Not defined,Pattern,,,,2026-08-17T04:02:14+00:00
228beb5b726745738b1373b1b8e9f9e0,DSC_0539.JPG,UK Antarctic Heritage Trust Data/Various_A/DSC_0539.JPG,2010-01-29 08:18:29,2010-01-29 08:18:29,NIKON CORPORATION,NIKON D90,,,4288.0,2848.0,Horizontal,Ver.1.00,400.0,1/1600,6.3,300.0,Did not fire,Auto,Not defined,Pattern,,,,2026-08-17T04:02:14+00:00
fd5ee61277564a8797ed52301fdc4c3f,DSC_0582.JPG,UK Antarctic Heritage Trust Data/Various_A/DSC_0582.JPG,2015-01-22 09:42:45,2015-01-22 09:42:45,NIKON CORPORATION,NIKON D5100,,,4928.0,3264.0,Horizontal,Ver.1.01,3200.0,1/60,3.5,18.0,Fired,Auto,Not defined,Pattern,,,,2026-08-17T04:02:14+00:00
0e29d9e8953c4e658f6a4dc9cc121e56,DSC_0591.JPG,UK Antarctic Heritage Trust Data/Various_A/DSC_0591.JPG,2009-12-10 16:11:26,2009-12-10 16:11:26,NIKON CORPORATION,NIKON D90,,,4288.0,2848.0,Horizontal,Ver.1.00,400.0,1/1250,5.6,300.0,Did not fire,Auto,Not defined,Pattern,,,,2026-08-17T04:02:14+00:00
30da6513a29f4d60902310ce70d5cc81,DSC_0641.JPG,UK Antarctic Heritage Trust Data/Various_A/DSC_0641.JPG,2009-11-09 15:44:04,2009-11-09 15:44:04,NIKON CORPORATION,NIKON D90,,,2848.0,4288.0,,Ver.1.00,200.0,1/400,11.0,18.0,Did not fire,Auto,Not defined,Pattern,,,,2026-08-17T04:02:14+00:00
d6de915236e745a583e63daa9c96ed01,DSC_0728.JPG,UK Antarctic Heritage Trust Data/Various_A/DSC_0728.JPG,2009-12-31 16:07:48,2009-12-31 16:07:48,NIKON CORPORATION,NIKON D90,,,4288.0,2848.0,Horizontal,Ver.1.00,800.0,1/640,5.6,300.0,Did not fire,Auto,Not defined,Pattern,,,,2026-08-17T04:02:14+00:00
734a97ab8b214824a5c7f658b232d89a,DSC_0735.JPG,UK Antarctic Heritage Trust Data/Various_A/DSC_0735.JPG,2009-12-31 17:42:51,2009-12-31 17:42:51,NIKON CORPORATION,NIKON D90,,,4288.0,2848.0,Horizontal,Ver.1.00,200.0,1/200,6.3,300.0,Fired,Auto,Not defined,Pattern,,,,2026-08-17T04:02:14+00:00
75142fa07d5a481586c59bf36993b0c3,IMG_1633.JPG,UK Antarctic Heritage Trust Data/Various_A/IMG_1633.JPG,2011-11-14 12:38:29,2011-11-14 12:38:29,Canon,Canon EOS 550D,,,5184.0,3456.0,Horizontal,,100.0,1/200,10.0,55.0,Did not fire,Auto,Landscape mode,Pattern,,,,2026-08-17T04:02:14+00:00
8fff878d92f9407fbde542affbffce7b,"© UK Antarctic Heritage Trust, 2011, Photo by Rick Price, 2 copy.jpg","UK Antarctic Heritage Trust Data/Various_A/© UK Antarctic Heritage Trust, 2011, Photo by Rick Price, 2 copy.jpg",2011-12-05 15:50:48,2011-12-05 15:50:48,Canon,Canon EOS-1D Mark III,,,1936.0,1288.0,Horizontal,Adobe Photoshop CS3 Windows,800.0,1/80,2.8,35.0,Did not fire,Auto,Shutter priority,Pattern,,,,2026-08-17T04:02:14+00:00
