image_uid,file_name,description
200af01154004118ae8397eb3fe5f15e,P7630236 (Large).jpg,"The image is a landscape photograph of a snowy mountain with a small red building on the right side of the image. The mountain is covered in snow and ice, and the sky is blue with some clouds. In the foreground, there is a body of water with a reflection of the mountain and the building in the water. The water is calm and still, reflecting the sky and the mountain. On the left side, there are rocks and boulders covered in a layer of snow, and a tall tower can be seen in the background. The overall mood of the photograph is peaceful and serene."
5d9d6ca54cfb4308b7ca3ec6cd105dfb,P7630258 (Large).JPG,"The image shows the interior of a garage or workshop. The floor is made of wooden planks and the walls are painted in a light blue color. On the right side of the image, there is a workbench with various tools and equipment hanging on it. In the background, there are two blue doors and a window. The garage appears to be old and dilapidated, with peeling paint and peeling walls. There is a ladder leaning against the wall and a red bucket on the floor. The overall atmosphere of the space is cluttered and disorganized."
670ee9cd37b646358e8b1cd55fc22957,P7630259 (Large).JPG,"The image shows the interior of an old, dilapidated garage or workshop. The walls are covered in peeling paint and the floor is covered in dirt and grime. On the left side of the image, there is a blue workbench with various tools and equipment scattered around it. In the background, there are shelves with various items on them and a red fire extinguisher hanging from the ceiling. In front of the workbench, there appears to be a large metal barrel and a ladder leaning against the wall. The overall atmosphere of the space is cluttered and disorganized."
bc173a734aaf4bfda01eb017594a2f6e,P7630260 (Large).JPG,"The image shows an old, dilapidated kitchen with green walls and a red tiled floor. The kitchen has a white stove and oven, a red bucket, and various kitchen utensils and appliances scattered around the room. On the right side of the image, there is a green shelving unit with various kitchen items on it. The walls are painted in a light green color, and the floor is made of red tiles. There is a window above the stove, letting in natural light. The overall atmosphere of the room is one of neglect and abandonment."
9937c64b77dc4232987c98f864d01132,P7630262 (Large).JPG,"The image shows the interior of a train car with a wooden table and chairs. The table is covered with a red and white checkered tablecloth and has a few items on it, including a book, a pen, and a few other items. There are two windows with red curtains on either side of the table, and the walls are painted in a light blue color. The floor is made of wood, and there is a red bench on the right side. On the left side, there are several framed pictures hanging on the wall. The overall atmosphere of the room is cozy and inviting."
4a364c61c595499283bd9b8123ffde34,P7630263 (Large).JPG,"The image shows a large industrial machine in a workshop. The machine is made of metal and has a control panel on top with various buttons and dials. It is mounted on a metal frame with wheels for easy movement. The workshop has green walls and wooden flooring, and there are shelves on the right side of the image with various tools and equipment. On the left side, there is a workbench with a white countertop and a green cabinet. In the background, there are posters and a clock hanging on the wall. The overall atmosphere of the workshop appears to be clean and well-maintained."
3c02cda285564ef1823982848b393b9d,P7630264 (Large).JPG,"The image shows a small room with two bunk beds on the right side and a desk on the left side. The walls are painted in a light blue color and there is a window with pink curtains in the center of the room. The bunk beds are made of wood and have white linens and pillows. On the desk, there are several boxes and other items scattered around. There is also a small wooden chair in front of one of the bunk beds. The room appears to be old and dilapidated, with peeling paint and peeling walls. The floor is covered with a red carpet."
c126d76ddd624a4b84f3d1924a85aba6,P7630265 (Large).JPG,"The image shows a close-up of a red door with a black handle and a lock on it. The door appears to be old and weathered, with peeling paint and cracks on the surface. The lock is made of metal and has a rectangular shape with a keyhole in the center. It is attached to the door with two screws. On the right side of the image, there is a white window with a white frame. The background is blurred, but it seems to be a part of a building or a similar structure."
fb81dff770d24db5a73faaa93d5a0c8a,P7630266 (Large).JPG,"The image shows a small wooden cabin with a red roof and white shutters on the windows. The cabin is located on a rocky shore with a body of water in the background. The sky is cloudy and the ground is covered in snow. There is a wooden walkway leading up to the cabin and a wooden railing on the right side of the image. In the distance, there is a mountain range with snow-capped peaks. The overall scene is peaceful and serene."
fb62451110a343288e8cdb2209dccc24,P7630267 (Large).JPG,"The image shows a small black cabin on a rocky shore covered in snow. The cabin has a round roof and a small porch with a wooden railing. There is a window on the front of the cabin and a door on the side. In the background, there is a body of water with icebergs and mountains in the distance. The sky is overcast and the overall mood of the image is cold and desolate."
57e02a40a424473589ca195bb2ec3e93,P7630268 (Large).JPG,"The image shows a small black cabin on a rocky shore covered in snow. The cabin has a curved roof and a small porch with a wooden railing. There are two windows on the front of the cabin and a door on the side. The sky is cloudy and the ground is covered in a thick layer of snow. In the background, there is a body of water and a mountain range. The overall mood of the image is cold and desolate."
fe34bb2db9ba4f3cadc2954b0c0c0755,P7630273 (Large).jpg,"The image shows a group of penguins standing on a rocky shore covered in snow. In the background, there is a large body of water with a glacier and a mountain in the distance. The sky is cloudy and the overall mood of the image is cold and desolate. The penguins are standing on the edge of the rock, looking out towards the horizon. There is a red ship visible in the water near the glacier."
0c273363d58540809461bdf6135c5204,P7630276 (Large).JPG,The image shows a small black cabin with a red roof on a snowy landscape. The cabin is located on a rocky shore with icebergs in the background. The sky is cloudy and the ground is covered in a thick layer of snow. There is a small wooden bench in front of the cabin and a small window on the right side. The door is closed and there is a metal latch on the door. The overall mood of the image is cold and desolate.
9c6380a93cde4ad892d317a58c13140a,Port Lockroy 24th April 2020 JNH (1) (Large).jpg,"The image shows a snowy landscape with a body of water in the background. The sky is blue and the ground is covered in a thick layer of snow. In the center of the image, there is a large pile of rubble and debris scattered across the ground. The rubble appears to be old and weathered, with some of the pieces missing. There are also a few wooden poles and other debris scattered around the rubble. On the left side of the pile, there are some rocks and boulders, and on the right side, there seems to be a rocky shoreline. The overall scene is desolate and desolate."
dab76884b75d4230b9960928e4465bed,Port Lockroy 24th April 2020 JNH (10) (Large).jpg,"The image shows an old, dilapidated stove in a room with green walls. The stove is made of metal and has a black countertop with a silver kettle on top. There are two doors on either side of the stove, one with a red handle and the other with a white handle. Above the stove is a shelf with various kitchen utensils, including a kettle, a pot, and a toaster. The floor is covered in dirt and grime, and there is a red bucket on the right side."
1a4b67bd332d4483805df0ee0b2e4d85,Port Lockroy 24th April 2020 JNH (11) (Large).jpg,"The image shows a green wooden shelf with multiple compartments. The compartments are arranged in a grid-like pattern and are filled with various types of canned goods. On the top shelf, there are several cans of different sizes and colors, including red, blue, yellow, and green. The cans appear to be old and worn, with some of them having labels on them. The shelf is leaning against a green wall, and there is a red and white checkered curtain on the right side of the image. In the bottom right corner, there is an old red box with a label on it. The floor is made of wood, and the overall appearance of the shelf is rustic and vintage."
6986f22fa1c04ab9a3d6db65fda27ace,Port Lockroy 24th April 2020 JNH (12) (Large).jpg,"The image shows a kitchen countertop with various kitchen items on it. The countertop is made of wood and has a wooden table in front of it. On the left side of the countertop, there are several shelves filled with different types of kitchen utensils, including pots, pans, and pans. The shelves are made of metal and have a greenish-brown color. On the top shelf, there is a large collection of jars and containers of different sizes and colors. The jars are arranged in a neat and orderly manner, with some jars of different colors and sizes. The containers appear to be old and weathered, with peeling paint and rust visible on the surface. In the center of the image, on the right side, on top of the shelves, there appears to be a shelf with more jars and jars. There are also a few"
53405c54172846748fec3f6aeb6edeb4,Port Lockroy 24th April 2020 JNH (13) (Large).jpg,"The image shows a green wooden shelf with various kitchen items on it. On the left side of the shelf, there are several bottles of different sizes and colors, including bottles of wine, jars, and containers of spices. Next to the bottles, there is a wooden crate with a label that reads ""Peek-Free"". On the right side, on the bottom right corner, there appears to be a white bowl with a brown rim. In the center of the image, there seems to be an open book or a menu. The shelf is leaning against a green wall, and there are a few other items scattered around it."
21b9b3a1b7294793a76cc65df735591c,Port Lockroy 24th April 2020 JNH (14) (Large).jpg,"The image shows an old, rusted metal latch on a wooden surface. The latch is black in color and appears to be old and weathered. It has a round knob on one end and a handle on the other end. The handle is curved and has a small hole in the center. On the right side of the latch, there is a label with the brand name ""Pentagon"" written on it. In the background, there are various tools and equipment scattered on the floor."
619fe62e2ed5423e95ac36afd4bb7e2e,Port Lockroy 24th April 2020 JNH (16) (Large).jpg,"The image shows an open book on a table in a dark room. The table is covered with a white tablecloth and there are several cans and bottles scattered around it. The cans are of different sizes and colors, including red, blue, green, and yellow. Some of the cans have labels on them, while others have labels that appear to be old and worn. There is also a small piece of paper on the table next to the book. The room appears to be cluttered and disorganized."
e7f65c6c252545ea8cef06064ce2fdb2,Port Lockroy 24th April 2020 JNH (17) (Large).jpg,"The image shows a wooden shelf with a variety of jars and containers on it. The jars are of different sizes and colors, with some having labels on them. There are several bottles of different types of sauces and condiments on the shelf, including a jar of pickles, a jar with a label that reads ""Pearl Duffel"", and a box of ice cream. The shelf appears to be old and weathered, with peeling paint and rust visible on the surface. The background is dark, and the overall mood of the image is rustic and vintage."
09d4c922817b4b5cb00ea8831b3f36cf,Port Lockroy 24th April 2020 JNH (18) (Large).jpg,"The image shows a shelf filled with various items. On the left side of the shelf, there are several wooden crates stacked on top of each other. The crates are of different sizes and colors, including red, green, blue, and white. On top of the crates, there is a white box with the words ""Tate & Lyle Limited"" written on it. The background is dark, and the shelf appears to be made of wood. The items on the shelf are arranged in a neat and orderly manner."
eea67b611f824e82bdc8e52f498a10f1,Port Lockroy 24th April 2020 JNH (19) (Large).jpg,"The image shows a collection of tins of various sizes and colors. There are 12 tins in total, arranged in a pile on a wooden surface. The tins are of different sizes and shapes, with some being green, some being orange, and some being blue. Some of the tins have labels on them, including ""Marmite"", ""Oval"", and ""Candy"". There is also a cardboard box with the same label on it. The background appears to be a dark room with a corrugated metal wall."
62b88133cd2647e59213f3238f35b76e,Port Lockroy 24th April 2020 JNH (2) (Large).jpg,"The image shows a snowy landscape with a large body of water in the background. The water is calm and there is a red ship visible in the distance. On the left side of the image, there are large rocks and boulders covered in snow. In the foreground, there is an old, rusted metal structure, which appears to be a part of a larger structure. The structure is lying on the ground, with its arms and legs stretched out. The sky is cloudy and the overall mood of the scene is cold and desolate."
24109e2aa1294d86bdcfbd71e463b00d,Port Lockroy 24th April 2020 JNH (20) (Large).jpg,"The image shows an open notebook on a table in a room with a tiled wall in the background. The notebook appears to be old and worn, with some of the pages torn off. On the table, there are several jars and bottles of different sizes and colors, including red, yellow, and blue. The jars are stacked on top of each other, and some are spilling out onto the floor. There is also a small piece of bread on the table next to the notebook. The overall mood of the image is one of neglect and abandonment."
c75b3142e8c7402ca175ae51766d9219,Port Lockroy 24th April 2020 JNH (21) (Large).jpg,"The image shows a wooden shelf filled with various types of jars and containers. The jars are of different sizes and shapes, with some being small and others being larger. There are several bottles of different colors and sizes, including black, red, yellow, and white. Some of the jars have labels on them, while others are empty. The shelf appears to be old and weathered, with peeling paint and rust visible on the surface. The background is a wooden wall, and the overall mood of the image is rustic and vintage."
b506c7d0d59043399268f93ff1b06ba5,Port Lockroy 24th April 2020 JNH (22) (Large).jpg,"The image shows a wooden desk with various electronic equipment on it. On the left side of the desk, there is a blue control panel with various buttons and knobs, and on the right side, there are two black control panels with knobs and switches. Above the control panel, a large clock hangs on the wall. The desk is cluttered with papers, books, and other miscellaneous items. The room appears to be old and dilapidated, with peeling paint and peeling walls."
9dc363e511da4f7bbf43c20b53e77811,Port Lockroy 24th April 2020 JNH (23) (Large).jpg,"The image shows a wooden shelf in a room with two windows on the right side. On the left side of the shelf, there are several old-fashioned electrical equipment, including a power supply unit, a control panel, and a stack of papers. The shelf appears to be old and weathered, with peeling paint and rust visible on the wood. The room is dimly lit, with only a few pieces of wood scattered on the floor. The overall atmosphere of the room is cluttered and disorganized."
bf47e0b0fb6c4e3588ea61dc1e8803b8,Port Lockroy 24th April 2020 JNH (24) (Large).jpg,"The image shows a small room with two bunk beds on the left side and a desk on the right side. The bunk beds are made of wood and have white linens and pillows on them. There is a window with red curtains in the background. The room appears to be old and dilapidated, with peeling paint and peeling walls. On the desk, there are various items such as clothes, shoes, and other miscellaneous items. There are also a few framed pictures and posters hanging on the walls. The floor is covered with a red carpet."
205d65e906924e6fa9c4e7fc283c6cb5,Port Lockroy 24th April 2020 JNH (25) (Large).jpg,"The image shows a room with a green wall and a red carpeted floor. On the left side of the room, there is a green shelf with various items on it. On top of the shelf, there are several jackets hanging on a hanger. Next to the shelf is a table with a bicycle and a chair. In front of the table is a white washing machine with a red bucket on top. On one of the washing machines is a poster of a woman with blonde hair. The room appears to be old and dilapidated, with peeling paint and peeling walls."
322fedeada3f4776a6371852946cbd55,Port Lockroy 24th April 2020 JNH (26) (Large).jpg,"The image shows a small room with two single beds. The beds are made up with white linens and pillows, and there is a small table between them. On the left side of the room, there is an old-fashioned bunk bed with a green headboard and a red curtain hanging above it. The walls are painted in a dark green color, and the floor is covered with a red carpet. The room appears to be dimly lit, with the red curtain casting a soft glow on the beds."
b757e68e5cbc499594a29f2011cb3a0b,Port Lockroy 24th April 2020 JNH (27) (Large).jpg,"The image shows a room with a blue wall and a red curtain on the right side. On the left side of the image, there is a display case with various items on it. The items on the display case appear to be old and worn, with some of them lying on the floor and others scattered around. There are two framed pictures hanging on the wall above the case, one of which is a photograph of a woman's face and the other of a man's face. The room appears to be dimly lit, with a red light shining on the items."
e8a4c080efc8422a8147bbf433bd554c,Port Lockroy 24th April 2020 JNH (28) (Large).jpg,"The image is of a wooden cabinet with a painting on it. The cabinet is painted in a light green color and has a red and white checkered cloth on top. The painting is of an old woman with curly hair, wearing a blue dress and holding a white towel in her hand. She has a big smile on her face and is looking directly at the viewer. The background of the painting is a light blue color, and the woman is outlined in black. The overall style of the artwork is vintage and whimsical."
2c01621f943e4ffc9cd3878872b28ef0,Port Lockroy 24th April 2020 JNH (29) (Large).jpg,"The image shows a room with a green wall and a bed. On the bed, there is a large mural of a woman lying on her back with her arms stretched out to the sides. She is wearing a pink tank top and blue shorts, and her hair is tied up in a bun. The mural is painted in a watercolor style, with shades of pink, blue, and green. There are also a few items scattered on the bedside table, including a pair of beige pants, a brown hat, and a book. The room appears to be old and dilapidated, with peeling paint and peeling walls."
48c8e65a85c041f48db9a9260f8f7fd1,Port Lockroy 24th April 2020 JNH (3) (Large).jpg,"The image shows a group of penguins on a rocky shore covered in snow. The rocks are large and jagged, and the ground is covered in a thick layer of snow. In the center of the image, there is a large rock formation with several penguins standing on it. The penguins are black and white in color and appear to be walking on the rocks. The sky is overcast and the overall scene is cold and desolate."
e62bf61e69224413997efe395a3f8ca3,Port Lockroy 24th April 2020 JNH (30) (Large).jpg,"The image shows a green table with various items scattered on it. On the left side of the table, there is a stack of orange books with the title ""The Ladies' Road"" by Pamela Hinton written on the cover. Next to the books, there are two small white cards with a black and white photograph of a person's face on them. The cards appear to be old and worn, with some of the edges frayed and discolored. The table is covered with a blue and white striped towel."
38eebcb1b63349dd93b7976f7587d1f7,Port Lockroy 24th April 2020 JNH (31) (Large).jpg,"The image shows a display case in a room with blue walls. On the left side of the display case, there is a large metal pot with a handle and a spout. Next to the pot, there are several other items on the table, including a pair of scissors, a knife, and a piece of metal. The items appear to be old and weathered, with some of them having a rough texture. Above the table is a poster with black and white images and text that reads ""Early History"". The poster is hanging on the wall above the table."
bc7bdf1f70704816ab5e4adcd8e8351e,Port Lockroy 24th April 2020 JNH (32) (Large).jpg,"The image is a photograph of a poster on a wall in a museum. The poster is titled ""Britain's Antarctic Heritage"" and has a red background with white text. The title of the poster is written in large, bold letters at the top. Below the title, there is a list of information about the British Antarctic Heritage, including the history of the Antarctic continent, the location of the expedition, and the locations of the glaciers. The poster also includes several smaller images of the Arctic landscape, including a mountain range, a glacier, and a snow-covered mountain peak. The images are arranged in a grid-like pattern, with each image showing a different location and location. The text on the poster provides further information about each location, such as the names of the countries and their locations. At the bottom of the image, there are two smaller images, one"
efa7d2c553b643978ebfbdb1d04e4b06,Port Lockroy 24th April 2020 JNH (33) (Large).jpg,"The image is a black and white photograph of a group of people posing for a group photo in front of a sign that reads ""Port Lockroy 1944-1962"". The sign is located in Antarctica, as indicated by the logo on the top left corner of the sign. The people in the photo are of different ages and ethnicities, and they are all smiling and looking at the camera. The sign is rectangular in shape and has a red border. The background of the image is white, and the text is written in black. Below the text, there are six smaller images arranged in a grid-like pattern. The first image on the left shows a group standing on a bridge, the second image shows a man on skis, the third image shows two people on a boat, and and the fourth image shows an aerial view of a body of water. The fifth image"
881eb4ef30ea4e91865e9ee079f8d3e8,Port Lockroy 24th April 2020 JNH (34) (Large).jpg,"The image is a black and white photograph of a sign that reads ""Port Lockroy 1944-1962"". The sign is located in Antarctica Heritage, as indicated by the logo on the top left corner of the sign. The sign has a red border and white text. The photograph is divided into nine sections, each showing a different scene from the early 20th century. The first section shows a man working in a workshop, the second section shows two men working on a machine, and the third section shows three men working in the same workshop. The fourth section shows an elderly man working on the machine, the fifth section shows another man working with a dog, the sixth section shows people working on various tools and equipment, the seventh section shows animals working on machinery, the eighth section shows construction workers working on buildings, the ninth section shows buildings and structures, and and the tenth section"
1f4dd4388778447fa6f3ac2d843e1516,Port Lockroy 24th April 2020 JNH (36) (Large).jpg,"The image shows a large metal cabinet with multiple compartments. The cabinet appears to be made of metal and has a metallic finish. Inside the cabinet, there are several electronic components, including resistors, capacitors, transistors, and other electrical components. The components are arranged in a grid-like pattern, with some overlapping each other. There are also several wires and cables visible in the cabinet. The background is dark, suggesting that the cabinet is in a workshop or industrial setting."
94890ba5ca9d41d3b0c353d0fe4b31cf,Port Lockroy 24th April 2020 JNH (37) (Large).jpg,"The image shows an old-fashioned radio control panel. The panel is made of metal and has a rectangular shape with a flat top. On the left side of the panel, there is a white plate with a black handle. Below the plate, there are several buttons and knobs for adjusting the radio's settings. On the top right corner of the image, there appears to be a large dial with a red needle indicating the time. The dial is surrounded by a black frame with a white border. Below that, it seems like the panel is mounted on a metal stand. The panel also has a label on the front with the words ""Radio Control Panel"" written in black letters. The label also has some information about the radio, such as its size, power rating, and other specifications. There are also several wires and cables visible in the panel."
dde38f0ae5c949fe995c64d63b3437a1,Port Lockroy 24th April 2020 JNH (39) (Large).jpg,"The image shows a desk with various items on it. On the left side of the desk, there is a large telescope with a long, cylindrical body and a pointed end. The telescope is resting on top of a piece of paper with the words ""Daily Register"" written on it, which appears to be a daily register. Next to the telescope, there are several bullet casings scattered on the desk. The background is a white tiled wall."
b0eb77e43cdb4ccc96dd9c136f47e1b8,Port Lockroy 24th April 2020 JNH (4) (Large).jpg,The image shows a row of black houses with red roofs and white windows. The houses are located on a rocky shore covered in snow and ice. The sky is overcast and the ground is covered in a thick layer of snow. There are a few rocks scattered around the houses and a wooden staircase leading up to the entrance. A sailboat can be seen in the background. The overall mood of the image is cold and desolate.
b2115b82ec784180889a256fe0e655db,Port Lockroy 24th April 2020 JNH (40) (Large).jpg,"The image shows a green wooden shelf with three shelves. On the top shelf, there are various items such as a black box, a white vase, and a small metal object. The items are arranged neatly on the shelf, with some of them overlapping each other. The shelf appears to be old and weathered, with peeling paint and rust visible on the surface. On the bottom shelf, on the right side, there is a small plaque with information about the items. The plaque has a white background with black text. The overall appearance of the shelf is rustic and vintage."
80b5fdcfd2c044a2a12c91485107c6e1,Port Lockroy 24th April 2020 JNH (41) (Large).jpg,"The image shows a green wooden shelf with various items on it. On the left side of the shelf, there is a small clock with a white face and black numbers. Next to the clock, there are several glass jars and containers of different sizes and colors. The shelf is attached to the wall and has a small shelf on the right side. In front of the countertop, on the bottom right corner, there appears to be a black toaster. The countertop is covered with a brown tablecloth and there are some papers and a framed picture hanging on the wall. The overall appearance of the image is rustic and vintage."
b55e292179bf4ff0ad3b1cc9021ca729,Port Lockroy 24th April 2020 JNH (42) (Large).jpg,"The image shows a wooden cabinet with a drawer on top. The cabinet is made of light-colored wood and has two shelves. On the top shelf, there are several stacks of papers or documents neatly arranged. The papers appear to be old and worn, with some of them having a red label on them. The bottom shelf is empty, with a stack of beige-colored papers on the bottom shelf. The background is a blue wall and a red carpeted floor."
f4736b6aa30e4b4e81c6137186d4596e,Port Lockroy 24th April 2020 JNH (43) (Large).jpg,"The image shows an old, rusted metal fire hydrant with a dome-shaped lid on top. The hydrant is sitting on a concrete base and appears to be old and weathered. The lid has a handle on top and a spout on the side. There is a small opening on the front of the hydrant, which is likely used to open and close the fire. On the right side of the image, there is a red bucket and a bucket of sand, suggesting that the fire is being prepared for use. In the background, there are other tools and equipment scattered on the floor."
3a5acbaeb0264619a6cffa1bce0b2d37,Port Lockroy 24th April 2020 JNH (44) (Large).jpg,"The image shows an old, dilapidated room with green walls and shelves. On the left side of the image, there is a desk with a computer monitor, keyboard, and papers on it. Above the desk, there are two bulletin boards with papers pinned to them. The bulletin boards have a calendar hanging on them, and there are cardboard boxes on the shelves on the right side. The floor is covered in dirt and grime, and the overall atmosphere of the room is cluttered and disorganized."
3d18012b723142568224118ef2e0625b,Port Lockroy 24th April 2020 JNH (47) (Large).jpg,"The image shows a wooden workbench with various tools and equipment scattered on it. The workbench appears to be in a workshop or garage, as there is a wooden box on the right side of the image with a handle on top. On the left side, there are two wooden planks, one with a green handle and the other with a brown handle. There is also a small piece of wood on the workbench. The tools are of different sizes and shapes, and some are lying on the floor. The background is a white wall, and the overall appearance is cluttered and disorganized."
56f3fa183ede44e9a4228ef7955207cf,Port Lockroy 24th April 2020 JNH (48) (Large).jpg,"The image shows a blue wooden crate with six rolls of Bronco toilet paper on it. The rolls are arranged in a row and are of different sizes and shapes. Each roll has a white label with the brand name ""Bronco"" written in blue and gold lettering. The labels also have the words ""500 sheets"" written on them. The crate appears to be old and weathered, with peeling paint and rust visible on the surface."
808f0c59ee3347f0a24874879a790356,Port Lockroy 24th April 2020 JNH (49) (Large).jpg,"The image shows two framed photographs hanging on a blue wall. The photographs are black and white and appear to be old and worn. The first photograph on the left is of a young woman with blonde hair, wearing a long dress and holding a bouquet of flowers. She is standing in front of a window with a red curtain. The second photograph in the middle is of the same woman, but she is wearing a white dress with a veil covering her head. She has a serious expression on her face and is looking off to the side. Both photographs are framed in a wooden frame with a white border."
85690c9cf2214b019b2f23afa12b9bec,Port Lockroy 24th April 2020 JNH (5) (Large).jpg,"The image shows an old, rusted horse saddle hanging on a blue wall in a room with two windows on the right side. The saddle is made of leather and has multiple straps and buckles attached to it. There are also several other horse saddles hanging on the wall next to the saddle. On the left side of the image, there is a small plaque with information about the saddle and its contents. The wall appears to be old and weathered, with peeling paint and rust visible on the surface."
405a793161e8459187b39ca81e765a6a,Port Lockroy 24th April 2020 JNH (51) (Large).jpg,"The image shows a small wooden toilet seat in a corner of a room with blue walls. The toilet seat is made of light-colored wood and has a circular hole in the center. On the right side of the toilet seat, there is a roll of toilet paper. The walls are painted in a combination of blue and purple, creating a contrast with the wooden seat. The overall appearance of the room is rustic and abandoned."
beedd7812af9411eb791942690720fa6,Port Lockroy 24th April 2020 JNH (52) (Large).jpg,"The image shows a small black building with a curved roof and a white door. The building is located on a rocky shore covered in snow. The sky is cloudy and there are mountains in the background. On top of the building, there is a weather vane with a bird perched on it. There are also some poles and wires visible in the image. The overall mood of the image is cold and desolate."
678f1a8cbe544efca4c8e2319b592008,Port Lockroy 24th April 2020 JNH (53) (Large).jpg,"The image shows a close-up of a black metal door with a red window on the top. The door appears to be old and weathered, with peeling paint and rust visible on the surface. The window is rectangular in shape and has a white frame with a black border. The bottom of the door is covered in snow, and there is a small amount of snow on the ground next to it. The background is blurred, but it seems to be a snowy landscape."
afa0c05ed49a41b3a8834957eada108d,Port Lockroy 24th April 2020 JNH (54) (Large).jpg,"The image shows a close-up of a concrete wall with peeling paint. The wall appears to be old and weathered, with patches of green moss and lichen growing on it. The paint is chipped and peeling off in some areas, revealing the wood underneath. There is a small amount of snow on the ground below the wall, and a few rocks scattered around. The overall mood of the image is cold and wintery."
9d21448f3aef4f48b07e1897453c07fc,Port Lockroy 24th April 2020 JNH (55) (Large).jpg,"The image shows a black building with a sloping roof covered in snow. The building has a red window on the right side and two chimneys on the left side. In the background, there is a large glacier with snow-covered mountains in the distance. The sky is overcast and the ground is covered in a thick layer of snow. There are also several barrels scattered around the building. The overall mood of the image is cold and desolate."
6d35ad96d5ae4f21b56973f9320d772d,Port Lockroy 24th April 2020 JNH (56) (Large).jpg,"The image shows a view of a large glacier from the roof of a building. The glacier is covered in snow and ice, and the sky is overcast. In the foreground, there are several metal barrels stacked on top of each other. On the right side of the image, there is a small black shed with a red window. The shed appears to be made of corrugated metal and has a sloping roof. There are two chimneys on the roof, and a few people can be seen standing on the edge of the shed. The overall scene is cold and desolate."
ddc897edaea443898138a661785a1536,Port Lockroy 24th April 2020 JNH (6) (Large).jpg,"The image shows a collection of old skis hanging on a blue wall. There are six skis of different sizes and colors hanging on the wall, including black, white, and brown. The skis are arranged in a horizontal line, with the black skis on the left side, the white skis in the middle, and the brown skis at the bottom. On the right side of the image, there is a wooden shovel with a wooden handle. The wall behind the skis is painted a light blue color, and there are two windows on the top right corner."
991cd5dbc6ee422b863c2136f1ddd5fd,Port Lockroy 24th April 2020 JNH (7) (Large).jpg,"The image shows a collection of old wooden sleds hanging on a white wall. There are three sleds of different sizes and shapes hanging on the wall next to each other. The sleds are made of wood and appear to be old and weathered, with some of the wood having a rough texture and some having a worn and aged appearance. On the right side of the image, there is a framed poster with information about the sleds. The wall is painted in a light blue color and there are a few other items visible in the background."
cb19e8cbd229498487543673fad443d3,Port Lockroy 24th April 2020 JNH (8) (Large).jpg,"The image shows an old, dilapidated bathroom with blue and white striped walls. On the left side of the image, there is a wooden shelf with various items on it, including a white sink with a rusted rim and a white bowl on top. Next to the sink, there are two white vases with handles. The floor is made of wooden planks and the walls are painted in a light blue color. There is a mirror above the sink and a metal faucet on the right side. The overall atmosphere of the bathroom appears to be abandoned and neglected."
af508c9cc07443d5bbc870f4afd5eeba,Port Lockroy 24th April 2020 JNH (9) (Large).jpg,"The image shows an old, rusted metal refrigerator in a kitchen. The refrigerator is leaning against a green wall and has a red handle on the left side. It appears to be old and weathered, with peeling paint and rust visible on its surface. On the right side of the image, there is a white stove with a black countertop and a red bucket on the floor. The kitchen has a window with white curtains, and there are various kitchen items scattered around the room. The floor is covered with a red carpet."
c7b0bc84d0e34425a9ed9512a885811e,A_1_h_16(1).jpg,"The image is a photograph of a collection condition survey from the Polar Museum in Port Lockroy 2016-17. The survey is titled ""Collections condition survey"" and has a list of items found in the collection. The items listed are: - A1/1/16/3 - One of thirteen bottles of three different sizes, two of which are made by Stephen and one made by Parker, and one of which is made by the same type of material. The list is written in black text on a white background and is divided into two columns. The first column lists the materials, the second column lists them, and the third column lists their names. The list also includes a brief description of each item, such as ""Materials"", ""Primary material"", and ""Materials"". At the top of the survey, there is a blue seal with the Polar"
13a723cdd6cd4bc281123b3d8de20fd5,A_1_h_16(10).JPG,"The image is a photograph of a collection condition survey from the Polar Museum of Scotland. The survey is titled ""Port Lockroy 2016-17 Found 11 Items"" and is dated A/1/h/16/3. On the left side of the image, there is a list of items that are found in the collection. The items are: - One of thirteen ink bottles of three different sizes, two made by Stephens and one made by Parker, dated not known. - Surveyed - Red Ink Bottle - W&N Ltd, England - Ionospheres room south-wall - Materials - Primary material (according to MODES) glass - Wood - Textile/threads - Leather/skin - Rubber - Stone - Plating - Food The image also shows two small glass jars with different"
189427807d90476bbe24f8ab05210a10,A_1_h_16(11).JPG,The image is a close-up of a small glass bottle with a red lid. The lid is round and has a small hole in the center. The bottle appears to be empty and is sitting on a white surface. The red color of the lid is vibrant and stands out against the white background.
65f6365dd64e402398b1249cc32e4948,A_1_h_16(12).JPG,"The image is a close-up of a small glass jar filled with a red substance. The substance appears to be a mixture of red and black colors, with some areas of the substance appearing to be crushed or crushed. The jar is transparent, allowing the viewer to see the contents inside. The background is blurred, making the jar the focal point of the image."
99d57bccca8c4c52b39bf1f666c1f6ce,A_1_h_16(13).JPG,"The image shows a close-up of a glass jar with a red liquid inside. The jar appears to be made of transparent glass and has a handle on top. The liquid inside the jar is a deep red color and is spilling out of the jar. There is a small amount of red powder or grime visible on the surface, which is likely a mixture of spices or other ingredients. A red spatula is sticking out from the top of the container, ready to be used to mix the contents. The background is blurred, so the focus is on the jar and its contents."
e47221720ee3451da44437a1cd04bc72,A_1_h_16(14).JPG,"The image is a close-up of a small, round object with a pinkish-red color. The object appears to be made of a shiny, metallic material and has a smooth, shiny surface. The top of the object has a small circular indentation in the center, which is likely the base of the lid. The lid is slightly open, revealing the contents inside. The background is blurred, making the object the focal point of the image."
4a6798f66f344ccd95d8f07cc1fd7410,A_1_h_16(2).jpg,"The image shows a small glass bottle with a red cork stopper. The bottle is filled with a dark red substance, which appears to be a mixture of red and black colors. Next to the bottle, there is a white card with the word ""CAMAH"" written in black text. The card has a grid-like pattern with six squares, each representing a different color. The background is plain white."
aeb3bfdae6b6487b8673707c22a1870b,A_1_h_16(3).jpg,"The image shows a small glass bottle with a red cork stopper. The bottle appears to be empty and is sitting on a white surface. The cork is round and has a small opening at the top. Inside the bottle, there is a small amount of red liquid, which is likely a mixture of spices or herbs. The liquid is spilling out of the bottle and onto the surface."
727336bb2bd74d7789d0a3e0f5dfefd7,A_1_h_16(4).jpg,"The image is a close-up of a small glass bottle with a red cap. The bottle appears to be empty and is lying on a white surface. The cap is round and has a small hole in the center. The red cap has a textured surface and is slightly worn, indicating that it has been used for a long time. The background is blurred, making the bottle the focal point of the image."
d1ef91fc3b1840bf8bc3ce2d1ef00d0e,A_1_h_16(5).JPG,"The image shows a green wooden shelf with three empty glass bottles on it. The shelf appears to be old and weathered, with peeling paint and rust visible on the surface. The bottles are of different sizes and shapes, with the largest one in the center and the two smaller ones on either side. The topmost bottle is empty, while the bottom two are empty. The background is a white wooden wall."
428f03f038954de2b1722f35f5eab66d,A_1_h_16(6).JPG,"The image is a photograph of a collection condition survey from the Polar Museum in Port Lockroy, 2016-17. The survey is titled ""Collections condition survey"" and is dated A/1/h/16/3. On the left side of the image, there is a list of items that the survey was conducted. The items include: - One of thirteen ink bottles of three different sizes, two made by Stephens and one made by Parker, date not known - Ionospheres room south wall - Materials - Primary material (according to MODES) glass - Bone/antler/ivory - Vegetable fibres - Metal - Glass - Plating - Ceramic - Food The image also shows a close-up of two glass jars with different colors and patterns. The jars appear to be"
aa45bbbdd70e4dcca5c30d6e19519237,A_1_h_16(7).JPG,"The image shows a collection of old glass bottles and jars on a wooden table. There are nine bottles in total, arranged in two rows and three columns. The bottles are of different sizes and shapes, with some being round and others being cylindrical. Some of the bottles have black caps, while others have orange caps. There is also a small yellow card with some text on it next to the bottles. The table appears to be in a workshop or garage, as there are other tools and equipment visible in the background."
4aad44f201c04a258ceb6699213accff,A_1_h_16(8).JPG,"The image shows a collection of old glass bottles and jars on a wooden table. There are nine bottles in total, arranged in two rows and three columns. The bottles are of different sizes and shapes, with some being round and others being cylindrical. Some of the bottles have black caps, while others have orange caps. The jars appear to be old and weathered, with visible cracks and chips in the glass. There is also a small piece of paper with some text on it next to the bottles. The table is covered with a green tablecloth, and there are other items scattered around the table."
84ce231b832945c293521d1111a56538,A_1_h_16(9).JPG,"The image is a photograph of a collection condition survey from the Polar Museum. The survey is titled ""Port Lockroy 2016-17"" and is dated A1/1/16/16. It is a list of items that are found in the museum. The survey is divided into three sections. The first section is titled ""#1/2/16"" and has a blue header with the museum's logo and contact information. The second section has a table with three small jars of different colors - red, yellow, and green. The third section has an image of a jar of red and green liquid, and the fourth section has two jars of green and yellow liquid. At the bottom of the survey, there is a section titled ""Condition"" which lists the condition of the condition. There is also a checkbox next to the table that says ""Conditions"
7b4edbfd51774410a87807a711e6038f,HY9A2343.jpg,"The image is a photograph of a collection condition survey from the Polar Museum in Port Lockroy 2016-17. The survey is titled ""Collections condition survey"" and has a list of items found in the collection. The items listed are: - A1/1/16/3 - One of thirteen bottles of three different sizes, two of which are made by Stephen and one made by Parker, and one of which is made by the same type of material. The list is written in black text on a white background and is divided into two columns. The first column lists the materials, the second column lists them, and the third column lists their names. The list also includes a brief description of each item, such as ""Materials"", ""Primary material"", and ""Materials"". At the top of the survey, there is a blue seal with the Polar"
2cc36dd2d9b44c29b8f1b2507b265ea8,HY9A2344.jpg,"The image shows a small glass bottle with a red cork stopper. The bottle is filled with a dark red substance, which appears to be a mixture of red and black colors. Next to the bottle, there is a white card with the word ""CAMAH"" written in black text. The card has a grid-like pattern with six squares, each representing a different color. The background is plain white."
9e365b5561094c538514aa4313b28142,HY9A2345.jpg,"The image shows a small glass bottle with a red cork stopper. The bottle appears to be empty and is sitting on a white surface. The cork is round and has a small opening at the top. Inside the bottle, there is a small amount of red liquid, which is likely a mixture of spices or herbs. The liquid is spilling out of the bottle and onto the surface."
5d864d478bcd42feaaa7437a3b98db8e,HY9A2346.jpg,"The image is a close-up of a small glass bottle with a red cap. The bottle appears to be empty and is lying on a white surface. The cap is round and has a small hole in the center. The red cap has a textured surface and is slightly worn, indicating that it has been used for a long time. The background is blurred, making the bottle the focal point of the image."
63c65070acba4abfbdd67cbc180f54ec,P1010138.JPG,"The image shows a green wooden shelf with three empty glass bottles on it. The shelf appears to be old and weathered, with peeling paint and rust visible on the surface. The bottles are of different sizes and shapes, with the largest one in the center and the two smaller ones on either side. The topmost bottle is empty, while the bottom two are empty. The background is a white wooden wall."
42e30a08440c4804961d01acbdeb858f,P1010139.JPG,"The image is a photograph of a collection condition survey from the Polar Museum in Port Lockroy, 2016-17. The survey is titled ""Collections condition survey"" and is dated A/1/h/16/3. On the left side of the image, there is a list of items that the survey was conducted. The items include: - One of thirteen ink bottles of three different sizes, two made by Stephens and one made by Parker, date not known - Ionospheres room south wall - Materials - Primary material (according to MODES) glass - Bone/antler/ivory - Vegetable fibres - Metal - Glass - Plating - Ceramic - Food The image also shows a close-up of two glass jars with different colors and patterns. The jars appear to be"
f9f26b012f7742918e312a2aed2c3bb3,P1010140.JPG,"The image shows a collection of old glass bottles and jars on a wooden table. There are nine bottles in total, arranged in two rows and three columns. The bottles are of different sizes and shapes, with some being round and others being cylindrical. Some of the bottles have black caps, while others have orange caps. There is also a small yellow card with some text on it next to the bottles. The table appears to be in a workshop or garage, as there are other tools and equipment visible in the background."
1c95a15212c94900a78166e9e0439c54,P1010141.JPG,"The image shows a collection of old glass bottles and jars on a wooden table. There are nine bottles in total, arranged in two rows and three columns. The bottles are of different sizes and shapes, with some being round and others being cylindrical. Some of the bottles have black caps, while others have orange caps. The jars appear to be old and weathered, with visible cracks and chips in the glass. There is also a small piece of paper with some text on it next to the bottles. The table is covered with a green tablecloth, and there are other items scattered around the table."
149ff7e2c94b4ed9bcdb87bf4c8f7be5,P1010143.JPG,"The image is a photograph of a collection condition survey from the Polar Museum. The survey is titled ""Port Lockroy 2016-17"" and is dated A1/1/16/16. It is a list of items that are found in the museum. The survey is divided into three sections. The first section is titled ""#1/2/16"" and has a blue header with the museum's logo and contact information. The second section has a table with three small jars of different colors - red, yellow, and green. The third section has an image of a jar of red and green liquid, and the fourth section has two jars of green and yellow liquid. At the bottom of the survey, there is a section titled ""Condition"" which lists the condition of the condition. There is also a checkbox next to the table that says ""Conditions"
f239dae325ea40878af383cbcab6c7f8,PC130169.JPG,"The image is a photograph of a collection condition survey from the Polar Museum of Scotland. The survey is titled ""Port Lockroy 2016-17 Found 11 Items"" and is dated A/1/h/16/3. On the left side of the image, there is a list of items that are found in the collection. The items are: - One of thirteen ink bottles of three different sizes, two made by Stephens and one made by Parker, dated not known. - Surveyed - Red Ink Bottle - W&N Ltd, England - Ionospheres room south-wall - Materials - Primary material (according to MODES) glass - Wood - Textile/threads - Leather/skin - Rubber - Stone - Plating - Food The image also shows two small glass jars with different"
dd508f4b9715421baea60e8634f4165c,PC130170.JPG,The image is a close-up of a small glass bottle with a red lid. The lid is round and has a small hole in the center. The bottle appears to be empty and is sitting on a white surface. The red color of the lid is vibrant and stands out against the white background.
dfbc7890c436428280d5c4754ba341c1,PC130171.JPG,"The image is a close-up of a small glass jar filled with a red substance. The substance appears to be a mixture of red and black colors, with some areas of the substance appearing to be crushed or crushed. The jar is transparent, allowing the viewer to see the contents inside. The background is blurred, making the jar the focal point of the image."
382f3241aa4f47ac81ee343caed08840,PC130172.JPG,"The image shows a close-up of a glass jar with a red liquid inside. The jar appears to be made of transparent glass and has a handle on top. The liquid inside the jar is a deep red color and is spilling out of the jar. There is a small amount of red powder or grime visible on the surface, which is likely a mixture of spices or other ingredients. A red spatula is sticking out from the top of the container, ready to be used to mix the contents. The background is blurred, so the focus is on the jar and its contents."
5d6e7a72ca3a43dabdb197f9a2e7ea48,PC130173.JPG,"The image is a close-up of a small, round object with a pinkish-red color. The object appears to be made of a shiny, metallic material and has a smooth, shiny surface. The top of the object has a small circular indentation in the center, which is likely the base of the lid. The lid is slightly open, revealing the contents inside. The background is blurred, making the object the focal point of the image."
86084f56ee8f4ae492565d5cf7d6fb7a,A1a60a.JPG,"The image shows an old, rusty knife with a sling attached to it. The knife appears to be made of metal and has a long, curved blade with a pointed tip. The handle of the knife is made of wood and is covered in rust and peeling paint, indicating that it has been used for a long time. The blade is attached to the handle with a metal ring, which is likely used to secure the knife in place. The sling is made from a green canvas material and is secured to the blade with two metal buckles. The background is a beige cardboard box."
ac89fb8c6389431e9c904866b556286b,A1a60b.JPG,"The image shows an old, rusted knife lying on a cardboard sheet. The knife has a long, pointed blade with a wooden handle and a metal sheath attached to it. The sheath is made of a green canvas material and has a strap attached to the top for carrying. The blade appears to be old and weathered, with some rust and discoloration visible on the surface. There is also a small knife sharpener lying next to the knife. The background is a concrete surface."
ef9337a70ce846d786fadcdb9fadc750,A1a60c.JPG,"The image shows an old, rusty knife lying on a cardboard box. The knife has a long, curved blade with a wooden handle and a metal sheath attached to it. The sheath is made of a beige-colored fabric and has a loop at the top for hanging. The blade appears to be old and weathered, with some rust and discoloration visible on the surface. There is a small metal hook on the handle, which is likely used to secure the knife in place. The box is sealed with a clear plastic wrap."
58d4e267566b42fda24081b5c6967eb1,A1a60d.JPG,"The image shows an old, rusted metal object with a chain attached to it. The object appears to be made of wood or metal and has a rectangular shape with a small hole in the center. The chain is made up of multiple links of different sizes and colors, with one link at the top and two at the bottom. The metal is rusted and weathered, with some areas of rust and discoloration visible. There are also two small green stones on the metal, which could be screws or bolts. The background is a beige-colored surface, possibly a table or countertop."
8ae240ea8a4e40f7a95ff200149acc5c,A1a61a.JPG,"The image shows a long, curved knife with a leather sheath. The sheath is made of brown leather and has a silver-colored metal handle with a red stripe running along the length of the blade. The blade appears to be made of metal and is attached to the sheath with a metal ring. The handle is curved and has two small metal rings on either end. The knife is resting on a beige cardboard surface."
68bac55734da4c359741d93f6b5b0b09,A1a61b.JPG,"The image shows a knife with a leather sheath. The knife has a long, sharp blade with a pointed tip and a handle with a red and black striped pattern. The handle is made of metal and has a textured grip for a secure hold. The sheath is brown in color and appears to be made of leather. It is lying on a beige cardboard surface."
19669de726d7483496d47a333e0cb520,A1a61c.JPG,"The image shows a close-up of a brown leather case with the words ""F.L. Johnson"" embossed on it. The case appears to be old and worn, with visible signs of wear and tear. The edges of the case are frayed and chipped, indicating that it has been used for a long time. The background is a plain beige surface."
cf4c5e65419b49e6b7dd1a3e35c1ffe8,A1a61d.JPG,"The image shows a close-up of a knife blade with the word ""Pioneer"" written on it in black letters. The blade appears to be old and rusted, with some areas of rust and discoloration visible on the surface. The handle of the knife is slightly curved and has a small indentation in the center. The background is a beige-colored surface, possibly a table or countertop."
291a88a0a5994352ac28e7ecf21723ae,A1h164a.JPG,"The image shows an old wooden box with a brass-colored telescope inside. The box appears to be made of wood and has a rectangular shape with a flat top. The telescope has a long, cylindrical body with a pointed end and a handle on one side. The handle is made of brass and is attached to the body of the telescope with two screws. There are two small holes on the top and bottom of the box, which are likely used to secure the telescope in place. The lid of the case is open, revealing the telescope inside which is resting on a concrete floor."
8207c89bbf764f57a2e0045eb9247b2a,A1h164b.JPG,"The image shows a close-up of a wooden box with a metal ruler inside. The ruler is made of metal and has the word ""Absolute"" written on it in German. The box appears to be old and weathered, with visible cracks and chips in the wood. There is a small metal latch on the top right corner of the box, which is likely used to secure the ruler in place. The background is blurred, but it seems to be a wooden surface."
64fc1fbf1b6840948863fee2a4215a53,A1h164c.JPG,"The image shows a close-up of a black cylindrical object with a brass-colored label on it. The label has text written in gold and appears to be a description of the object. The object is resting on a wooden surface, possibly a table or a shelf. The background is blurred, but it seems to be an old wooden box with a latch on the top left corner."
1c9bdc84bf3149c386f297071cd08531,A1h164d.JPG,"The image shows a long, cylindrical metal tube with a brass-colored handle resting on a wooden shelf. The tube appears to be made of glass and has a label on it with the brand name ""BOSCH"". The shelf is made of light-colored wood and is attached to the top of the shelf with screws. There is a small wooden block on the right side of the tube, which is likely used to hold the tube in place while it is being worked on. The background is a beige-colored wall."
f63b4c9e8821430180b986feb3c5ee3a,A1h165.JPG,"The image shows a set of various mechanical components laid out on a beige-colored surface. There are four items in total, including a pressure gauge, a wind vane, a thermometer, and a weather vane. The pressure gauge is in the center of the image, with a black dial and a white face. The thermometer is on the left side of the device, and the thermometer and thermometer are on the right side. There are also two metal rods, one with a curved handle and the other with a pointed tip, which are used to measure the direction of the wind. The rod is attached to a gray metal bracket, which is likely used to hold the thermometers in place while they are being used. The other two rods are also made of metal and have a curved shape. The items appear to be new and unused,"
94a534e0540a4a4b8a84ac4128cf250b,A1h165a.JPG,"The image shows a small, round, grey-colored object with a gold-colored knob on top. The object appears to be made of metal and has a cylindrical shape with a flat base. The knob is attached to the top of the object with two screws. On the base, there is a label that reads ""MARK 18"" in gold lettering. The background is a beige-colored surface, possibly a table or countertop."
ee8910a650cf4d9c9b27eaa80263f098,A1h165b.JPG,"The image shows a metal object, which appears to be a magnifying glass, lying on a beige carpeted floor. The object is made of metal and has two circular lenses on either side. The lenses are attached to a metal bracket with a small handle on one end. The bracket is attached to the top of the object with two screws. There is also a small piece of metal on the floor next to the object. In the background, there is a wooden shelf and a pair of shoes."
d292cc40b4134b45a6d869fe5805a330,A1h165c.JPG,"The image shows a close-up of a cylindrical object, which appears to be a motor or a gearbox. It is made of metal and has a grey color. The object has a rectangular shape with a flat top and a flat bottom. It has a small hole in the center, which is likely where the motor is attached to the top of the cylinder. There is also a small metal bracket on the right side of the image, which may be used to secure the object in place. The background is a beige carpeted floor."
9a54d451d6e94eafa23c6cf634c83861,A1h166.JPG,"The image shows a close-up of a knobs dial, which is a type of pressure gauge used to measure the pressure of a machine. The dial is circular in shape and has a black rim around the circumference. The center of the dial has a white face with black numbers and markings. The numbers range from 40 to 50, with the needle pointing to the left and the needle indicating the pressure level. Below the needle, there is a label that reads ""METREF 996 MARK II"" and ""ZERO SET"". The dial also has a small circular dial with the word ""KNOTS"" written on it. The background of the image is blurred, but it appears to be a workshop or industrial setting with various tools and equipment visible."
41757429df7b42999622c65a60fb271c,A1h167.JPG,"The image shows two black rectangular boxes with white text on them. The boxes appear to be old and worn, with some of the text written on them in a cursive font. The box on the left is slightly larger than the one on the right, and it has a label on it that reads ""M.O. Humidity Slide Rule Kit"". The box in the middle is slightly smaller and has a rectangular shape with rounded edges. It is lying on a beige-colored surface, and there is a ruler next to it. The ruler has a white body with black markings on it, and the ruler is silver in color."
15132c6aaa024b04aea110881230f08f,A1h167a.JPG,"The image shows a white plastic ruler with black markings on it. The ruler is rectangular in shape and has a metal clip on the top for easy carrying. The markings on the ruler are arranged in a grid-like pattern, with each ruler having a number of lines and markings. The numbers range from 0 to 9, and the markings are written in black ink. There is also a label on the bottom right corner of the ruler that reads ""Mo. Humidity Slide Rule, MK. 5"". The ruler appears to be new and unused, with no visible signs of wear or damage."
db4e93713afe4aac84149c0b0073d9a0,DSC03189.JPG,"The image shows an open wooden box with a black handle and a gold-colored metal rod inside. The box appears to be old and worn, with peeling paint and rust visible on the surface. The handle is curved and has a small knob on the top for adjusting the angle of the rod. The rod is resting on a concrete floor, and there are several cardboard boxes in the background."
eceb12b52c954e37ac759ae3500ed9e2,DSC03193.JPG,"The image shows a collection of various items laid out on a cardboard box. There are three items in total, including a gray metal rod with a cylindrical motor attached to it, a black and white thermometer, and a gray light fixture. The rod appears to be made of metal and has a handle on one end. The thermometer is mounted on a metal plate with a small knob on the other end. There is also a small metal bracket on the left side of the rod, which is likely used to hold the thermometer in place while it is being used to measure the temperature. On the right side, there are two metal rods, one with the letters ""N"" and the other with the word ""WE"" written on them. The items are arranged neatly on the cardboard box, and there are a few other items scattered around them."
aecdd1b983e3488cbf33cebea1d0e98d,DSC03194.JPG,"The image shows a collection of various items laid out on a cardboard box. There are four items in total, including a gray-colored metal rod, a white-colored valve, a black-colored pressure gauge, and a gray metal bracket. The rod appears to be made of metal and has a handle on one end. The valve is cylindrical in shape and has two small holes on the other end, which may be used to control the flow of water or other liquids. The metal bracket is attached to the rod with two screws. There is also a small metal plate with a screw on the left side of the rod, which is likely used to secure the rod in place. The items are arranged in a way that suggests they are being used in a workshop or storage area."
a4bf7e2323714298832aa0cdf983068d,DSC03198.JPG,"The image shows a close-up of a metal object, which appears to be a part of a machine or equipment. The object is round and has a cylindrical shape with a flat base. On top of the base, there is a gold-colored metal plate with the text ""MARK 1B MET REF. 955"" and the numbers ""623/52"" engraved on it. The plate is attached to the base with screws. The background is blurred, but it seems to be an indoor space with a beige carpeted floor."
345cc00f9fba4c5ea58beafc1aa49aa4,DSC03199.JPG,"The image is a close-up of a metal plate with a triangular shape. The plate is made of brass and has the text ""MAK 1B MET REF 955 623152 R.W. Munro Ltd. London N.11"" engraved on it. The text is in black and is in a serif font. There are two screws on either side of the plate, which are used to secure it in place. The background is blurred, but it appears to be a white surface."
3a0bdc4383454b839a4ac86a737d02e5,DSC03200.JPG,"The image shows a close-up of a metal object, which appears to be a part of a larger machine or machinery. The object is grey in color and has a triangular shape with a label on it. The label reads ""MARK 1B MET REF 955 623/2"" and ""R.W. Munro LP. London N.11"". There are two screws on either side of the label, which are likely used to secure it in place. The background is blurred, but it seems to be an industrial setting with other machinery visible."
a867eba7b48d435bb4ef161f092f87f0,DSC03204.JPG,"The image shows two black rectangular boxes with white text on them. The boxes appear to be old and worn, with some of the text appearing to be faded and discolored. Next to the boxes, there is a white ruler lying on a white cloth-covered table. The ruler has a metal clip on one end and a metal ruler on the other end. The background is blurred, but it appears to be a kitchen countertop."
3e0d326e044749b18fc05233b2f267b5,DSC03205.JPG,"The image shows a metal ruler lying on a beige-colored fabric background. The ruler is rectangular in shape and has a white body with black markings on it. The markings are arranged in a grid-like pattern and appear to be made of metal. On the left side of the ruler, there is a small metal clip attached to it, which is likely used to hold the ruler in place while it is being used to measure the length of a piece of paper or fabric."
96623c378f6340b9a42e17b4bdebab20,DSC03206.JPG,"The image shows a metal ruler lying on a beige-colored surface. The ruler is rectangular in shape and has a white body with black markings on it. The markings are arranged in a grid-like pattern and appear to be made of metal. On the left side of the ruler, there is a small metal clip attached to it, which is likely used to secure the ruler in place. The clip is silver in color and has the words ""M.O. Humidity Slide Rule"" written on it in black letters. The background of the image is blurred, but it appears to be a textured surface."
aad0867285844bf8963d914ff4f55279,DSC03217.JPG,"The image shows a close-up of a brown leather object with a rough texture. The object appears to be old and worn, with visible signs of wear and tear. The edges of the object are frayed and chipped, with some areas of the leather appearing to be chipped and discolored. There is a small hole in the center of the image, possibly for a small piece of metal or a bolt. The word ""F.E. Johnson"" is written on the leather in white letters. The background is a plain beige color."
48a25a6b741e4b408dcdd9f43b835b6b,DSC03221.JPG,"The image shows a long-sleeved, beige-colored coat lying on a cardboard sheet on a concrete surface. The coat appears to be made of a soft, furry material and has a hood with a fur-like texture on the top. The hood is slightly open, revealing the back of the coat. The fabric is slightly wrinkled and has some areas of the fur appearing to be slightly frayed at the edges. The cardboard sheet is rectangular in shape and is placed on the ground."
95e5d11bca2d49cd8f5ba041c5e1a6a9,DSC03222.JPG,"The image shows a close-up of the back of a white fur coat. The coat appears to be made of a soft, fluffy material and has a fur-like texture. The fur is a light brown color and is slightly curled at the edges. The back of the coat is resting on a piece of cardboard, which is lying on the ground. The background is a concrete surface with small pebbles scattered around."
d85a03434d744493bdb932f93c028699,DSC03227.JPG,"The image shows a close-up of a black leather glove hanging on a white wall. The glove appears to be old and worn, with visible signs of wear and tear. The leather is rusted and discolored, with some areas of the glove appearing to be chipped and chipped. There are several straps and buckles on the glove, and a small pocket on the side. The straps are secured with metal buckles and the buckles are also worn and weathered. The background is a plain white wall, and the glove is hanging from a hook on the wall."
33ec276be664464db414740d4d703ffc,F2011-1a.JPG,"The image shows a long-sleeved, beige-colored coat lying on a cardboard sheet on a concrete surface. The coat appears to be made of a soft, plush material and has a hood with a fur-like texture on the top. The hood is slightly open, revealing the back of the coat. The fur is a light brown color and is slightly curled at the edges. The cardboard sheet is rectangular in shape and is placed on the ground."
61cf52f21fe34015b8ed30887736aa43,F2011-1b.JPG,"The image shows a small square-shaped piece of beige-colored fabric with a textured surface. The fabric appears to be made of a woven material, possibly cotton or linen, and has a slightly wrinkled texture. The text on the fabric is written in black ink and is in the shape of the number 3. The background is a light beige color, and there is a small amount of dirt or grime visible on the surface."
ead3133bed854912b46704dc944e0314,F2011-2a.JPG,"The image shows a pair of black leather boots on a cardboard box. The boots have a lace-up design with a round toe and a chunky sole. The upper part of the boots is made of leather and appears to be old and worn, with visible signs of wear and tear. The laces are brown and appear to be tied in a knot. The box is sitting on a concrete surface, and there is a gravel path visible in the background."
7b75ecdb7def4f3e8faa1da62667c4c5,F2011-2b.JPG,"The image shows a close-up of a pair of old, rusted shoes. The shoes appear to be made of leather and have a worn and weathered appearance. The sole of the shoes is covered in dirt and grime, and there are three metal clamps attached to it. The clamps are rectangular in shape and have text engraved on them. The background is blurred, but it appears to be a wooden surface."
6a0556b030844e5e986e6c14b0c5dbf1,F2011-2c.JPG,"The image shows a pair of old, rusted boots on a cardboard surface. The boots are black in color and appear to be made of leather. They have a lace-up design with green laces and a rubber sole. The upper part of the boots is covered in dirt and grime, indicating that they have been used for a long time. The sole of the boot is also covered in rust and discoloration, with small holes and grooves visible. The boot appears to be in good condition, with no visible signs of wear or damage."
6a410cf9ffff41299c6798bfa2c07cfe,(2).jpg,"The image shows a close-up of an old, rusted metal object. The object appears to be a part of a larger machine or machinery, with a circular shape and a hole in the center. The metal is weathered and has a rough texture, with some areas of rust and discoloration visible. The center of the object has a small circular hole with a small hole in it, which is likely where the metal is attached to the machine. The background is blurred, but it seems to be an industrial setting with other machinery and equipment visible."
6b12968624ab413cbdca5e1849f606b7,(3).jpg,"The image shows a roll of toilet paper with a blue and white label on it. The label has the number 13 on it and the words ""Guaranteed toilet paper"" written in bold letters. Below the number, there is a blue circle with the letter ""B"" in the center. The background is a light blue color. The roll appears to be made of plastic and is lying on a wooden surface."
326928728840465b8d3853fe14b426ca,A1a10a.jpg,"The image shows a window with a red and white checkered curtain. The curtain is open, and the light is shining through it, creating a soft glow. The background is dark, making the curtain stand out even more. On the right side of the image, there is a pile of clothes, suggesting that the room is dimly lit. The overall mood of the photo is cozy and inviting."
60f3037e6e8e426eb773f8b8050f1e4e,A1a10b.jpg,"The image shows a window with two red curtains hanging on either side. The curtains are made of a checkered fabric with a red and white pattern. The window is open, and the light from the window casts a warm glow on the curtains. The background is dark, making the curtains stand out even more. The overall mood of the image is peaceful and serene."
3a92f526b9d44eb5bc84e3fe9cf2f235,A1a12.jpg,"The image shows a kitchen window with red and white checkered curtains. The window is in the center of the image and is surrounded by green walls. On the right side of the window, there is a shelf with various kitchen utensils and dishes. In front of the shelf, there are several pots and pans, a rolling pin, and a white plate. The floor is made of wood and there are a few other kitchen items scattered around the room. The overall atmosphere of the room is rustic and cozy."
b02c5da17f5d4939a7d7442ffb603e68,A1b10a.jpg,"The image shows an old, rusted metal object on a wooden surface. The object appears to be a small, rectangular piece of metal with a hole in the center. It has a label on it that reads ""Model No. 1"" and ""D.C. VOLTS"". There are two screws on either side of the label, one on top of the other, and a small metal bracket on the right side. The metal has a rough, uneven texture and there is a small amount of rust visible on the surface."
6a99cc8931aa46b5a5425f38151a2cc3,A1b10b.jpg,"The image shows an old, rusted metal object on a wooden surface. The object appears to be made of metal and has a rectangular shape with rounded edges. It has two holes on the top and two on the sides, one on each side. The top of the object has a small hole in the center, which is likely for screws or bolts. There is also a label on the bottom right corner that reads ""MADE IN CHINA"". The object is rusted and has some rust and discoloration on its surface."
0fc8e5ece1dd4140852c21de4c37099d,A1b11y.jpg,"The image shows a long, cylindrical object with a metal cap on top. It appears to be made of glass or metal and has a greenish-white color. The cap is slightly worn and has some rust and peeling paint on it. The object is resting on a white fabric background."
8254b7ddf6c343628407426c22210b13,A1b11z.jpg,"The image shows a small, round, green-colored jar with a rusted lid. The jar appears to be made of ceramic or porcelain and has a rough, uneven surface. The lid is slightly open, revealing the contents inside. On the top of the jar, there is a white label with black text written in a cursive font. The background is a plain white fabric."
c67370214b6548b488385cbe70a29b40,A1b14a.jpg,"The image shows an old, rusted gearbox on a wooden table. The gearbox is made of metal and appears to be old and weathered, with peeling paint and rust covering its surface. It has two small holes on either side of the gearbox, which are likely used to secure it in place. There is a small label on the bottom right corner of the box with the brand name and model number printed on it. The box is rectangular in shape and has a handle on top for easy carrying."
e42d1b1d74c94d54bb5971df60996e4c,A1b14b.jpg,"The image shows an old, rusted gearbox on a wooden surface. The gearbox appears to be made of metal and has a rectangular shape with a flat top. The body of the gearbox is covered in rust and peeling paint, indicating that it has been exposed to the elements for some time. There are two gears on either side of the body, one on top of the other, which are likely used to power the motor. The metal is rusted and corroded, with some areas of rust and discoloration visible. The overall appearance is weathered and aged."
76b1622848bc4d569f6a003e1480717a,A1b19.jpg,"The image shows a close-up of a metal plate with a label on it. The label reads ""Manufactured by RDR Radio Development & Research Corp. New York, NY."" The plate is rectangular in shape and has a white background with black text. The text is written in a serif font and is centered on the plate. There are two screws on either side of the plate, one on the top left corner and the other on the bottom right corner. The plate appears to be old and weathered, with some rust and discoloration visible on the surface. The background is blurred, but it seems to be a part of a larger machine or equipment."
732217b1f530494f926f5e153e926ab0,A1b19a.jpg,"The image shows two coils of electrical equipment, which appear to be old and rusted. The coils are cylindrical in shape and have a metallic sheen. They are attached to a white metal frame with screws and bolts. The frame is resting on a wooden surface, and there is a small piece of paper with a picture of a woman on it next to the coils. The background is dark, suggesting that the image was taken in a workshop or garage."
9b1cdaedeb11482e8124a408796ce11c,A1b28a.jpg,"The image shows a close-up of a metal object, which appears to be a part of a machine or machinery. The object is rectangular in shape and has two holes on either side. The holes are labeled with numbers and letters, and there is a label on the bottom right corner that reads ""1/8/9/11/10"". The object has a rusted and weathered appearance, with visible signs of wear and tear. There are two screws on the top and bottom of the object, one on each side, which are used to secure it in place. The background is dark, and the object is resting on a wooden surface."
5932b03de40d43ea8160d14114790d7a,A1b28b.jpg,"The image shows a close-up of a metal object, which appears to be a part of a machine or machinery. The object is rectangular in shape and has two holes on either side. On the top of the object, there is a label with the date ""11/15/28/11"" written in black ink. Below the label, there are numbers and text written in a cursive font. The numbers appear to be old and worn, with some areas of the metal appearing to be chipped and discolored. The text on the label is not clearly visible, but it is unclear what it says. The background is dark and out of focus, making the object stand out."
4b57126e43b94d1eac901392c33ef2b1,A1b29.jpg,"The image shows two circular objects on a wooden surface. The objects appear to be old and rusted, with some areas of the surface appearing to be chipped and discolored. The edges of the objects are slightly frayed and there is a small amount of dirt and grime on them. The background is dark and out of focus, but it seems to be a workshop or garage."
185f7028f0c64a3fb5523e9c8f25cb93,A1b31a.jpg,"The image shows a rectangular metal box with multiple wires and components inside. The box appears to be made of metal and has a metallic sheen. The wires are of different colors and sizes, including blue, red, yellow, and black. There are also several capacitors, resistors, and transistors visible in the image. The components are arranged in a way that they are connected to each other, with some wires overlapping each other. The background is a brown surface, possibly a table or countertop."
cc4b724ad51d4e71a425764d59d68626,A1b31b.jpg,"The image shows a small electronic device with a rectangular metal plate on top. The device appears to be made of metal and has a black wire attached to it. The wire is coiled around the plate and is black in color. On the right side of the device, there is a small rectangular box with a small hole in the center. Inside the box, there are two small metal cylinders, one silver and one black, which are likely used to power the device. The box is resting on a brown surface with a textured surface."
5bf69d0ee8674a2f99f6611fc91687e4,A1b32.jpg,"The image shows an old, rectangular metal box with a green label on it. The box appears to be made of metal and has a grid-like pattern on the surface. Inside the box, there are several wires and connectors connected to it. On the right side of the image, there is a black wire that is coiled up and lying on the floor next to the box. The wires are of different sizes and colors, including red, blue, green, and yellow. The circuit board is rectangular in shape and is resting on a red carpeted floor."
e45803f6135e40b88a481d00fa313b29,A1b34.jpg,"The image shows a close-up of a metal object, which appears to be a part of a machine or machinery. It is made of metal and has a rectangular shape with six holes in the center. The holes are arranged in a grid-like pattern, with each hole having a small hole in the middle. On the left side of the object, there is a small metal bolt with a threaded end, which is likely used to secure it in place. The object is resting on a wooden surface, possibly a table or countertop."
88f02814c3b94574b3a40c4b5a3f060b,A1b34a.jpg,"The image shows a close-up of a black metal latch on a wooden surface. The latch appears to be old and weathered, with visible signs of wear and tear. It has two small holes on the right side, one on the left side, and two on the bottom. The metal has a rough texture, with some areas of rust and discoloration visible. There are two screws on either side of the latch, which are likely used to secure it in place."
8952d1825f7c45ec8c3b259ac0482421,A1b35.jpg,"The image shows an old, rusted wrench lying on a wooden surface. The wrench appears to be made of metal and has a long, curved handle with a small opening at the end. The body of the wrench is covered in rust and discoloration, indicating that it has been used for a long time. The handle is slightly curved and the opening is slightly larger than the rest of the handle. There is a small amount of dirt and grime on the surface, suggesting that the wrench has been exposed to the elements for some time."
35f25236570f4a269af2f614488e4be9,A1b36&37.jpg,"The image shows an old wooden box with a label on it. The box appears to be made of wood and has a handle on the top for easy carrying. Inside the box, there are six white electrical components, which are arranged in a neat and orderly manner. The components appear to be old and worn, with some of them having a rough texture. The label on the box has some text written on it, but it is not clear what it says. There are also some wires and cables visible in the background."
309435a1445c47678fcef465bdf32cc6,A1b41.jpg,"The image shows a small light bulb lying on a wooden surface. The bulb appears to be old and weathered, with some rust and discoloration visible on its surface. It has a small metal bracket attached to it, which is likely used to secure the bulb in place. The metal surface is rough and uneven, with visible cracks and chips. The background is dark, making the light bulb stand out."
7a5039499e0c477f947d0c30cf3229a4,A1b42a.jpg,"The image shows a small electronic component, which appears to be a capacitor or a motor. It is black in color and has a cylindrical shape with a small hole in the center. The top of the capacitor has the brand name ""MADE IN USA"" written on it in white letters. On the right side of the image, there is a small metal bracket with a rusted metal plate attached to it. The metal plate has a small amount of rust and discoloration on it, indicating that it has been exposed to the elements for some time. The component is resting on a wooden surface."
782fc614f3a74100b44f3324a8f0ac2d,A1b42b.jpg,"The image shows a close-up of a black cylindrical object with the word ""JAN"" written on it in white letters. The object appears to be made of metal and has a small hole in the center. The text on the object reads ""CRC-866A/86S VT-6A"". The object is resting on a wooden surface."
325cb917d04e408f9d72b39fbef521ae,A1b42c.jpg,"The image shows a close-up of a small, cylindrical object with a black exterior. The object appears to be made of metal and has a label on it that reads ""Made in USA"" and ""RCA"" in white lettering. Below the label, there is a small logo of the RCA brand, which is a white circle with a red ""R"" in the center. On the right side of the object, there are two small metal pins, one on each side, which are used to connect the object to a power source. The background is a wooden surface."
0ad3702e17744fb3bf9217cf70521d3d,A1b43.jpg,"The image shows a small, rectangular metal object with a grid-like pattern on its surface. The object appears to be made of metal and has a weathered, aged appearance. It is resting on a wooden surface, possibly a table or countertop. The grid pattern is made up of small squares and rectangles, and there are two small metal brackets on either side of the grid. The metal has a rough, uneven texture, and the edges of the object are slightly frayed. In the background, there is a green metal box and a red toolbox."
8b1bbd9a55444f8e9607b0487f1fa0a4,A1b44a.jpg,"The image shows a round, rusted metal object on a wooden surface. The object appears to be made of a dark, weathered material, possibly stone or concrete, with a rough, uneven surface. It has a small hole in the center, which is likely where the object is resting. On the right side of the object, there is a small piece of metal with a label on it that reads ""Alfred's"". On the left side, there are some dried leaves and twigs scattered around the object. The background is blurred, but it seems to be a wooden table or countertop."
b01507dd95fa493397cba73b68d71db6,A1b44b.jpg,"The image shows a close-up of an old, rusted metal object on a wooden surface. The object appears to be a round, cylindrical object with a small hole in the center. It is covered in rust and has a small amount of dirt and grime on its surface. On top of the object, there is a small piece of wire with a red and white striped cord attached to it. The wire is twisted and twisted, and there are a few small pieces of debris scattered around the object. The background is dark and out of focus, making the object stand out."
27fa5b1920f54afda7cdf8209e0ef1b9,A1b46.jpg,"The image shows a rusted metal box with the words ""FOR USE ON INDICATION"" written on it in white capital letters. The box appears to be old and weathered, with some rust and discoloration visible on the surface. In the background, there are several other metal objects, including a pair of scissors and a comb, scattered around the box. The overall appearance of the box is rustic and aged."
ef11c8c315d04e97a9a1ba91e9de9033,A1b48.jpg,"The image shows a rectangular metal object with two circular holes in the center. The object appears to be old and rusted, with visible signs of wear and tear. The edges of the object are slightly frayed and there is a small amount of dirt and grime on the surface. The background is a red textured surface."
1e6a1bd369c84ff79379afbd76768a4a,A1b5.jpg,"The image shows an old, rusted metal box with a rectangular shape. The box appears to be old and weathered, with peeling paint and rust visible on its surface. There are several screws and bolts on the top and bottom of the box, as well as a few wires and wires attached to it. On the left side, there is a small rectangular box with two small black boxes on either side. In the center, there are two small metal plates, one with a white label and the other with a black label. The plate is resting on a red textured surface."
6e9bde8ac6c649fc9367137f8d6c3f8c,A1b52.jpg,"The image shows an old, rusted metal object lying on a red surface. The object appears to be made of metal and has a rectangular shape with a small hole in the center. The metal is rusted and chipped, with some areas of the metal appearing to be peeling off in some areas. There is a small amount of rust visible on the surface, indicating that it has been exposed to the elements for some time. On the right side of the image, there is a metal plate with a screw and a bolt on it. The background is blurred, but it seems to be a workshop or garage."
4e0b337815c7414eb2aecd707d19e6a6,A1b53.jpg,"The image shows a pair of metal tongs standing on a wooden floor in front of a blue wall. The tongs are made of metal and have a round base with a handle on one end and a long handle on the other end. They appear to be old and weathered, with visible signs of wear and tear. The wall behind the tongs is painted a light blue color and has a wooden panel on the top."
7c6d64434179404bab6d882c306cfd60,A1b55.jpg,"The image shows a pair of black earphones lying on a red textured surface. The earphones are made of a beige-colored fabric and have a cord attached to them. The cord is coiled around the earphones and appears to be made of rubber or a similar material. There are two black buttons on either side of the cord, which are likely used to adjust the settings. The headphones appear to be old and worn, suggesting that they have been used for a long time."
882a202e05ed498f9a18ab57e9198f22,A1b59a.jpg,"The image shows an old, rusted metal object lying on a wooden surface. The object appears to be a small, rectangular box with a handle on one side and a latch on the other side. The body of the object is covered in rust and has a label on it that reads ""A1-1553"". The latch is attached to the top of the box with two wires, one on each side. There is also a small piece of paper with numbers on it next to the latch. The background is blurred, but it seems to be an indoor setting."
19e0cd52ddd34a1aae4603e78c7b4641,A1b59b.jpg,"The image shows an old, rusted metal box with a rope attached to it. The box appears to be old and weathered, with peeling paint and rust visible on the surface. The rope is coiled around the box and has a small black connector on one end. On the other end of the rope, there is a small metal screw with a threaded end. The background is a wooden table, and there are some other items scattered around the table."
b2cc2eec212c47caa1bfd4f0e1d9ecc3,A1b59c.jpg,"The image shows an old, rusted metal object on a wooden surface. The object appears to be a small, rectangular box with a handle on one side and a small knob on the other side. The body of the object is covered in rust and peeling paint, and there is a small amount of dirt and grime on the surface. On the right side of the image, there are two small metal objects, one with a black ball on top and the other with a yellow cord attached to it. The objects are arranged in a way that they are overlapping each other. The background is blurred, but it seems to be an indoor space with a wooden floor."
600cebd86c7b4d6c9bf3053ef3afc429,A1b61.jpg,"The image shows an open book with a list of items on it. The book appears to be old and worn, with peeling paint and rust visible on the pages. The list is written in black ink and is divided into two columns. On the left side of the page, there is a section titled ""Air Ministry Meteorological Office"" with a table below it. On the right side, there are two columns labeled ""Observation"" and ""A separate slip should be used each time"". The table has a few other items scattered around it, including a brown paper bag and a red box. The book is resting on a wooden table, and the pages are slightly crumpled and wrinkled. The background is blurred, but it seems to be a kitchen or dining area."
cfc01971550f46c4987881c268d5bd8b,A1b61a.jpg,"The image shows two pages of a document titled ""Air Ministry Meteorological Office Observation Slip"". The document appears to be old and worn, with peeling paint and rust visible on the edges. The pages are divided into two sections. On the left page, there is a list of questions and answers related to the observation slip. The questions are written in black text and are arranged in a grid-like format. The answers are: - The first page is titled ""Observation Slip"" and has a space for the user to fill in their name, address, and other relevant information. The second page has a table with columns for the date, time, and location of the observation, as well as a checkbox for the sender's name and address. The document is resting on a wooden surface, and there are a few pieces of paper scattered around"
58ad175eddc54d5f92f0246c37b1193b,A1b64.jpg,"The image is a photograph of a book titled ""S.O. Book 136. Code 28-73"". The cover of the book is white with black text. The title is written in large, bold letters at the top of the cover. Below the title, there is a circular logo with the letters ""G"" and ""R"" in the center. The logo is surrounded by a black border. The book appears to be old and worn, with some discoloration and scratches on the surface. The bottom of the page has the text ""Supplied for the Public Service"" written in black."
73fe59c32a344c1cbaa4a53c8b81c37c,A1b65.jpg,"The image is of a round wall clock hanging on a wooden wall. The clock has a black frame and a white face with black numbers and hands. The numbers are arranged in a circular pattern around the hour hand and minute hand. The hour hand is pointing to 12 o'clock and the minute hand is in the center of the clock face. There is a small amount of dirt and grime on the clock, indicating that it has been exposed to the elements for some time. The wall appears to be old and weathered, with some cracks and chips visible on the surface."
936591e4afb74ae9aada58f7c3333608,A1b67.jpg,"The image shows two old books lying on a wooden table. The books appear to be working instructions, as indicated by the text on the pages. The pages are yellowed and worn, indicating that they have been used for a long time. The title of the books is ""Wireless Sets No. 18"" and the subtitle reads ""Working Instructions"". There is also a pair of glasses resting on top of the pages, suggesting that the books are being used for reading or studying. The background is blurred, but it appears to be a desk or table with other books and papers scattered around."
de9ddc20b77948398f2a92069d656f2e,A1b69.jpg,"The image shows a blue-colored control panel with multiple knobs and buttons. The panel appears to be made of metal and has a rectangular shape with rounded edges. On the top of the panel, there is a digital display screen with a white background and black text. Below the display screen, there are two circular dials, one with a black dial and the other with a red dial. The dials are arranged in a grid-like pattern, with each dial having a different size and shape. There are also several buttons on the panel for adjusting the settings. The control panel is mounted on a wooden surface, and there are a few wires visible in the background."
0f85c149dbb14eaab5aecfc64e7e02d9,A1b69a.jpg,"The image shows a close-up of a blue-colored electronic device with a black rectangular label on it. The label reads ""RECEIVER TYPE B28 ADMY PATT W2385 D R/EMP 3006/58"". The label also has some text and numbers written on it, which appear to be the serial number and serial number of the device. On the left side of the label, there is a small LCD screen with a white background and black borders. The device appears to be a receiver type B28, as indicated by the text on the label."
055fcc88c41545a29877ac4803cb58d1,A1b70.jpg,"The image shows an old, rusted metal box with a handle on top. The box appears to be old and weathered, with peeling paint and rust visible on the surface. Inside the box, there are several dials and gauges, including a pressure gauge, a dial dial, and a dial indicator. There are also two switches and a power cord attached to the box. The background is a wooden surface, possibly a table or countertop."
5e1b1cabcc574b7fbff013e4db90379f,A1b70a.jpg,"The image shows an old, rusted metal box with two rectangular labels on it. The label on the left is rectangular in shape and has the word ""DANGER"" written in bold letters at the top. The right label is rectangular and has numbers and text written on it in black ink. The box appears to be old and weathered, with peeling paint and rust visible on the surface. The background is blurred, but it seems to be a wooden table or countertop."
baad081f648844a0ad6d6c5f6bb9b3c8,A1b71a.jpg,"The image shows an old black typewriter on a wooden desk. The typewriter has a vintage design with a curved body and a handle on the right side. On the left side of the typewriter, there is a piece of paper with the words ""Naval Message"" written on it. Above the paper, there are several knobs and buttons for adjusting the settings. In the background, there appears to be a blue control panel with various buttons and switches. The desk is cluttered with papers and other office supplies."
407928bcb5b048c18d7b5b0d7e4c965f,A1b71b.jpg,"The image shows an old-fashioned typewriter on a wooden desk. The typewriter is black in color and appears to be made of metal. It has a rectangular shape with rounded edges and a handle on the top for easy typing. The keys are arranged in a standard QWERTY layout with the letters facing towards the left side of the typewriter. On the right side, there is a small piece of paper with the words ""Naval Message"" written on it. In the background, there are a few books and a blue box. The desk is cluttered with papers and other office supplies."
c0c452a65c23467cac3b745cebccd70e,A1b71c.jpg,"The image shows an old-fashioned black typewriter on a wooden table. The typewriter has a curved body with a handle on the top and a keypad on the right side. The keys are arranged in a standard QWERTY layout with the letters ""A"", ""B"", ""C"", ""D"", ""E"", ""F"", ""G"", ""H"", ""J"", ""K"", ""L"", ""M"", and ""E"" visible. There is a piece of paper with some text on it next to the typewriter. The background is blurred, but it appears to be an old desk or table with a few other items scattered around."
3eb59d8711b94a94831f14658dfd939e,A1b71e.jpg,"The image is a close-up of an old-fashioned Remington Portable typewriter. The typewriter is black in color and has the brand name ""Remington Portable"" written on the body of the typewriter in white letters. The keys are arranged in a standard QWERTY layout with the letters ""WERTY"", ""U"", ""P"", and ""P"" visible. The body is covered in dust and dirt, indicating that it has been used for a long time. There is a small metal handle on the top of the body, which is used to open and close the keys. The handle is curved and appears to be made of metal. The background is blurred, but it seems to be a wooden desk or table."
c07e8179681f4eb984afabd33be8a6df,A1b71p.jpg,"The image is a close-up of an old-fashioned typewriter. The typewriter is black in color and appears to be in good condition. The body of the typewriter has a circular dial with white letters and numbers. On top of the dial, there is a metal spring-like mechanism that is used to open and close the keys. The mechanism is made up of small metal teeth that are arranged in a spiral pattern. The background of the image is blurred, but it seems to be a wooden surface."
b3fb5bce9f454437a7a6947e69626bf5,A1b71q.jpg,"The image is a close-up of an old-fashioned typewriter. The typewriter is black in color and appears to be made of metal. The body of the typewriter has a textured surface with ridges and grooves. The text on the body reads ""London Factory of the Remington Typewriter Company, Ltd."" The keys are arranged in a standard QWERTY layout with the numbers 1, 2, 3, 4, 5, 6, 7, 8, 9, 10, 11, 12, 13, 14, 15, 16, 17, 18, 19, 20, 21, 22, 23, 24, 25, 26, 27, 28, 29, 30, 31, 32, 33, 34, 35, 36, 37, 38, 39, 40, 41, 42, 43, 44, 45, 46, 47, 48,"
dc6f8602517d4b48a9fc86bdb2db7bc0,A1b71r.jpg,"The image is a close-up of a typewriter mechanism. The mechanism is made up of a series of teeth and grooves, which are arranged in a circular pattern. The teeth are silver in color and appear to be made of metal. The grooves are connected by a metal rod, which is likely used to operate the typewriter. The background of the image is black, and there is text on the mechanism that reads ""London Factory of the Remington Typewriter Company, Ltd."""
5785d4b640244d2fb5242075be621e6f,A1b71s.jpg,"The image shows an old-fashioned typewriter on a wooden surface. The typewriter is black in color and has the words ""Hamilton Portable"" written on the front in white letters. The keys are arranged in a standard QWERTY layout with the letters ""A"", ""B"", ""C"", ""D"", ""E"", ""F"", ""G"", ""H"", ""J"", ""K"", ""L"", ""M"", and ""E"" visible. The body of the typewriter appears to be made of metal and has a handle on the top for easy typing. There is a small lever on the right side of the body, which is likely used to operate the keys. The background is blurred, but it seems to be a wooden table or desk."
a4d17ac167d24a95ad09636376881441,A1b71t.jpg,"The image is a close-up of an old-fashioned Remington Portable typewriter. The typewriter is black in color and has the words ""Remington Portable"" written in gold lettering on the front. The keys are arranged in a standard QWERTY layout with the numbers 8, 9, and 9 on them. The back of the typewriter has the word ""Back Space"" written on it in smaller letters. The background is blurred, but it appears to be a wooden surface."
745171cf21e345babaa1e047bd7fa86a,A1b71u.jpg,"The image shows an old-fashioned typewriter on a wooden table. The typewriter is black in color and appears to be made of metal. It has a round body with a handle on the top and a keypad on the right side. The keys are arranged in a standard QWERTY layout and are covered in dust and dirt. There is a piece of paper on the left side of the typewriter, which is partially covered with a white sheet of paper. The background is a wooden wall with a blue curtain."
8c9ea04df9fb4e388c5654159e049d02,A1b71v.jpg,"The image shows an old-fashioned typewriter on a wooden table. The typewriter is black in color and appears to be made of metal. It has a rectangular base with a handle on the right side and a small knob on the left side. The body of the typewriter has a series of keys arranged in a fan-like pattern. There are also several buttons and dials on the front panel. In the background, there is a control panel with various buttons and knobs. The table is covered with a piece of paper, suggesting that the photo was taken in a workshop or studio."
a0c7153fc71e4c78b85853dd3d1afdab,A1b71w.jpg,"The image is of an old-fashioned typewriter. The typewriter is black in color and appears to be made of metal. It has a curved handle on the top and a keypad on the right side. The keys are arranged in a standard QWERTY layout with the letters ""A"", ""B"", ""C"", ""D"", ""E"", ""F"", ""G"", ""H"", ""J"", ""K"", ""L"", ""M"", and ""E"" visible. The body of the typewriter has the brand name ""Remington Portable"" written on it in white letters. The background is a wooden surface."
f3ccd6669c634c6d997baee682d273a8,A1b71x.jpg,"The image shows an old-fashioned typewriter on a wooden table. The typewriter is black in color and appears to be made of metal. It has a rectangular shape with rounded edges and a handle on the top for easy typing. The keys are arranged in a standard QWERTY layout with the letters facing towards the left side of the typewriter. The body of the machine is covered in dust and dirt, indicating that it has been used for a long time. The background is a rustic wooden surface with a rough texture."
e75bac2e5ce34595bb23ddfc28b37c5b,A1b71y.jpg,"The image is of an old black typewriter on a wooden table. The typewriter has a curved body with a handle on the top and a keypad on the right side. The keys are arranged in a standard QWERTY layout with the letters ""A"", ""B"", ""C"", ""D"", ""E"", ""F"", ""G"", ""H"", ""J"", ""K"", ""L"", ""M"", and ""E"" visible. The body of the typewriter appears to be made of metal and has a worn and weathered appearance. There is a small piece of paper on the table next to the keys. The background is blurred, but it seems to be a workshop or studio setting."
6962fcf8db8e43028156308f27fd3a6c,A1b71z.jpg,"The image shows an old black typewriter on a wooden desk. The typewriter has a round body with a handle on top and a keypad in the center. The keys are arranged in a standard QWERTY layout with the letters facing towards the left side of the typewriter. There are several papers and documents scattered around the desk, including a piece of paper with some text on it, a pair of glasses, and a stack of old books. The desk appears to be in a cluttered and disorganized manner."
9d1d9ff802e042fc93d973ab4f3a566b,A1b72.jpg,"The image shows a close-up of a small electronic device with a brown ball on top of it. The device appears to be made of metal and has a rectangular shape with rounded edges. The ball is round and shiny, and it is attached to the top of the device with screws and bolts. There is a red wire connected to the ball, which is likely used to power the device. The background is a brown surface, possibly a table or countertop."
995bb8e8bad54d7fba0291515eabedc0,A1b73.jpg,"The image shows a pair of headphones resting on top of a green metal chair. The headphones are black in color and have a round headband with a silver wire attached to it. The ear cushions are also black and appear to be made of a soft material. The chair has a curved backrest and armrests, and there is a metal frame on the right side of the image. The background is dark, and the chair appears to be in a room with a wooden floor."
d39a027db4fb46dbb7c4cf1b2749b00c,A1b74.jpg,"The image shows an old-fashioned analog meter with a black body and a white face. The meter has two knobs on the front panel, one for adjusting the voltage and the other for controlling the current. There are two red wires connected to the meter, which are likely used to connect it to a power source. On the right side of the image, there is a piece of paper with a red label that reads ""Voltmeter"". The meter appears to be in a wooden box, and there are other electrical equipment visible in the background."
262599dec4564d8c815674d3d2bd925f,A1b74a.jpg,"The image shows an old-fashioned analog meter with a black body and a white face. The meter has two knobs on the front, one for adjusting the voltage and the other for controlling the current. There are two red and black wires connected to the meter, which are likely used to connect it to a power source. In the background, there is a wooden shelf with other electrical equipment and a piece of paper."
2df21c369f694b2aa3f2a6895c40e359,A1b74b.jpg,"The image shows an old-fashioned digital multimeter with a red and black wire connected to it. The multimeter is black in color and has the brand name ""Universal Meter"" written on it in white letters. It has two knobs on the front panel, one for adjusting the voltage and the other for setting the current. There is also a red wire on the right side of the multimeter, which is likely used to measure the voltage. In the background, there is a piece of paper with instructions on how to use it."
ff3dc3fdd9d8495a8a9d41e62ad7c3c2,A1b74c.jpg,"The image shows a close-up of the dial of an electronic device. The dial is circular in shape and has a white background with black numbers and markings. The numbers are arranged in a grid-like pattern, with the largest number at the top and the smallest at the bottom. There are two black knobs on either side of the needle, which are used to adjust the settings. The needle on the left is labeled ""SISTANCE"" and the needle in the middle is labeled as ""CURRENT VOLTAGE"". The dial also has a red wire connected to it, which is likely used to connect the device to a power source. The device appears to be made of metal and has several buttons and dials on the front panel."
c4cbefaa59bd4be3addbeb9a2d598ce8,A1b75.jpg,"The image is a close-up of a rectangular metal plate with a black background. The plate is rectangular in shape and has two screws on either side. On the plate, there is text that reads ""Signal Corps, U.S. Army Frequency Meter BC-24P, 125 to 20,000 Kilocycles, Serial No. 831, Made by Zenith Radio Corporation, Chicago, Illinois."" The text is written in white and is in a serif font. The background of the plate appears to be a textured surface with a rough texture."
f95339f3d2e2495eb3737ca625200820,A1b75a.jpg,"The image shows an old, rusted metal box with a handle on top. The box appears to be made of metal and has a rectangular shape with rounded edges. It has a label on the front with some text written on it. The label is rectangular in shape and has some markings on it, but it is not clearly visible. The background is a wooden wall, and there is a green metal object on the right side of the image."
428e12b6825d43109ae303854ed9340f,A1b75b.jpg,"The image is a photograph of an old, rusted metal frame with a label on it. The frame appears to be old and weathered, with peeling paint and rust visible on the edges. The label on the frame is rectangular in shape and has a list of numbers and letters written on it in black ink. The numbers are arranged in a grid-like pattern, with each row and column containing a different number of letters and numbers. The letters are written in a neat and organized manner, and the numbers range from 0 to 100. The background of the label is a light beige color, and there is a small hole in the center of the frame. The overall appearance of the image is one of decay and neglect."
cba73042d5bc472fbdf5a4b3e0ed77b4,A1b75c.jpg,"The image shows an old, rusted radio receiver. The receiver is black in color and appears to be made of metal. It has a circular dial in the center with the words ""Dial Hundreds"" written on it. Around the dial, there are several knobs and buttons for adjusting the settings. On the right side of the receiver, there is a control panel with various buttons and dials. Below the control panel, it has a label that reads ""Cain"" and ""POWER"". On the bottom right corner of the image, there appears to have a piece of paper with some text on it, possibly a receipt or a list of information. The background is a wooden wall."
95702ff3f9f24aa490f6e2be93dc659d,A1b76.jpg,"The image shows an old-fashioned radio control panel with multiple knobs and dials. The panel is made of metal and has a rectangular shape with rounded edges. On the left side of the panel, there are two dials, one for the volume and the other for the power supply. The dials are circular in shape and have a white background with black numbers and markings. In the center, there is a small display screen with a black border. The display screen shows the current temperature and other readings. There are also several buttons and knobs on the panel for adjusting the settings. The device is mounted on a wooden wall with a power cord attached to it. There is also a piece of paper with some text on it next to the panel."
aa4c025ef6cf4746bd012cf05c7a4ecf,A1b76a.jpg,"The image shows an old-fashioned radio control panel with multiple knobs and dials. The panel is made of metal and has a rectangular shape with a flat top. On the left side of the panel, there are two gauges, one with a white face and the other with a black face. The gauges are circular in shape and appear to be used to measure the frequency of the radio. On the right side, there is a small black device, possibly a power supply or a control panel. The device is mounted on a wooden surface and appears to be in a room with a wooden wall in the background. There is also a black cable connected to the panel."
27e321cd09364ece811e4130a85c66a7,A1b76b.jpg,"The image shows a close-up of a blue-colored metal plate with a black label on it. The label reads ""RECEIVER TYPE B20 ADMY ATT: W2035 A"" and is located on the right side of the plate. On the left side, there is a small black rectangular panel with a white label that reads ""INST. 529 H.C. 223086"". The plate appears to be old and worn, with some rust and discoloration visible on the surface. The background is blurred, but it seems to be a wooden surface."
8726833d09324012bd32c75578a560b4,A1b77.jpg,"The image shows a white electronic device with a round speaker on top. The device appears to be a control panel or a control unit, with a blue control panel on the left side. On the right side of the device, there is a black clock with white numbers and hands. The clock is mounted on a wooden wall, and there are other electronic devices visible in the background."
be037d05be8e42e38df5427c7e7e62dc,A1b77a.jpg,"The image is a close-up of an old-fashioned analog meter. The meter is black in color and has a rectangular shape with rounded edges. The top of the meter has a white dial with black numbers and markings. The dial has a needle in the center, which is used to measure the current or voltage. Below the needle, there is a label that reads ""LEEVERY'S RICH"" in black letters. The label also has some information about the meter, such as its size, voltage, and other specifications. There are two small knobs on either side of the dial, which are likely used to adjust the meter's settings."
a0489fd2af674885b9a9d653524acb71,A1b8_1.jpg,"The image shows two old, rusted electrical components on a wooden surface. The components appear to be made of metal and have a reddish-brown color. They are rectangular in shape and have two screws on the top and bottom. The top part of the component has a label with the brand name ""Solenoid"" written on it. The bottom part has a small metal bracket with a wire attached to it, which is likely used to secure the components together. The metal is rusted and has a rough texture, indicating that it has been exposed to the elements for some time."
e71edadb31db464d8ced3d68903f1907,A1b8_2.jpg,"The image is a close-up of an old, rusted metal object. The object appears to be a part of a larger machine or device, possibly a control panel. It has two screws on either side, which are used to secure it in place. The metal is rusted and has the brand name ""Fakudon"" written on it in gold lettering. Below the name, there is a label that reads ""UC 308224"" and ""5009 AMPS 1000"". The label also has some numbers and letters on it, which likely indicate the serial number and other information about the machine. The background is a dark wooden surface."
087d07bb297c4c6a9422f9449c3b6ec3,A1b9a.jpg,"The image shows a small, rectangular object made of metal. It appears to be made of a light-colored material, possibly brass or bronze, and has a rough, textured surface. The object is resting on a wooden surface, and there is a small screw visible on the top right corner of the image. The edges of the object are slightly curved, and it has a small hole in the center."
379db99103ee4f4d96753f1493526abb,A1b9b.jpg,"The image shows a small, rectangular metal object with a brownish-brown color. It appears to be made of metal and has a rough, textured surface. The object has two screws on either side, one on top and one on the bottom, which are used to secure it in place. The text on the object reads ""T-ST995-M"". The object is resting on a wooden surface, possibly a table or countertop."
7de89a9b652443f8befcb3edfc45570d,A1b9c.jpg,"The image shows a small, rectangular metal object with two screws on either side. The object appears to be made of metal and has a textured surface. The text on the object is written in black and reads ""SILTON"" and ""1000"". There is also a small metal latch on the top left corner of the object. The background is a wooden surface, possibly a table or countertop."
f743a65dde8745bc87abc2fdb978192c,A1c1.jpg,"The image shows an old, white wooden stove in a room with green walls. The stove has two doors and two drawers on either side. On top of the stove, there is a silver kettle with a handle and a spout. Next to the kettle, there are a few other items such as a black kettle and a white bag. There is also a red bucket on the floor next to the stove. The floor is made of wood and there are some tools and equipment scattered around the room."
250b882c144345d58a299d92a0168467,A1c113_1.jpg,"The image is of an old, rusted metal container with a green label on it. The label has the words ""Variety"" and ""Weight 7 LPs"" written in white text. Below the text, there is a description of the contents of the container, which reads ""SEC Brand Prepared and Dried Vegetables and Fruits"". The container appears to be old and worn, with peeling paint and rust visible on the surface. The background is blurred, but it seems to be a kitchen countertop with other kitchen items visible."
945fdbe5c4604a84bdc1440dd97bea11,A1c113_1a.jpg,"The image is a photograph of a green tin box with the logo of SEC Foods Ltd. The box is rectangular in shape and appears to be old and rusted. The logo is a white circle with a green checkmark in the center and the words ""SEC Foods Ltd"" written in black. Below the logo, there is text that reads ""13 James Street, London, UK"". The background is blurred, but it seems to be a room with green walls and a wooden table."
b7a360a35589496e8bdaad360c42f6f0,A1c113_1b.jpg,"The image is of a green tin can with white text on it. The text reads ""Replace lid tightly after use"" and ""Store in cool and dry place"". Below the text, there is a label that reads ""SEC brand produced in Holland - The Garden of Europe"". The tin can appears to be old and rusted, with peeling paint and rust visible on the surface. The background is a wooden table with a green wall behind it."
70687e6102e246ab9a32ec9881c7b097,A1c113_1c.jpg,"The image is a photograph of a green signboard with the text ""SEC Foods Ltd"" written on it. The signboard is rectangular in shape and has a white background with a green border. In the center of the signboard, there is a circular logo with a checkmark in the middle and the word ""SEC"" written around it. Below the logo, it reads ""Brand"" in white letters. The text below the logo reads ""13 James Street, London, WC2"". The sign appears to be hanging on a wall in a store or a store."
061fc5c47006476d9859d3a3f77189bb,A1c113_1d.jpg,"The image shows a green metal box with the logo of Sec Foods Ltd on it. The box is rectangular in shape and has a label on the front that reads ""Prepared and Dried Vegetables and Fruits"". The label also has the words ""Variety"" and ""Weight"" written on it, indicating that the box contains various types of vegetables and fruits. The background is blurred, but it appears to be a kitchen or dining area with a wooden chair and shelves in the background."
a282510e63f14c04884769a639c83f8d,A1c113_1e.jpg,"The image shows a green metal box with the words ""SEC Foods Ltd"" and ""Prepared and Dried Vegetables and Fruits"" written on it. The box is rectangular in shape and has a label on the front that reads ""Variety, Weight, Prepared and dried vegetables and fruits"". The label also has a green checkmark on the top left corner. It appears to be old and rusted, with peeling paint and rust visible on the edges. The background is a wooden shelf with various kitchen items."
b1755363d67645118c8936080288aac5,A1c113_2a.jpg,"The image is a photograph of a vintage tin sign. The sign is rectangular in shape and has a green background with white text. The top of the sign has the words ""Variety Potato Strips Weight"" written in bold, capital letters. Below the text, there is a label that reads ""SEC Brand Prepared and Dried Vegetables and Fruits"" in smaller, white letters. The bottom of the label has the text ""Full Cooking Instructions Enclosed"". The sign appears to be old and rusted, with peeling paint and rust visible on the edges."
d754cc8d2f314677a87f0f38d6951efc,A1c113_2b.jpg,"The image shows a green metal box with the words ""SEC Foods Ltd"" written on it. The box is rectangular in shape and has a rusted and weathered appearance. On the left side of the box, there is a white sign with a green checkmark and the text ""Replace lid tightly after use"". On the right side, it reads ""Store in cool and dry place"". The box appears to be old and rusted, with some rust and discoloration visible on the surface. The background is blurred, but it seems to be an indoor space with other items visible in the background."
0b31540d868c4d42b1f26cba1bfd6f5b,A1c113_2c.jpg,"The image is a photograph of a green and white signboard with the text ""SEC Foods Ltd"" written on it. The signboard is rectangular in shape and appears to be old and rusted. The background of the signboard has a white circle with a green checkmark in the center, indicating that it is a brand. The text is written in black and is in a sans-serif font. Below the checkmark, there is a smaller text that reads ""39 King Street, London, W.C. 2"". The sign is placed on a wooden table in a room with other items visible in the background."
1b8b338619b1479cbb85ad185cccc09c,A1c13.jpg,"The image shows a shelf in a kitchen with various kitchen items on it. On the left side of the shelf, there are several jars and bottles of different sizes and colors, including red, orange, yellow, and green. Next to the jars, there is a white mixing bowl and a wooden crate with a few utensils in it. On the right side, on the bottom right corner, there appears to be a blue and white box with the word ""Ingrid"" written on it, which is likely the brand name of the kitchen. In the center of the image, there seems to be another white bowl with a handle. The shelf is made of wood and has a green finish. The background is a light green wall."
25f107822183485b8bdfc83951a0cdb4,A1c134a.jpg,"The image shows two old, rusted tins of D.C.L. Pure Dried Yeast. The tins are placed on a wooden surface with a green wall in the background. The tin on the left is white with black text and an illustration of a chef holding a tray of freshly baked yeast. The text on the tin reads ""Best for Baking"" and ""Sole Manufacturers The Distillers Co. Ltd. Edinburgh"". The tin in the right is red with a blue and yellow design of a man wearing a chef's hat and apron. Both tins appear to be old and weathered, with some rust and discoloration on the surface."
81d28f285c6148aeb56d014e457d2df2,A1c134b.jpg,"The image is a close-up of a tin can with a label on it. The label is red and white with black text. The tin can appears to be old and rusted, with some of the paint peeling off in some areas. The text on the label is written in a cursive font and is not visible in the image. There are several small insects crawling on the tin can, some of which are larger than others. The background is blurred, but it seems to be a wooden surface."
9872df212b704801aec25db961c93657,A1c134c.jpg,"The image shows a close-up of a tin can with a label on it. The label is white with black text and appears to be old and worn. The text on the label reads ""To use ""D.C.L. Dried Yeast"" and there is a list of ingredients and instructions below it. The tin can is sitting on a wooden surface and there are two other tin cans visible in the background. The can on the left is slightly larger than the one on the right. The background is blurred, but it seems to be a kitchen countertop."
2c09823f5c3946c791893dee894b57b2,A1c135.jpg,"The image shows a small square-shaped object with a yellow label on it. The label has the words ""Symbol Expedition Biscuits"" written in red capital letters. Below the text, there is a smaller text that reads ""London Symbol Biscuits Blackpool Limited"". The object appears to be made of a light-colored material and is resting on a wooden surface. In the background, there are several other items visible, including a sign that says ""Queens Meat Export""."
0eb350e134444ecb96880706db7b084d,A1c135a.jpg,"The image shows an old, rusted metal box with a label on top. The box appears to be old and weathered, with peeling paint and rust visible on the surface. The label on the box reads ""Symbol Exposition Biscuits"". Behind the box, there are several cans of different sizes and colors, including red, yellow, and blue. The cans are stacked on top of each other on a green shelf. The background is blurred, but it seems to be an indoor space with other items visible."
92727077b6ff41fab63dd227512e5cec,A1c140a.jpg,"The image is of an old, rusted tin can with the words ""British Made Superior BBM Margarita"" written on it in red and blue. The can is sitting on top of a wooden table with a red and white checkered tablecloth in the background. The tin appears to be old and weathered, with peeling paint and rust visible on the surface. The label on the can reads ""Mitcham Limited"" in white letters."
03da1be966b246f7845b3ec3d74a0494,A1c140b.jpg,"The image is of an old, rusted can of British made BBM Margarine. The can is cylindrical in shape and has a red and white label with the BBM logo in the center. The label also has the words ""British Made"" and ""Quality"" written in bold, black letters. Below the logo, there is a smaller text that reads ""Margarine"" in smaller, white letters. The background is blurred, but it appears to be a window with a red checkered curtain. The bottom of the can is rusted and weathered, indicating that it has been used for a long time."
2b5cf927b32348928bd49ba4e722b46b,A1c140c.jpg,"The image is a close-up of a tin canister. The canister is cylindrical in shape and has a red and blue striped label on it. The label has an illustration of two children holding hands and the text ""Health and Spirit Benninga's Security"" above them. Below the illustration, there is text that reads ""2LB. NET"" and ""London England"". The background is blurred, but it appears to be a window with a red checkered tablecloth."
6c9e4de3d2bb46f48a5e7d5ce79d6dbc,A1c144.jpg,"The image shows a wooden tool with a long handle and a pointed tip. The handle is made of a light-colored wood and has a textured surface. The tip of the tool is silver in color and appears to be made of metal. The tool is resting on a wooden surface with a red and white label on the top left corner. The background is blurred, but it seems to be a wooden table or countertop."
0f6835b9e50e433bb4ea2eceb8360a37,A1c146.jpg,"The image shows an old, rusty spatula lying on a wooden surface. The spatula has a long handle with a curved end and a pointed tip. The body of the spatula is made of metal and appears to be weathered and rusted. The handle is made from a light-colored wood and has a small hole in the center. The surface of the wood is rough and uneven, with some areas of the surface appearing to be chipped and chipped. In the background, there is a red and white striped towel hanging on the wall."
0d43bbcf00904bc49fffb64825af96fa,A1c147.jpg,"The image shows a knife lying on a wooden surface. The knife has a long, thin blade with a pointed tip and a wooden handle. The handle is made of wood and has a textured grip for a secure hold. The blade appears to be old and weathered, with some areas of the wood having a rough texture. The wood is a light brown color and there is a white bowl on the left side of the image. The background is blurred, but it seems to be a kitchen countertop."
d80ad05e7645433caec43cbdce64f628,A1c148.jpg,"The image shows a knife lying on a wooden table. The knife has a long, sharp blade with a pointed tip and a serrated edge. The handle of the knife is made of metal and has a textured grip for a secure hold. The blade appears to be old and worn, with some areas of rust and discoloration visible on the surface. In the background, there is a white bowl with brown spots, and a red and white striped box. The table is covered in dirt and grime, indicating that it has been used for a long time."
ebf4ea3b1a1d4f16abee137dabcfe311,A1c149.jpg,"The image shows a wooden workbench with a knife resting on it. The knife has a long, pointed blade with a dark brown handle and a pointed tip. The handle appears to be made of metal and has a textured grip for a secure hold. The blade is covered in rust and there are several small holes scattered across the surface of the wood. On the top left corner of the image, there is a white bowl with a black and white patterned design. The background is blurred, but it seems to be a workshop or garage."
640621454a10479faf651cf1740df6bd,A1c150.jpg,"The image shows an old, rusted frying pan hanging on a green wooden wall. The pan is round and has a handle on one side and a spout on the other. The surface of the pan is covered in rust and grime, indicating that it has been exposed to the elements for some time. The wall appears to be old and weathered, with peeling paint and chipped paint. The background is a light green color, and the floor is visible at the bottom of the image."
13278cd98b9e47a38ac9f34e35874b9f,A1c151.jpg,"The image shows an old-fashioned kitchen utensil with a wooden handle and a metal strainer. The strainer is placed on a wooden surface with a green wall in the background. On the left side of the image, there is a green tin box with the words ""Prepared"" written on it. Next to the tin box, there are two jars of jam and a blue box with a label that reads ""Granula Sugar"". On the right side, there appears to be a small metal pot with a handle. The overall appearance of the utensils is rustic and vintage."
262dfd8e03a243f883ee86c61cffdb96,A1c158.jpg,"The image shows a small metal container with a lid on top of it. The container appears to be old and weathered, with peeling paint and rust visible on the surface. The lid is round and has a small hole in the center. It is sitting on a black metal surface, possibly a table or countertop. The background is a green wall, and there is a black chair visible in the top left corner of the image."
f88ec7147fe248bfa6ad8e1959512cce,A1c16.jpg,"The image shows an old, dilapidated kitchen countertop with various kitchen items on it. On the left side of the countertop, there is a large metal tub with a lid and a handle. Next to the tub, there are several metal baskets and trays stacked on top of each other. In the center of the image, on the right side, is a white cutting board with a wooden handle. The countertop is made of wood and has a green finish. The walls are painted green and there are red and white checkered curtains hanging on the windows. The overall atmosphere of the kitchen is rustic and abandoned."
8529b2193e2847c5b323ea164566057e,A1c166.jpg,"The image shows a collection of six boxes of Pearce Duff's Blancmance. The boxes are arranged in a row on a green shelf against a green wall. Each box has a blue and white label with an illustration of a dessert on it. The dessert appears to be a dessert with a scoop of vanilla ice cream on top. The label also has the words ""Pearce Duff's"" and ""Blancmange"" written in a cursive font. On the right side of the shelf, there is a small bottle of the same dessert."
27aa0a9169f84d208eac4d84cddb6345,A1c166_1.jpg,"The image is a close-up of a label on a person's hand. The label is rectangular in shape and has a red background with white text. The text on the label reads ""Made in the following flavours: Lemon, Raspberry, Vanilla, Almond, Strawberry, Peach, Chocolate, Pineapple, Orange, Cherry and Apricot, Citron, Framboise, Vanilla Amande, Fraise, Pêche, Chocolat, Ananas, Orange"". Below the text, there is a list of ingredients and their corresponding nutritional information. The background is blurred, but it appears to be a kitchen countertop with a sink and a window."
d16ef1b67151408086e0c44f839caa0c,A1c166_2.jpg,"The image is a close-up of a label on a piece of paper. The label is red in color and has white text. The text reads ""Mode d'emploi"" which translates to ""Mode ofemploi"". Below the text, there is a list of instructions in Spanish. The instructions are written in black font and are arranged in a neat and orderly manner. The background of the label is blurred, but it appears to be a wooden surface."
48d4eeb5f66e49b88402da1f19ffccfe,A1c166_3.jpg,"The image is a close-up of a red and white label with black text. The label appears to be made of cardboard and is rectangular in shape. The text is written in a cursive font and is centered on the label. The background is blurred, but it seems to be a room with a green wall and a wooden floor. The focus of the image is on the red label, which is slightly out of focus."
740ac4a847c841838d25854a9496ce82,A1c166a.jpg,"The image is a close-up of a label on a white cardboard box. The label is rectangular in shape and has a red background with black text. The text reads ""Pearce, Duff's Blanc-Mange Powder Strawberry Flavour"" in large, bold letters. Below the text, there is a small blue letter ""S"" in the bottom right corner. The box appears to be sealed and is sitting on a black surface."
1172ca685cd34cb997385d2dacbd6637,A1c166b.jpg,"The image is a close-up of a label on a black object. The label is rectangular in shape and has a red background with white text. The text reads ""Pearce, Duff's Blanc-Mange Powder Strawberry Flavour S"". Below the text, there is a blue letter ""S"" in the center of the label. The background is blurred, but it appears to be a wooden surface."
629117f0a2054982acbbbe0f51584175,A1c168.jpg,"The image shows two cans of Snedley Gooseberries on a green shelf. The cans are cylindrical in shape and appear to be made of metal. The label on the cans is white with black text that reads ""Snedley"" and ""Gooseberries"". The label also has a picture of a gooseberry on it. The can on the left is slightly larger than the one on the right. Both cans have a rusted and weathered appearance. The background is a light green color."
fe1001f7be6d4b1d8b4d6e7dd65fac63,A1c169.jpg,"The image shows three cans of Smedler's Golden Plums on a shelf. The cans are of different sizes and shapes, with the largest one in the center and two smaller ones on either side. The largest can is blue and white with an image of a golden plums on it, and the words ""Golden Plums"" written in bold letters above it. The smaller one is yellow and has a picture of a lemon on it. All three cans appear to be empty and are standing upright on the shelf."
d6317e9a91f54eebb7759f9202a04fd7,A1c170a.jpg,"The image is of a tin can of Pearce, Duke Custard. The can is round and has a blue and white label with the brand name ""Pearce, Duke"" written in bold white letters at the top. The label also has an illustration of two glasses of custard with a pineapple on the side. The glasses are filled with a yellow liquid and are surrounded by various fruits such as apples, oranges, and grapes. The background of the label is a light blue color. The tin can is sitting on a wooden surface with a green label in the background."
944f34d1d9af4583a456874407f76cec,A1c170b.jpg,"The image shows an old tin can of Darce, Duff's Custard Powder. The can is blue and white in color and has a label on it. The label has an illustration of a bowl of custard with a slice of lemon on top. The text on the label reads ""Darce Duff's"" in bold letters. The background of the label is white and there is a green box of fruit on the left side of the image. The tin can is sitting on a wooden surface."
fda8bf0496b4405ca00f2ee06da91afc,A1c170c.jpg,"The image is of an old, rusted tin can with a label on it. The label has a blue background with white text. The text on the label reads ""Pearce, Duff, Custard, Used all over"". Below the text, there is a list of directions for making the custard. The can appears to be old and worn, with some discoloration and rust visible on the surface. The background is blurred, but it seems to be a wooden table or countertop."
91e80391c73f4f5099d3fd24bb1aa064,A1c171a.jpg,"The image is of an old, rusted tin can of Fowler's West India Treacle. The can is red and white in color with the brand name ""Fowler's"" written in bold black letters at the top. The word ""West India"" is written in a cursive font in the center of the can, with the word ""Treacle"" written below it in a larger font size than the rest of the text. The tin is sitting on a wooden table with a green shelf in the background. There are two boxes of prepared and dried vegetables on the shelf behind the can."
cbb369d5a603475b99ac303c63dd59ff,A1c171b.jpg,"The image is of an old tin canister with a red and yellow label. The label has the words ""21lb. Net"" written in bold black letters at the top. Below the text, there is a list of ingredients and instructions on how to use the tin. The tin is sitting on a wooden table with a white pitcher and a blue box in the background. The text on the label reads ""The genuine, old-fashioned, specially recommended, delicious, in-hot, milk, and in-manly, original, ""Ask your groen-toned fowler, blackwater, london, pure cane-golden syrup"". The tin appears to be old and worn, with some rust and discoloration on the surface."
9a241e087bff4e6986894937d7a3b19b,A1c171c.jpg,"The image is of an old, rusted tin canister with a red and yellow label. The label has the words ""21b. Net"" written in bold black letters at the top, followed by ""The genuine, old, fashioned, green, specially recommended, by the medical, delicious, hot, milk, on-the-bread, and in many"" in smaller black letters. Below the text, there is a list of ingredients and their corresponding prices. The canister is sitting on a wooden table with a blue wall in the background."
cc07b5634f6842198e6a89eeaecbc392,A1c171d.jpg,"The image is of an old, rusted tin canister with a red and yellow label. The label has the words ""D.NET"" written in bold black letters at the top, followed by ""Fashioned, Green, Treacle, by the Medical, Professional, Milk, on-bread, and Butter"" in smaller black letters. Below the text, there is a list of ingredients and their corresponding prices. The canister appears to be old and worn, with some rust and discoloration on the surface. The background is blurred, but it seems to be a wooden table or countertop."
a152c9e240d3418cac956d27baa00f54,A1c172.jpg,"The image is a close-up of a round, rusted metal container with the word ""PRUNES"" written in blue capital letters on the top. The container appears to be old and weathered, with some rust and discoloration visible on the surface. The background is blurred, but it seems to be a wooden surface with a few other objects visible in the top left corner."
c99b2eb30aeb45fbb8a7f75f0e9d0023,A1c173a.jpg,"The image is of an old, rusted tin can of Chivers Orange Marmalade. The can is sitting on a wooden surface and appears to be old and weathered. The label on the can is yellow and green with the brand name ""Chivers"" written in bold black letters at the top, followed by the words ""Orange Marmalades"" in smaller black letters. Below that, there is a logo of a shield with a crown on top and the text ""1907 BR. CHIVERS & SONS LTD. HISTON, CAMBRIDGE, ENGLAND"" in white letters. The background is blurred, but it seems to be a kitchen countertop with other kitchen items visible."
7f2df8eb0c8d4d86b18c0248e581c26b,A1c173b.jpg,"The image is a close-up of an old, rusted metal container with a label on it. The label reads ""Chiver's Jams are made from fresh fruit and refined sugar"". The container appears to be old and weathered, with peeling paint and rust visible on the surface. The background is blurred, but it seems to be an indoor space with a wooden floor and a blue wall."
e71173e63cb0410bbca94c9d460eb226,A1c175.jpg,"The image is of an old, rusted metal container with a label on it. The label is rectangular in shape and has a white background with black text. The text reads ""Haricot Bean"" in large, bold letters. Below the text, there is a smaller text that reads ""Andrew Lusk & Co Ltd London"". The container appears to be old and weathered, with some rust and discoloration visible on the surface. In the background, there are other containers and a green sign that says ""Prepared and Served Vegetables""."
44750596b4864625a1f50eec01f64731,A1c176.jpg,"The image is of an old, rusted tin canister with the words ""WHOLE BLUE PEAS"" written on it in black and white. The tin is sitting on a wooden surface and appears to be old and weathered. The label on the tin reads ""Andrew & Co Ltd. London"" in a cursive font. The background is blurred, but it seems to be an indoor space with other tin cans visible in the background."
096ddf529ad44f5ea0330effd8c91ea8,A1c177.jpg,"The image shows an old, rusted tin can sitting on a wooden table. The can is green in color and appears to be old and weathered. The surface of the can is covered in rust and peeling paint, with some areas of the paint chipping away. The paint is chipped and faded, and there is a small amount of dirt and grime visible on the surface. In the background, there are other wooden boxes and a green wall."
2eb535cf0187435396b6379226c973ee,A1c178.jpg,"The image is of an old, rusted tin canister with a label on it. The label is rectangular in shape and has a white background with black text. The text reads ""Dried Green Peas"" in large, bold letters. Below the text, there is a smaller text that reads ""Andrew Lusk & Co. Ltd. London"". The tin appears to be old and weathered, with some areas of rust and discoloration visible on the surface. The lid of the tin is slightly rusted and the label is slightly worn, indicating that it has been used for a long time. The background is blurred, but it seems to be a wooden table or countertop."
eaf76a041fa7444db1800be54c5df3c5,A1c180.jpg,"The image is of an old, rusted tin can with the words ""ARBONATE OF SODA"" written on it in white lettering. The can appears to be old and weathered, with peeling paint and rust covering the surface. The label on the can reads ""Andrew Luck & Co. London"" in smaller black letters. The background is blurred, but it seems to be a wooden table or countertop with other cans and boxes visible in the background."
6aafaa7d6383453891aabc6e48df75f5,A1c181.jpg,"The image is a close-up of an old, rusted tin can. The can appears to be old and weathered, with peeling paint and rust covering the surface. The label on the can is rectangular in shape and has the word ""RAPINS"" written in bold, black letters at the top. Below the word, there is a small illustration of a bird with its wings spread wide. The words ""A DRAW LIT & CO LTD"" are written in smaller, white letters below the illustration. The background is blurred, but it seems to be a wooden table or countertop."
c9ff158c2bb34b98aed2301d9167854f,A1c182.jpg,"The image is of an old, rusted metal canister with the word ""Ovaltine"" written on it in blue and orange letters. The canister appears to be old and weathered, with peeling paint and rust visible on the surface. The label on the canister is faded and has a blue emblem of a coat of arms on the top left corner. The background is blurred, but it seems to be a wooden table or countertop with other items scattered around."
a952ecce9c3a48dd85ab24d8444e6c5a,A1c182a.jpg,"The image is of an old, rusted tin can of Ovaltin. The can is orange in color and has a label on it. The label has a blue and white design with the word ""Ovaltin"" written in bold letters at the top. Below the word, there is an illustration of a shield with a crown on top and the words ""Concentrated"" written below it. The can appears to be sitting on a wooden table with a green wall in the background. There are other tin cans visible in the top right corner of the image."
abfcde5f6ea24a37a44e1978b8063618,A1c182b.jpg,"The image shows an orange tin can with a label on it. The label is white with black text and has the words ""Directions for use"" written in bold letters. Below the text, there is a list of directions for use in the can. The can appears to be old and worn, with peeling paint and rust visible on the surface. In the background, there are other tin cans and a green sign that reads ""Weight 12 lbs."" The can is sitting on a wooden table."
252ecb57234845c4af7bc96734cb7933,A1c182c.jpg,"The image shows an orange tin can with a label on it. The label is white with black text and appears to be a list of ingredients or instructions. The can is sitting on a wooden surface and there are other tin cans in the background. The background is a green wall with a sign that reads ""Weight 12 lbs""."
97aee6f967c945d695975dcc70057a08,A1c185.jpg,"The image shows two old, rusted metal tins with the words ""ROLLED OAT"" and ""ANDREW LUSK & CO LTD"" written on them. The tins are placed on a wooden shelf in a kitchen, with a green wall in the background. The label on the tins is white with black text and an illustration of a rolling oat. The tin on the left is slightly larger than the one on the right. Both tins appear to be old and weathered, with some rust and discoloration on the surface."
633d22d760cd41b498d04160f67fe622,A1c186.jpg,"The image is a close-up of a round metal plate with the words ""ITEM, 86 SULTANAS"" written on it in black capital letters. The plate appears to be old and rusted, with some areas of the surface covered in dirt and grime. The background is a wooden surface, possibly a table or countertop."
b6eb875e3a864400a71bd04bcca12332,A1c186a.jpg,"The image is a close-up of a metal measuring cup. The cup appears to be made of stainless steel and has a round shape with a flat base. The body of the cup is slightly curved and has the word ""ALSO"" written on it in black letters. The word ""1946"" is written in smaller letters below the word. The background is blurred, but it seems to be a wooden table or countertop."
5ce98ac973224a99a7ec0de795536a75,A1c187.jpg,"The image shows two metal cans of soda sitting on a wooden shelf. The cans are cylindrical in shape and appear to be old and rusted. The label on the cans reads ""Item-73 Bi Carp Soda"" in bold letters, with the year ""1939"" written in smaller letters below it. The tin on the left is slightly larger than the one on the right. The background is blurred, but it appears to be a kitchen countertop with a few kitchen utensils visible."
6dc1011aee7d4d2197d5d80706d5644e,A1c188.jpg,"The image is a close-up of a small metal container with the words ""ITEM-71 GELATINE"" written on it in black capital letters. The container appears to be old and rusted, with a yellowish-green color. The lid of the container is slightly open, revealing the contents inside. The background is a wooden surface, possibly a table or countertop."
3dd2407d7a974b72bf105821bf6e5b62,A1c190.jpg,"The image is of an old, rusted tin can with the word ""Spaghetti"" written on it in white letters. The can appears to be old and weathered, with peeling paint and rust covering the surface. The label on the can reads ""Andrew Lust London"" in a cursive font. The background is blurred, but it seems to be an indoor space with a wooden floor and a green wall."
dc381f2462144b0f9acecb4f29d04cf5,A1c191.jpg,"The image shows two old, rusted macaroni tins on a wooden shelf. The tins are cylindrical in shape and have a label on them that reads ""Macaroni"" in white lettering. The label also has the words ""Prepared and Dried Vegetables"" written in smaller font. In the background, there are two green boxes with the same label. The shelf appears to be in a kitchen or a store, as there are other kitchen items visible in the background."
66f184b666714f0b8dd3550fb858a630,A1c192.jpg,"The image shows an old, weathered metal pot with a long handle resting on a wooden table. The pot appears to be made of metal and has a rough, textured surface. It is empty and is sitting on the table in front of a window with red and white checkered curtains. The window is open, letting in natural light. The table is dirty and there is a roll of toilet paper next to the pot."
3647dd8b2aff491f92d29213a0f06e6a,A1c194b.jpg,"The image is a photograph of a box of Terry's Oliver Twist plain chocolate. The box is rectangular in shape and has a red background with a gold border. On the front of the box, there is an illustration of a young girl with blonde hair, wearing a green jacket and white apron. She is holding a bowl of olives in one hand and a spoon in the other. The girl is smiling and appears to be enjoying the olives. Above the illustration, the words ""Terry's"" and ""Oliver Twist"" are written in gold lettering, with the word ""Plain Chocolate"" written in smaller font below. The label also mentions that the chocolate is made in England by Joseph Terry & Sons Ltd. and is established 1767."
c6397fdd335548a1a6f7ef113b70cbc6,A1c195a.jpg,"The image shows two old, rusted metal cans with a label on them. The label is blue and white with the word ""Horlicks"" written in bold letters at the top. Below the word, there is a list of directions for use, including hot or cold, using a dry spoon, add a little water in a cup or glass. The cans appear to be old and weathered, with peeling paint and rust visible on the surface. The background is blurred, but it appears to be a wooden table or countertop."
b4d75ef2928442aabaf8eadba10c2c69,A1c195b.jpg,"The image is of an old, rusted metal canister with the word ""Horlicks"" written in blue and white letters on it. The canister appears to be old and weathered, with peeling paint and rust visible on the surface. The label on the can reads ""The ideal food-drink for all ages"" and there is a red seal on the side. The background is blurred, but it seems to be a kitchen countertop with other items visible in the background."
db4ff0a9e48440a2b2728165e51ba323,A1c195c.jpg,"The image shows two old, rusted cans of Horlicks beer. The cans are placed on a wooden surface and appear to be old and weathered. The label on the cans is blue and white with the word ""Horlicks"" written in bold letters at the top. Below the word, there is a list of minimum contents, including ""16 oz."" The label also mentions that the beer is made from the following ingredients, which is a type of beer that is known for its high flavor and flavor. The can on the left is slightly larger than the one on the right. Both cans have a label that reads ""HORLICKS"" in white letters. The background is blurred, but it appears to be a kitchen countertop."
6556bbd88e944ba1af7377b79d21100e,A1c196.jpg,"The image shows two old, rusted metal containers on a wooden shelf. The containers are cylindrical in shape and appear to be made of metal. They are rusted and have a label on them that reads ""A LUSK & DRIED APPLIES"". The label also has some writing on it, but it is not clear what it says. In the background, there are several other containers and a white bowl. The shelf appears to be in a workshop or garage, as there are other tools and equipment visible in the background."
a38e41299e2d451cb83ddd86a8ab6dde,A1c197a.jpg,"The image shows an old, rusted tin can with a label on it. The label is white with black text and has a list of items written on it, including ""Table for infant feeding"" and ""Quantities per feeding"". The can appears to be old and rusted, with peeling paint and rust visible on the surface. The background is blurred, but it seems to be a wooden shelf or countertop."
79b98107a1f54983b21ea68d6ced0c99,A1c197b.jpg,"The image is of an old, rusted Nespray Nestle powdered whole milk can. The can is white with green lettering that reads ""Nespray"" and ""Powdered Whole Milk Lait Entier en Poudre"" in French. Below the text, there is an illustration of a bird with its wings spread out. The label also mentions that the can is prepared in the United Kingdom and that it is ready to be used. The background is blurred, but it appears to be a kitchen countertop with other kitchen items visible."
e3dab2d264774935a4efb6c615d1ee6b,A1c19a.jpg,"The image shows a round metal container with a lid on top. The container appears to be old and weathered, with a dark brown color and a rough texture. The lid is slightly open, revealing a small amount of dirt or grime inside. The surface of the container is covered in a mesh-like material, which is likely a filter or a filter element. The background is a wooden floor, and there is a window with a red and white checkered curtain visible in the top right corner."
3dc2cae5008e43dfba5b595a4362b713,A1c19c.jpg,"The image shows a round wooden bowl with a lid on top. The bowl appears to be old and weathered, with a light brown color and a rough texture. The lid is slightly curved and has a small indentation in the center. The surface of the bowl is covered in a dark brown material, possibly a mixture of dirt or grime. It is sitting on a wooden surface, and there is a window in the background with a red and white checkered curtain hanging on it."
636556b1aacf4a2e91ba8ba2596686a1,A1c19e.jpg,"The image shows a large black circular object, which appears to be a ventilation grille, sitting on a wooden floor in front of a window with red and white checkered curtains. The grille is circular in shape and has a mesh-like texture. The background is blurred, but it seems to be an indoor space with a view of the outside. The overall mood of the image is gloomy and gloomy."
d456f1d50ede42f2b972e202f025ff5c,A1c1h.jpg,"The image is a close-up of a rusty metal sign on a white wall. The sign is rectangular in shape and has black text on it. The text reads ""COOKER WORKING INSTRUCTIONS"" in large, bold letters. Below the text, there is a list of instructions written in smaller, black letters. The instructions are: - Lighting Remove filler plug, Place crushed paper, small dry sticks and a little fuel, on firebrushes, replace plug, open ashtray door, and light from below bars. - When burning brightly, add more fuel and close ashtrays. At the bottom of the sign, there are two metal plates with the same text. The plates appear to be old and rusted, with some discoloration and rust visible on the surface. The background is blurred, but it appears to be a part"
e36ab7ffc1d44769a912e5ba65c2263d,A1c1j.jpg,"The image is a close-up of a rusted metal plate on the side of a machine. The plate is rectangular in shape and has a label on it that reads ""The Esse Cooker Company, Bonnbridge, Scotland"". The label also has the company's name and contact information. The background of the plate is white, and it appears to be old and rusted. There is a small hole in the bottom right corner of the image, possibly for the machine to be inserted into."
03d7915d0dc04477af0703b49290bbb3,A1c1p.jpg,"The image shows an old, rusted stove in a kitchen. The stove is white and has a black countertop. On top of the stove, there is a large metal pot with a handle and a lid. Next to the pot, there are two smaller pots and pans. The ovens are also white and appear to be old and rusted. The floor is tiled and there are green cabinets in the background."
814ce0d03f764196822fa1e4a8f66cc3,A1c1q.jpg,"The image shows an old, rusted stovetop in a kitchen. The stovetop is made of metal and has a black countertop. On the left side of the stovetop, there are three metal pots and pans with lids. The pots are of different sizes and shapes, with one being a large, silver pot with a handle and a lid, another a smaller one with a lid and a handle, and the third one is a smaller, silver kettle with a spout. There is also a piece of paper on the countertop next to the stove. The kitchen has green cabinets and a green wall in the background."
cf362aaf28254ec59961cafc046ff490,A1c1r.jpg,"The image shows an old, rusted metal object on a black surface. The object appears to be made of metal and has a cylindrical shape with a flat top. It has four holes in the center, which are likely for ventilation. The top of the object is covered in dirt and grime, indicating that it has been exposed to the elements for some time. On the right side of the image, there is a black metal pole with a curved handle. The background is a plain white wall."
efd9e5ac208a472c90168e0545ccf2f4,A1c1s.jpg,"The image shows a large, gray stone-like object with a metal spring attached to it. The object appears to be old and weathered, with some cracks and chips visible on its surface. The spring is made of metal and has a curved shape with a small hole in the center. It is resting on a black surface, possibly a table or countertop. In the background, there is a piece of paper with some text on it, possibly instructions or information about the object."
b1991f85210c4466b0b5168427837009,A1c1t.jpg,"The image shows a close-up of a metal plate with a black knob on it. The plate appears to be old and rusted, with some rust and discoloration visible on the surface. The number ""2"" and ""4"" are written on the plate, and there is a small hole in the center of the plate. The background is blurred, but it seems to be a part of a larger machine or machinery."
772c116f945845f38387cf5b091cabf7,A1c1u.jpg,"The image shows an old, rusted stove in a kitchen. The stove is white and has two open doors, one on the left side and one in the middle. The door on the right side is open, revealing the interior of the stove. On top of the oven, there is a silver kettle with a handle and a spout. The oven appears to be old and weathered, with peeling paint and rust visible on the walls and floor. There is a green door in the background and a wooden floor."
f50a331e906c4ed7b79fe8dca2df9a6f,A1c1w.jpg,"The image shows an old, dilapidated kitchen with a white stove and oven. The stove is made of metal and has two doors with brass handles. On top of the stove, there is a silver kettle and a black toaster. Above the stove is a shelf with clothes hanging on it. The walls are painted in a light green color and there are a few other items scattered around the room. The floor is tiled and there is an orange bucket on the right side of the image."
baeeca8efd4a47589e66df1848238900,A1c1y.jpg,"The image shows an old, rusted metal stove in a room with green walls. The stove is white in color and appears to be in a state of disrepair, with peeling paint and rust visible on the surface. There are two doors on either side of the stove, one with a red emblem on the front and the other with a black handle. On top of the door, there is a silver kettle and a black toaster. There is also a plastic bag and a red bucket on the floor next to the stove."
488e6438bb18445ab069c7635bcd51c6,A1c2&85etc.jpg,"The image shows a white clothes rack hanging on a white wall. On the rack, there are three pairs of beige-colored socks and a pair of brown-colored pants. The socks appear to be made of a soft, textured fabric and have a ribbed texture. The pants are long and loose-fitting, and they are hanging from a hook on the top of the rack. In the background, there is a window with white curtains and a wooden cabinet on the left side of the image."
7d3e5b5a7e594d6b945b9136af6d5d82,A1c2.jpg,"The image shows an old, dilapidated kitchen with a green countertop and a wooden cabinet on the left side. On the countertop, there is a silver kettle and a few other kitchen utensils. Above the counter, there are several pieces of clothing hanging on a clothesline. The clothesline is made of white fabric and appears to be old and worn. There is a window in the background with white curtains. The walls are painted white and there are a few wooden crates scattered around the room. The overall atmosphere of the image is rustic and abandoned."
28375e5ca1df45558d8c931d09569574,A1c20.jpg,"The image shows an old, rusty spoon resting on a wooden table. The spoon appears to be made of metal and has a long handle with a pointed end. The wood is weathered and aged, with some areas of rust and discoloration visible on the surface. The table is green and there are a few other items visible in the background, including a cardboard box and a white bowl. The overall appearance of the table is rustic and weathered."
815e2bc699744f1991b4284e0a547b59,A1c202b.jpg,"The image is of a can of Smedley's Garden Fresh Peas. The can is made of metal and has a label on it. The label has a picture of green peas on it, with the words ""Garden Fresh"" written in white and red. The peas are arranged in a circular pattern, with some overlapping each other. The background of the label is a light green color, and the can is sitting on a wooden surface."
8f861bed96814d628c292e7f09cdf414,A1c206a.jpg,"The image is of an old tin can of Chivers Apricot Jam. The can is red and orange in color with a white label on the front. The label has the brand name ""Chivers"" written in bold black letters at the top, followed by the words ""Apricots Jam"" in smaller black letters. Below that, there is a label that reads ""Confiture d'abricots dulce de albricoques"" in French. The brand name is written in a smaller font size and is located at the bottom of the label. The tin can is sitting on a wooden surface with a blue wall in the background."
586500a41d284e64badca07e35ded0ed,A1c206b.jpg,"The image is of a red and yellow tin can with a label on it. The label reads ""You will also enjoy old English marmalade table jellies, canned fruits & vegetables, custard powder, made by Chivers, London, Cambridge, England"". The can is sitting on a wooden surface and appears to be old and worn."
9d501d60385245b2879dc843dcce9551,A1c207.jpg,"The image shows a glass jar with a red lid and a label on it. The label has a red and white striped background with the words ""Barbecue Superfine Cap in Malt Vinegar"" written in bold black letters. Below the label, there is an illustration of a barbecue grill and the logo of the brand. Inside the jar, there are small, dark-colored peppercorns. The jar is sitting on a wooden table with a green box in the background."
e19848cbacdd494482fb164cb7f3fc4f,A1c208.jpg,"The image shows a jar of Indian Chutney on a wooden table. The jar is made of glass and has a red and white label with the brand name ""Barbecue"" written in bold black letters. The label also has an illustration of a barbecue grill and the words ""Indian Chutneys"" in smaller white letters. There is a small amount of pickles visible on the label. In the background, there is a green sign that reads ""Prepare Vegan"". The jar appears to be old and weathered, with some rust and discoloration on the surface."
aa323d70653847dd9868bde0b9308577,A1c209.jpg,"The image shows two jars of Crosse & Blackwell Branston Pickle. The jars are made of glass and have a metal lid. The label on the jars is yellow and blue with the brand name ""Crosse & Blackwell"" written in bold black letters. The pickle itself is dark brown in color and appears to be thick and thick. The background is blurred, but it seems to be a kitchen countertop with other jars and containers visible."
d71428a32d3b4c32801ee6a9b4f793cb,A1c21.jpg,"The image shows two white ceramic mugs hanging on a green wooden shelf. The mugs have a round shape with a handle on top and a small hole in the center. The handle is curved and appears to be made of metal. The background of the image is blurred, but it seems to be a shelf with various items on it. The shelf is painted in a light green color and has a rustic, vintage look."
9a63acb9e1104e5eb4cc85eecc391fad,A1c214a.jpg,"The image shows a glass jar with a red lid and a green label that reads ""La Favorite Horseradish Relish"". The jar is sitting on a wooden surface and there are two other jars visible in the background. The jar on the left is filled with a light brown substance, which appears to be horseradish relish, and the label on the right is white with green and red text. The background is blurred, but it seems to be a kitchen countertop."
66598ed44e674610bc1299dc683f3773,A1c214b.jpg,"The image shows a close-up of a glass jar with a label on it. The label is rectangular in shape and has a red and green border. The text on the label reads ""Contains only pure ingredients. 5 fl. oz."" Below the text, there is a list of ingredients, including German and French Mustards. The jar appears to be old and dirty, with some of the ingredients spilling out onto the surface. The background is blurred, but it seems to be a kitchen countertop."
f7f23d70819b49eea5f4676c2b992233,A1c214c.jpg,"The image is a close-up of a glass jar with a label on it. The label is rectangular in shape and has a red and white striped border. The text on the label is written in black and is in a cursive font. Below the text, there is a list of ingredients listed in a smaller font. The ingredients include flour, sugar, salt, mustard, and tracacanth. The jar appears to be old and weathered, with some cracks and chips visible on the surface. The background is blurred, but it seems to be a wooden shelf or cabinet."
d44c6de4a88f4696958cc0f0200731a6,A1c215_1.jpg,"The image shows a glass bottle with a red cap sitting on a wooden shelf. The bottle is filled with a dark brown liquid, which appears to be a pure malt vinegar. The label on the bottle is white with black text and an illustration of a castle. The background is a green wall with a sign that reads ""Variety"" and ""Dried"". There is also a wooden crate next to the bottle."
d4dadceed2914efbbbdfa4b110d3a807,A1c215_2.jpg,"The image is a close-up of a bottle of Stephens Malt Vinegar. The bottle is made of clear glass and has a label on it. The label is rectangular in shape and has the brand name ""Stephens"" written in bold black letters at the top. Below the name, there is a smaller label that reads ""Fully Matured Genuine Pure Malt Vinegar with Salt and Caramel"". The label also has a small black square in the center. The background is blurred, but it appears to be a wooden table or countertop."
34ef8974e66044bb97703e209911304a,A1c215_2a.jpg,"The image is a close-up of a glass jar with the words ""Malt Vinegar"" written on it in a cursive font. The jar appears to be old and weathered, with some rust and discoloration visible on the surface. The background is blurred, but it seems to be a kitchen countertop with a blue and white patterned tablecloth. The focus of the image is on the jar, which is slightly out of focus."
0e332c299da34b8c9343fd11380741d0,A1c215_2b.jpg,"The image is a close-up of a glass jar with the words ""GENUINE MALT"" written on it in white capital letters. The jar appears to be old and weathered, with some rust and discoloration visible on the surface. The background is blurred, but it seems to be a table or countertop with a blue and white patterned tablecloth. The focus of the image is on the jar, which is slightly out of focus."
06aa8d37aad848069404a478cdee2c34,A1c215_2c.jpg,"The image shows a small glass bottle with a white cap and a label on it. The label reads ""Stephens Malt Vinegar"" in black lettering. The bottle is sitting on a wooden surface with a green wall in the background. On the left side of the image, there is a blue and white tin can with the words ""Sugar & Liver"" written on it, and on the right side, there are a few other items scattered around. The tin can appears to be old and worn, with some rust and discoloration on the surface."
c9ed634687f147dca86d54baf82789e7,A1c216b.jpg,"The image shows a bottle of HP sauce on a wooden table. The bottle is made of glass and has a white label with the letters ""HP"" written in black. The label also has a small illustration of a city skyline. The sauce appears to be a dark brown color and is dripping down the sides of the bottle. In the background, there are several pots and pans hanging on the wall. The table is covered with a green tablecloth and there is a metal tray and a white bowl on the right side of the image."
41f3af199f9d4ba48c1a7ccf500a3feb,A1c216d.jpg,"The image shows a bottle of HP Sauce on a shelf. The bottle is made of glass and has a blue label with white text. The label reads ""HP Sauce"" in large letters at the top. Below the label, there is a smaller text that reads ""Net Weight 9 oz."" On the left side of the shelf, there are two small glass jars with labels that read ""Cream Tarta"" and ""Andrew London"". On the right side, there appears to be a small glass jar with a red lid. In the center of the image, there seems to be another glass jar. The background is a light green wall."
fc59f3efb7de4dda9d416952d388d019,A1c216e.jpg,"The image shows a bottle of HP cream of tartar on a shelf. The bottle is made of glass and has a white label with the letters ""HP"" written in black. The label also has an illustration of a castle and the words ""Cream of Tartar"" in a cursive font. Next to the bottle, there is a small glass jar with a red lid and a label that reads ""Andrew Lloyd Webber London"". On the right side of the shelf, there are two other bottles, one with a label and the other with a glass jar. The background is a light green wall."
4f88790ffda74182bfcbd1209b96ffaa,A1c216f.jpg,"The image shows three bottles of different types of sauces on a green shelf. On the left, there is a small glass jar with a white label that reads ""Cream of Tartar"" and ""Andrew Lusk"". Next to it, there are two smaller glass jars with white labels that read ""HP Sauce"". On the right, there appears to be a glass bottle with a red cap and a label that says ""Sauce"". The bottles are arranged in a row, with the largest one in the center and the two smaller ones on either side. The background is blurred, but it seems like the shelf is made of glass."
d7d234ecbe384024962d359f8ce24136,A1c217a.jpg,"The image is a close-up of a bottle of wine. The bottle is dark brown in color and has a label on it. The label is orange and has black text written on it, which reads ""Geo Watchers Estab Meeting"". The text is written in a cursive font and is surrounded by a decorative border. The background of the label is blurred, but it appears to be a kitchen countertop with various kitchen items visible."
689ed40617454da5bf3efcad15a20c29,A1c217b.jpg,"The image is a close-up of a bottle of Watkins House sauce. The bottle is dark brown in color and has an orange label with black text. The label has the brand name ""Watkins"" written in large, bold letters at the top, followed by the words ""House Sauce"" in smaller, cursive letters. Below that, there is a small illustration of a house with a red roof and a white door. The background is blurred, but it appears to be a kitchen countertop with various kitchen utensils and appliances."
2947e8c8912744d280ae7084533a73f5,A1c217d.jpg,"The image is a close-up of a bottle of beer. The bottle is dark brown in color and has a label on it. The label is orange and has the words ""Geowatkins Estab Meeting House"" written in white capital letters. Below the text, there is an illustration of a steam locomotive with the text ""Cestle Shrimp Sauce"" written above it. The label also mentions that the beer is made in London, England. The background of the label is blurred, but it appears to be a kitchen countertop with various kitchen utensils and appliances."
47cc56129def41318fa93f52dd0bdf63,A1c218.jpg,"The image shows a collection of old-fashioned bottles and jars on a green shelf. There are six bottles in total, three of which are glass bottles with red caps and labels. The bottles are of different sizes and shapes, with the largest one in the center and the smallest one on the left. The labels on the bottles read ""HP"", ""Bistro"", ""Glow Watkins"", and ""For Gravy"". The bottles appear to be old and weathered, with some of the labels having a faded and worn appearance. The shelf is made of wood and has a rustic, vintage feel to it."
b7c349d0b87e4ea48f0a9eb80e2c7282,A1c218_2.jpg,"The image shows a can of Bistro coffee on a wooden table. The can is brown in color and has a label on it that reads ""Bistro for Gravy"". The label also has an illustration of a cup of coffee with a saucer and a spoon on it. On the right side of the can, there is a bottle of Heinz Mayonnaise. In the background, there are other items on the table, including a wooden crate and a green sign."
c172033af7494d66899a29af516afe4e,A1c218a.jpg,"The image is of an old, rusted tin can with the word ""ISTO"" written on it in green letters. The can is sitting on a wooden surface with a green wall in the background. The label on the can is orange and yellow in color and has a label that reads ""Bisto"" in bold letters. Below the label, there is a list of ingredients and instructions for use. The words ""For use"" are written in smaller letters below the label. The bottom of the can has the brand name ""England by Box"" written in red letters."
fa865bfc9ab34c4b97450cdca99f1ba1,A1c218d.jpg,"The image is a close-up of a can of Bistro after mixing soup. The can is old and rusted, with the word ""Bistro"" written in blue and green letters on the top. The label on the can reads ""After Mixing Soup"" in large, bold letters. Below the word, there is a list of instructions for the soup, including ""Directions for Gravy, Use one to mix the ingredients for brown soup"" and ""For Stews, Hot Pots, for Brown Soup"". The can appears to be sitting on a wooden surface, possibly a table or countertop."
8dcb20785d5d491eb426a28622d90320,A1c218e.jpg,"The image is a close-up of an old, rusted tin can. The can appears to be old and weathered, with peeling paint and rust covering the surface. The label on the can is yellow and green, with the word ""STEWS"" written in bold letters at the top. Below the word, there is a list of ingredients and nutritional information, including meat, vegetables, and other ingredients. The words ""After Mixing Boil Up"" are written in smaller letters below the list. The background is a wooden surface, and there are a few other items visible in the background."
dc5cebb734384e7893e159609489a963,A1c219.jpg,"The image shows a glass jar with a brown lid and a label on it. The label reads ""Watkins Meeting House Red Cabbage Pickles"" in red and green lettering. Below the label, there is a red and white logo of a bird with its wings spread out. The jar appears to be old and weathered, with some rust and peeling paint visible on the surface. On the right side of the image, there are two smaller jars, one with a red lid and the other with a white label. The background is a green wall."
f978510bb4014275ae43d74cdeffd00a,A1c220b.jpg,"The image shows a jar of Hayward's Military Pickle. The jar is made of glass and has a red lid. The label on the jar is red and white with an illustration of a military building in the center. The text on the label reads ""Hayward's MILITARY PICKLE"" in bold black letters. Below the illustration, there is a smaller text that reads ""Made in the USA"" in smaller white letters. On the right side of the jar, there are two other jars of pickles, one with a green label and the other with a white label. The jars are sitting on a wooden table."
96e0a47dec6f4f5688f03b55dcbe9dcd,A1c220c.jpg,"The image is a close-up of a red circular object with a white label on it. The label appears to be old and worn, with some areas of the label appearing to be chipped and discolored. The text on the label is written in white and is in a cursive font. The background is a wooden surface, and there is a small white object on the right side of the image."
87cba5891f1044848fedebc4a74d394d,A1c220e.jpg,"The image shows a jar of Hayward's Military Pickle. The jar is made of glass and has a red lid. The label on the jar is white with black text and an illustration of a military building. The text on the label reads ""Hayward's Military"" and ""Contents"". The label also mentions that the pickle is 10 ounces in size. In the background, there are other jars of pickles and a wooden crate."
c42b2ebe03f242b19b942ec75d395565,A1c221_2.jpg,"The image is a photograph of a book titled ""Quaker Oats"". The cover of the book is white with a blue border. The title is written in bold black letters at the bottom of the cover. Below the title, there is an illustration of a man wearing a blue hat and a white shirt. The man has a big smile on his face and is looking directly at the viewer. The background is a light blue color. The book appears to be old and worn, with peeling paint and chipped edges."
55f40b9c731b4835813b442d3fc7bf21,A1c222.jpg,"The image shows three old, rusted metal cans on a green shelf. The cans are cylindrical in shape and appear to be made of metal. They are green in color and have the word ""COCOA"" written on them in white letters. The background is a light green wall with a metal pipe running along the right side. The shelf appears to be old and weathered, with peeling paint and rust visible on the surface."
b47283a387bc40a99d3f192dca722ca1,A1c231.jpg,"The image is of a red tin can with the words ""Mansion Polish for Floors, Lino and Furniture"" written on it. The can is sitting on a wooden surface with a green wall in the background. The lid of the can is slightly open, revealing the contents inside. The label on the can reads ""Hygienic Wax Polish"" in white letters."
bf21ce8eb3f446e39f35f4dd67d1c635,A1c233.jpg,"The image is a photograph of a label on a meat bar. The label is rectangular in shape and has a white background with black text. The text on the label reads ""Quick Cooking Meat Bar"" in large, bold letters. Below the text, there is a smaller text that reads ""Prepared and Packed by the Ministry of Agriculture, Fisheries & Food at the Experimental Factory, Aberdeen, Scotland"". The label appears to be old and worn, with some discoloration and rust visible on the surface. The background is blurred, but it seems to be an old, rusted metal surface."
96cb20db4cb245469d4eb5004a5d37a1,A1c235a.jpg,"The image is of a tin can of Dollar Scotch Oats. The can is yellow with blue and red accents. The label on the can reads ""Dunvegan Castle Brand"" in bold letters. Below the label, there is an illustration of a castle with a blue sky and clouds in the background. The text on the label reads ""Solar Food Products Limited"" and ""The food of a Sterling"". The can appears to be sitting on a red and white checkered tablecloth."
6b7dd2e6547142fa81feec02c1d425de,A1c235b.jpg,"The image is a close-up of a can of canned food. The can is yellow with a blue and red checkered pattern. The label on the can reads ""3 Minutes to Cook: Children Thrive on Scotch Porridge"". Below the label, there is a list of directions for cooking in three minutes. The directions are written in black text and are arranged in a grid-like pattern. At the bottom of the label is the word ""NETTO"" in red text. The background is blurred, but it appears to be a kitchen countertop."
d121fafabbda493397a80562f11fca72,A1c235c.jpg,"The image is a close-up of a yellow tin can with a red and blue label on it. The label has the words ""3 Minutes to Cook"" written in bold black letters at the top, followed by ""Scotland's National Food"" in smaller black letters. Below the text, there is a list of ingredients and nutritional information. The can appears to be old and worn, with some rust and discoloration visible on the surface. The background is blurred, but it seems to be a kitchen countertop."
36af9770ec62443a8b117dd98e09991e,A1c235d.jpg,"The image is of a tin can of 3 Minutes to Cook Scotland's National Food. The can is yellow with a blue and red plaid pattern. The label on the can is red and white with the words ""3 Minutes To Cook"" written in bold letters at the top. Below the text, there is a description of the product, which states that it is 20 oz (1lb.4oz) in weight and is from the product of Scotland. At the bottom of the label, it says ""Product of Scotland"". The can appears to be sitting on a checkered tablecloth."
582a01eebe2f419081cdec66d9f2620c,A1c235e.jpg,"The image is of a tin can of netto 567 gram product of Scotland. The can is yellow with a blue and red checkered pattern on it. The label on the can reads ""3 Minutes to Cook: Children Thrive on Scotch Porridge"". The label also mentions that the product is ""Directions"" and ""Cooked in Three Minutes"". The can appears to be sitting on a kitchen countertop."
270c0d23f77149c28d355f0c86467cc8,A1c236a.jpg,"The image is of an old, rusted metal container with the word ""ONIONS"" written on it in black capital letters. The container is red in color and appears to be made of metal. The lid of the container is round and has a rusted texture, with some areas of the surface appearing to be discolored and chipped. The background is a dark, industrial-looking surface, possibly a table or countertop."
12ff0fc45dfe432ea6168583bc7dada2,A1c250 (2).jpg,"The image is a close-up of a knife blade. The blade appears to be made of stainless steel and has a smooth, polished surface. On the blade, there is a circular emblem with the words ""Made in the USA"" written in the center. The emblem is surrounded by a laurel wreath. The background is a light blue color with horizontal lines running horizontally across it."
36f184fe9eec49eab24c7585bc41c5a9,A1c250_1.jpg,"The image shows a set of four knives lying on top of a piece of brown paper. The knives have a silver-colored handle and a pointed tip. The blades of the knives are slightly curved and appear to be made of metal. The paper has some text written on it in black ink. The background is blurred, but it appears to be a table or countertop."
7438818de69a4acf883439ec4448af7a,A1c250_11a.jpg,The image shows a knife lying on a red and white checkered tablecloth. The knife has a long handle with a pointed tip and a serrated edge. The handle is made of metal and has a textured grip for a secure hold. The blade of the knife is slightly curved and appears to be made of stainless steel. The tablecloth has a grid pattern with small white squares.
05fb48db7645466ba203236b0370e894,A1c250_12a.jpg,"The image is a close-up of the handle of a knife. The handle is made of stainless steel and has the brand name ""Elkington & Co. Cutlers & Silversmiths"" engraved on it in black lettering. The blade of the knife is long and slender, with a pointed tip. The background is blurred, but it appears to be a wooden surface with a grid pattern."
e39561bf7abe49e0aaa9b233b7c4d184,A1c250_2.jpg,"The image shows a close-up of a stainless steel knife blade. The blade is long and slender, with a pointed tip. The handle is made of stainless steel and has the brand name ""Gladwin Ltd Sheffield"" engraved on it in black lettering. Below the name, there is a label that reads ""Trade Embossed Mark"" and ""Stainless"". The blade appears to be new and unused. The background is a white wooden surface."
d404c6dd4f634f89b354362d7c6d6a30,A1c250_5.jpg,"The image is a close-up of a knife blade. The blade is made of stainless steel and has a sharp, pointed tip. The handle is slightly curved and appears to be made of a shiny, polished material. On the blade, there is a text engraved in black ink that reads ""Stanley's Victoria Street Stainless"". The text is written in a cursive font and is slightly larger than the rest of the text. The background is a gray wooden surface."
4cac48f2e584435898ac9e3c0f31cf4f,A1c250_6.jpg,"The image shows a set of six knives lying on top of a piece of brown paper. The knives have silver handles and appear to be made of stainless steel. The paper has a red and white checkered pattern on it. The background is blurred, but it appears to be a kitchen countertop."
e55196524675486d913c28f84fab1c7d,A1c250_7.jpg,"The image shows a close-up of a stainless steel knife blade. The blade is resting on a red and white checkered tablecloth. The handle of the knife is visible, and the blade appears to be made of stainless steel. On the blade, there is a label that reads ""STAINES 94VICTORIA ST. STAINLESS"". The label also has some writing on it, but it is not clear what it says."
a38b365ade5e4fe09f3e157fb8707be8,A1c251_1.jpg,"The image shows a set of six forks arranged in a row on a red and white checkered tablecloth. The forks are made of metal and have a silver finish. They are arranged in two rows of three, with the largest fork at the top and the smallest at the bottom. The handles of the forks are slightly curved and appear to be made of a shiny, polished metal. The tablecloth is laid out on a white napkin, and there are a few other kitchen utensils visible in the background."
6a132642024b4c8c889b1975f8247111,A1c251_10.jpg,"The image shows a close-up of a stainless steel fork resting on a red and white checkered tablecloth. The fork has a long handle with the words ""FIRTH STAINLESS STEEL"" engraved on it in black lettering. The handle appears to be made of stainless steel and has a shiny finish. The background is blurred, but it seems to be a kitchen countertop."
5a48d0e4c727416885303fb119a40314,A1c251_10a.jpg,"The image shows a close-up of a silver spoon resting on a red and white checkered tablecloth. The spoon has a curved handle with a textured grip and a small indentation in the center. The text on the handle reads ""Made in the USA"" in a cursive font. The background is blurred, but it appears to be a kitchen countertop."
ace5fef5bd0c4c6eb5ff7511fad8a655,A1c251_11.jpg,"The image shows a close-up of a knife with a silver handle. The handle is engraved with the words ""Nickel Silver Sheffield, England"" in black lettering. The knife appears to be resting on a red and white checkered tablecloth. The blade of the knife is slightly curved and has a sharp point. The background is blurred, so the focus is on the handle and the knife."
2cfa5418e446457c9929d6fe52083982,A1c251_11b.jpg,"The image shows a close-up of a knife with a silver handle. The handle is engraved with the words ""Nickel Silver Sheffield, England"" in black lettering. The knife appears to be resting on a red and white checkered tablecloth. The blade of the knife is slightly curved and has a sharp point. The background is blurred, so the focus is on the handle and the knife."
e0a2c118d6e34e73970a6c401a23c81e,A1c251_12&13.jpg,"The image shows two forks resting on a red and white checkered tablecloth. The forks are made of stainless steel and have a long, slender handle with a pointed tip. The handles have a textured grip for a secure hold. The tablecloth has a grid pattern with small squares of red, white, and blue. The background is blurred, but it appears to be a kitchen countertop."
bb0d6491c0a740d7b8f629e6cf0a381b,A1c251_12.jpg,"The image shows a close-up of a silver spoon resting on a red and white checkered tablecloth. The spoon has a long handle with a pointed end and a flat base. On the handle, there is a label that reads ""Sterling Silver"" in black lettering. The label also has a small logo of a shield with a crown on top. The background is blurred, but it appears to be a kitchen countertop."
70c13c0235564862b817d2dc85590ba7,A1c251_13a.jpg,"The image shows a close-up of a silver spoon resting on a red and white checkered tablecloth. The spoon has a long handle with a pointed end and a flat base. On the handle, there is a label that reads ""Sterling Silver"" in black lettering. The label also has a small logo of a shield with a crown on top. The background is blurred, but it appears to be a kitchen countertop."
13c042abde3648a4a5dc3e87327e40c2,A1c251_2.jpg,"The image shows a close-up of a silver spoon resting on a red and white checkered tablecloth. The spoon has a curved handle with a pointed tip and a small bowl at the end. On the handle, there is a label that reads ""GLENNS"" in black lettering. The handle appears to be made of metal and has a shiny finish. The background is blurred, so the focus is on the spoon."
8dad8543b2b549e7bfb26744a9c609a3,A1c251_3.jpg,"The image shows three forks resting on a red and white checkered tablecloth. The forks are made of metal and have a silver finish. They are arranged in a triangular formation, with the largest fork in the center and two smaller forks on either side. The tablecloth has a grid pattern with small squares of red, white, and blue. The background is blurred, but it appears to be a kitchen countertop."
2fe87c93513a44e7ad1dcb81b8b549f7,A1c251_6a.jpg,"The image shows a close-up of a fork resting on a red and white checkered tablecloth. The fork is made of stainless steel and has the words ""Firth Stainless Steel"" engraved on it in black lettering. The handle of the fork is slightly curved and appears to be made of steel. The background is blurred, but it seems to be a kitchen countertop."
284e6258967242878329010ab4f5fe85,A1c251_6b.jpg,"The image shows a close-up of a knife blade resting on a red and white checkered tablecloth. The blade appears to be made of stainless steel and has a smooth, polished finish. On the blade, there is a circular engraving with the words ""Made in Sheffield, England"" embossed in the center. The engravers are slightly curved and appear to be slightly worn. The background is blurred, so the focus is on the blade."
3e7a22d7e5f5402eb0af942a1be06492,A1c251_6c.jpg,"The image shows a silver fork resting on a red and white checkered tablecloth. The fork has a long handle with a pointed tip and a serrated edge. The tablecloth has a grid pattern with small squares of different sizes and colors. The background is blurred, but it appears to be a kitchen countertop."
880025971d9d4d79a730f3704de2da81,A1c251_7.jpg,"The image shows three forks resting on a red and white checkered tablecloth. The forks are made of stainless steel and have a shiny finish. They are arranged in a triangular formation, with the largest fork in the center and two smaller forks on either side. The tablecloth has a grid pattern with small squares of red, white, and blue. The background is blurred, but it appears to be a kitchen countertop."
5de7ef09647a445ea9cae0df9410cc36,A1c251_8.jpg,"The image shows a close-up of a silver spoon resting on a red and white checkered tablecloth. The spoon has a long handle with a pointed tip and a pointed end. On the handle, there is a text engraved in black ink that reads ""G&G Co. Ltd."" The text is in a cursive font and is centered on the handle. The background is blurred, but it appears to be a kitchen countertop."
f543e0578ec440bcb14af3cd7a4c5512,A1c252_1.jpg,"The image shows a close-up of a metal rod with the words ""Nickel Silver Made in Sheffield"" engraved on it. The rod appears to be made of stainless steel and has a smooth, polished finish. The text is written in a cursive font and is centered on the rod. The background is a red and white checkered tablecloth."
9d09ecfe0c30413a8354de71e896b332,A1c252_10.jpg,"The image shows a silver spoon resting on a red and white checkered tablecloth. The spoon has a long handle and a round bowl with a slightly curved end. The handle is slightly curved and appears to be made of metal. The tablecloth has a grid pattern with small squares of different sizes and colors. There is a white napkin on the right side of the image. The background is blurred, but it seems to be a kitchen countertop."
2b0ed797b6824fa1989307370d2aefab,A1c252_11.jpg,"The image shows a close-up of a gold-colored metal object, which appears to be a knife or a fork. The handle of the object is curved and has the word ""BROSSE"" engraved on it in black letters. The word is written in a cursive font and is slightly worn, indicating that it has been used for a long time. The object is resting on a red and white checkered tablecloth."
44964e6bb71d4b57bc7288140225b816,A1c252_11a.jpg,"The image shows a silver spoon resting on a red and white checkered tablecloth. The spoon has a long handle and a round bowl with a slightly curved end. The bowl appears to be empty and there is a small piece of paper next to it. On the right side of the image, there are a few other items on the table, including a yellow container with a lid. The background is blurred, but it seems to be a kitchen or dining area."
5ce84d3c671c4aa5acd609db41205d9a,A1c252_123456.jpg,"The image shows a group of six silver spoons arranged on a red and white checkered tablecloth. The spoons are of different sizes and shapes, with the largest spoon at the top and the smallest at the bottom. They appear to be made of metal and have a shiny, polished finish. The tablecloth has a grid pattern with small squares of red, white, and blue. The background is blurred, but it appears to be a kitchen countertop."
1f07f5e4d2674dd8a91cd127090f0245,A1c252_13.jpg,"The image shows a close-up of a silver-colored metal object, which appears to be a knife or a fork. The object is resting on a red and white checkered tablecloth. On the blade of the knife, there is a label that reads ""Sheffield, Firth, England"". The label also has some text engraved on it. The knife has a curved handle and a pointed tip."
4a92c4c478594bf7bb0804dcc58531d8,A1c252_14.jpg,"The image shows a close-up of a silver spoon resting on a red and white checkered tablecloth. The spoon has a long handle with a curved end and a pointed tip. On the handle, there is a label that reads ""Sipelia Stainless Steel"" in black lettering. Below the label, it reads ""1/2"" in smaller black letters. The label also has the brand name ""SIPELIA"" in a smaller font. The overall appearance of the spoon is shiny and shiny."
80958041e0bf478bb2696957aede2fe5,A1c252_14a.jpg,"The image shows a close-up of a metal handle with the words ""Sheffield England"" engraved on it. The handle appears to be made of stainless steel and has a curved shape. The background is a red and white checkered fabric with a subtle pattern. The overall color scheme of the image is red, white, and black."
5719c28e9c354255ad88865d073c54ff,A1c252_7.jpg,"The image shows a close-up of a silver spoon resting on a red and white checkered tablecloth. The spoon has a long handle with a pointed tip and a serrated edge. The handle is decorated with small black dots, which appear to be engraved with the letters ""S"" and ""N"". The spoon appears to be old and worn, with some discoloration and scratches on the surface."
5ffdad2d52c84b36b916ab04a57629d1,A1c252_789.jpg,"The image shows three silver spoons lying on a red and white checkered tablecloth. The spoons are arranged in a triangular formation, with the largest spoon in the center and two smaller spoons on either side. The handles of the spoons have a shiny, polished finish and appear to be made of metal. There is a small piece of paper on the right side of the tablecloth, possibly a napkin or a fork. The background is blurred, but it appears to be a kitchen countertop."
fc343834b0354478b308921b4576f8a8,A1c257_1.jpg,"The image is a photograph of a book titled ""Refined by Tate & Lyle Limited Sugar Refiners"". The book is resting on a wooden shelf against a green wall. The cover of the book is white with blue text. The title is written in a cursive font and is centered on the cover. The author's name is written below the title in a smaller font size. The spine of the cover is also white and has a blue stripe running along the top. The book appears to be old and worn, with some discoloration and rust visible on the surface."
76786dfec87e44c7ad396daea3e8552b,A1c257_1a.jpg,"The image is a close-up of the back of a white refrigerator with blue text on it. The text reads ""Refined by Tate & Lyle Limited Sugar Refiners"". The text is written in a cursive font and is in a light blue color. The refrigerator appears to be old and rusted, with peeling paint and rust visible on the surface. The background is blurred, but it seems to be a wooden surface."
b8860f8f7b194b7c989247941a18f93a,A1c257_1b.jpg,"The image is a blue background with vertical lines. In the center of the image, there is a white stencil of a cartoon character holding a sword in their right hand. The character appears to be a lion or a lioness, with a fierce expression on its face. The sword is pointed and has a long, pointed blade. The word ""STD"" is written in a bold, sans-serif font above the character's head. The overall design is simple and cartoon-like."
9f7e9304afd144bbad60bc4e208a7351,A1c257_2.jpg,"The image is of a blue tin canister with a label on it. The label is rectangular in shape and has a white background with blue stripes. The top of the canister has the words ""Tale and Lyle Finest Granulated Sugar"" written in a cursive font. Below the text, there is an illustration of a coat of arms with a crown on top. The words ""British Refined"" and ""London & Liver"" are written in smaller font below the illustration. The canister appears to be old and rusted, with some rust and discoloration visible on the surface. The bottom of the tin has the number ""28 Pounds"" written on it, indicating that it is a 28 pound tin."
9fb886d8c11a4e02a34da247058702db,A1c258_1.jpg,"The image is a photograph of an old, rusted metal sign that reads ""Springlow Prepared Fruits and Vegetables Potato Strip"". The sign is rectangular in shape and has a yellow background with black text. The text is written in a cursive font and is centered on the sign. Below the text, there is a label that says ""Unicream Ltd. Broughton Lane, Manchester, UK"". The label also has a small illustration of a potato strip in the center. The sign appears to be old and worn, with some discoloration and rust visible on the surface."
aa24b1ad936e46ff971903f1f6b594c0,A1c260b.jpg,"The image is a close-up of a tin can of canned food. The can is sitting on a red and white checkered tablecloth. The label on the can is green and yellow with the words ""Chips"" written in bold letters at the top. Below the text, there is a label that reads ""Stainless Steel Engraved Green"" in smaller letters. The word ""Turf"" is written in a smaller font size and is slightly larger than the rest of the label. The background of the image is blurred, but it appears to be a kitchen countertop with a few kitchen utensils visible."
df6463b7944d492ca9738be574314a6a,A1c260c.jpg,"The image is of a vintage tin can of Chivers Gold Standard English Grown Turnips. The can is sitting on a red and white checkered tablecloth. The label on the can is yellow and green with the brand name ""Chivers"" written in bold black letters at the top, followed by ""Gold Standard"" in smaller black letters. Below that, there is a smaller text that reads ""Golden (Swede) Turnips"" in white letters. At the bottom of the label, there are two red and green stripes, one on each side, with the word ""Turnips"" written above them. The background is blurred, but it appears to be a kitchen or dining area with a window and some papers visible."
343bda5e51354573b5068a43e95b5f84,A1c260d.jpg,"The image is of a round tin can with a colorful design on it. The can is sitting on a red and white checkered tablecloth. The design on the can is a zigzag pattern in red, green, and yellow colors. In the center of the design, there is an illustration of a red bell pepper with a green stem and leaves. Surrounding the bell pepper are various fruits and vegetables, including apples, oranges, and bananas. The text on the label reads ""Directions for use."" The background of the image is blurred, but it appears to be a kitchen or dining area."
68b3f73325204aaaa61d94a7a3b7e5fe,A1c261a.jpg,"The image is a close-up of a green tin can of Chivers Golden Swede Turnips. The can is sitting on a red and white checkered tablecloth. The label on the can is white with black text. The brand name ""Chivers"" is written in large, bold letters at the top of the label. Below the brand name, there is a smaller text that reads ""Directions"" in smaller, black letters. The label also mentions that the can contains ingredients into a saucepan and contains a mixture of butter, pepper, and other ingredients. The saucepan is a light green color and appears to be thick and creamy. The pepper is a darker green color. The other ingredients are a mix of red, white, and yellow colors. Overall, the can appears to have a rustic and vintage feel to it."
c060ed0153e24820ad0b9e25574ad604,A1c261b.jpg,"The image is a close-up of a green tin can with a black label on it. The label has the brand name ""Golden"" written in bold white letters at the top, followed by the product name ""A4 Can"" in smaller black letters. Below the label, there is a description of the product, which states that it is a 1.2 litre can of water. The can appears to be sitting on a red and white checkered tablecloth. The background is blurred, but it seems to be a kitchen countertop."
a348921ba663465999e40b38dd28ff40,A1c261e.jpg,"The image is of a can of chivers golden swede turnips. The can is green in color and has a label on it. The label has an illustration of various vegetables, including carrots, beets, and turnips, with the word ""Chivers"" written in bold letters at the top. Below the illustration, there is text that reads ""Golden swede"" in smaller letters. The background of the label is white, and the can is sitting on a red and white checkered tablecloth."
2e09c5d071a94a0a94b5fd3032405f2b,A1c261g.jpg,"The image is of a can of chivers golden swede turnips. The can is green in color and has a label on it. The label has a picture of various vegetables on it, including carrots, beets, and green beans. The text on the label reads ""Chivers Golden Sweden Turnips"". The can appears to be sitting on a kitchen countertop."
33c81a05b41446ccb2b2dc3df3d66626,A1c261h.jpg,"The image is of a tin can with a green label on it. The label has the words ""Chivers & Sons Limited"" written in white capital letters. The tin can is sitting on a red and white checkered tablecloth. The background is blurred, but it appears to be a kitchen or dining area with various kitchen utensils and appliances visible."
20f0c3d504ff459ca555e8574b0b5de6,A1c263.jpg,"The image shows a muffin tin tray on a red and white checkered tablecloth. The tray is rectangular in shape and has multiple holes in it. The holes are evenly spaced and appear to be empty. There is a small amount of dirt or grime on the tray, indicating that it has been used for baking. The background is blurred, but it appears to be a kitchen countertop."
1412f7ed487f4b9ab162ac69b3b0eeb7,A1c264.jpg,"The image shows a white oval-shaped plate on a red and white checkered tablecloth. The plate appears to be empty and is sitting on a wooden table. The tablecloth has a checkerboard pattern with alternating red squares and white squares. The background is blurred, but it seems to be a kitchen countertop."
5f798566c2214107bef4a4992993ba6e,A1c265a.jpg,"The image shows two white plates on a red and white checkered tablecloth. The plates are empty and appear to be new and unused. The plate on the left is slightly larger than the one on the right. Both plates have a round shape with a slightly curved rim and a small logo on the bottom right corner. The background is blurred, but it appears to be a kitchen countertop."
34c2f7d9ddf14117b08f4d045d8db868,A1c266.jpg,"The image shows a round, white ceramic plate with a lid on a red and white checkered tablecloth. The plate appears to be empty and is lying flat on the table. The lid has a label on it that reads ""LC.C."" and has a small indentation in the center. The label also has the number ""254"" written on it. The background is blurred, but it seems to be a kitchen countertop."
19b8d2d9834d4251953e40d9e22be457,A1c270.jpg,"The image shows an old, rusted metal tray on a red and white checkered tablecloth. The tray appears to be old and weathered, with some areas of rust and discoloration visible on the surface. The edges of the tray are slightly frayed and there is a small indentation in the center. The tablecloth is spread out on a wooden table, and there are a few other items visible in the background."
989e2afe3efd4e40aaab8bee18f74594,A1c271a.jpg,"The image is a close-up of a metal surface with a textured surface. The text on the surface reads ""SWAN BRAND"" and ""MADE IN ENGLAND"". Below the text, there is a small illustration of a triangle with a crown on top. The triangle is outlined in black and appears to be made of metal. The background of the image is blurred, but it seems to be a wooden surface."
1cdaa3bdb0e448cba84f84ae5a795d98,A1c271b.jpg,"The image shows a rectangular baking tray on a red and white checkered tablecloth. The tray is made of metal and appears to be old and weathered. It is empty and has a smooth surface. The edges of the tray are slightly frayed and there is a small amount of dirt or grime on it. In the background, there are other kitchen items such as a cutting board and a knife."
14fac0bd6ad04040a1bf2dcc04efba82,A1c277.jpg,"The image shows a green shelf with various items on it. On the left side of the shelf, there is a wooden box with a red and white checkered tablecloth. Inside the box, there are several cans of food, including canned goods, a red kettle, and a brown cardboard box. The cans are stacked on top of each other, and there are also a few other items scattered around the shelf. The shelf appears to be in a room with a green wall in the background."
ecfac314058243298bf26715cc4cc0ef,A1c28.jpg,"The image shows an old, rusted metal bucket with a handle on top. The bucket appears to be made of metal and has a round shape with a flat base. The handle is attached to the top of the bucket with two metal rings, one on each side. The rim of the lid is slightly curved and there is a small metal latch on the side. It is sitting on a blue countertop with a green wall in the background."
c8bd363266aa42ed98c2ca999c0eba2a,A1c28a.jpg,"The image shows a small metal pot with a lid on top. The pot appears to be made of stainless steel and has a handle on one side and a latch on the other side. The lid is slightly open, revealing the interior of the pot. It is sitting on a black countertop with a white wall in the background. There is a metal stand on the left side of the image and a black pipe on the right side."
f3c287d8e6864d78becfeccaf515837e,A1c29&30.jpg,"The image shows two items on a wooden floor against a green wall. On the left side of the image, there is a large, round, beige-colored jug with a lid and a handle on top. The jug has the letters ""S.R.D."" written on it in black letters. Next to the jug is a woven basket with a handle and a spout. The basket appears to be made of woven straw and has a red and white striped pattern on the sides. The handle is attached to the top of the basket with two small knobs."
b827630ce8174c1c97cb24b13baa99a6,A1c32.jpg,"The image is a close-up of a stack of books. The books are arranged in a horizontal line, with the top book slightly tilted to the left. The spine of the books is visible, and the cover of the book is a light beige color with black text. The text on the cover reads ""I love you"" in a cursive font. The background is blurred, but it appears to be a blue wall. The image is taken from a low angle, looking up at the books."
306413a630224f7d9bfd89b77ca1ff6a,A1c32a.jpg,"The image is a close-up of a cylindrical object with a label on it. The label is white with black text that reads ""Bromco"" in a cursive font. Below the text, there is a blue triangle with the word ""The De Luxe"" written in a larger font size. The background is a light blue color. The object appears to be made of plastic or a similar material and is resting on a wooden surface."
bad21e7793d148758b63425b2f0c5582,A1c33a.jpg,"The image is a photograph of a box of Persil washes whitener. The box is rectangular in shape and has a green background with white text. The brand name ""Persil"" is written in large, bold letters at the top of the box. Below the brand name, there is a smaller text that reads ""Washes whitener that means cleaner!"" The box appears to be made of cardboard and is lying on a brown surface."
1980b31f0caa4f4aa17eddf1c179e23e,A1c33b.jpg,"The image shows a cardboard box of Persil washes whites whiter. The box is rectangular in shape and has a green and white label on it. The label has the brand name ""Persil"" written in bold red letters at the top, followed by the product name ""Washes whites whites"" in smaller red letters. Below that, there is a description of the product, which reads ""Coloured brighter Woolens soft as new"". The box appears to be empty and is lying on a brown surface."
5647adc4dd124879b86c7bc541ec6826,A1c33c.jpg,"The image is a photograph of a box of Persil laundry detergent. The box is rectangular in shape and has a green and white color scheme. The top of the box has the brand name ""Persil"" written in bold red letters. Below that, there is a list of ingredients and instructions on how to use the detergent, including ""Beats the Cleaner All Your Wash"", ""Cotton Washing"", and ""Machine Wash"". The instructions are written in black text and are accompanied by illustrations of a man and a woman. The bottom right corner has a small illustration of a washing machine. The background of the image is blurred, but it appears to be a wooden surface."
1f4d1776ae1c4e36ad0cc3e49ac44bcb,A1c33d.jpg,"The image shows a roll of Persil oxygen washer. The roll is green in color and has the brand name ""Persil"" written in white letters on the top left corner. The label on the roll reads ""The amazing oxygen washers"" in smaller white letters. Below the label, there is an image of an oxygen tank and the words ""The Amazing Oxygen Washer"" in red letters. The background is a beige carpeted floor."
2ad19257aa7b4f60a260fcaf49413d4c,A1c35.jpg,"The image is a photograph of a red box of Lifebuoy toilet soap. The box is rectangular in shape and has a white label on it. The label has the brand name ""Lifebuoy"" written in bold black letters at the top, followed by the word ""Toilet Soap"" in smaller black letters. Below the brand's name, there is a smaller text that reads ""Lifeboy"". The box appears to be made of cardboard and is lying on a beige surface."
cb6e04acabb842e9aa949f9c0420ea19,A1c36.jpg,"The image is a close-up of a red octagon-shaped object. The object appears to be made of plastic or a similar material and has a smooth surface. It is slightly curved and has the word ""HUGO"" written on it in white letters. The background is a plain beige color. The image is taken from a slightly elevated angle, making the object the focal point of the image."
8dea8230606842f39849a6a4d0c8aa5c,A1c42.jpg,"The image shows two old, rusted metal pitchers on a wooden table in front of a window with red and white checkered curtains. The pitchers are tall and slender with a handle on each side. They appear to be made of metal and have a weathered, aged appearance. The table is made of wood and there is a roll of paper next to the pitchers. The window behind the pitchers is open, letting in natural light."
11c3e210a75440458523f83faa47024b,A1c4a.jpg,"The image shows a wooden chair with a round seat and backrest. The chair appears to be old and weathered, with a light brown color and a rough texture. The seat is slightly curved and the backrest is slightly tapered. The legs of the chair are slightly angled outward, and the legs are slightly bent at the knees. The wood is weathered and has a rough, uneven surface. In the background, there is a white cabinet and a green door. The floor is made of red tiles."
5255fad03756463b8ca9aa110661532e,A1c4b.jpg,"The image shows a wooden chair in a room with green walls and a red tiled floor. The chair is made of light-colored wood and has a curved backrest and armrests. It appears to be old and weathered, with visible signs of wear and tear. On the right side of the image, there is a green shelf with various items on it, including a red bucket and a white bucket. The shelf is filled with jars and containers, and there are a few other items scattered around the room."
5527904b17804ec3ba13503af2f0e0e8,A1c4c.jpg,"The image shows a close-up of a wooden box with a hole in the center. The box appears to be old and weathered, with a rough, uneven surface. The wood is a dark brown color and has a rough texture. The edges of the box are frayed and there is a small amount of dirt and grime visible on the surface. On the right side of the image, there is an orange-colored wall with a white pipe running along it. The background is dark and out of focus, making the box stand out."
abf0174dc91b4580b3295ee3ecb38f0f,A1c5.jpg,"The image shows an old, rusted metal pot with two handles on either side. The pot appears to be made of metal and has a round shape with a flat base. It is sitting on a wooden floor in a room with white walls and a wooden door on the right side. There is a green shelf on the left side of the image with a piece of paper on it. The floor is covered in dirt and grime, indicating that the pot has been exposed to the elements for some time."
b32077f877c64336b02f345c426fa873,A1c54.jpg,The image shows a rectangular baking tray with a handle on one side. The tray is made of metal and has a yellowish-brown color with small white stars scattered across it. The stars are evenly spaced and appear to be made of a shiny material. The handle is attached to the tray with two screws. The background of the image is a green wooden shelf with various kitchen items hanging on it.
f417a5c8038544a59a9b94d8d0abfc2c,A1c55.jpg,"The image shows three old, silver-colored teapots on a black countertop. The kettle in the center has a black handle and spout, while the two on either side have a lid with a handle on top. All three pots appear to be made of metal and have a shiny finish. The countertop is made of concrete and there is a green wall in the background."
bfe087bc03484bf3b921a755f4b5c8f0,A1c56.jpg,"The image shows a black teapot with a lid and two handles on either side. It is sitting on a wooden table in front of a window with red and white checkered curtains. The kettle appears to be old and weathered, with a shiny finish. The handle on the right side of the kettle is curved and has a small knob on top. The lid is slightly open, and the spout is slightly curved. The window is open, letting in natural light."
5b836389f6b949e2945dbcfabf6dacee,A1c57.jpg,"The image shows an old, rusty metal object, which appears to be a trowel, lying on a wooden surface. The object is made of metal and has a long, curved handle with a pointed end. The body of the object is covered in rust and peeling paint, indicating that it has been used for a long time. In the background, there is a blue and white sign with the word ""INGRID"" written on it. The sign is rectangular in shape and has the number ""28 POUNDS"" written in white letters. The background is blurred, but it seems to be an indoor space with other items scattered around."
689f530378b149f398ae8c0bf777ab23,A1c58.jpg,"The image shows three kitchen utensils hanging on a green wall. On the left, there is a long, silver ladle with a hook at the end. Next to it, there are two smaller ladles, one with a long handle and the other with a round handle. The ladles are hanging from a hook on the wall, and on the right side of the image, there appears to be a spatula hanging from the hook. The wall is painted in a light green color, and there are a few kitchen items visible in the background."
ff82eeb885614d9d8a12fc25151424e3,A1c60.jpg,"The image is a photograph of a painting on a piece of paper. The painting is a landscape with a blue sky and white clouds. In the center of the painting, there is a white house with a red roof and a chimney. The house is surrounded by trees and bushes. The sky is a light blue with a few white clouds scattered across it. On the right side of the image, there are Chinese characters written in black ink. The paper appears to be slightly crumpled and has some writing on it."
fd248e5f000340fdbc5f69900f9dd13c,A1c65.jpg,"The image shows two small glass bottles with gold-colored lids. The bottle on the left is labeled ""Raspberry"" and has a label that reads ""Pure Essence Flavors"". The label also has an illustration of a raspberry plant and the words ""E.F. Langdale"" and ""London"" written on it. On the right side of the image, there is a small metal container with a label on it, which appears to be old and rusted. The container is sitting on a green shelf. The background is blurred, but it seems to be a kitchen countertop."
1db9f0e1b12a4f45b030c418877a265a,A1c66.jpg,"The image shows a large, rectangular metal box with a red handle on top. The box appears to be old and weathered, with peeling paint and rust visible on its surface. On top of the box, there are two wooden crates with the word ""Marmite"" written on them. The crates are stacked on top of each other, and there is a white curtain hanging on the right side of the image. The background is a green wall, and the floor is visible at the bottom."
f5c5326002c74e5e8c6c9ca1d10ac067,A1c66m.jpg,"The image shows an old, rusted metal cabinet with a faucet on the right side. The cabinet appears to be made of metal and has a rectangular shape with a flat top. It has a handle on the left side and a small opening on the front. The door is slightly ajar, revealing the interior of the cabinet. On top of the door, there are various tools and materials scattered around, including a bucket, a wrench, and a screwdriver. The background is a blue wall with a black panel."
c54ff7cba71248aea2083aab015a901f,A1c66x.jpg,"The image shows an old, rusted metal cabinet with a red handle on the front. The cabinet appears to be old and weathered, with peeling paint and rust visible on its surface. It is mounted on a metal stand with a green handle. On the right side of the cabinet, there is a white cabinet with two pots and pans on top. The background shows a white wall with a window and a shelf with clothes hanging on it. The floor is made of concrete and there are a few other items scattered around the room."
59aec1471e7b433b88b78dee46fc090f,A1c66y.jpg,"The image shows an old, rusted metal cabinet with a red handle on top. The cabinet appears to be old and weathered, with peeling paint and rust visible on the surface. It is mounted on a metal stand with two legs, and there is a pair of shoes and a bucket on the floor next to it. On the right side of the cabinet, there are two white cabinets with metal handles. Above the cabinet is a wooden crate with the word ""Marmite"" written on it. The background is a green wall with a white curtain hanging on it, and a door on the left side."
cf2384c7c14047579b1c40b9f5097ce4,A1c66z.jpg,"The image shows a large, rectangular metal container with a red handle on top. The container appears to be old and weathered, with peeling paint and rust visible on its surface. It is mounted on a metal stand with two pipes on either side. In the background, there is a wooden crate with the word ""Marmite"" written on it. The wall behind the container is painted in a light green color."
681c8f3939d44ad0b267846776304de5,A1c68&69.jpg,"The image shows a black cylindrical object, which appears to be a shovel or a trowel, lying on a wooden surface. The object is made of metal and has a smooth, shiny surface. It has a small opening on the top, which is likely used to open and close the object. Next to the object, there is a wooden handle with a curved end. The background is a green wall."
ff72b0d551da4d3d9c2dae9d387d3460,A1c7&143.jpg,"The image shows an old, rusted metal tool hanging on a green wall. The tool appears to be a scoop or a ladle, with a long handle and a round bowl at the end. It is hanging from a hook on the wall, and there are other kitchen utensils hanging on the right side of the image. The wall is painted a light green color, and the floor is visible at the bottom."
e689d7161c384654a694cbc48a5238c6,A1c77.jpg,"The image shows an old, rusted white stove with a black countertop. The stove appears to be in a room with green walls and a wooden floor. The top of the stove is covered in dirt and grime, indicating that it has been exposed to the elements for some time. There is a red bucket on the right side of the image and a white plate on the left side. In the center of the oven, there are two doors with metal handles and a latch. The doors appear to be old and weathered, with peeling paint and rust visible on the metal."
db0ba2f91cad428b80556d4ca26f239e,A1c78.jpg,"The image shows a brown ceramic pot with a lid and handle on a wooden shelf. The pot appears to be old and weathered, with peeling paint and rust visible on the surface. The lid is slightly domed and has a small knob on top. The handle is curved and has two small handles on either side. The shelf is painted in a light green color and is attached to a green wooden wall. On the top shelf, there are several cans of different sizes and colors, including red, yellow, and blue."
86b4efbc82954bc38f6c5ab3b1b03ba6,A1c78a.jpg,"The image is a close-up of a round, dark-colored object with a smooth surface. The object appears to be made of clay or a similar material and has a rough texture. On the surface, there is a small, oval-shaped object with an ancient Egyptian hieroglyphic design carved into it. The design features a head of a woman with long, flowing hair and a crown on her head. The woman's face is not visible in the image, but her expression is serious and contemplative. The overall appearance of the object is weathered and aged."
7b601c7f60b44e00b820068284c11df7,A1c78b.jpg,"The image shows a green wooden shelf attached to a green wall. On the shelf, there are six cans of Coca-Cola, each with a red and white label. The cans are arranged in a row and appear to be old and worn. Next to the cans, there is a brown ceramic pot with a lid and handle. The pot has a white rim and appears to be empty."
4c240290ffe5415e89bdccb0a6e3bc97,A1c80.jpg,"The image shows a white ceramic mug with a blue rim sitting on a wooden table in front of a window. The mug has a handle on the right side and a spout on the left side. The rim of the mug is slightly curved and has a small label on it that reads ""Osprey"". The background is blurred, but it appears to be a window with white curtains."
532c19a8e9874f278cb2f452d1450cf5,A1c89.jpg,"The image shows three wooden crates stacked on top of each other. The crates are made of light-colored wood and have the word ""Marmite"" written on them in black capital letters. The word ""1/2 DOZ"" is written in smaller letters below the word. The crate on the top left is slightly larger than the one on the bottom right, and the crate in the middle is slightly smaller. The background is a white wall."
82baebced736449a8f750c8430f3f0a9,A1c9.jpg,"The image shows a wooden table with a rolling pin on it. The rolling pin is white and appears to be old and weathered. Next to the rolling pin, there is a black bowl and a red and white checkered curtain. The table is in front of a window with white blinds. The background is dark and the overall mood of the image is gloomy."
d30d7e15b5ab452d8a9be6535add55e8,A1c90.jpg,"The image shows an old, white rectangular baking dish with a handle on one side and a green handle on the other side. The dish appears to be made of ceramic or porcelain and has a rusted and weathered appearance. It is sitting on a wooden table with a blue wall in the background. The edges of the dish are slightly frayed and there is a small amount of rust visible on the surface."
b0fd82a9d85b47c494f1e5459d508b39,A1c92a.jpg,"The image shows a small, round, silver-colored bowl with a scalloped edge. The bowl appears to be made of metal and has a smooth, polished surface. It is sitting on a wooden surface with a green wall in the background. The edges of the bowl are slightly curved and there is a small indentation in the center. The overall appearance is rustic and weathered."
7c17d912733d4af89b73600f99ffc1d7,A1c92b.jpg,"The image shows a small, round, silver-colored object on a wooden surface. It appears to be made of metal and has a smooth, shiny surface. The object has a dome-like shape with a pointed top and a flat base. The edges of the object are decorated with a scalloped pattern, giving it a textured appearance. The background is blurred, but it seems to be a wooden table or countertop."
f088174428da46e1b9edf6abc693672c,A1c94.jpg,"The image shows a small metal trash can with a perforated design. The trash can is made of metal and has a cylindrical shape with a flat base. It has multiple holes on the sides, which are arranged in a grid-like pattern. The holes are evenly spaced and appear to be made of a shiny, metallic material. The background is a light green wall, and the floor is wooden. The overall appearance of the trash can appears to be old and weathered."
649a28619940473ab513aa26070ea860,A1c97.jpg,"The image shows an old, rusted frying pan hanging on a green wooden wall. The pan is black in color and appears to be old and weathered. It has a long handle with a small hole in the center and a small tag attached to it. The wall is painted in a light green color and has peeling paint. The floor is visible at the bottom of the image."
5ad252561ec242a28f35105a147eb7df,A1c98.jpg,"The image shows a wooden mallet leaning against a green wall. The mallet is made of a light-colored wood and has a long, cylindrical head with a pointed end. The head is slightly curved and appears to be old and weathered. There is a small white tag attached to the mallet with a string. The wall behind it is painted a light green color and there is a metal hook on the right side of the image."
9f9ac986531d410dbfd8f20c02d2f3f4,A1d1.jpg,"The image shows an old, rusted metal hook hanging on a white wooden wall. The hook is made of metal and has a curved hook at the top with a hook attached to it. The body of the hook is circular in shape and appears to be made of a rusted, weathered metal. There is a small circular button on the bottom right corner of the body, which is likely used to secure the hook to the wall. On the top left corner, there is a label with the brand name ""JAPAN"" written on it."
f781712dbcad4276bea7e00848e0559b,A1d12.jpg,"The image shows a round, rusted metal object with a small knob on top. The object appears to be old and weathered, with visible signs of wear and tear. It is resting on a red surface with small pebbles scattered around it. The metal is rusted and has a rough texture, with some areas of the surface appearing to be chipped and discolored. There are two holes on either side of the object, likely for screws or bolts."
5bd4aa29d7ca48db919aa0f5d8727130,A1d18a.jpg,"The image shows an old, rusted metal container with a lid on a wooden table. The container appears to be made of metal and has a weathered, aged appearance. The lid is slightly open, revealing the contents inside. The surface of the container is covered in dirt and grime, indicating that it has been exposed to the elements for some time. The background is blurred, but it seems to be a room with a blue wall and a window."
5a0d843b910447b28cde846c91aa16b5,A1d18b.jpg,"The image shows an old, rusted metal container with a round lid. The container appears to be made of a reddish-brown material and has a rough texture. The lid has a small black screw on top, which is likely used to secure the lid in place. The background is blurred, but it seems to be a kitchen countertop with a red and white checkered tablecloth."
f405056387c6496e96b4e72c649a9901,A1d20.jpg,"The image shows a small glass bottle with a round neck and a small opening at the top. The bottle appears to be empty and is sitting on a wooden surface. The body of the bottle is covered in a layer of white substance, which is likely a substance used in the bottle. The surface of the substance is rough and uneven, with some areas appearing to be chipped and discolored. There is a small metal ring around the neck of the neck, which may be used to secure the bottle in place. The background is blurred, but it seems to be a concrete floor."
2f459fca6a3343d7a7e1af2d5a61e006,A1d21.jpg,"The image shows two metal objects, which appear to be mechanical components, resting on a brown textured surface. The objects are made of metal and have a round base with a hole in the center. On top of the base, there is a small metal rod with a threaded end, which is likely used to connect the two components together. The rod is silver in color and has a cylindrical shape with a pointed end. The metal has a rough texture and appears to be aged and weathered. There is also a piece of paper with some text on it next to the objects."
50a2f34fa1f54047ac2c7010b181022c,A1d22a.jpg,"The image is of a yellow tin can with the words ""Nine Elms Genuine Linseed Oil Putty"" written on it in blue and green. The can appears to be old and worn, with peeling paint and rust visible on the surface. The lid of the can is slightly open, revealing the contents inside. The background is blurred, but it seems to be a wooden table or countertop."
0e654cdece56408b9d29381ff22d12b6,A1d22b.jpg,"The image is of a yellow tin can with the words ""Certification Nap Mark"" written on it in black letters. The can appears to be old and worn, with peeling paint and rust visible on the surface. The label on the can reads ""1lb"" and ""Made in the USA"" in smaller letters. Below the label, there is a smaller text that reads ""Manufactured to T.W. Farmiloe Limited, Westminster"". The background is blurred, but it seems to be a wooden table or countertop."
92d57e6bbb1e4da29b1316eb3b6abc4e,A1d22d.jpg,"The image is of an old, rusted metal canister with a label on it. The label is white with black text that reads ""5-1lbs. Genuine Linseed Oil Putty. Thomas Hubbuck & Son, Ltd. Manufacturers, London."" The canister appears to be old and weathered, with peeling paint and rust visible on the surface. The background is blurred, but it seems to be a wooden table or countertop."
ed1277c0204340d2aa93b4869b75a950,A1d22e.jpg,"The image is of an old, rusted tin can with a label on it. The label is white with black text that reads ""5-lbs. Genuine Linseed Oil Putty. Thomas Hubbuck & Son, Ltd. Manufacturers, London."" The can appears to be old and weathered, with peeling paint and rust visible on the surface. The background is blurred, but it seems to be a kitchen countertop with various bottles of oil in the background."
5fd68202b43541b5ba5c8e928e6973d8,A1d31&32.jpg,"The image shows three old hand saws hanging on a blue wooden wall. The saws are of different sizes and shapes, with the largest one in the center and two smaller ones on either side. The largest saw has a red handle and a black blade, while the smaller one has a brown handle and an orange blade. All three saws appear to be old and worn, with some of the blades having a rough texture. The wall behind the saws is peeling and there is a small electrical outlet on the left side of the image."
326ae9dab2794ff394f1939b8a2883e7,A1d40.jpg,"The image shows a blue wooden surface with various tools scattered on it. On the left side of the image, there is a wooden chisel with a wooden handle and a metal blade. The blade appears to be old and weathered, with some rust and discoloration visible on the surface. Next to the blade, there are two other tools, one with a red handle and the other with a white handle. The tools are arranged in a horizontal line, with the blade pointing towards the right side. The background is a dark blue color, and there are a few pieces of paper and a plastic bag visible in the bottom right corner."
9589e6cecba44ab1922c4a7777aaaedb,A1d7.jpg,"The image shows an orange plastic bucket with a black handle and a white rim. The bucket is sitting on a wooden surface with a blue wall in the background. Inside the bucket, there is a small amount of dirt or grime. On top of the bucket is a black bag with a handle. The bag appears to be made of leather or a similar material."
0b4b9d0bceb045a297846e7d0e6f5515,A1e1.jpg,"The image shows a rusted metal pipe with a cylindrical shape and a threaded end. The pipe appears to be old and weathered, with visible signs of wear and tear. It is resting on a wooden surface, and there are several yellow and blue pipes visible in the background. The pipes are stacked on top of each other, and the background is dark and out of focus."
5f4b560fc9e04a97b0b2de684989322f,A1e101.jpg,"The image is a photograph of a wooden sign that reads ""British Crown Land"". The sign is rectangular in shape and appears to be made of light-colored wood with a weathered and aged appearance. The text is written in a cursive font and is in black ink. There are two screws on the top of the sign, one on each side, and a small hole in the center. The background is a blue wall with a shelf on the right side."
985d118923c64d93806266bea3855cf3,A1e1a.jpg,"The image shows a close-up of a rusted metal object, which appears to be a part of a machine or machinery. The object is round and has a hole in the center, which is covered in rust and has several small holes around it. The surface of the object is rusted and discolored, indicating that it has been exposed to the elements for some time. The background is blurred, but it seems to be an industrial or workshop setting with other machinery and equipment visible."
149ee1f6909d42709ef354c216de2f0b,A1e1b.jpg,"The image shows an old, rusted metal object on a wooden table. The object appears to be a cylindrical tube or cylinder with a rusted surface. It is covered in rust and has a yellow and black striped pattern on the top. On the right side of the image, there is a white metal comb with multiple rows of teeth. The comb is resting on the table, and there are a few other objects scattered around it. The background is dark and out of focus, but it seems like the table is in a workshop or garage."
e6db574e6a5843a39b69c656ea6395fa,A1e20.jpg,"The image shows an old, rusted metal object lying on a black surface. The object appears to be a cylindrical shape with a pointed end and a flat base. It is covered in rust and has a rusted texture. The surface of the object is rusted and chipped, indicating that it has been exposed to the elements for some time. In the background, there are two blue and yellow barrels, one on the left side and the other on the right side. The background is blurred, but it seems to be an industrial or workshop setting."
da758079d98f478fb8c4d9dc268c42ce,A1e24.jpg,"The image shows two old, rusted metal objects on a red surface. The objects appear to be a pair of connecting rods, with two circular holes in the center. The rods are made of metal and have a weathered, aged appearance. They are lying on a flat surface, possibly a table or countertop. The metal is rusted and has a rough texture, with visible signs of wear and tear."
5814c75e61154b2c909dace23c76256f,A1e25a.jpg,"The image shows an old, rusted engine mounted on a green metal frame. The engine appears to be old and weathered, with peeling paint and rust visible on its surface. The body of the engine is white and has several pipes and valves attached to it. There is a small circular metal plate in the center of the frame, which is likely used to hold the engine in place while it is being worked on. On the right side of the image, there is a green motor, which may be part of a larger machine or machinery. The background is a wooden floor."
3400b758298848e7b49bd1cd8ca5495d,A1e25c.jpg,"The image is a close-up of a rusted metal object. The object appears to be old and weathered, with a dark brown color and a rough texture. The surface of the object is covered in rust and grime, with some areas of the paint chipping away. In the center of the image, there is a small hole in the center, which is likely where the object has been exposed to the elements for some time. The background is blurred, but it seems to be an outdoor setting with other objects visible."
829fdf7643ab4251ab78b929cee09bff,A1e26.jpg,"The image is a close-up of a round metal object with a grid-like pattern. The object appears to be made of metal and has a weathered, aged appearance. The grid is made up of small, evenly spaced rectangles that are arranged in a symmetrical pattern, creating a lattice-like design. The edges of the object are slightly curved and there are two small holes on either side of the grid. The background is a reddish-brown color, which contrasts with the metal."
e1aa29aac75449929cd508e7b8a49e66,A1e28.jpg,"The image shows an old, rusted metal object lying on a red textured surface. The object appears to be a part of a vehicle's suspension system, as there is a long, curved arm with two small holes on either end. The arm is made of metal and has a rusted finish, indicating that it has been exposed to the elements for some time. There is a small hole in the center of the arm, possibly for a bolt or nut. The background is blurred, but it seems to be an indoor space with other objects visible."
839f5daf7c694e5e8c77fe50c68d1f74,A1e3.jpg,"The image shows three old, rusted metal cylinders on a metal surface. The cylinders are cylindrical in shape and appear to be old and weathered. They are arranged in a triangular formation, with the largest cylinder in the center and two smaller cylinders on either side. The cylinder on the left has a small hole in the middle, while the one on the right has a larger hole on the top and a smaller hole on top. All three cylinders have a label on them with the brand name ""Piston"" written on it. The metal surface has a grid-like pattern, and the background is a blue surface."
f2310b4963d045c2a6d76d1e53f916fe,A1e30.jpg,"The image shows an old, rusted metal pipe lying on a textured surface. The pipe appears to be made of metal and has a curved shape with a pointed end. It has a small hole on one end and a threaded end on the other end. The metal is rusted and weathered, with some areas of rust and discoloration visible on the surface. There is a small amount of dirt and grime on the pipe, indicating that it has been exposed to the elements for some time."
4b20b2c828904cad956f1a6088965e4e,A1e32.jpg,"The image shows a close-up of a rusty metal object on a wooden surface. The object appears to be a door handle or latch, with a rectangular shape and a flat base. The metal is rusted and has a rough texture, with some areas of rust and discoloration visible. There are two small holes on either side of the handle, which are likely used to secure it in place. In the top right corner of the image, there is a small metal plate with a hole in the center. The background is blurred, but it seems like the object is resting on a blue surface."
ffb5aee68b4941faaa4622da17fa45ba,A1e32z.jpg,"The image shows a black wooden table with three yellow and blue striped containers on it. The containers are cylindrical in shape and appear to be made of plastic or rubber. On the table, there is a rusty metal object, possibly a long, rectangular piece of metal, lying on its side. The metal appears to be old and weathered, with some rust and discoloration visible on its surface. The background is blurred, but it seems to be a workshop or storage area."
475fa720d90e4d16b76df6c93f947c8b,A1e34.jpg,"The image shows an old, rusted metal object lying on a red textured surface. The object appears to be made of metal and has a weathered, aged appearance. It has two small, cylindrical objects on either side of the body, which are covered in rust and peeling paint. The objects are connected by two long, curved rods that are attached to the body with screws. The rods are connected to a larger, rectangular object on the left side, which is likely a part of a larger machine or machinery. The surface of the object is covered in small, dark spots, indicating that it has been exposed to the elements for some time."
d2b737f800de45abaef55d3bf31c5bc9,A1e34a.jpg,"The image shows two old, rusted objects lying on a red textured surface. The objects appear to be made of metal and have a weathered, aged appearance. The top part of the object is a long, curved handle with a small hole in the center, while the bottom part is a smaller, elongated handle with two small holes on either end. The handle is slightly curved and has a rough texture. The object on the left is slightly larger than the one on the right, and it is slightly smaller in size. Both objects are resting on the surface of the surface."
449a3918fb6b42a8bbbff0eb8aa8179c,A1e4.jpg,"The image shows a round metal object with a hole in the center. The object appears to be made of metal and has a rusted and weathered appearance. It is resting on a wooden surface, and there are a few pieces of paper scattered around it. The paper has some text on it, but it is not clear what it says."
33d1545f54f84aae90fd2fd0fb8891ce,A1e41j.jpg,"The image shows a close-up of a metal object, which appears to be a part of a machine or machinery. The object is covered in rust and peeling paint, and there are several bolts and nuts scattered around it. On the left side of the image, there is a bolt with the word ""STOP START"" written on it, and on the right side, there are two bolts with the same word written on them. In the center of the object, there appears to have a small metal bolt with a threaded end, which is likely used to secure the bolt to the machine. The metal is rusted and has a rough texture, suggesting that it has been exposed to the elements for some time."
35216d18334d45e785d9991afabf874d,A1e41k.jpg,"The image shows a close-up of a metal object with a small hole in the center. The object appears to be made of a light-colored material, possibly concrete or metal, and has a rough texture. The hole is marked with the letters ""A"", ""B"", and ""C"" in black ink. On the right side of the image, there is a small amount of dirt or grime, and on the left side, there are a few small holes scattered around the hole. The background is blurred, but it seems to be a part of a larger structure or structure."
8c04d7b148524d6fb97c13bfbfb10ac7,A1e41l.jpg,"The image shows a close-up of a metal object, which appears to be a part of a machine or machinery. The object is white in color and has the word ""PUROLAND"" written on it in black letters. The word is written in a cursive font and is slightly faded, indicating that it has been exposed to the elements for some time. There is a small hole in the center of the object, possibly for a bolt or nut, and a chain attached to it. The background is blurred, but it seems to be an industrial or workshop setting."
435698d79d974f9d81036d08159f8958,A1e41m.jpg,"The image shows a close-up of an old, rusted fuel filter. The filter is black in color and has a label on it that reads ""AMAM FUEL"". The label also has some text written in yellow and black. The background is blurred, but it appears to be a part of a vehicle's engine or other mechanical components. The focus of the image is on the filter, which is slightly out of focus."
e30c011f5c7546188fdd53f4b7f33ebd,A1e41n.jpg,"The image is a close-up of a metal plate with the text ""British Patent NOS"" and ""Use this plate for engine timing purposes"" printed on it. The plate appears to be old and worn, with visible signs of wear and tear. The text is printed in black and is clearly visible. There are two screws on either side of the plate, one on the left side and one in the center. The background is blurred, but it seems to be a part of a vehicle's engine."
758174dc51194c2692c5500ef342c204,A1e41o.jpg,"The image shows a close-up of a metal plate on a machine. The plate is rectangular in shape and has two screws on either side. On the plate, there is a label that reads ""British Patent Nos. 5591683 6153887 6153588 6155588 6115588. Others Pending. Use this plate for engine timing purposes."" The label also has some text and numbers on it. The background is blurred, but it appears to be a part of a larger machine or machinery."
fe52cc57960440ff850c7d16ec5c7e9a,A1e41p.jpg,"The image shows a close-up of a rusty metal object with the word ""FRAM"" written on it in white letters. The object appears to be a part of a vehicle's engine, as there are several bolts and nuts visible on the right side of the image. The metal is rusted and has a rough texture, with some areas of rust and discoloration visible. The word is written in a cursive font and is slightly faded, indicating that it has been exposed to the elements for some time. The background is blurred, but it seems to be an industrial or workshop setting."
70f47016d5f546ce90280697488b9e5a,A1e41q.jpg,"The image shows a close-up of a rusty metal object, which appears to be a part of a machine or machinery. The object is white in color and has a rusted and weathered appearance. It has a cylindrical shape with a small hole in the center, which is likely a valve or a valve stem. There are several bolts and nuts attached to the object, and a chain is visible on the right side of the image. The metal is rusted, with some areas of rust and discoloration visible. The background is blurred, but it seems to be an industrial or workshop setting."
31bfa4d0227d48e7a68a496070e3a752,A1e41r.jpg,"The image shows a close-up of a metal object, which appears to be a part of a vehicle's engine. The object is round and has a textured surface with the word ""OIL"" written on it in capital letters. The text is written in a cursive font and is slightly faded, indicating that it has been exposed to the elements for some time. The background is blurred, but it seems like the object is resting on a metal surface, possibly a part part of the engine. There is a small amount of dirt or grime visible on the surface, suggesting that the object has been used for a long time."
16ad21bd104d4350a02a70ebddf08691,A1e41s.jpg,"The image shows a close-up of the inside of a green machine. The machine appears to be old and rusted, with peeling paint and rust visible on the surface. The center of the machine is open, revealing the inner workings. Inside the machine, there are several wires and cables that are tangled and tangled together. The wires are of different sizes and shapes, and some are larger than others. There is also a small metal plate on the right side of the image, which is likely used to hold the machine in place while it is being worked on. The background is a wooden surface, possibly a table or countertop."
98aee97ff3f841dc9105762ee54cb8d4,A1e41t.jpg,"The image shows a close-up of a green metal structure, which appears to be a part of a machine or machinery. The structure is made of metal and has a rectangular shape with a hole in the center. Inside the hole, there is a circular metal plate with a black wire attached to it. The wire is coiled around the plate and is secured to the metal frame with screws. The metal plate is covered in rust and grime, indicating that it has been exposed to the elements for some time. The background is dark and out of focus, making the green color of the structure stand out."
4c2bd549341946d09b76ba4f42df7447,A1e41u.jpg,"The image shows a close-up of a green machine with a circular base. The base appears to be made of metal and has a rusted and weathered appearance. There are several bolts and nuts attached to the base, which are likely used to secure it in place. The top of the base is covered in rust and grime, indicating that it has been exposed to the elements for some time. The background is blurred, but it seems to be a workshop or garage with various tools and equipment visible."
4d6da1b1f5044730ac5873a8d1dc1de9,A1e41v.jpg,"The image shows a close-up of a metal object, which appears to be a part of a vehicle's engine. The object is made of metal and has a rusted and corroded appearance. It has a cylindrical shape with a small hole in the center, which is likely where the engine is located. There are two bolts on either side of the hole, which are likely used to secure the engine in place. The metal is silver in color and has some rust and peeling paint on it. The background is blurred, but it seems to be an outdoor setting with a green metal frame."
2bb581cf82134df78957052aedac64ed,A1e41w.jpg,"The image shows a close-up of a green metal object, which appears to be a part of a machine or machinery. The object is covered in rust and peeling paint, and there is a small metal plate on the right side of the image. The plate has a rectangular shape with a small hole in the center. Above the plate, there are several bolts and nuts, which are used to secure the object in place. The background is blurred, but it seems to be an industrial setting with a rusty metal wheel visible in the top right corner."
8a8ae70589bb4efa92712d658251ab78,A1e41x.jpg,"The image is a close-up of a metal plate on a green surface. The plate is rectangular in shape and appears to be made of metal. It has a textured surface with a rough, uneven texture. The text on the plate reads ""Auto Diesels Ltd. Alternator Serum"" in bold, black letters. Below the text, there are several numbers and letters arranged in a grid-like pattern. The numbers range from 0 to 9, and the letters are in a larger font size than the rest of the text. There are also two screws on either side of the plate, which are likely used to secure it in place. The background of the image is blurred, but it seems to be a part of a larger machine or machinery."
d8f8c7590c8d468d90d81a6cf6cc88a6,A1e41y.jpg,"The image shows an old-fashioned air compressor on display in a museum. The compressor is made of metal and is mounted on a green metal frame. It has a large, cylindrical engine with multiple pipes and valves attached to it. The engine is white in color and appears to be in good condition. On the right side of the compressor, there is a smaller, green machine with a motor attached to the front. The machine is sitting on a black platform with a wooden floor and a wooden wall in the background."
427c41544277417c932d5e585cc55eda,A1e41z.jpg,"The image shows an old-fashioned air compressor on a green metal stand. The compressor is green in color and has a cylindrical shape with a handle on the left side. It appears to be made of metal and has several pipes and valves attached to it. On the right side of the compressor, there is a large white engine with a black hose attached to the front. The engine is mounted on a wooden base and is sitting on a tiled floor. In the background, there are shelves with various items on them."
27e0362355dc488f852615e54c5cada7,A1e42.jpg,"The image shows an old, rusted metal box with a handle on top. The box appears to be made of metal and has a rectangular shape with rounded edges. The handle is curved and has two small holes on either side. The top of the box has a small knob on the side, which is likely used to open and close the lid. The metal is rusted and weathered, indicating that it has been exposed to the elements for some time. The background is a concrete floor with a grid pattern."
f4e360139a814a3ebe19706414a7e93b,A1e45.jpg,"The image shows an old, rusted metal canister with a cork stopper on top. The canister is black in color and appears to be old and weathered. It is sitting on a wooden table with other items scattered around it. On the right side of the image, there is a small metal container with a label on it, and on the left side, there are a few other items on the table. In the background, there appears to have a shelf with books and other items."
2248e85c1c944e7ea847cbfbb4544c66,A1e50&d21.jpg,"The image shows a pair of rusty metal flanges on a metal surface. The flanges are circular in shape and have a hole in the center. They are attached to a metal bracket with a screw on one end and a bolt on the other end. The metal appears to be old and weathered, with visible signs of wear and tear. The background is a textured surface with a grid pattern."
fd8a47861c0b4aa898afd49364e4f827,A1e57.jpg,"The image shows a close-up of a person's hand holding a small, rectangular object. The object appears to be made of a light-colored material, possibly stone or concrete, and has a rough texture. The surface of the object is covered in small, dark spots and stains, indicating that it has been exposed to the elements for some time. The background is blurred, but it seems to be a workshop or garage with various tools and equipment scattered around."
72d0c90e76034365a4273f3e7270becd,A1e66.jpg,"The image shows an old, rusted electronic device, which appears to be a power supply unit, sitting on top of a wooden box. The device is black in color and has a rectangular shape with rounded edges. It has a label on the front with some text on it, and there are several wires and connectors attached to it. The box is open, and the background is filled with various tools and equipment. The overall appearance of the device is cluttered and disorganized."
416c5dd6107c4dd8a9d30f9aa6a83308,A1e7a.jpg,"The image shows an old, rusted metal object, which appears to be a part of a machine or machinery. The object is rectangular in shape and has a hole in the center. It is made of metal and has several holes around the edges. The surface of the object is covered in rust and grime, indicating that it has been exposed to the elements for some time. The background is blurred, but it seems to be an industrial setting with other machinery and equipment visible."
55ed916a7de14957bdbe6e9b2045e9f6,A1e7b.jpg,"The image shows an old, rusted engine block on a machine. The engine block is made of metal and appears to be old and weathered, with visible signs of wear and tear. It has a cylindrical shape with a hole in the center, which is likely where the engine is located. There are several bolts and nuts scattered around the block, and a cardboard box is visible in the background. The machine is sitting on a wooden floor, and there are other tools and equipment scattered around it."
a997c98bf8f549bba09cb19d90e2805e,A1e8.jpg,"The image shows an old, rusted metal object lying on a wooden surface. The object appears to be a part of a larger machine or machinery, possibly a part that is being used in a workshop or garage. It has a rectangular shape with a flat top and a flat bottom. On the left side of the object, there is a large, circular metal plate with a hole in the center. Next to it, there are several other metal parts, including a wrench, a screwdriver, and a blue and yellow bucket. The metal parts are rusted and weathered, indicating that they have been exposed to the elements for some time. The background is blurred, but it seems to be an outdoor setting with other tools and equipment scattered around."
158b64cf9c1d4af8ac7f72a9beb209ac,A1e9 (2).jpg,"The image shows a close-up of a metal object, which appears to be a part of a machine or machinery. The object is made of metal and has a rusted and weathered appearance. It has a cylindrical shape with a flat base and a small opening on the top. The body of the object is covered in dirt and grime, indicating that it has been exposed to the elements for some time. On the right side of the image, there is a white cylinder with a clock face on it. The background is blurred, but it seems to be an industrial setting with other machinery and equipment visible."
414f36f72b204666b5fd747fb6026074,A1e9.jpg,"The image shows a small wooden screwdriver lying on a wooden surface. The screwdriver has a long, cylindrical body with a pointed tip and a flat base. The body of the screwdriver is made of a light-colored wood, possibly pine or birch, and appears to be weathered and aged. The wood has a rough texture, with some areas of the wood appearing to be chipped and chipped. The surface of the surface is dark and weathered, with visible cracks and chips. The background is blurred, but it seems to be a wooden table or countertop."
a540dc38a526466c9dc594d11a62644d,A1f1.jpg,"The image shows an old, rusted white bathtub sitting on a wooden countertop in a bathroom. The bathtub appears to be old and weathered, with peeling paint and rust visible on its surface. There is a small brush in the center of the bathtub, and various tools and materials scattered around it. On the right side of the countertop, there is a blue wall with a whiteboard and a faucet. The overall appearance of the bathroom is cluttered and disorganized."
e1d09458e13a45aa9e877bbb2ac50257,A1f11.jpg,"The image is a photograph of a blue box of S.R. toothpaste. The box is rectangular in shape and has a white label on the top with the brand name ""S.R."" written in red and white letters. The label also has a red ""S"" in the center, which is the logo of the brand. On the right side of the box, there is a white barcode with the word ""toothpaste"" written on it. The background of the image is blurred, but it appears to be a brown surface."
9b3c77682f9043ee8ed24cf50423dd63,A1f14.jpg,"The image shows three tubes of Macleans toothpaste on a brown cardboard surface. The tubes are white with blue and red text that reads ""Macleans Peroxide Tooth Paste"". The tube on the left has the brand name ""New Formula"" written on it, while the one on the right has the product name ""Clean teeth whitener than ever before"". The tubes appear to be new and unused."
95fb60a99cc941fa9fee704734db28e5,A1f15.jpg,"The image shows two tubes of toothpaste lying on a brown surface. The tube on the left is white with orange and blue text that reads ""New Formula"" and ""Dental Toothpaste"". The tube in the middle is also white and has the same text as the one on the right. Both tubes appear to be new and unused."
4e5fb2b1193c4b0482db82f49c54e8ac,A1f16.jpg,"The image shows an old, weathered, oval-shaped metal object hanging on a blue wall. The object appears to be made of metal and has a rough, textured surface. It has a handle on top for easy carrying. The wall behind the object is painted blue and there is a shelf on the left side of the image with various items on it. The floor is made of wooden planks."
c2315253bd7c4b4388c85e1696c05e0e,A1f17.jpg,"The image shows a pair of surgical instruments, specifically a forceps, lying on a beige-colored surface. The forceps are made of metal and have a silver-colored body with a pointed tip and a curved handle. The handle is attached to the body of the forceps with a small loop at the end, which is used to hold the blades in place while they are being held in place. There is also a small white tag attached to one of the blades, which appears to be a label or tag holder."
1c7fe96da73e4122aee83bea49fd2f3e,A1f17_2a.jpg,"The image shows a small metal tool, which appears to be a hand tool, lying on a beige-colored surface. The tool has a long, curved handle with a pointed end and a small, pointed tip. The body of the tool is made of metal and has a textured surface for better grip. The handle is slightly curved and the tip is slightly pointed. There is a small hole in the center of the handle, likely for attaching the tool to a piece of wood or other materials."
6f9b937f73e14cfe9f53ef70de7d4786,A1f17_2b.jpg,"The image shows a small metal object, which appears to be a pair of tongs, lying on a beige-colored surface. The tongs are made of metal and have a curved handle with a pointed tip at the end. The handle has a small knob on one end, which is likely used to adjust the angle of the tongs. The body of the handle is slightly curved and has a textured surface, likely for better grip. There is a small amount of dirt or grime visible on the surface, indicating that the object has been used for a long time."
095ed2f26a6146fdbc769fc8761326fd,A1f17a.jpg,"The image shows a small metal tool with a long handle and a pointed tip. The handle is made of metal and has a black plastic casing with a small hole in the center. The tip of the handle is curved and appears to be made of steel. The tool is resting on a brown cardboard surface. There is a small white tag attached to the handle with the word ""LIFE"" written on it."
5e409756c7f84c3b8fdece9699c32f0a,A1f18a.jpg,"The image shows a wooden table with various items on it. On the left side of the table, there is a black safety razor with a silver handle and a black blade. Next to the razor, there are two white safety razor blades, one with a curved handle and the other with a straight handle. There is also a small white tag attached to one of the blades. The background is a blue wall."
f3492f0f1767414295dd959b568ce4f1,A1f2.jpg,"The image shows a small, rectangular object with a rough, uneven surface. It appears to be made of wood or a similar material, possibly a piece of driftwood or driftwood. The object has a rectangular shape with rounded edges and a flat base. On top of the object, there are several small, pointed teeth that are arranged in a grid-like pattern. The teeth are of different sizes and colors, including blue, green, and white. The background is a beige-colored surface, possibly cardboard or cardboard."
04efff951d364d7aa1d3d73a9f677384,A1f20&5.jpg,"The image shows a small metal container with an orange label that reads ""Elastoplast Elastic Adhesive Bandage"". The container is cylindrical in shape and appears to be old and rusted. Next to the container, there is a roll of pink adhesive tape. The adhesive tape is lying on a wooden surface with a blue wall in the background."
4a7558ffbc1740689ec7baffc7da2eb7,A1f21.jpg,"The image is a close-up of a round tin canister with a red and white label on it. The label has the words ""Ascorbic Acid Tablets"" written in bold black letters at the top, followed by ""500"" in smaller black letters. Below the text, there is a smaller text that reads ""Made in the USA"" in white letters. The canister appears to be made of metal and has a silver rim. The background is a beige-colored cardboard surface."
d5c2e15307124766a6aa21a6ec0239e5,A1f22a.jpg,"The image shows a small glass bottle with a metal stopper. The bottle is made of clear glass and has a label on it that reads ""Vaseline Hair Tonic"". The label also has some text written on it, which appears to be a description of the product. The background is a blue wall, and the bottle is sitting on a wooden surface."
b1265525ca9a48698aa0cbd4f0efa14c,A1f22b.jpg,"The image is of a small glass bottle with a metal stopper. The bottle is made of clear glass and has a label on it. The label has a green background with white text. The text on the label reads ""Viburnum Hand Tonic"" in a cursive font. Below the text, there is a small amount of text that appears to be a description of the product. The background is a light blue color, and the bottle is sitting on a wooden surface."
1c4fcb0d4d3544d28b2892c1d8dee7ee,A1f22c.jpg,"The image shows a small glass bottle with a metal stopper. The bottle is empty and is placed on a wooden surface. The label on the bottle is yellowed with age and has some text written on it. The background is a blue wall with a shadow cast on it, casting a long shadow on the wall."
567bee78456b411e992dd6bbedcd1840,A1f2b.jpg,"The image shows a small wooden brush with a white bristled head. The brush is resting on a blue plastic container with the word ""ALL"" written on it in black letters. The bristles of the brush are light brown in color and appear to be made of wood. The container is rectangular in shape and has a handle on top for easy carrying. The background is a beige carpeted floor."
6b287c48a3c54b35bb22abb7e91bdf77,A1f4.jpg,"The image shows a small glass bottle with a black cap. The bottle is empty and is standing upright on a wooden surface. The background is a blue wall with a shadow cast on it. The glass is transparent and appears to be made of clear glass. The cap is slightly tilted to the side, and the bottle is facing towards the right side of the image."
d222bc2db8274e03b8dae7e35601dc8f,1964 extension basis.jpg,"The image shows three men working on a wooden structure in a construction site. The structure appears to be a wooden frame with wooden planks and beams. The men are standing on a pile of rubble and debris, and one of them is holding a hammer. The background shows a mountain range with snow-capped peaks. The sky is blue and the overall mood of the image is one of hard work and dedication."
d1609953fd984d17a5a94ca8900fbc0b,1964 extension.jpg,"The image shows a construction site with a large wooden structure in the foreground. The structure appears to be a single-story building with a sloping roof and multiple windows. The walls of the structure are made of wooden planks and there is a ladder leaning against one of them. In the background, there are mountains and a clear blue sky. The ground is covered in rubble and debris, and there are a few pieces of wood and other construction materials scattered around. The image is taken from a low angle, looking up at the structure."
fc0a632a15fd42c1ab0f22a95b4f1422,Afternoon smoko.jpg,"The image shows a group of six men sitting around a wooden table in a living room. The room has a bookshelf on the left side and a window with floral curtains on the right side. There is a guitar hanging on the wall in the background. The men are engaged in a conversation and appear to be of different ages and ethnicities. One of the men is standing with his hands on his head, while the others are seated around the table. On the table, there are various items such as a laptop, a coffee maker, and a cup of coffee. The overall atmosphere of the room is cozy and relaxed."
e1ff422048c5482abc511efd18fc996f,At the bar.jpg,"The image shows two men sitting at a bar counter. The man on the left is wearing a gray shirt and glasses and is holding a glass of beer. He is looking at the camera with a surprised expression on his face. On the right side of the image, there is a man with a beard and glasses playing an acoustic guitar. Behind them, there are shelves filled with bottles of alcohol and cans of soda. The bar counter is made of wood and has a sign that reads ""Bar""."
3c472295fd9747b0aa43553cc7cfb2b6,Bar and firreplacee taking shape.jpg,"The image shows a man working in a workshop. He is kneeling on the floor and is working on a piece of wood with a hammer. The wood appears to be old and weathered, with peeling paint and rust visible on the surface. There is a red pillar on the left side of the image and a window with colorful curtains on the right side. In the background, there is a workbench with various tools and materials scattered around. The man is wearing a blue shirt and jeans and is focused on his work."
9f33ebcc5f054f0b96c54244c85562a8,Bathroom.jpg,"The image shows a man standing in a room with a red carpet. He is wearing a red plaid shirt, green pants, and brown shoes. He has short dark hair and is holding a wooden stick in his right hand. The room appears to be a workshop or garage, as there are various tools and equipment visible in the background. On the left side of the image, there is a black wood-burning stove and a metal trash can. The man is looking at the camera with a serious expression on his face."
a57ec9797d13473cb798fa6cb9225bd3,Building the new bar.jpg,"The image shows two men working in a workshop. They are standing in front of a workbench with various tools and materials scattered on it. The man on the left is holding a wooden plank and appears to be working on a piece of wood, while the man in the middle is using a chisel to cut through it. There is a guitar hanging on the wall behind them and a window with colorful curtains in the background. The workshop appears to have a cluttered and messy floor."
eb9cf65b13e344a59e2577489e239be3,Bunkroom cleaning.jpg,"The image shows a man in a room with a bunk bed. He is wearing a plaid shirt, jeans, and shoes. He has a beard and is holding a wooden stick in his right hand. The room appears to be cluttered with various items, including a rug, clothes, and other miscellaneous items. The bunk bed is covered with a green tarpaulin sheet and there is a window with colorful curtains in the background. The floor is covered in a red and blue patterned rug."
fca725f89fbe4bdb86b56a228a05440f,Completed extension.jpg,"The image shows a large black building with multiple windows and a chimney on top. The building is located on a rocky shore with mountains in the background. The sky is clear and blue, and the ground is covered in small rocks and pebbles. There are a few other buildings and structures scattered around the building. The image appears to be taken from a low angle, looking up at the building and the mountains."
bba3f062bc3d4c08b5a68b6ad7456b7e,"Diesel mech, electrician in new extension.jpg","The image shows a man standing in a room with a desk and a dartboard in the background. He is wearing a plaid shirt, khaki pants, and black shoes. He has his arms raised above his head and is holding a dart in his right hand. The man appears to be in the middle of a game, as he is looking up at the sky with a focused expression on his face. On the desk, there are various tools and equipment, including a lamp, a book, and a few other items. The room is cluttered with various items, including books, papers, and other miscellaneous items."
b7348c63768f4e8cb698b20021024f88,Extension disappears.jpg,"The image shows a large wooden building with multiple windows and a chimney on top, located on a rocky shore covered in snow. The building appears to be a cabin or a lodge, with a sloping roof and multiple chimneys. In the background, there are snow-covered mountains and a body of water. The sky is clear and blue, and the overall scene is peaceful and serene."
3ace3cf71af949b1bf95b8561f1e07bc,Filling water tank in summer.jpg,The image shows a man standing in a room with a large metal bucket hanging from the ceiling. He is holding the bucket with both hands and appears to be pouring something into it. The man has a beard and is wearing a white shirt and brown pants. The room has a wooden door on the right side and a light fixture on the left side. The walls are painted white and there is a red cloth hanging from a hook on the wall. The overall mood of the image is one of concentration and focus.
a16b42e8c5aa413c9aaef5627e278430,Finishing new extension.jpg,"The image shows two men working on the roof of a wooden cabin. The cabin is located on a rocky shore with a mountain in the background. The sky is overcast and the ground is covered in snow. The men are wearing jackets and appear to be in the process of installing or repairing the cabin. One of the men is kneeling on the ground, while the other is standing next to him, holding a hammer and appears to be working on a piece of wood. There are several pipes and other construction materials scattered around the cabin, suggesting that it is being built or repaired."
e8e68c961dc241479a80328637ac6866,From the sea ice.jpg,"The image shows a vast expanse of snow-covered ground with a mountain range in the background. The sky is clear and blue, and the mountains are covered in a thick layer of snow. In the center of the image, there is a small building with a red roof and white walls, which appears to be a cabin or a lodge. The building is surrounded by a few poles and wires, and there are a few other structures scattered around the base of the building. The ground is also covered in snow, and some of the mountains have snow-capped peaks. The overall scene is peaceful and serene, with a sense of solitude and solitude."
ff099ad324f24f998a3a915aa61704c5,Geology office.jpg,"The image shows a young man sitting at a wooden desk in a workshop. He is wearing a black sweater and grey pants and is holding a pen in his hand. On the desk, there are various tools and materials scattered around, including a laptop, a paintbrush, and a paint palette. Behind the man, there is a window with a view of a city skyline. The walls are painted blue and there are several framed pictures hanging on the wall. The overall atmosphere of the workshop appears to be cluttered and messy."
10cc19fcc94146fb9cd4ac6c9c4f05e2,Library laughter.jpg,"The image shows two men in a room with bookshelves. The man on the left is sitting in a chair and is wearing a blue shirt with a white logo on it. He is holding a cup of coffee in his hand and appears to be laughing. The other man is standing next to him, wearing a gray sweater and glasses. He has a big smile on his face and is gesturing with his hands as if he is explaining something to the other man. There is a window in the background with curtains and a lamp hanging from the ceiling. The room is cluttered with various items, including a desk, a chair, and a bookshelf."
31739fa3b81c45eaa8eaf3b3843dd0c0,Louge relaxation.jpg,"The image shows two young men sitting in a small room with a red carpeted floor. They are both wearing plaid shirts and jeans and are resting their heads on a red armchair. The man on the left is lying on his back with his eyes closed and his head resting on the armrest of the chair. He is holding a book in his hands and appears to be engrossed in reading it. On the right side of the image, there is a small wooden table with a cup of coffee on it. In the background, there are two windows with colorful curtains and a guitar hanging on the wall. The room appears to have a cozy and relaxed atmosphere."
e120afd83e3644e8b799b1374586c93a,Lounge scrubout.jpg,"The image shows two men in a room with red flooring. They are kneeling on the floor and appear to be working on a project. The man on the left is wearing a gray shirt and blue jeans, while the man in the middle is wearing glasses and a plaid shirt. Both men are holding tools in their hands and are focused on their work. There are two buckets on either side of the men, one on the right side and one in the center. The background shows a red wall and a white door."
7e56d67ca75242788605ee1d656b504c,Making new harnesses.JPG,"The image shows a man sitting on a wooden chair in a room. He is wearing a blue t-shirt and blue pants and is bending over to pick up a piece of fabric from the chair. The fabric appears to be beige in color and has a floral pattern on it. The man is looking down at the fabric with a focused expression on his face. In the background, there is a framed picture hanging on the wall and a wooden ladder leaning against the wall. The image is taken from a low angle, looking up at the man."
c511505d73324b1d99c1e8555d577b82,Medium size female husky.jpg,"The image shows a man standing on a rocky terrain with a large dog on a leash. The man is wearing a plaid shirt, khaki pants, and black shoes. He is holding the dog in his arms and appears to be petting it gently. The dog is standing on its hind legs and is looking up at the man with a curious expression. In the background, there are mountains and a clear blue sky. The ground is covered in small rocks and pebbles."
73a141b11ce94f7f92a55a47b03c661c,Midwinter celebrations.jpg,"The image shows a group of five men sitting around a wooden table in a room with bookshelves in the background. The table is covered with plates, cups, and other decorative items. On the left side of the table, there is a man wearing a paper crown on his head. He is holding a plate with a piece of cake on it and appears to be serving it to the other three men. The man on the right side is wearing a black suit and a yellow hat, and he is also holding a glass of wine. In the center of the group, there are two men wearing black suits and hats, one of whom is holding up a camera. All of them are smiling and seem to be enjoying themselves."
77870418d5f44fc285fd29020ada467a,More unloading.jpg,"The image shows a rocky beach with a large glacier in the background. The glacier is covered in snow and ice, and the sky is a pale pink color. In the foreground, there is a pile of sandbags and a wooden crate on the shore. The sandbags are stacked on top of each other and appear to be filled with various items. There are also a few people walking on the beach. The overall mood of the image is cold and desolate."
8224ccdb828d446399c74e863535c486,Noticeboard.jpg,"The image shows a man standing in a room with a green wall. He is wearing a red and black checkered shirt and green pants. He appears to be looking off to the side with a serious expression on his face. On the wall behind him, there is a bulletin board with various papers and notes pinned to it. The papers are of different sizes and colors, and some are hanging on the wall. The room has a concrete floor and a metal door in the background."
64a2dc8220b84d7eb3c65e8b2b9ea974,Party time.jpg,"The image shows a group of six men sitting around a wooden bar counter in a room with a stone wall and wooden beams. The bar counter is made of stone and has a sign that reads ""Sledgers"" above it. There are several bottles of beer on the counter and a shelf on the right side of the image with various items on it. The men are engaged in conversation and appear to be enjoying each other's company. There is a clock hanging on the wall above the bar and a door on the left side. The room appears to be old and dilapidated, with peeling paint and peeling walls."
3dee644f19124a7499fcf9b735ff2cfc,Pretend radio op.jpg,"The image shows a man sitting in a recording studio, holding a microphone and speaking into it. He is wearing a plaid shirt and has a beard. The room is dimly lit, with a clock hanging on the wall in the background. There are various audio equipment and equipment scattered around the room, including a radio, a microphone stand, and a control panel. The man appears to be deep in thought, with his eyes closed and a slight smile on his face."
24708e85a26f41339582a4da9c53afab,Proper radio op.jpg,"The image shows a young man sitting at a desk in a control room. He is wearing a blue plaid shirt and has curly hair and a beard. He has a smile on his face and is looking directly at the camera. Behind him, there are various electronic devices and a clock hanging on the wall. On the desk, there is a radio and a piece of paper with some text on it. The room appears to be old and dilapidated, with peeling paint and peeling walls."
0b187c9b9dbd42dcaa465a6fee399c39,Radio shack.jpg,"The image shows a cluttered room with a desk and two chairs. The desk is made of wood and has a computer monitor, keyboard, and other office supplies on it. There is a lamp on the left side of the desk and a shelf on the right side. The walls are painted in a dark blue color with a patterned wallpaper. The floor is covered in debris and there is a window in the background. The room appears to be abandoned and cluttered."
2d6d60d9a68e402e801bf184ee5fde47,Relaxing in library.jpg,"The image shows a man sitting on a green armchair in a cluttered room. He is wearing a green plaid shirt, green pants, and black boots. He has a beard and glasses and is holding a book in his hands. The room is filled with various items, including books, records, and other miscellaneous items. The floor is covered with a red carpet with a floral pattern. The walls are painted white and there is a window in the background."
9e2d1cb6e6134f4f8683e95a2f2b1cef,Relaxing in lounge.jpg,"The image shows two men sitting in a living room. The man on the left is lying on a blue armchair with his feet up in the air, reading a newspaper. He is wearing a white shirt and khaki pants and appears to be relaxed and comfortable. On the right side of the image, there is another man sitting on the armchair, wearing a beige shirt and glasses. He has a beard and is looking at the newspaper with a serious expression on his face. In the background, there are bookshelves and a red wall with a sign that reads ""FIDS""."
bc1060c98f0f48a38efae167f1c7b010,Relaxing on new extension roof.jpg,"The image shows a group of four men sitting on the roof of a wooden cabin. The cabin is located on a rocky shore with snow-capped mountains in the background. The men are shirtless and appear to be relaxed and enjoying themselves. One of the men is lying on his back with his head resting on a table in front of him. Another man is sitting on a bench next to him, while the third man is lying down with his arms stretched out to the sides. All four men are wearing casual clothes and are looking at the camera. The sky is blue and the overall mood of the image is peaceful and relaxed."
129fa639dba244a7ac0190e63b09433d,repairs for sledging season.jpg,"The image shows a young man sitting at a wooden table in a room with red walls. He is wearing a plaid shirt and blue jeans and is working on a sewing machine. On the table, there are several cans of thread and a cardboard box. The man is holding a piece of fabric in his hands and appears to be focused on his work. There are several flags hanging on the wall behind him and a window with curtains on the left side of the image. The floor is covered with a red carpet."
55c13b5e9bfa46febe0b9f05bbe1e2b7,Repairs.jpg,"The image shows a young man working on a sewing machine in a workshop. He is wearing a plaid shirt and appears to be focused on his work. The sewing machine is black and has a red cross on it. The background is a red wall with a white electrical box hanging on it, and there are clothes hanging on a rack on the right side of the image. The man is holding a piece of fabric in his hands and seems to be working on it with precision."
822ead858f4842fa8c67ba8f88ab6a3e,Restocking coal bunker.jpg,"The image shows three men standing on a wooden platform in front of a small cabin in the snow. The cabin appears to be made of wood and has a chimney on the right side. The men are wearing jackets, pants, and boots, and one of them is wearing a green jacket. They are standing on the platform and appear to be working on the cabin. In the background, there are mountains covered in snow and a clear blue sky. There are also some bags and other items scattered around the platform. The image appears to have been taken during the winter season."
40f535be904a492d88b6c562ac239b05,RRS JB in Back Bay.jpg,"The image shows a vast expanse of ice and snow-covered mountains in the background. The sky is clear and blue, and the ground is covered in small rocks and pebbles. In the foreground, there is a pile of wooden planks stacked on top of each other. On the right side of the image, there are a few mountains with snow-capped peaks. In front of the mountains, there appears to be a large body of water with a small boat in the distance. The overall scene is peaceful and serene."
8538506188b84c48a402475fa6c3e025,RRS JB unloading at Stonington.jpg,"The image shows a large red and white ship sailing on a frozen lake with snow-covered mountains in the background. The sky is clear and blue, and the water is a deep blue-green color. The ship appears to be a cargo ship, with a pointed bow and a large antenna on top. There are several people on the deck of the ship, some of whom are holding onto a rope, while others are standing on the shore. The mountains are covered in snow and ice, and there are a few small islands visible in the distance. The overall scene is peaceful and serene."
1d192bde73a443758e84f95620912b86,RRS JB unloading.jpg,"The image shows a large red ship sailing on a body of water. The ship appears to be a cargo ship, with multiple antennas and other equipment on its deck. The water is a deep blue-green color, and there are small waves visible on the surface. In the background, there are snow-covered mountains and a clear blue sky. The image is taken from a low angle, looking up at the ship. The overall mood of the image is peaceful and serene."
13b16173505b4cea9255a0b1c8dee605,RRS JB wedged into Back Bay ice.jpg,"The image shows a large red and white ship sailing on a frozen lake with mountains in the background. The sky is clear and blue, and the water is a deep blue-green color. The ship appears to be a research vessel, as there are several cranes and other equipment visible on the deck. On the right side of the image, there is a group of people standing on a rocky shore, looking out towards the horizon. The mountains are covered in snow and ice, and there are a few icebergs visible in the distance. The overall scene is peaceful and serene."
2afc619eb8dd445db7f50c42136c7a58,Saturday night at the bar.jpg,"The image shows a group of six men sitting in a room with a wooden ceiling and a window in the background. They are all wearing plaid shirts and are playing ukuleles. The man in the center is holding a ukelele and appears to be playing it, while the other three men are sitting on stools around him. There are banners hanging on the wall behind them and a sign that reads ""NIMROD"". The room appears to have a rustic and cozy feel to it."
4213d22bee534e8fb37118f54d66c892,Scrubout.jpg,"The image shows two young men sitting on a red carpeted floor in a room with a red wall in the background. They are both wearing casual clothes and appear to be working on a project. The man on the left is wearing a gray shirt and blue jeans, while the man in the middle is wearing glasses and a plaid shirt. Both men are holding a piece of fabric in their hands and are focused on their work. There are two buckets on either side of the men, one on the floor and the other on the right. On the wall behind them, there are several colorful flags and posters hanging. The room appears to be a library or study with bookshelves and a green chair."
20ec2a8d2d104c33bce489a61ee86325,Snow arrives.jpg,"The image is a landscape photograph of a snowy mountain range. The sky is overcast and the ground is covered in a thick layer of snow. In the foreground, there is a large rock formation with a few smaller rocks scattered around it. On the right side of the image, there are several small buildings and structures that appear to be made of wood and metal. The buildings are arranged in a grid-like pattern and are surrounded by a fence. The mountains in the background are also covered in snow and have a jagged edge. The overall mood of the photograph is cold and desolate."
651550c921dc4d2f965be94e22afbd47,Sometimes they were quite clean.jpg,"The image shows a large white dog lying on a snow-covered ground. The dog appears to be a Samoyed, with a fluffy coat of fur covering its body and head. It is resting its head on its front paws and its eyes are closed, as if it is sleeping or resting. In the background, there is a wooden fence and a body of water, possibly a lake or a river. The sky is blue and the overall mood of the image is peaceful and serene."
ae361b6981a240e9b844894363d8b8a0,Stonington from Neny Island.jpg,"The image is a landscape photograph of a vast expanse of snow-covered mountains. The sky is clear and blue, and the mountains are covered in a blanket of snow. In the foreground, there is a person standing on a rocky cliff, looking out at the vastness of the landscape. The person is wearing a backpack and appears to be deep in thought. The mountains in the background are also covered in snow, and they are silhouetted against the sky. The overall mood of the image is peaceful and serene."
5964ed59dbd44b96b5b9f8b22530598e,Survey office (1).jpg,"The image shows a man sitting at a desk in an office. He is wearing a red and black checkered shirt and blue jeans. He appears to be working on a project, as he is holding a pen and writing in a notebook. The desk is cluttered with various items such as papers, books, and other office supplies. There is a window on the right side of the image, through which we can see a view of the ocean. On the left side, there is a shelf with books, a lamp, and a picture of a woman. The walls are painted in a bright orange color, and there are various tools and equipment scattered around the room."
9210acc46aec451cbd734e89a9c9d20d,Survey office 2.jpg,"In this image, we can see a man standing in a room with blue walls and a desk in the background. He is wearing a plaid shirt and blue overalls and is holding a roll of blue fabric in his hands. He appears to be working on a project, as there are various tools and materials scattered around the room. The man seems to be focused on his work."
8a1ab1de18724f539ba0a2bd52775d16,Survey office relaxation.jpg,"The image shows a man sitting at a desk in an office. He is wearing a light blue shirt and dark pants and is holding a pen in his hand. The desk is cluttered with various items such as a lamp, a computer monitor, and other office supplies. On the wall behind the desk, there is a framed map of a mountain range. The room appears to be dimly lit, with a window visible in the background. The overall mood of the image is one of concentration and focus."
1afeb7ed19f14e85b78396582f76252a,Unloading 1.jpg,"The image shows a group of dogs pulling a sled through a frozen lake. The lake is covered in snow and ice, and there are mountains in the background. The sky is blue and clear, and the mountains are covered in a blanket of snow. In the distance, there is a large glacier with a red boat on the right side of the image. The dogs are brown and white, and they are pulling the sled through the snow. There is a person standing on the sled, and it appears to be a rescue team."
b12c3c2cd1534be097fe8689133ab426,Usual view from sledge (2).jpg,"The image shows a group of dogs pulling a sled through a snowy landscape. The dogs are of different colors - brown, black, and white - and are harnessed to the sled with ropes. The sled is being pulled by a person wearing a red and black jacket. In the background, there are mountains covered in snow and a clear blue sky. The image appears to be taken from a low angle, looking up at the dogs."
5d9b0cd7abd94d14a46149081a685c4d,Usual view from sledge.jpg,"The image shows a group of white dogs walking on a snow-covered field. In the background, there is a large red ship with multiple antennas and other equipment on its deck. The ship appears to be a fishing vessel, as there are several people visible in the distance. The sky is overcast and the overall mood of the image is cold and desolate."
21dc7c3bd8cb49a291a020b130157533,Winter set in.jpg,"The image shows a snowy mountain landscape with a small building in the foreground. The building appears to be a cabin or a lodge, with a red roof and white walls. It is surrounded by snow-covered mountains in the background. The sky is clear and blue, and there are a few power lines visible in the distance. The mountains are covered in a thick layer of snow, and the overall scene is peaceful and serene."
a1ae2206ca65418caf6793ceaff4503f,Writing survey report.jpg,"The image shows a man sitting at a desk in an office. He is wearing a red and black checkered shirt and blue jeans. He has short dark hair and is looking down at a calculator in his hands. The desk is cluttered with papers, books, and other office supplies. There is a lamp on the desk and a window in the background. The man appears to be focused on his work."
4bba40fd1e1747a0ab2c382153a57948,DSC_7114.JPG,"The image shows the exterior of a black wooden building with a red roof. The building appears to be a small, two-story structure with a sloping roof and a small window on the right side. The window has a white frame and a red trim around the edges. On the left side of the building, there is a rocky wall with a large rock formation. The sky is overcast and the overall mood of the image is gloomy."
a8011461178541ceb007df31e1d4a9e4,DSC_7115.JPG,The image shows the exterior of a black wooden house with a red roof. The house has a sloping roof with horizontal slats and a chimney on the right side. There is a small window on the left side of the roof with white shutters. The walls of the house are made of gray rocks and there is a large rock on the ground next to the chimney. The sky is overcast and the overall mood of the image is gloomy.
ece057726e084be480de642e2c4fac1a,DSC_7116.JPG,"The image shows the exterior of a black wooden building with a red roof. The building appears to be a small, two-story structure with a sloping roof and a small window on the second floor. The window has white frames and is located on the right side of the building. On the left side, there is a rocky wall with a small flag hanging from it. The sky is overcast and the overall mood of the image is gloomy."
9581c135422c4dc887140868ef0aef7e,DSC_7117.JPG,"The image shows a wooden walkway leading up to a rocky cliff on the left side of the image. The walkway is made of black wooden planks and has two red windows on the top. On the right side, there is a metal pole with a black pipe attached to it. The background shows a mountain range with snow-capped peaks. The sky is overcast and the overall mood of the photo is cold and desolate."
46c7f892ff98409395203fe965a74602,DSC_7118.JPG,"The image shows a black wooden structure with a red roof and a small window on the side. The structure appears to be a part of a building or a structure, as there is a chimney on the right side of the image. The roof is made of wooden planks and has a sloping design. The wall on the left side is made up of large rocks and boulders, and there are a few pipes running along the top of the structure. The sky is overcast and the overall atmosphere is gloomy."
df249e1919444425b9d82f2668c9c183,DSC_7119.JPG,"The image shows a narrow wooden walkway leading up to a stone wall on the left side of the image. The walkway is made of black wooden planks and has a red roof. On the right side, there is a small window with a white frame and a red trim. The wall is covered in small rocks and pebbles, and there are a few pipes running along the length of the walkway. The sky is overcast and the overall mood of the photo is gloomy."
5028b6b2ecf34ab8ad093b9f5e569d28,DSC_7120.JPG,"The image shows a narrow wooden walkway leading up to a black building with a red roof. The walkway is made of wooden planks and has a small window on the right side. On the left side of the walkway, there is a stone wall made up of large rocks. The sky is visible in the background. The building appears to be old and weathered, with some cracks and chips in the wood."
cb5fa2707e3943dda9c3336f02af701d,DSC_7121.JPG,"The image shows a small black building with a red roof and a white window. The building appears to be made of stone and has a steep cliff on the left side. The cliff is made up of large, irregularly shaped rocks and boulders. On top of the cliff, there is a small wooden structure with a ladder leaning against it. The sky is overcast and the overall mood of the image is gloomy."
f1e0429b786549ad9d30b8601057c4ab,DSC_7122.JPG,"The image shows a small black building with a red roof and a small window on the side. The building appears to be made of wood and has a sloping roof. The window has a white frame and is located on the right side of the building. On the left side, there is a stone wall with a rough texture. The sky is overcast and the overall mood of the image is gloomy."
7a24a833ffd04eb29d70d55bc018f024,DSC_7123.JPG,"The image shows a small black building with a red roof and a white window. The building appears to be a small, single-story structure with a sloping roof. The walls of the building are made of large, irregularly shaped rocks and boulders, and there is a steep cliff on the left side of the image. The sky is overcast and the overall mood of the photo is gloomy."
d5b45458c15848038a1c2707f645034b,DSC_7124.JPG,"The image shows a small black building with a red roof. The building appears to be a small, single-story structure with a sloping roof and a small window on the right side. The window has white glass panes and is framed by a red trim. On the left side of the building, there is a stone wall with a rough texture. The sky is visible in the background."
b622deeb94c5445cbe8ef573bb792859,DSC_7125.JPG,"The image shows the exterior of a black building with a red roof. The building appears to be a single-story structure with a sloping roof and a small window on the right side. The window has a white frame and is framed by a red trim. On the left side of the building, there is a stone wall with a rough texture. The sky is visible in the background."
b655ada8ab9d4742a214696c462c87b6,DSC_7126.JPG,"The image shows a close-up of the exterior of a black building with a red roof. The building appears to be a two-story structure with a sloping roof and a small window on the right side. The window has white glass panes and is framed by a red trim. On the left side of the building, there is a stone wall with a rough texture. The sky is visible in the background."
b56fa4d705f54b81b0f012b7320fbcde,DSC_7127.JPG,"The image shows a close-up of the exterior of a black building with a red roof. The building appears to be a two-story structure with a sloping roof and a small window on the right side. The window has white glass panes and is framed by a red trim. On the left side of the building, there is a stone wall with a rough texture. The sky is visible in the background."
70262855e876492e86b84653e57e2213,DSC_7128.JPG,"The image shows a small black building with a red roof. The building appears to be a part of a larger structure, possibly a house or a structure with a sloping roof. On the left side of the image, there is a pile of rocks and pebbles. In the center of the building, there are two small windows with white frames. The windows are rectangular in shape and appear to be made of glass. The roof is made of black tiles and has a red trim around the edges. The image is taken from a high angle, looking down on the building."
ca8d91b764864ced9b4046b43014e7f2,DSC_7129.JPG,"The image shows the exterior of a black building with a red roof. The building appears to be old and dilapidated, with peeling paint and crumbling walls. On the left side of the image, there is a pile of rocks and pebbles, and on the right side, there are stairs leading up to the entrance of the building. In the center of the entrance, there has a small window with a white frame and a red trim. The sky is overcast, and the overall mood of the photo is gloomy and abandoned."
97d69fe6123146af91d3cbfd506eb8cc,DSC_7130.JPG,"The image shows a close-up of the side of a building with a red roof and a black wall. The wall is made up of small rocks and pebbles, and there is a small window on the right side of the wall with a white frame. The window has a red trim and appears to be made of glass. Below the window, there are two black panels, one on the left side and one in the center. The panels are arranged in a horizontal line, with the top panel being slightly larger than the bottom panel. The overall appearance of the building is rustic and weathered."
57220c4f002e4943a734abef13b533a7,DSC_7131.JPG,"The image shows a close-up of the exterior of a black building with a red roof. The building appears to be a two-story structure with a sloping roof and a small window on the right side. The walls of the building are made of stone and there is a small pile of rubble on the left side of the image. The roof is covered with a black tarpaulin sheet, which is likely used to protect the building from the elements. The window is rectangular in shape and has a white frame. The image is taken from a low angle, looking up at the building."
1f7f842e145441db87f6af076c1c380e,DSC_7132.JPG,"The image shows a close-up of a black metal structure with a red stripe running along the top. The structure appears to be a part of a building or a structure, as there is a small window on the right side of the image. The wall on the left side is made up of small rocks and pebbles, and the background is white. The image is taken from a low angle, looking up at the structure."
7e1baf72ddec40c393efb52c27c203e8,DSC_7133.JPG,"The image shows a small black building with a red window on the side. The building appears to be made of metal and has a sloping roof. The window has a white frame and is located on the right side of the building. On the left side, there is a pile of rocks and pebbles. The sky is visible in the background. The image is taken from a low angle, looking up at the building from below."
666e5007c74d4231b752988527c67e42,DSC_7134.JPG,"The image shows a small black building with a red window on the side. The building appears to be made of wood and has a sloping roof. The window has a white frame and is located on the right side of the building. On the left side, there is a pile of rocks and boulders. The sky is overcast and the ground is covered in snow. The image is taken from a low angle, looking up at the building from below."
949daec693f040539cb4949197c25787,DSC_7135.JPG,"The image shows a close-up of the exterior of a black building with a red roof. The roof appears to be old and weathered, with peeling paint and chipped paint. There is a small window on the top of the roof, and a metal railing on the right side. On the left side of the image, there is a black panel with a white label attached to it. The label has some text on it, but it is not clear what it says. The background is white, and the overall color scheme of the building is black and red."
bd74961044624d1f9c96409ee2eaefd1,DSC_7136.JPG,"The image shows a close-up of a black metal structure with a red roof. The structure appears to be a part of a building or a construction site, as there is a pile of rocks on the left side of the image. On top of the structure, there are several wires and cables connected to it. The wires are black and appear to be made of metal, while the cables are white and black. There is also a small red box on the roof, which is likely used to store and transport the wires. The background is blurred, but it seems to be an outdoor setting with trees and shrubs."
45a8e089a4234719ab6d907a3e0aad8c,DSC_7137.JPG,"The image shows a black building with a red roof and a white window. The building appears to be a lighthouse or a lighthouse tower, as there is a stone wall on the left side of the image. The roof is made of black shingles and there are two red windows on the top of the building. The windows are rectangular in shape and have white frames. There are wires and cables running along the bottom of the roof. The sky is overcast and the overall mood of the photo is gloomy."
bc8b460ac7684818903d1b6745df2226,DSC_7138.JPG,"The image shows a close-up of the exterior of a black building with a red trim. The building appears to be made of wood and has a rectangular shape with a flat roof. The walls of the building are painted black and there is a small window on the right side of the image. The window has a white frame and is framed by a red border. On the wall, there are several small rectangular holes and a small white label with black text. The label has a black and white image of a person's face on it. The background is white."
5d5b6f0542674d57b4028a3b3245f04d,DSC_7139.JPG,"The image shows a black building with red windows on the side. The building appears to be made of wood and has a sloping roof. The windows are rectangular in shape and have white frames. There is a small window on the right side of the building and a small electrical outlet on the left side. In the background, there is a rocky cliff and a wooden fence. The sky is overcast and the overall mood of the image is gloomy."
8591d70625bf4de7a3173485c3508fe2,DSC_7140.JPG,"The image shows a close-up of a black metal box with a red stripe on the side. The box appears to be old and weathered, with peeling paint and rust visible on the surface. There is a label on the front of the box with some text and images on it. The background is blurred, but it seems to be an outdoor setting with a stone wall on the left side and a blue sky on the right side."
bcf70e3a1db54932a9dca0292f64711d,DSC_7141.JPG,"The image shows a black metal box with a label on it. The box appears to be old and weathered, with peeling paint and rust visible on the surface. The label has a picture of a building and some text on it, but it is not clear what it says. The background shows a pile of rocks and a wooden fence. The overall mood of the image is one of neglect and abandonment."
01d6f6d1de2c4eaea5d6ffab7fcbca7c,DSC_7142.JPG,"The image shows a small black building with a red door and window. The building appears to be made of wood and has a sloping roof. The door is rectangular in shape with a small window in the center. The window has a white frame and is framed by a red trim. On the left side of the building, there is a wooden fence and a stone wall. In the background, there are mountains and a clear blue sky."
7bf10f471a29499a9217377a55e42434,DSC_7143.JPG,"The image shows a small black building with a red door and a small window on the side. The building appears to be made of wood and has a sloping roof. The window has a white frame and is located in the center of the building. On the top right corner of the door, there is a small white sign with a black outline. The background is a stone wall. The sky is blue and there are a few clouds visible."
6be52af495124a68b79afdc055682b4d,DSC_7144.JPG,"The image shows a close-up of a black building with two red windows. The building appears to be made of wood and has a sloping roof. The windows are rectangular in shape and have white frames. The red trim around the windows is slightly curved, giving the building a modern and minimalist look. The sky is visible in the background, and the overall mood of the image is bright and sunny."
20cca794523c40a08dd573f3df2f1045,DSC_7145.JPG,"The image shows a close-up of a black building with two red windows on the side. The building appears to be made of wood and has a sloping roof. The windows are rectangular in shape and have white frames. The red frame is slightly larger than the black frame and is slightly smaller than the white frame. The background is blurred, but it seems to be a cloudy sky. On the left side of the image, there is a wooden wall with horizontal slats."
66cd472a966343ae97457a5b76b32003,DSC_7146.JPG,"The image shows a close-up of a black building with two red windows on the side. The building appears to be made of wood and has a sloping roof. The windows are rectangular in shape and have white frames. The red trim around the windows is slightly curved and extends to the right side of the building. The sky is visible in the background, and the overall color scheme of the image is black and red."
c605e6e9beb94f4abadcef0f7230aee6,DSC_7147.JPG,"The image shows a close-up of a black building with a red window on the side. The building appears to be made of wood and has a sloping roof. The window has a white frame and is located on the right side of the building. The sky is blue and there are a few clouds visible in the background. The image is taken from a low angle, looking up at the window."
8086c685e1be43348691810ca26089ee,DSC_7148.JPG,"The image shows a close-up of a black wall with a red trim. The wall appears to be part of a building or a structure, as there is a small window on the right side of the wall. The window has a white frame and is rectangular in shape. The red trim is slightly curved and extends from the top to the bottom of the image. On the left side, there are wooden slats that are arranged in a vertical pattern. The sky is visible in the background, and the overall color scheme of the building is black and red."
88da6d9046f24ea197abfcb86bce3ed6,DSC_7149.JPG,"The image shows a close-up of a black wall with two red windows on it. The wall appears to be part of a building, as there is a wooden slatted wall on the left side of the image. The windows are rectangular in shape and have white frames with red trim. The red trim is slightly curved and extends from the top to the bottom of the wall. The sky is visible in the background, and the overall color scheme of the building is black and red."
2f1583239c3c41db9ebbc01bc1c18874,DSC_7150.JPG,"The image shows a close-up of the exterior of a black building with two red windows. The building appears to be made of wood and has a sloping roof. The windows are rectangular in shape and have white shutters on them. On the right side of the building, there is a red pipe that runs along the bottom right corner. The sky is visible in the background."
6a62bc4b4687496c9dfa4dfa7b80e08a,DSC_7151.JPG,"The image shows a close-up of the exterior of a black building with two red windows. The building appears to be made of wood and has a sloping roof. On the left side of the image, there is a pile of wooden planks stacked on top of each other. The planks are arranged in a vertical manner, with the topmost planks being the largest and the bottommost being the smallest. The windows are rectangular in shape and have white frames with red trim. The background is blurred, but it seems to be an outdoor setting with trees and a blue sky."
9f5e888e7bcf412ab4781fd16c4f5405,DSC_7152.JPG,"The image shows a black building with red windows on the right side and a wooden walkway on the left side. The building appears to be a small cabin or a cabin with a sloping roof. The walkway is made of wooden planks and leads up to the entrance of the building. In the background, there are several penguins walking on the rocky shore. The sky is overcast and there are mountains in the distance. The overall mood of the image is peaceful and serene."
7b5785a2ba73444a92aa289f8e00e07b,DSC_7153.JPG,"The image shows a wooden walkway leading up to a black building with three red windows. The walkway is made of wooden planks and is supported by a metal railing. The building appears to be old and dilapidated, with pebbles and rocks scattered around the walkway. The windows are rectangular in shape and have white frames. The sky is overcast and the overall mood of the image is gloomy."
70720ee201e84c99a337be3203556f3a,DSC_7154.JPG,"The image shows the interior of a small red and black shed with a black roof. The shed appears to be made of wood and has a sloping roof. On the left side of the shed, there is a wooden staircase leading up to the entrance. On top of the stairs, there are several tools and equipment scattered around, including a hammer, a screwdriver, and a pair of pliers. There is also a small wooden box with a blue label on it. The background is white, and the sky is overcast."
c219aba69e674f9dac18a8ee4616ed2f,DSC_7155.JPG,"The image shows the exterior of a small black building with a red roof. The building appears to be made of wood and has a sloping roof. There is a small window on the top of the building with white curtains. On the right side of the image, there is a black chimney with a black pipe running along the side. Below the chimney, there are two red boxes and a blue box with a white label. There are also a few wooden sticks and other construction materials scattered around the building. The background is white."
b2efd528d61442d091644642deae8486,DSC_7156.JPG,"The image shows a close-up of the exterior of a black building with a red roof. The building appears to be made of wood and has a sloping roof. There are two red windows on the top of the building, one with white curtains and the other with red trim. The windows are rectangular in shape and have a small window in the center. On the right side of the image, there is a black pipe running along the side. The sky is blue and there are a few clouds visible in the background."
37bdc9f913fb4d92a5d4b673b45d140b,DSC_7157.JPG,"The image shows a small red and black building with a black door and windows. The building appears to be made of wood and has a sloping roof. On the left side of the building, there is a wooden staircase leading up to the entrance. The stairs are made of light-colored wood and have a railing on the right side. In the background, there are snow-covered mountains and a clear blue sky. The image is taken from a low angle, looking up at the building."
e76c27cbd9934355a833e4b3787c705b,DSC_7158.JPG,"The image shows a wooden staircase leading up to a red and black cabin on a rocky shore. The cabin has a sloping roof and a small window on the right side. The stairs are made of wooden planks and have a railing on the left side. In the background, there is a body of water with snow-capped mountains in the distance. The sky is overcast and the overall mood of the image is cold and desolate."
a9917542a0c04462a2c7cef12e809669,DSC_7159.JPG,"The image shows a wooden ladder leaning against a large rock formation. The ladder appears to be made of wooden planks and is leaning against the side of the rock formation, with a few people walking on it. The rock formation is covered in snow and ice, and the sky is visible in the background. The image is taken from a high angle, looking down on the ladder."
c1ffde1b092349fe9b0a953171cb7490,DSC_7160.JPG,"The image shows a wooden ladder leaning against a large rock formation. The ladder appears to be made of wooden planks and is leaning against the side of the rock formation, which is covered in snow and ice. The rock formation is made up of large, jagged rocks and boulders, and there is a layer of snow on the right side. The sky is visible in the top right corner of the image, and the overall scene is cold and desolate."
a42d5ed083a147b181e0c6c2d6ae4556,DSC_7161.JPG,"The image shows the entrance of a small red building with a black roof. The building appears to be made of wood and has a red door on the right side. On the left side of the entrance, there is a wooden staircase leading up to the entrance. The staircase is made of light-colored wood and is supported by a wooden railing. On top of the stairs, there are two red boxes and a small plaque with a picture of a bird on it. The plaque has a blue and white design on it, and there are a few other items scattered around the stairs. The background is white, and the building is surrounded by rocks and boulders."
0c43f28570b847a5a82f4f8730ddea06,DSC_7162.JPG,"The image shows the exterior of a small red and black building with a black roof. The building appears to be a construction site, as there is a wooden staircase leading up to the entrance. On the left side of the image, there are large rocks and boulders, and on the right side, there is another building with white walls and a red door. The sky is overcast, and there are a few construction materials scattered around the building. The image is taken from a low angle, looking up at the building from below."
c54a9265da8447b695d238e40454c33a,DSC_7163.JPG,"The image shows the exterior of a black building with a red roof. The building appears to be a lighthouse or a lighthouse, as there is a large rock on the left side of the image and a wooden staircase on the right side. The roof of the building is covered in black shingles, and there are two small windows on the wall. The windows have white curtains and there is an orange plaque on the bottom right corner. The sky is blue and the overall atmosphere is peaceful and serene."
886c5c85b910400bbb0077e3f9f17490,DSC_7164.JPG,"The image shows the exterior of a small red and black building with a black roof. The building appears to be under construction, as there are wooden beams and scaffolding visible on the left side of the image. On the roof, there are various tools and materials scattered around, including a ladder, a bucket, and a pair of pliers. The sky is overcast and the ground is covered in rocks and debris. The image is taken from a high angle, looking down on the building."
3c2734066c0343edbc45f7dc55bdf512,DSC_7165.JPG,"The image shows the exterior of a small black building with a red roof. The building appears to be made of wood and has a sloping roof. There is a small window on the top of the building with white curtains. On the right side of the roof, there is a black chimney with a black pipe running along the top. Next to the chimney, there are two red and white signs with text on them. The sign on the left side has a wooden railing and there are a few rocks and boulders scattered around the building. The sky is blue and the overall atmosphere of the image is bright and sunny."
40aa66d26a6e4639b926d6481d0ba5ff,DSC_7166.JPG,"The image shows the exterior of a small black building with a red roof. The building appears to be made of wood and has a sloping roof. There is a small window on the top of the building with white curtains. On the right side of the roof, there is a black chimney with a black pipe. Next to the chimney, there are two red and white signs with text on them. The sky is blue and there are a few clouds in the background. The image is taken from a low angle, looking up at the building."
b420f50376b8420090cdff76b4f04203,DSC_7167.JPG,"The image shows a small black building with a red roof and two red windows. The building appears to be a small structure with a sloping roof and a chimney on the right side. On the left side of the building, there is a pile of large rocks and a wooden fence. The sky is blue and there are a few clouds visible in the background. There are two small signs on the wall next to the building."
ef0d0f807c16433698bde6578411c694,DSC_7168.JPG,"The image shows the exterior of a small black and red building with a red roof. The building has a small window on the top and a small door on the right side. On the left side of the building, there is a wooden staircase leading up to the entrance. The staircase is made of wooden planks and is supported by a wooden railing. The walls of the structure are made of black tiles and there are two red and white signs on the wall. The sky is blue and the weather appears to be sunny and clear."
9bc0955f947248edb97305040e094531,DSC_7169.JPG,"The image shows the exterior of a small red and black building with a red door. The building appears to be made of wood and has a sloping roof. On the left side of the image, there is a wooden staircase leading up to the entrance of the building. The stairs are made of light-colored wood and have a wooden railing on the right side. There is a small window on the front of the door with a white frame. Above the window, there are two framed pictures hanging on the wall. The sky is overcast and the ground is covered in snow."
4812106eed914dabb80e165605440f30,DSC_7170.JPG,"The image shows a small red and black building with a red door and a white window. The building appears to be made of wood and has a sloping roof. On the left side of the building, there is a wooden staircase leading up to the second floor. The staircase is made of wooden planks and is supported by a wooden railing. The sky is overcast and the ground is covered in snow."
f714c18eb7ad4d7996e0e4ec9eeff709,DSC_7171.JPG,"The image shows a small black building with a red door and white windows. The building appears to be made of wood and has a sloping roof. On the left side of the building, there is a wooden staircase leading up to the entrance. The staircase is made of wooden planks and is supported by a wooden railing. The sky is overcast and the ground is covered in snow."
a22cd34b206b4c22bcf1e481bf1d2284,DSC_7172.JPG,"The image shows a black and red building with a red roof. The building has two windows on the top and a small door on the bottom. On the right side of the building, there is a wooden staircase leading up to the entrance. The staircase is made of wooden planks and is supported by a stone wall. The sky is blue with some clouds in the background. The image appears to be taken from a high vantage point, looking down on the building."
51e6507155304de387c549d532495897,DSC_7173.JPG,"The image shows a small black and red building with a red door and windows. The building is located on a rocky cliff with a wooden staircase leading up to the second floor. The stairs are made of wooden planks and have a railing on the left side. On the right side of the building, there is a small chimney with a black pipe. The sky is blue with some clouds in the background. The image appears to be taken from a high angle, looking down on the building."
e615e53dcc8449c1abc183b57c6055c5,DSC_7174.JPG,"The image shows a two-story building with a red door and white windows. The building is located on a rocky cliff on the left side of the image. The sky is blue and there are a few clouds visible in the background. On the top of the building, there is a wooden staircase leading up to the second floor. The stairs are made of wood and have a railing on either side. There is a small sign on the door that reads ""Welcome to the building"". The building appears to be old and dilapidated, with peeling paint and crumbling walls."
68d72636efa84dfc957ebf3461d81f61,DSC_7175.JPG,"The image shows a small black and red building with a red door and windows. The building is located on a rocky cliff with a wooden staircase leading up to the entrance. The stairs are made of wooden planks and have a railing on the left side. On the right side of the building, there is a small chimney with a black chimney cap. The sky is overcast and the overall mood of the image is gloomy."
c966458164714205b1bcc1fc97f050a4,DSC_7176.JPG,"The image shows a small red and black building with a black roof and a white door. The building appears to be a lighthouse or a lighthouse tower, as there is a wooden ladder leaning against the side of the building. The ladder is made of wood and has a small window on the right side. There is a small sign on the top right corner of the roof that reads ""Lighthouse"". The building is located on a rocky cliff, and the sky is visible in the background."
567b044d786448519f01e803729e5045,DSC_7177.JPG,"The image shows a two-story building with a red roof and black walls. The building has a small balcony on the second floor with white windows. There is a wooden ladder leaning against the wall on the left side of the building. The sky is blue and there are a few clouds visible in the background. The image appears to be taken from a high vantage point, looking down on the building from above."
64ca399709d8452e8cac0f475c207eb0,DSC_7178.JPG,"The image shows a red and black building with two windows on the side. The building appears to be a two-story structure with a sloping roof and a chimney on the right side. There is a ladder leaning against the side of the building and a few people can be seen working on it. On the left side, there is a large rock formation. The sky is overcast and the overall mood of the image is gloomy."
a66f53ea872e42fbbf6e636af840cc4b,DSC_7179.JPG,"The image shows a red and black building with two windows on the side. The building appears to be a two-story structure with a flat roof and a balcony on the top. The balcony has a wooden railing and a small window on the right side. On the left side of the building, there is a large rock formation. The sky is visible in the background. The image is taken from a high angle, looking down on the building."
3af778e8184f49a3b71fbe6770ef0370,DSC_7180.JPG,"The image shows a black building with red windows on the side. The building appears to be a two-story structure with a flat roof and a red door on the top. The windows are rectangular in shape and have white frames. The exterior of the building is painted black and there is a large rock formation on the left side of the image. The sky is blue and there are a few clouds visible in the background. The image is taken from a high angle, looking down on the building."
a2265c4b08f34a75b2abd32581101634,DSC_7181.JPG,"The image shows a black building with three red windows on the side. The building appears to be a two-story structure with a flat roof and a sloping roof. The windows are rectangular in shape and have white frames. On the left side of the building, there is a large rock formation covered in plastic wrap. The sky is blue and there are a few clouds visible in the background. The image is taken from a high angle, looking down on the building."
48a3c1ad93bd4487b3e402d6c5c3a725,DSC_7182.JPG,"The image shows a black building with two red windows on the side. The building appears to be a two-story structure with a flat roof and a sloping roof. The windows are rectangular in shape and have white frames. On the left side of the building, there is a large rock formation covered in plastic wrap. The sky is blue and there are a few clouds visible in the background. There are also a few construction workers visible on the building."
f7f4d3ef1b8f42ebb4567ccfe35c053a,DSC_7183.JPG,"The image shows a black building with red windows on the side. The building appears to be a two-story structure with a flat roof and a sloping roof. The windows are rectangular in shape and have white frames. The exterior of the building is covered in a black tarpaulin sheet, which is likely to protect the windows from the elements. On the left side of the image, there is a large rock formation with a few rocks and boulders scattered around. The sky is blue and there are a few clouds in the background."
e78d6cc869134519b556c3e56b574226,DSC_7184.JPG,"The image shows a black building with two red windows on the side. The building appears to be a small, two-story structure with a sloping roof. The windows are rectangular in shape and have white frames. On the left side of the building, there is a rocky cliff with a group of penguins walking on it. The sky is blue and there are a few clouds in the background. The penguins are black and white in color and are walking towards the building."
e753f4c615c743319c0029375d91d154,DSC_7185.JPG,"The image shows a black building with red windows on the right side. The building appears to be made of wood and has a sloping roof. On the left side of the building, there is a rocky cliff with a group of penguins standing on it. The penguins are black and white in color and are standing on the edge of the cliff. The sky is blue and there are a few clouds in the background."
67e02fcfd9ac4c8da699901e741597f2,DSC_7186.JPG,"The image shows a small black building with two red windows on the right side. The building appears to be made of concrete and has a sloping roof. On the left side of the building, there is a rocky cliff with a group of penguins walking on it. The penguins are black and white in color and are walking towards the building. The sky is blue and there are a few clouds in the background."
01f0cd61adb64b4b83b903fe688445aa,DSC_7187.JPG,"The image shows a small black building with two red windows on the right side. The building appears to be made of concrete and has a sloping roof. On the left side of the building, there are several penguins standing on the edge of a cliff. The penguins are black and white in color and are facing towards the building. The sky is blue and there are a few clouds in the background. The image is taken from a high angle, looking down on the building and the penguins."
4c0ac09a836b4f329ff955dda65578ff,DSC_7188.JPG,"The image shows a black building with two red windows on the right side. The building appears to be a small structure with a sloping roof and a small balcony on the left side. On the balcony, there are several penguins standing on the edge of the building. The penguins are black and white in color and are facing towards the right. The sky is blue and there are a few clouds in the background. The image is taken from a high angle, looking down on the building and the penguins."
3dee2a7a93214427a4c78edb7a283ddf,DSC_7189.JPG,"The image shows a small black building with a red window on the right side. The building appears to be made of wood and has a sloping roof. On the left side of the building, there is a large rock formation with a few penguins standing on it. The sky is blue and there are a few clouds in the background. The image is taken from a low angle, looking up at the building."
56d47c64acb1496eaac2ad7592d25759,DSC_7190.JPG,"The image shows a small black building with a red roof and a small window on the right side. The building appears to be made of concrete or stone and is located on a rocky cliff. The sky is blue and there are a few clouds visible in the background. On the left side of the image, there are several black and white cows standing on the edge of the cliff, looking up at the building. The cows are facing away from the camera and appear to be grazing on the rocks."
75ed80448ef94728990ea3522033d616,DSC_7191.JPG,"The image shows a small black building with a red roof and two windows. The building appears to be made of wood and has a sloping roof. The windows are rectangular in shape and have white frames. The roof is covered with a black tarpaulin sheet. On the left side of the building, there is a large rock formation with several penguins standing on it. The sky is blue and there are a few clouds in the background. The image is taken from a low angle, looking up at the building."
85d9292a3ffe42bfb938ea42c5711dab,DSC_7192.JPG,"The image shows a small black building with a red roof and a small window on the side. The building appears to be made of wood and has a sloping roof. The window has white frames and is located on the right side of the building. On the left side, there is a large rock formation with a few people climbing up it. The sky is blue and there are a few clouds in the background. The image is taken from a low angle, looking up at the building from below."
02918a26adee4dc88229177a4a2d897e,DSC_7193.JPG,"The image shows a small black building with a red roof and a small window on the right side. The building appears to be made of wood and has a sloping roof. On the left side of the building, there is a large rock formation with a few white birds perched on it. The sky is blue and there are a few clouds in the background. The image is taken from a low angle, looking up at the building."
442d2ce785f74227a656a9ad75d10684,DSC_7194.JPG,"The image shows a small black building with a red roof and a red window on the right side. The building appears to be made of wood and has a sloping roof. On the left side of the building, there is a large rock formation with a few white birds perched on it. The sky is blue and there are a few clouds in the background. The image is taken from a low angle, looking up at the building."
b29b2bb5a23c4a0ca37418f448d1e379,DSC_7195.JPG,"The image shows a black building with a red roof and two red windows. The building appears to be made of wood and has a sloping roof. The windows are rectangular in shape and have white frames. On the left side of the building, there is a large rock formation with a few white birds perched on it. The sky is blue and there are a few clouds in the background. The image is taken from a low angle, looking up at the building."
e39135220df9479f83d298e3416cdb49,DSC_7196.JPG,"The image shows a tall black building with red windows on the side. The building appears to be made of concrete and has a sloping roof. On the left side of the building, there is a rocky cliff with a few penguins perched on it. The sky is blue and there are a few clouds in the background. A flagpole with a flag is visible in the top right corner of the image."
3de3da5bec6d4282b38b5e1e4c45b12f,DSC_7197.JPG,"The image shows a black wooden building with red windows. The building appears to be a two-story structure with a sloping roof and a chimney on the left side. The windows are rectangular in shape and have white frames. On the right side of the building, there is a large rock formation. The sky is blue and there are a few clouds visible in the background. The image is taken from a low angle, looking up at the building."
93f5efd56dc6436d893b5136145a44a3,DSC_7198.JPG,"The image shows a black building with red windows on the side. The building appears to be made of wood and has a sloping roof. The windows are rectangular in shape and have white frames. On the left side of the building, there is a large rock formation with a few people climbing up it. The sky is blue and there are a few clouds in the background. The image is taken from a low angle, looking up at the building."
39bb893395a1476f8c5c311c02347bee,DSC_7199.JPG,"The image shows a black building with red windows on the side. The building appears to be made of wood and has a sloping roof. The windows are rectangular in shape and have white frames. On the left side of the building, there is a large rock formation with a few people climbing up it. The sky is blue and there are a few clouds in the background. The image is taken from a low angle, looking up at the building."
0be5995bc05544c5806f1321e221b50f,DSC_7200.JPG,"The image shows a black wooden building with two red windows on the side. The building appears to be a small, two-story structure with a sloping roof and a chimney on the right side. On the left side of the building, there is a large rock formation with a few people climbing up it. The sky is blue and there are a few clouds visible in the background. The image is taken from a low angle, looking up at the building from below."
4bfa51f937d747648a1fd781e2fc6260,DSC_7201.JPG,"The image shows a black wooden building with three red windows on the side. The building appears to be a two-story structure with a sloping roof and a chimney on the left side. On the right side of the building, there is a large rock formation with a few people climbing up it. The sky is blue and there are a few clouds visible in the background. The image is taken from a low angle, looking up at the building from below."
276f658970de4874af7a42b8beb3b57e,DSC_7202.JPG,"The image shows a black building with red windows on the side. The building appears to be made of wood and has a sloping roof. The windows are rectangular in shape and have white frames. The walls of the building are made of stone and there is a large rock formation on the left side of the image. The sky is blue and there are a few clouds in the background. The image is taken from a low angle, looking up at the building."
09eeabe2127048f38eb398ecc326ad01,DSC_7203.JPG,"The image shows a black wooden building with two red windows on the side. The building appears to be a small, two-story structure with a sloping roof. The windows are rectangular in shape and have white frames. On the left side of the building, there is a large rock formation with a few penguins standing on it. The sky is blue and there are a few clouds in the background. The image is taken from a low angle, looking up at the building."
025bfbb232974c4590c2be1c1dc39470,DSC_7204.JPG,"The image shows a black wooden building with red windows on the side. The building appears to be a lighthouse or a lookout tower, as there is a ladder leaning against the side of the building. The sky is blue and there are a few clouds visible in the background. On the left side, there are some rocks and boulders scattered around the building, and on the right side, a person can be seen climbing up the stairs. The image is taken from a low angle, looking up at the building from below."
9af4a012151847b1838d360c1304a845,DSC_7205.JPG,"The image shows a black wooden building with two red windows on the side. The building appears to be a small, two-story structure with a sloping roof and a chimney on the right side. On the left side of the building, there is a large rock formation with a few people standing on it. The sky is blue and there are a few clouds visible in the background. The image is taken from a low angle, looking up at the building from below."
7c2ca7e99bdd4e51b075aed869f37ff3,DSC_7206.JPG,"The image shows a black building with red windows on the side. The building appears to be made of wood and has a sloping roof. The windows are rectangular in shape and have white frames. On the left side of the building, there is a large rock formation with a few penguins climbing up it. The sky is blue and there are a few clouds in the background. The image is taken from a low angle, looking up at the building."
0484d3de7a90489689be421950784e02,DSC_7207.JPG,"The image shows a black building with two red windows on the side. The building appears to be made of wood and has a sloping roof. The windows are rectangular in shape and have white frames. On the left side of the building, there is a large rock formation with a few people climbing up it. The sky is blue and there are a few clouds in the background. The image is taken from a low angle, looking up at the building."
76d206622a26410ead2dfa83bf1fc5d4,DSC_7208.JPG,"The image shows a black building with a red roof and two red windows. The building appears to be a small, two-story structure with a sloping roof. On the left side of the building, there is a rocky cliff with a few penguins climbing up it. The sky is blue and there are a few clouds in the background. The penguins are black and white in color and are standing on the edge of the cliff. There is a small flag hanging from the roof of the structure."
11bec571b4144c13932a267eca2f01b5,DSC_0056.JPG,"The image shows an old, dilapidated wooden building on a rocky shore covered in snow. The building appears to be abandoned and is in a state of disrepair, with peeling paint and rust visible on the walls and roof. There are two chimneys on top of the building, one on each side, and a small porch on the right side. In the background, there are mountains and a cloudy sky. The ground is covered in a thick layer of snow, and there are a few small rocks scattered around the building."
1a5177d61adf430191e6d3c2aacc68d4,DSC_0057.JPG,"The image shows a rocky coastline covered in snow and ice. The sky is overcast and the ground is covered in a thick layer of snow. In the background, there are several large rocks and boulders scattered across the water. On the right side of the image, there is a small island with a snow-covered mountain in the distance. A bird is flying low over the scene. The overall mood of the photo is cold and desolate."
26e8b79ebe904744952f63ff8d4abcec,DSC_0058.JPG,"The image shows a small wooden cabin on a rocky shore covered in snow. The cabin appears to be old and dilapidated, with peeling paint and rust visible on the walls and roof. There are two windows on the front of the cabin, one on each side, and a small door on the right side. In the background, there is a vast expanse of snow-covered mountains and a body of water. The sky is overcast and the overall mood of the image is bleak and desolate."
f9357ad19d834c489303504828e2efce,DSC_0059.JPG,"The image shows a snowy landscape with a large body of water in the foreground. The water is calm and there are several icebergs floating on the surface. On the left side of the image, there is a mountain with snow-capped peaks. The sky is overcast and the ground is covered in a thick layer of snow. In the background, there are more mountains with snow on them. The overall scene is peaceful and serene."
10a9de0dae914c44b2dabac2b273f6a4,DSC_0061.JPG,"The image shows an old, dilapidated wooden building on a rocky shore covered in snow. The building appears to be abandoned and is in a state of disrepair, with peeling paint and peeling walls. There are several windows and doors on the front of the building, and a chimney on the roof. The sky is overcast and the mountains in the background are covered in a layer of snow and ice. The overall mood of the image is bleak and desolate."
201d4d9c526f4abb89a926bf5d967ee2,DSC_0062.JPG,"The image shows a snowy landscape with a large mountain in the background. The mountain is covered in snow and has a steep, jagged peak. The sky is overcast and the ground is covered with a thick layer of snow. In the foreground, there is a body of water with small icebergs floating on the surface. The water is calm and there are a few rocks scattered around the shore. The overall mood of the image is cold and desolate."
5842b4248e8c47e38626678ac3f1696f,DSC_0063.JPG,"The image shows an old, dilapidated building on a rocky shore covered in snow. The building appears to be made of wood and metal, with pebbles and rocks scattered around it. The roof of the building is covered in rust and peeling paint, and there are two windows on the front. In the background, there are mountains and a cloudy sky. The overall mood of the image is bleak and desolate."
b3e20ccc5a474cbbbf3ac9a474455254,DSC_0064.JPG,"The image shows a vast landscape of a snowy mountain range with a body of water in the foreground. The sky is overcast and the ground is covered in a thick layer of snow. The mountains in the background are covered in snow and have a jagged, jagged peak. The water is calm and reflects the sky and the mountains. The overall mood of the image is bleak and desolate."
0d130ffa80d045758404c5bf53a92cf4,DSC_0065.JPG,"The image shows an old, dilapidated building with a red door in the center. The building appears to be made of concrete and has a sloping roof. The walls of the building are covered in rust and peeling paint, and there are several windows on the left side. On the right side, there is a smaller building with white shutters. The ground is covered in small rocks and pebbles, and the sky is overcast. The overall mood of the image is bleak and desolate."
b1d9b2e65c7a4c65b19592ac27e034df,DSC_0066.JPG,"The image shows a vast landscape of a snowy mountain range with a body of water in the foreground. The sky is overcast and the ground is covered in a thick layer of snow. The mountains in the background are covered in snow and have a jagged, jagged peak. The water is a deep blue color and appears to be calm and still. The overall mood of the image is bleak and desolate."
c3ad21cce0e1423b9439bc954aace832,DSC_0067.JPG,"The image shows an old, dilapidated building with peeling paint and peeling walls. The building appears to be abandoned and is located on a rocky shore. There is a red door on the left side of the building and a small window on the right side. The sky is overcast and the ground is covered in snow and rocks. The overall mood of the image is bleak and desolate."
bed0b0b05e634df9a2c66a7035cdfdac,DSC_0068.JPG,"The image shows a vast landscape of a snowy mountain range with a body of water in the foreground. The sky is overcast and the ground is covered in a thick layer of snow. On the left side of the image, there is a rocky path winding through the snow-covered landscape. In the background, there are several snow-capped mountains with jagged peaks. The mountains are covered in patches of snow and ice, and the water is a deep blue-green color. The overall mood of the scene is cold and desolate."
c62b9c0af8904e588bd261890921f0be,DSC_0069.JPG,"The image shows an old, dilapidated building with peeling paint and peeling walls. The building appears to be abandoned and is located on a rocky shore. There is a large pile of snow on the ground in front of the building, and a red door on the right side. The sky is overcast and the overall mood of the image is bleak and desolate."
80be87353b304824a015c620704d8d66,DSC_0070.JPG,"The image shows a rocky shoreline with a small wooden cabin on the left side. The cabin is made of wood and appears to be old and weathered. The shore is covered in snow and ice, and there is a body of water on the right side of the image. In the background, there are several mountains with snow-capped peaks. The sky is overcast and the overall landscape is barren and desolate."
718a7604ab1845fb82a874241a65f204,DSC_0071.JPG,"The image shows an old, dilapidated building with a red door and a ladder leaning against the side. The building appears to be made of concrete and has a sloping roof. The walls are covered in peeling paint and there are several windows on the right side of the building. The ground is covered in snow and there is a pile of rocks and pebbles in front of the door. The sky is overcast and the overall mood of the image is bleak and desolate."
700aa52c5acd40bdb972a22d43bbd586,DSC_0072.JPG,"The image shows a rocky beach with a small wooden building on the left side. The building appears to be old and dilapidated, with peeling paint and broken windows. On the right side of the image, there is a body of water with snow-covered mountains in the background. The sky is overcast and the ground is covered in small rocks and pebbles. There are a few black bags scattered on the beach."
2d0ab2715848496d85f2cdf1c2c16e13,DSC_0073.JPG,"The image shows an old, dilapidated building with a red door on the left side. The building appears to be made of concrete or concrete and has a sloping roof. The walls of the building are covered in peeling paint and there are several small windows on the second floor. The windows are rectangular in shape and have white shutters. The ground is covered in snow and there is a pile of rocks and pebbles in front of the entrance. The sky is overcast and the overall mood of the image is bleak and desolate."
74db460da8ae42a1ac5004e5bdcaf702,DSC_0074.JPG,"The image shows a small wooden cabin with a red door on the side of a rocky shore. The cabin appears to be old and dilapidated, with peeling paint and peeling walls. There are several bags and other items scattered around the cabin, including a black backpack and a black bag with a white logo on it. In the background, there is a mountain range with snow-capped peaks and a body of water. The sky is overcast and the overall mood of the image is bleak and desolate."
4a13b7d7101e4752a10aa8191a931a3a,DSC_0078.JPG,"The image shows an old, dilapidated building with a red door on the right side. The building appears to be made of concrete or concrete and has multiple windows with white shutters. The walls of the building are covered in rust and peeling paint, and the ground is covered in snow. The sky is overcast and the overall mood of the image is bleak and desolate."
117b7295dfdc48f2bc414117f71bf71a,DSC_0079.JPG,"The image shows a small wooden building with a sloping roof and a door on the right side. The building appears to be abandoned and is surrounded by rocks and pebbles. The walls of the building are covered in black paint and there is a large window on the left side with a white curtain. The door is closed and there are a few items scattered around the building. In the background, there are mountains and a cloudy sky. The overall mood of the image is bleak and desolate."
64420ac3453b4dae94e897421efba853,DSC_0081.JPG,"The image shows an old, dilapidated building with a red door and windows on the side. The building appears to be abandoned and is covered in snow and ice. In the background, there is a body of water with icebergs and mountains in the distance. The sky is overcast and the overall mood of the image is bleak and desolate."
524bd2f60b84481da9e32adf9fee0661,DSC_0082.JPG,"The image shows an old, dilapidated wooden building with a sloping roof. The building appears to be abandoned and is located on a rocky ground. The walls of the building are covered in horizontal slats of wood, and there is a small window on the left side of the image. The door is open, and the door is slightly ajar. There is a sign on the wall next to the door that reads ""Welcome to the building."" The sky is overcast and the overall mood of the photo is bleak and desolate."
6ad0c1736cfd43a98c7c23afeff0fb9c,DSC_0083.JPG,"The image shows an old, dilapidated building on a rocky shore with snow on the ground. The building appears to be made of concrete and has a rusted and weathered appearance. It has a sloping roof and a small window on the front. There is a person standing on the roof of the building, looking out over the water. In the background, there are icebergs and mountains covered in snow. The sky is overcast and the overall mood of the image is bleak and desolate."
05005918eb094ec9bc228fe54a45bdf1,DSC_0084.JPG,"The image shows a snowy landscape with a mountain range in the background. The sky is overcast and the ground is covered in a thick layer of snow. In the foreground, there is a small wooden structure with a pole and wires attached to it. The structure appears to be a hut or a shelter, and there are rocks and boulders scattered around it. On the left side of the image, there are icebergs floating on the water. The mountains in the distance are covered in snow and have jagged peaks. The overall mood of the scene is cold and desolate."
0b10da0783c647288646843a4faa7bdf,DSC_0085.JPG,"The image shows an old, dilapidated building on a rocky beach. The building appears to be a small, rectangular structure with a sloping roof and a small window on the front. The walls of the building are covered in rust and peeling paint, and there is a small shed on the left side of the image. The ground is covered in snow and rocks, and in the background, there are icebergs and a mountain. The sky is overcast and the overall mood of the photo is bleak and desolate."
c3c4201f02bf4efcae404e5911eea700,DSC_0086.JPG,"The image shows a vast landscape of a snowy mountain range with a body of water in the foreground. The sky is overcast and the ground is covered in a thick layer of snow. In the background, there are several large icebergs and mountains with snow-capped peaks. The water is a deep blue color and appears to be calm and still. On the right side of the image, there is a rocky shoreline with a few people walking along it. The overall mood of the scene is bleak and desolate."
4e3ecbaa4c894f2c92f1373419a583a8,DSC_0087.JPG,"The image shows an old, rusted metal structure on a rocky beach. The structure appears to be a small, rectangular building with a sloping roof and a small window on the front. The walls of the structure are covered in rust and peeling paint, and there is a person standing on top of one of the windows. The beach is covered in small rocks and snow, and in the background, there are mountains and a body of water. The sky is overcast and the overall mood of the image is bleak and desolate."
d037ff0fad644e43933083ed95aa726f,DSC_0088.JPG,"The image shows a vast landscape of a snowy mountain range with a body of water in the foreground. The sky is overcast and the ground is covered in a thick layer of snow. In the background, there are several large icebergs scattered across the landscape. On the right side of the image, there is a rocky cliff with a mountain peak on top. The mountains in the distance are covered in snow and ice, and the water is a deep blue-green color. The overall mood of the scene is bleak and desolate."
393ac9f7996e424da11dc4435a44d256,DSC_0089.JPG,"The image shows an old, rusted metal building on a rocky beach. The building appears to be a small, rectangular structure with a sloping roof and a small window on the front. The exterior of the building is covered in rust and peeling paint, and there is a person standing on top of it. The beach is covered with small rocks and boulders, and in the background, there are snow-covered mountains and a body of water. The sky is overcast and the overall mood of the image is bleak and desolate."
9850e9be94624915a095fa90706f7909,DSC_0090.JPG,"The image shows a vast landscape of a snowy mountain range with a body of water in the foreground. The sky is overcast and the ground is covered in a thick layer of snow. In the background, there are several large icebergs floating on the surface of the water. On the right side of the image, there is a rocky shoreline with a few small rocks scattered around. The mountains in the distance are covered in snow and have jagged peaks. The overall color palette of the landscape is mostly white and gray, with some hints of blue and green."
ad258747ec1c4d51a5bfa72bd8d7cd33,DSC_0091.JPG,"The image shows an old, dilapidated building on a rocky ground with a mountain in the background. The building appears to be abandoned and is covered in rust and peeling paint. The roof of the building is rusted and there is a blue tarp covering the windows. The ground is covered with small rocks and there are a few other buildings visible in the distance. The sky is overcast and the overall mood of the image is bleak and desolate."
813b66c4fc5f414e87b436bc90eab8db,DSC_0092.JPG,"The image shows a vast expanse of snow-covered ground with a large glacier in the background. The glacier is made up of multiple layers of ice, with some larger chunks of ice scattered across the surface. The sky is overcast and the overall mood of the image is bleak and desolate. In the distance, there are several mountains with snow-capped peaks. The ground is covered in a thick layer of snow, and there are a few small rocks scattered throughout the landscape. The overall color palette is mostly white and gray, with hints of blue and green."
9ccdf981e6224f5ba969232e5032cc5d,DSC_0093.JPG,"The image shows an old, dilapidated building with peeling paint and rust on the exterior. The building appears to be abandoned and is located on a rocky shore with snow-covered mountains in the background. The sky is overcast and the overall mood of the image is bleak and desolate. There are a few other buildings and structures visible in the distance, suggesting that the building is located in a mountainous area."
b93d2de3cd5746b7b2e073ca1bc117f3,DSC_0094.JPG,"The image shows a vast expanse of snow-covered ground with a large glacier in the background. The glacier appears to be made of ice and is located in the middle of a body of water. The sky is overcast and the ground is covered in a thick layer of snow. On the left side of the image, there are several large rocks and boulders scattered across the ground. In the background, there is a mountain range with snow-capped peaks. The overall scene is desolate and desolate."
0fbd9a868e704360a830181d4f9bab85,DSC_0095.JPG,"The image shows an old, dilapidated building on a rocky shore. The building appears to be made of concrete or concrete and has multiple windows on the side. The walls of the building are covered in peeling paint and the paint is chipped and rusted. The roof is also covered in dirt and grime. In the background, there is a mountain range with snow-capped peaks. The sky is overcast and the overall mood of the image is bleak and desolate."
09fdb17e4232427e9451dbd48ebdb123,DSC_0096.JPG,"The image shows a vast expanse of snow-covered ground with a large glacier in the background. The glacier is located in the middle of a body of water, with a rocky shoreline on the left side. The sky is overcast and the overall mood of the image is bleak and desolate. In the distance, there are several mountains with snow-capped peaks. The water is a deep blue-green color and appears to be calm and still. The ground is covered in a thick layer of snow, and there are a few small rocks scattered along the shoreline."
bdfb91d1d1a040b7bc5c883349d2c185,DSC_0097.JPG,"The image shows an old, dilapidated building with peeling paint and peeling walls. The building appears to be abandoned and is located on a rocky shore with a mountain in the background. The exterior of the building is covered in rust and grime, with some areas of the paint chipping away. There are several windows on the building, and a chimney on the right side. The sky is overcast and the overall mood of the image is desolate and abandoned."
0b7f616de8c04fa0a5f5c131490b3666,DSC_0098.JPG,"The image shows a vast expanse of snow-covered ground with a large glacier in the background. The glacier is located in the middle of a body of water, with a rocky shoreline on the left side. The sky is overcast and the overall mood of the image is bleak and desolate. In the distance, there are several mountains with snow-capped peaks. The water is calm and there are a few small icebergs scattered across the surface. The overall color palette is mostly white and gray, with some hints of blue and green."
2358e7f8ac5b494aac6b1e64bcfedabe,DSC_0099.JPG,"The image shows an old, dilapidated building with peeling paint and peeling walls. The building appears to be abandoned and is located on a rocky ground. The walls are covered in rust and the paint is chipped and faded, with some areas of the paint peeling off in some areas. There are several windows on the side of the building, and a chimney can be seen on top. The sky is overcast and the overall mood of the image is desolate and abandoned."
0e3f86a877294ce0ba98af0440c0cd04,DSC_0100.JPG,"The image shows a vast landscape of a snowy mountain range with a large glacier in the background. The sky is overcast and the ground is covered in a thick layer of snow. On the left side of the image, there are several large rocks and boulders scattered across the landscape. In the foreground, there is a large body of water with icebergs floating on the surface. The mountains in the distance are covered in snow and have jagged peaks. The overall color palette of the landscape is mostly white and gray, with some hints of blue and green."
c7c715bdbb384cecb2f835aba94a3ed8,DSC_0102.JPG,"The image shows an old, dilapidated building with a sloping roof. The building appears to be made of wood and metal, with peeling paint and rust covering the entire exterior. There are two chimneys on either side of the roof, and a small window on the right side. The roof is covered in dirt and grime, and there are several pipes running along the sides. The ground is covered with small rocks and pebbles, and in the background, there is a mountain range. The sky is overcast and the overall mood of the image is bleak and desolate."
9f91b936819b446786733d876a5cf222,DSC_0103.JPG,"The image shows a vast expanse of snow-covered ground with a rocky shoreline on the right side. In the background, there are several large icebergs floating on the water. The sky is overcast and the overall mood of the image is bleak and desolate. The snow is pristine and untouched, and the rocks and boulders are jagged and uneven. The water is a deep blue-green color and appears to be calm and still. The mountains in the distance are covered in snow and ice, and there are a few patches of snow on the ground."
ccf18b4dcefa450cb296ec25d7878a6e,DSC_0105.JPG,"The image shows an old, dilapidated building with a sloping roof. The building appears to be made of wood and metal, with peeling paint and rust visible on the exterior. There are two chimneys on either side of the roof, and a ladder leaning against the side. In the background, there is a mountain with snow-capped peaks. The sky is overcast and the ground is covered in snow. The overall mood of the image is bleak and desolate."
6fb5a7b3621b4a46a11623839b45676a,DSC_0106.JPG,"The image shows a vast expanse of snow-covered ground with a large glacier in the background. The glacier is covered in a thick layer of snow and ice, and the sky is overcast. In the foreground, there are several large rocks scattered across the ground, and in the distance, there is a body of water with icebergs floating on the surface. The overall mood of the image is bleak and desolate."
161808786f8b4ef580a5c72afb7a4d27,DSC_0110.JPG,"The image shows an old, dilapidated building with a red door and windows. The building appears to be made of wood and is covered in rust and peeling paint. There is a ladder leaning against the side of the building and a small shed on the ground next to it. The ground is covered with snow and there are rocks scattered around. In the background, there is a mountain with snow-capped peaks. The sky is overcast and the overall mood of the image is bleak and desolate."
43de780ecbd6456486f3e3d153f347af,DSC_0111.JPG,"The image shows a rocky shore covered in snow and ice. The sky is overcast and the ground is also covered in a thick layer of snow. In the background, there are several large icebergs floating on the water. The icebergs are of different sizes and shapes, with some being larger and others smaller. The water is a deep blue color and appears to be calm. The overall mood of the image is bleak and desolate."
c6a521e7bb894d47847a1c1dd41bfcf2,DSC_0112.JPG,"The image shows an old, dilapidated wooden building with a chimney on top. The building appears to be abandoned and is covered in snow and ice. The walls of the building are rusted and peeling, and there are two windows on the front. In the background, there is a body of water and a mountain range with snow-capped peaks. The sky is overcast and the overall mood of the image is bleak and desolate."
727fff6a79b04180a40c3871daa904cf,DSC_0113.JPG,"The image shows a rocky shore covered in snow and ice. The sky is overcast and the ground is covered in a thick layer of snow. In the background, there are several large icebergs floating on the water. The icebergs are of different sizes and shapes, with some being larger and others smaller. The water is a deep blue color and appears to be calm and still. The overall mood of the image is bleak and desolate."
de57b1dc33a4496295df4c360c863895,DSC_0114.JPG,"The image shows an old, dilapidated wooden building on a rocky shore covered in snow. The building appears to be abandoned and is in a state of disrepair, with peeling paint and rust visible on the walls and roof. There are two chimneys on top of the building, one on each side, and a small porch on the right side. In the background, there are mountains and a cloudy sky. The ground is covered in a thick layer of snow, and there are a few small rocks scattered around the building. The overall mood of the image is bleak and desolate."
5482eafc2dca45f98cb57e08d550d755,DSC_0115.JPG,"The image shows a rocky shore covered in snow and ice. The sky is overcast and the water is choppy, with small waves crashing against the rocks. In the background, there are several icebergs floating on the surface of the water. The overall mood of the image is bleak and desolate."
8e03447d0e1a4b559edf4f809973c18c,DSC_0075.JPG,"The image shows an old, dilapidated building on a rocky shore. The building appears to be made of concrete and has a red door and windows. The walls of the building are covered in pebbles and there is snow on the ground. In the background, there is a body of water and a mountain range. The sky is overcast and the overall mood of the image is bleak and desolate."
2e4f9911e1774fcda3cc7213e222469e,DSC_0076.JPG,"The image shows an old, dilapidated building with peeling paint and peeling walls. The building appears to be abandoned and is located on a rocky shore. There is a large pile of snow on the ground in front of the building, and a wooden ramp leading up to the entrance. The sky is overcast and the overall mood of the image is bleak and desolate."
9669060bf8134cd4986a1b20aa5fac88,DSC_0109.JPG,"The image shows an old, dilapidated wooden building with a red door and windows. The building appears to be abandoned and is located on a rocky terrain with a mountain in the background. The sky is overcast and the ground is covered in snow. There is a ladder leaning against the side of the building and a small wooden cabinet on the ground next to it. The windows are boarded up and there is a chimney on the right side. The overall mood of the image is bleak and desolate."
4b1bed8507ab489e96c8e2fabbaf1e06,S7R08440.JPG,"The image shows a small wooden building with a sloping roof and a wooden door. The building appears to be old and weathered, with peeling paint and cracks on the walls. The door is closed and there is a metal hook hanging on the right side of the door. A wooden ladder is leaning against the wall next to the door, and there are some rocks and debris scattered around the building. The ground is covered in snow and ice, and the sky is blue. The overall mood of the image is cold and desolate."
e64a04305183472bb815d3ce9e70cb66,S7R08441.JPG,"The image shows a small wooden building with a sloping roof. The building appears to be old and weathered, with peeling paint and rust visible on the walls. The door is closed, and there is a metal latch on the right side of the door. The sky is blue and clear, and the ground is covered in snow. In the background, there are mountains and a red tractor. The overall mood of the image is cold and desolate."
c9f7ea54d7f64e038e6ce23551741b44,S7R08442.JPG,"The image shows a close-up of the side of a wooden building with a sloping roof. The building appears to be old and weathered, with peeling paint and rust visible on the walls. The roof is made of corrugated metal sheets, and there is a small window on the right side of the building. The sky is clear and blue, and in the background, there are snow-covered mountains. The overall mood of the image is peaceful and serene."
af55b70ce0cd4934bda1a5a6af0b3e2f,S7R08443.JPG,"The image shows a small wooden building with a sloping roof on a snowy landscape. The building appears to be old and weathered, with peeling paint and rust visible on the exterior. There are two large windows on the front of the building, one on each side, and a small door on the right side. A ladder is leaning against the wall next to the building. The ground is covered in snow and rocks, and there is a red fire extinguisher on the ground. The sky is clear and blue, and the horizon is visible in the distance."
b8bf2ef0af7c4724a82dcc8e59fa8468,S7R08444.JPG,"The image shows a small wooden building with a sloping roof and a large pile of rocks in front of it. The building appears to be old and weathered, with peeling paint and rust visible on the exterior. There are two windows on the front of the building, one on each side, and a door on the right side. The ground is covered in snow and there is a red fire extinguisher on the ground next to the building. In the background, there are snow-covered mountains and a clear blue sky. The overall scene is desolate and desolate."
c54133a4eb0548039e590e577f945649,S7R08445.JPG,"The image shows a small wooden building with a sloping roof on a snowy landscape. The building appears to be old and weathered, with peeling paint and rust visible on the exterior. There are two large windows on the front of the building, one on each side, and a small door on the right side. The roof is made of corrugated metal sheets, and there is a ladder leading up to the entrance. The ground is covered in snow and rocks, and the sky is clear and blue. In the background, there are more snow-covered mountains and a red fire extinguisher can be seen on the ground."
9f142d153b1147cc948888b124f93571,S7R08446.JPG,"The image shows a small wooden building with a sloping roof in the middle of a snowy landscape. The building appears to be old and weathered, with peeling paint and rust visible on the exterior. There are two large windows on the front of the building, one on each side, and a small door on the right side. The roof is made of corrugated metal sheets, and there is a pile of rocks and debris in front of it. The sky is clear and blue, and the ground is covered in a thick layer of snow. There is a red fire extinguisher on the ground next to the building."
d5026d595a684e669efb05086f4139e0,S7R08447.JPG,"The image shows a small wooden building with a sloping roof in the middle of a snowy landscape. The building appears to be old and dilapidated, with peeling paint and peeling walls. There are two large windows on the front of the building, one on each side, and a small door on the right side. The roof is covered in black shingles, and there are a few stairs leading up to the entrance. The ground is covered with snow and rocks, and the sky is clear and blue. There is a red fire extinguisher on the ground next to the building."
d2f58a1aa29a40c88bd2f1f217a7f994,S7R08448.JPG,"The image shows a small white building with a black metal roof on a snowy hillside. The building appears to be old and dilapidated, with peeling paint and peeling walls. There are two windows on the front of the building, one on each side, and a door on the right side. A ladder is leaning against the wall next to the building. The sky is clear and blue, and the ground is covered in a thick layer of snow. In the background, there are other buildings and structures visible."
e519e01c282849c294d61daf572ff2e8,S7R08449.JPG,"The image shows a large white building with a black metal roof on top of a snowy mountain. The building appears to be old and dilapidated, with peeling paint and peeling walls. There are several windows on the front of the building, and a small door on the right side. The sky is clear and blue, and the ground is covered in a thick layer of snow. There is a pile of rocks and debris scattered around the building. A red fire hydrant is also visible in the foreground."
ff0947d42c9549e684475cfbc637d77f,S7R08450.JPG,"The image shows a small white building with a black metal roof on a snowy mountain. The building appears to be a cabin or a shed, with a sloping roof and a small porch on the right side. There are two windows on the front of the building, one on each side, and a door on the left side. The ground is covered in snow and rocks, and there is a pile of rubble and debris in front of it. In the background, there are other buildings and mountains visible. The sky is clear and blue."
ea5cb61fa0c944739309ad53fd3641a6,S7R08451.JPG,"The image shows a small white building with a black roof on top of a rocky cliff. The building appears to be a cabin or a shed, with two windows on the right side and a door on the left side. The ground is covered in snow and ice, and there are mountains in the background. The sky is clear and blue, and a bird can be seen flying in the distance. The overall scene is peaceful and serene."
010559e386d541bbb99c225b9520c37e,S7R08452.JPG,"The image shows a small wooden building with a black metal roof on a snowy landscape. The building appears to be a shed or a storage unit, with multiple windows and a door on the front. There is a ladder leading up to the entrance of the building, and a pile of rocks and debris on the ground in front of it. On the right side of the image, there are two red fire extinguishers. The sky is clear and blue, and the ground is covered in a thick layer of snow."
064c69c507fa41ddad36f3defc5e9220,S7R08453.JPG,"The image shows a small wooden building with a black metal roof on top of a snowy mountain. The building appears to be old and dilapidated, with peeling paint and peeling walls. There are two windows on the front of the building, one on each side, and a door on the right side. A ladder is leaning against the wall next to the door. The ground is covered in snow and rocks, and there is a pile of rubble and debris in front of it. In the background, there are mountains and a clear blue sky."
b2e1a0ee2dcb4b2c99d43744da0dd24a,S7R08454.JPG,"The image shows a small wooden cabin on a rocky hillside covered in snow. The cabin has a sloping roof and two windows on the front. There is a door on the right side of the cabin and a ladder leaning against the wall. In the background, there are mountains and a clear blue sky. The ground is covered in a thick layer of snow and there are a few rocks scattered around the cabin."
c125d78f2c7b4b999ebfb597c96a5c41,S7R08455.JPG,"The image shows a small wooden cabin with a black metal roof on a snowy mountain. The cabin has two windows on the front and a door on the right side. There is a ladder leaning against the side of the cabin and a pile of rocks and debris in front of it. The sky is clear and blue, and the mountains in the background are covered in snow. The ground is covered in a thick layer of snow."
e99d82e41a5c4a889581cf1f84c2bc55,S7R08456.JPG,"The image shows a small wooden building with a black metal roof on top of a snowy mountain. The building appears to be old and dilapidated, with peeling paint and peeling walls. There are two windows on the front of the building, one on each side, and a door on the right side. A ladder is leaning against the door, and there is a pile of rocks and debris in front of it. The sky is clear and blue, and the mountains in the background are covered in snow."
be2e471294034d1ead6b7afde4f0f240,S7R08457.JPG,"The image shows a small wooden building with a black metal roof. The building appears to be old and dilapidated, with peeling paint and peeling walls. There are two windows on the front of the building, one on each side, and a door on the right side. A ladder is leaning against the door, and there are several red fire extinguishers and other debris scattered around the building. The ground is covered in snow and rocks, and the sky is clear and blue."
dbeb8d318da346b985c7539e9aa526e7,S7R08458.JPG,"The image shows a large wooden building with a black metal roof on top of a snowy mountain. The building appears to be a storage or storage shed with multiple windows and a door on the left side. There is a ladder leaning against the side of the building and a pile of rocks and debris on the right side. In front of the storage shed, there are two red fire extinguishers. The sky is clear and blue, and the mountain is covered in snow."
e0c9afa8aaf54419bfa64e08f96bb9a3,S7R08459.JPG,"The image shows a small wooden building with a black metal roof. The building appears to be old and dilapidated, with peeling paint and broken windows. The ground is covered in snow and rocks, and there is a pile of rubble in front of the building. The sky is clear and blue, and the overall mood of the image is bleak and desolate."
acfe2ed465da488caf0c7a8fa3336cad,S7R08460.JPG,"The image shows a small wooden building with a black metal roof on top of a rocky hill. The building appears to be old and dilapidated, with peeling paint and peeling walls. There are two windows on the front of the building, one on each side, and a door on the right side. A ladder is leaning against the wall next to the door. The sky is clear and blue, and the ground is covered in snow and rocks. In the background, there is a vast expanse of snow-covered mountains."
8e45991d3cb248b6b3653324b6e89703,S7R08461.JPG,"The image shows a small wooden building with a black metal roof. The building appears to be old and dilapidated, with peeling paint and peeling walls. There are two windows on the front of the building, one on each side, and a door on the right side. The roof is covered in black shingles, and there is a ladder leaning against the side of the door. In front of it, there are several red fire extinguishers and a pile of rubble. The ground is covered with snow and rocks, and the sky is clear and blue."
c74128d813f24c33ae5256dfb710783b,S7R08462.JPG,"The image shows a small wooden building with a black metal roof on a snowy mountain. The building has multiple windows and a door on the left side, and a sign on the right side. In front of the building, there are several red fire extinguishers. The sky is clear and blue, and the ground is covered in snow and rocks. The mountain appears to be covered in a thick layer of snow."
3995d59e6ad44579883f0668ba0397d5,S7R08463.JPG,"The image shows a small wooden building with a black metal roof. The building appears to be old and dilapidated, with peeling paint and peeling walls. There are two windows on the front of the building, one on each side, and a door on the left side. The door is open, and there is a sign on the door that reads ""Welcome to the building."" On the right side of the image, there are several red fire extinguishers and a ladder leaning against the wall. The ground is covered in snow and rocks, and the sky is clear and blue."
cdf0ce78d669473a880cdd79cae4f2d9,S7R08464.JPG,"The image shows a small wooden building with a black metal roof. The building appears to be old and dilapidated, with peeling paint and peeling walls. There are two windows on the front of the building, one on each side, and a door on the right side. A ladder is leaning against the wall next to the door. The ground is covered in snow and rocks, and there is a pile of rubble and debris in front of it. The sky is clear and blue, and the overall scene is desolate and abandoned."
be077ed484514f6c874081336170fb72,S7R08465.JPG,"The image shows a small wooden building with a black metal roof on top of a snowy mountain. The building appears to be a shed or a shed with two windows and a door on the right side. There is a ladder leaning against the side of the building and a sign on the door. The ground is covered in snow and there are rocks and debris scattered around. In the background, there are mountains and a clear blue sky. The overall scene is desolate and desolate."
f9502d0a5e9e4a0681b5f756edfc10bb,S7R08466.JPG,"The image shows a small wooden building with a black metal roof. The building appears to be old and dilapidated, with peeling paint and a sloping roof. There are two windows on the front of the building, one on each side, and a door on the left side. The ground is covered in snow and there are a few rocks and debris scattered around. In front of one of the buildings, there are several red fire extinguishers. The sky is clear and blue."
255df8f871ca4146b2508290d40cb797,S7R08467.JPG,"The image shows a small wooden building with a black metal roof on top of a snowy mountain. The building appears to be old and weathered, with peeling paint and a sloping roof. There are six windows on the front of the building, and a door on the left side. In front of it, there are several red fire extinguishers stacked on top. The ground is covered in snow and rocks, and the sky is clear and blue. The mountain in the background is also covered in a layer of snow."
6ed52101103e4e0cb3ac7787b76de167,S7R08468.JPG,"The image shows a small wooden building with a black metal roof. The building appears to be old and dilapidated, with peeling paint and peeling walls. There are two windows on the front of the building, one on each side, and a door on the left side. On the right side, there are several red fire extinguishers stacked on top of each other. The ground is covered in snow and there are a few rocks and debris scattered around. The sky is clear and blue."
991d5adcf8bb4de4a4efff7e1d9ae221,S7R08469.JPG,"The image shows a small wooden building with a black metal roof. The building appears to be old and dilapidated, with peeling paint and peeling walls. There are two windows on the front of the building, one on each side, and a door on the right side. In front of it, there are several red fire extinguishers stacked on top of each other. The ground is covered in snow and there is a pile of rocks and debris scattered around. The sky is clear and blue."
503040d230da4c269cdac8536dd0628a,S7R08470.JPG,"The image shows a small wooden building with a black metal roof. The building appears to be abandoned and is located on a rocky shore covered in snow. There are two windows on the front of the building, one on each side, and a door on the right side. A ladder is leaning against the wall next to the door. There is a sign on the door that reads ""Welcome to the building"". The sky is clear and blue, and the ground is covered in a layer of snow."
0abc061968e14760bffac4e7f6bb44c4,S7R08471.JPG,"The image shows a small wooden building with a black metal roof. The building appears to be old and weathered, with peeling paint and cracks on the walls. There are six windows on the front of the building, and a door on the right side. In front of it, there is a pile of rocks and debris, and in the foreground, there are several red fire extinguishers. The sky is clear and blue, and the ground is covered in snow."
b5ce2e562f0f42899dcf58bcd62ad0a9,S7R08472.JPG,"The image shows a small wooden building with a black metal roof. The building appears to be old and dilapidated, with peeling paint and broken windows. The ground is covered in snow and rocks, and there is a pile of rubble in front of the building. In the foreground, there are several red fire extinguishers stacked on top of each other. The sky is clear and blue."
6ee9ad5722fc40f5a0deb8796143bb8d,S7R08473.JPG,"The image shows a small white building with a black metal roof. The building appears to be abandoned and is surrounded by snow and rocks. There are several red fire extinguishers on the right side of the image, and a ladder leaning against the wall on the left side. The sky is clear and blue, and the ground is covered in a layer of snow."
c2076e0222ee45c1b810326491932946,S7R08474.JPG,"The image shows a small wooden building with a sloping roof on a snowy landscape. The building appears to be old and dilapidated, with peeling paint and peeling walls. There are two windows on the front of the building, one on each side, and a door on the right side. A ladder is leaning against the side of the door, and there is a red fire extinguisher on the ground next to it. In the background, there are icebergs and a clear blue sky. The ground is covered in snow and rocks, and the overall scene is desolate and desolate."
6a2fc8cd874345a6817406420a6ac4e7,S7R08475.JPG,"The image shows a small wooden building with a black metal roof. The building appears to be old and dilapidated, with peeling paint and peeling walls. There are six windows on the front of the building, and a door on the left side. In front of it, there are several red fire extinguishers stacked on top of each other. The ground is covered in snow and rocks, and there is a pile of rubble and debris in the foreground. The sky is clear and blue."
15f98477474c421f8692797d7d5ec010,S7R08476.JPG,"The image shows a small wooden building with a black metal roof on top of a snowy mountain. The building appears to be old and weathered, with peeling paint and cracks on the walls. There are six windows on the front of the building, and a door on the left side. On the right side, there is a pile of rocks and debris, and on the bottom right corner, there are two red fire extinguishers. The sky is clear and blue, and the mountain is covered in snow."
3b18929d8c3b4f3e9b4fb9a064e7703f,S7R08477.JPG,The image shows a small wooden building with a black roof on top of a snowy mountain. The building appears to be a cabin or a shed with multiple windows and a sloping roof. The ground is covered in snow and there is a pile of rocks and boulders in front of the building. The sky is blue and the mountains in the background are also covered in a thick layer of snow. The overall scene is cold and desolate.
724cdccdb2584109ac3a3ed58ca49572,S7R08478.JPG,"The image shows a large white building with a black metal roof. The building appears to be old and dilapidated, with peeling paint and broken windows. The ground is covered in snow and rocks, and there is a pile of rubble in front of the building. In the foreground, there are several red fire extinguishers stacked on top of each other. The sky is clear and blue."
93a125cdb3cb4cd9931040a318633f16,S7R08479.JPG,"The image shows a small wooden building with a black metal roof. The building appears to be old and dilapidated, with peeling paint and peeling walls. There are two windows on the front of the building, one on each side, and a door on the left side. In front of it, there is a pile of rocks and debris, and in the foreground, there are several red fire extinguishers. The sky is clear and blue, and the ground is covered in snow."
f947193a336745a787ef380aaf67e371,S7R08480.JPG,"The image shows a small white building with a black metal roof on a snowy landscape. The building appears to be a cabin or a shed with a sloping roof. There are several windows on the front of the building and a door on the side. On the right side of the image, there are several red fire extinguishers stacked on top of each other. The ground is covered in snow and there are a few rocks scattered around. In the background, there is a vast expanse of snow-covered mountains and a clear blue sky."
82bcd30207344242a0ef0df6c11c385d,S7R08481.JPG,"The image shows a small wooden building with a black metal roof on top of a snowy mountain. The building appears to be old and weathered, with peeling paint and cracks on the walls. There are six windows on the front of the building, and a door on the left side. On the right side, there is a pile of rocks and debris, including red fire extinguishers. The sky is clear and blue, and the mountain in the background is covered in snow."
cb96b02ce9a24b07b273303a1ca41f70,S7R08482.JPG,"The image shows a small wooden building with a black metal roof on top of a snow-covered mountain. The building appears to be a single-story structure with a sloping roof and multiple windows on the front. The walls of the building are covered in snow and there are rocks and boulders scattered around the base. The sky is clear and blue, and the mountain is covered in a thick layer of snow. The overall scene is desolate and desolate."
24b48c8eb05b49c089c28b2d03360b73,S7R08483.JPG,"The image shows a pile of small rocks and debris on a snowy ground. The rocks are of different sizes and shapes, and they are scattered across the ground. In the background, there is a wooden fence that appears to be partially buried in the snow. The sky is clear and blue, and the ground is covered in a thick layer of snow."
e139a28d4d114e448bcd7b8523254ed8,S7R08484.JPG,"The image shows a rocky area covered in snow and ice. The ground is covered in small rocks and boulders, and there is a small wooden cabin on the left side of the image. The cabin appears to be made of wood and has a sloping roof. In the background, there are snow-covered mountains and a clear blue sky. The image is taken from a low angle, looking up at the cabin."
1d0615ea69f5498d80440502147425cd,S7R08485.JPG,"The image shows a rocky landscape with snow-covered mountains in the background. The sky is clear and blue, and the mountains are covered in a thick layer of snow. On the left side of the image, there is a large pile of snow and rocks, and on the right side, there are more rocks and boulders. In the distance, there appears to be a body of water, possibly a lake or a mountain range. The overall scene is peaceful and serene, with a sense of solitude and solitude."
f4c8ce22b2b8493981205551419d7479,S7R08486.JPG,"The image shows a rocky landscape with a clear blue sky in the background. The ground is covered in snow and rocks, and there is a small wooden structure on the right side of the image. The structure appears to be made of metal and has a railing on top. In the background, there are snow-covered mountains and a body of water. The sky is clear and blue, and the overall scene is peaceful and serene."
fa2b038ae4574972b5df6a6f1dff3ae6,S7R08487.JPG,"The image shows a rocky landscape with a clear blue sky in the background. The ground is covered in snow and there is a small wooden structure on the right side of the image. The structure appears to be made of metal and has a railing on top. In the background, there are snow-covered mountains and a body of water. The sky is clear and blue, and the overall scene is peaceful and serene."
10174af65dbb4430889dce2709c257cb,S7R08488.JPG,"The image shows a clear blue sky with white clouds scattered across it. The sky is a bright, clear blue with no clouds in sight. In the foreground, there is a large pile of snow with a metal railing on the left side. On the right side of the image, there are a few rocks and boulders scattered around. The ground is covered in a thick layer of snow, and there are no other structures or structures visible in the image. The overall scene is peaceful and serene, with a sense of solitude and solitude."
19225dfe67bf47b0b3cd5549cab7cb05,S7R08489.JPG,"The image shows a clear blue sky with a few white clouds scattered across it. The sky is a bright, clear blue with no clouds in sight. In the foreground, there is a large pile of snow that appears to be freshly fallen from the ground. On the right side of the image, there are several black rocks that are jagged and uneven. The rocks are covered in a thick layer of snow and there are a few footprints visible in the snow. The image is taken from a low angle, looking up at the sky."
d24b8438dc0b4af1b520168ca4db2d88,S7R08490.JPG,"The image shows a snow-covered mountain peak with a clear blue sky in the background. The mountain appears to be covered in a thick layer of snow, with patches of ice and snow on the ground. On the right side of the image, there is a large rock formation with a few smaller rocks scattered around it. The sky is dotted with white clouds, and the sun is shining brightly in the top right corner. The overall scene is peaceful and serene, with a sense of solitude and solitude."
e1b0ae5a80824d5383892df7b3d3ccc3,S7R08491.JPG,"The image shows a snowy landscape with a small cabin on the right side. The cabin is made of wood and has a sloping roof. It is located on a rocky hill on the left side of the image. The sky is blue with a few white clouds scattered across it. In the background, there are several icebergs and mountains visible. The ground is covered in a thick layer of snow and there are a few rocks scattered around. The overall scene is peaceful and serene."
aab4e117dc704dc7bda8fa1bf7a41c73,S7R08492.JPG,"The image shows a small wooden cabin on a rocky hillside covered in snow. The cabin has a sloping roof and a small window on the right side. There is a ladder leaning against the side of the cabin and a sign on the door. In the background, there are mountains and a clear blue sky. The ground is covered in a thick layer of snow and there are a few rocks scattered around. The overall scene is desolate and desolate."
34bc4e0ada514e849a664e2801e0e440,S7R08493.JPG,"The image shows a large white building with a black metal roof. The building appears to be old and dilapidated, with peeling paint and peeling walls. There are three windows on the front of the building, and a door on the left side. On the right side, there are several red fire extinguishers stacked on top of each other. The ground is covered in snow and rocks, and there is a pile of rubble in front of it. The sky is blue and clear."
33d8e7418ec2496f8c0ffdb77b86e169,S7R08494.JPG,"The image shows a small wooden building with a black metal roof on top of a snowy mountain. The building appears to be old and dilapidated, with peeling paint and broken windows. The ground is covered in snow and rocks, and there is a pile of rubble and debris in front of the building. The sky is clear and blue, and the mountain is visible in the background."
b2a1ff2cce664108ab065c5830d1e990,S7R08495.JPG,"The image shows a small wooden cabin on a rocky hillside covered in snow. The cabin has a sloping roof and three windows on the front. The sky is clear and blue, and the ground is covered in a thick layer of snow. There is a pile of rocks and debris on the right side of the image, and a small stream running through the center of the cabin. The snow on the hill is pristine and untouched."
00bfc1ad3cae45b1beedf00d2a7c5210,S7R08496.JPG,"The image shows a small white building with a black metal roof. The building appears to be old and weathered, with peeling paint and cracks on the walls. There are three windows on the front of the building, and a door on the right side. In front of it, there are several red fire extinguishers stacked on top of each other. The ground is covered in snow and rocks, and there is a pile of rubble in the foreground. The sky is blue and clear."
4f6f3b9e3d4f400b992de84d30e60349,S7R08497.JPG,"The image shows a large wooden building with a sloping roof. The building appears to be old and dilapidated, with peeling paint and broken windows. The ground is covered in snow and rocks, and there is a pile of rubble in front of the building. In the foreground, there are several red fire extinguishers stacked on top of each other. The sky is blue and there are a few clouds in the distance."
85b0e9c224274af0bc0746a49ed3b1c8,S7R08498.JPG,"The image shows a small white building with a black metal roof on a snowy mountain. The building appears to be a cabin or a shed with a sloping roof. There are several windows and a door on the front of the building, and a staircase leading up to the entrance. On the right side of the image, there are several red fire extinguishers stacked on top of each other. The ground is covered in snow and rocks, and in the background, there is a vast expanse of snow-covered mountains. The sky is blue with a few scattered clouds."
221cf524e1594252bca76d924444195d,S7R08499.JPG,"The image shows a group of red fire extinguishers standing on a pile of rocks and debris in front of a blue building with a metal roof. The building appears to be old and dilapidated, with peeling paint and broken windows. The sky is overcast and the ground is covered in snow. The fire extinguisher is secured with a red rope and is positioned in the center of the pile."
0531f7e2ca1c4993b3d265429ea964a9,S7R08500.JPG,"The image shows a gray wooden building with six windows on the side of a mountain. The building appears to be old and dilapidated, with peeling paint and broken windows. The ground is covered in snow and rocks, and there is a pile of rubble and debris scattered around the building. The sky is overcast and the overall mood of the image is bleak and desolate."
394fb31c54174f559f607f7755ae9a44,S7R08501.JPG,"The image shows a pile of rocks and debris on a rocky ground. The rocks are of different sizes and shapes, and they are scattered across the ground. In the background, there is a snow-covered hill with a wooden fence on the right side. On the left side of the image, there are a few pieces of wood and other debris scattered around. The sky is clear and blue, and the overall scene is bleak and desolate."
bf1de832ad4a46a2933f7745cbd79d87,S7R08502.JPG,"The image shows a rocky mountain landscape with a large glacier in the background. The glacier is covered in snow and ice, and there is a large crack running down the side of the mountain. The rocks are jagged and uneven, and the ground is covered with small rocks and boulders. The sky is clear and blue, and it appears to be a sunny day. The overall mood of the image is cold and desolate."
d59bd3c4ecb34482be43547879f97c35,S7R08503.JPG,"The image shows a rocky landscape with a large glacier on the left side. The glacier is covered in snow and ice, and the sky is clear and blue. On the right side of the image, there is a body of water, possibly a lake or a glacier, with snow-covered mountains in the background. The rocks are jagged and uneven, with some areas appearing to be eroded and eroded. The overall scene is desolate and desolate."
52726b011be14340b4eb831ae6f1c28f,S7R08504.JPG,"The image shows a rocky landscape with a clear blue sky in the background. The rocks are covered in snow and ice, and there is a wooden fence on the right side of the image. In the distance, there are snow-covered mountains and a body of water. The sky is clear and blue, and the overall scene is peaceful and serene."
21f19d0b206547e2aa494166d15262fa,S7R08505.JPG,"The image shows a rocky landscape with a clear blue sky in the background. The ground is covered in snow and rocks, and there is a small wooden structure on the right side of the image. The structure appears to be made of metal and has a railing on top. In the background, there are snow-covered mountains and a mountain peak. The sky is clear and blue, and the overall scene is peaceful and serene."
09a49b2343234ef9a78214309673179d,S7R08506.JPG,"The image shows a rocky landscape with snow-covered mountains in the background. The sky is blue with a few white clouds scattered across it. The mountains are covered in snow and ice, and there is a body of water visible on the left side of the image. On the right side, there are several large rocks and boulders scattered across the landscape. In the foreground, there is snow on the ground and a wooden fence on top of one of the rocks. The overall scene is peaceful and serene."
16cb160c6d9c46b0ad2f0100f6243986,S7R08507.JPG,"The image shows a snow-covered mountain peak with a clear blue sky in the background. The mountain appears to be steep and rocky, with patches of snow covering the ground. The sky is dotted with white clouds, and the horizon is visible in the distance. In the foreground, there is a small patch of snow on the right side of the image, and a few footprints and tracks can be seen in the snow. The overall scene is peaceful and serene, with a sense of solitude and solitude."
c712ff581aa44dbfb807f55e11973b93,S7R08508.JPG,"The image shows a snow-covered mountain peak with a clear blue sky in the background. The peak is covered in a thick layer of snow and there are footprints in the snow. On the right side of the image, there is a large rock formation with a few smaller rocks scattered around it. The sky is dotted with white clouds and the sun is shining brightly in the top right corner. The overall scene is peaceful and serene."
9cd23c38569c42cf8a4762c9f8ec07a4,S7R08509.JPG,"The image shows a snowy landscape with a small cabin on the right side. The cabin is made of wood and has a sloping roof. It is located on a rocky cliff on the left side of the image. The sky is blue with a few white clouds scattered across it. In the background, there are mountains covered in snow and ice. The ground is covered in a thick layer of snow and there are a few rocks scattered around. The overall scene is peaceful and serene."
4da91ade2a6b48028123e3a7948eeb7c,S7R08510.JPG,"The image shows a rocky landscape with snow-covered mountains in the background. The sky is blue with a few white clouds scattered across it. The mountains are covered in snow and ice, and there is a body of water visible in the distance. On the right side of the image, there are several large rocks and boulders scattered across the landscape. In the foreground, there is snow on the ground and a wooden fence on the left side. The overall scene is peaceful and serene, with a sense of solitude and solitude."
31e163e99a8e4912b46881854820652f,S7R08511.JPG,"The image shows a rocky landscape with a clear blue sky in the background. On the left side of the image, there is a large snow-covered mountain with a steep cliff on the right side. The mountain appears to be covered in a thick layer of snow and ice, and there are several smaller rocks scattered around the base of the mountain. In the distance, there are more snow-capped mountains and a body of water. The sky is a bright blue with a few scattered clouds. The overall scene is peaceful and serene, with a sense of natural beauty and solitude."
6ee4be8a62244b14b554fd786fe0765f,S7R08512.JPG,"The image shows a small wooden building with a sloping roof covered in snow. The building appears to be old and dilapidated, with peeling paint and broken windows. The ground is covered in a thick layer of snow, and there are a few rocks and debris scattered around the building. The sky is clear and blue, and in the background, there is a snowy mountain range. The overall mood of the image is bleak and desolate."
a2facc83d3f3437c97ff62c52c3cdb76,S7R08513.JPG,"The image shows a small wooden building with a black metal roof on top of a snowy hill. The building appears to be old and dilapidated, with peeling paint and peeling walls. There are three windows on the front of the building, and a pile of rocks and debris on the ground in front of it. The sky is clear and blue, and the hill is covered in a thick layer of snow. The overall mood of the image is bleak and desolate."
665dfe83d430442cb4df553f7b8ebe54,S7R08514.JPG,"The image shows a large wooden building with a sloping roof. The building appears to be old and dilapidated, with peeling paint and broken windows. The ground is covered in snow and there is a pile of rocks and debris in front of the building. On the left side of the image, there are several red fire extinguishers stacked on top of each other. The sky is blue and there are a few clouds in the distance."
c16b14f2ed404f66b17c886680353bdd,S7R08515.JPG,"The image shows a large wooden building with a sloping roof. The building appears to be old and dilapidated, with peeling paint and broken windows. The ground is covered in snow and rocks, and there is a pile of rubble in front of the building. In the foreground, there are several red fire extinguishers stacked on top of each other. The sky is blue and there are a few clouds in the distance."
4f3bd3ab18464082aa57c47fa718b696,S7R08516.JPG,"The image shows a small white building with a sloping roof on a rocky hillside. The building appears to be a cabin or a shed, with a door and windows on the right side. The ground is covered in snow and rocks, and there are several red fire extinguishers on the left side of the image. In the background, there is a vast expanse of snow-covered mountains and a clear blue sky. The overall scene is desolate and desolate."
fb3175f4552e4c839c9ec574f93e8f4f,S7R08517.JPG,"The image shows a vast snow-covered mountain landscape with a clear blue sky in the background. The mountain appears to be steep and rocky, with patches of snow and rocks scattered throughout. The sky is a bright, clear blue with a few scattered clouds. In the distance, there are other mountains visible, but they are also covered in snow. The overall mood of the image is cold and desolate."
762f9942eac2447d9c64c9c32c0ee1fa,S7R08518.JPG,"The image shows a snow-covered mountain peak with a clear blue sky in the background. The mountain appears to be steep and rocky, with patches of snow covering the ground. On the left side of the image, there is a small wooden structure, possibly a lookout tower or observation deck, that is partially buried in the snow. The sky is a bright, clear blue with a few scattered clouds. The overall scene is peaceful and serene, with a sense of solitude and solitude."
8f8c0ede2959437685d32f72f04f4ba3,S7R08519.JPG,"The image shows a rocky landscape covered in snow and ice. The sky is blue with some clouds scattered across it. The ground is covered in a thick layer of snow, with patches of ice scattered across the surface. On the left side of the image, there is a rocky cliff with a small wooden structure on top. The structure appears to be made of wood and metal, and there are a few rocks scattered around it. In the background, there are more rocks and boulders. The overall scene is peaceful and serene, with a sense of solitude and solitude."
cfcdf234c4164aacbb9bd2badf15080d,S7R08520.JPG,"The image shows a rocky mountain peak covered in snow and ice. The sky is blue with a few white clouds scattered across it. The mountain appears to be steep and rocky, with patches of snow on the right side of the image. In the center of the mountain, there is a small wooden structure, possibly a lookout or observation deck, that is partially buried in the snow. The structure is made of wood and metal, and appears to have a rustic, weathered appearance. The snow is pristine and untouched, and the sky is clear and blue."
f34298cb29674011a9d81ac502db2d45,S7R08521.JPG,"The image shows a rocky landscape with a clear blue sky and snow-covered mountains in the background. The mountains are covered in snow and ice, and the sky is a bright blue with a few scattered clouds. In the foreground, there is a large rock formation with a wooden structure on top of it. The structure appears to be made of wood and metal, and there are a few pieces of debris scattered around it. On the right side of the image, there are more rocks and boulders, and on the left side, there seems to be a body of water with icebergs floating on the surface. The overall scene is peaceful and serene, with a sense of solitude and solitude."
00917e7e23184fd2b63c48a83476fae1,S7R08522.JPG,"The image shows a large pile of rocks and boulders on a mountain. The rocks are of different sizes and shapes, with some being larger and some being smaller. The pile is covered in snow and ice, and there is a wooden structure on the right side of the image. In the background, there are snow-covered mountains and a clear blue sky. The image appears to be taken from a high vantage point, looking down on the pile."
42a037e24ca64b38b8e45066da4eb6bf,S7R08523.JPG,"The image shows a rocky terrain covered in snow and ice. The rocks are of different sizes and shapes, and they are scattered across the ground. The snow is white and fluffy, covering the entire surface of the mountain. The sky is clear and blue, and the overall mood of the image is cold and desolate. The image appears to be taken from a high vantage point, looking down on the rocky terrain."
519e2ea8a4f64243ad78ff78c093248c,S7R08524.JPG,"The image shows a large pile of rocks and boulders on a snowy ground. The rocks are of different sizes and shapes, and they are scattered across the ground in a rough and uneven manner. The ground is covered in a thick layer of snow, and there is a layer of ice on the left side of the image. The sky is overcast and the overall color of the scene is mostly white and gray. The image appears to be taken from a low angle, looking up at the rocks and the ice."
d5513878a02447ae9b548e1c1033478c,S7R08525.JPG,"The image shows a pile of large rocks and boulders on a rocky ground covered in snow. The rocks are of different sizes and shapes, and they are scattered across the ground. In the top right corner of the image, there are three red cylindrical containers, which appear to be part of a construction site. The containers are stacked on top of each other, and the ground is covered in patches of snow and rocks. The sky is visible in the background, and it appears to be a clear day."
ab5c28fb74f645bc8f5b47deedea8def,S7R08526.JPG,"The image shows a pile of large rocks and boulders on a rocky ground. In the center of the image, there are six red fire extinguishers stacked on top of each other. The extinguishers are secured with a yellow rope. Behind the extinguishers, there is a wooden building with a sloping roof and a window. The building appears to be a cabin or a storage area. The ground is covered in snow and there are mountains in the background. The sky is blue and the overall scene is cold and desolate."
0a2861dda4494bf385821a5e40963228,S7R08527.JPG,"The image shows a pile of rocks and debris on the ground. The rocks are of different sizes and shapes, and they are scattered across the ground in a disorganized manner. The ground is covered in snow, and there is a wooden fence in the background. On the right side of the image, there are some pieces of wood and other debris scattered around. The sky is overcast, and the overall scene is bleak and desolate."
e4a6890259cb4f858c25e7f947287d02,S7R08528.JPG,"The image shows a large pile of rocks and debris in front of a building with a sloping roof. The building appears to be old and dilapidated, with peeling paint and broken windows. The ground is covered in snow and ice, and there is a red fire extinguisher on the left side of the image. The sky is overcast and the overall scene is bleak and desolate."
b26e3a4669bd4ec8bc41914207e0dd39,S7R08529.JPG,"The image shows a small wooden building with three windows on the side of a snowy mountain. The building appears to be old and dilapidated, with peeling paint and crumbling walls. The ground is covered in snow and rocks, and there is a pile of rubble and debris scattered around the building. The sky is blue and clear, and the mountains in the background are covered in a thick layer of snow. In the foreground, there is an open area with a large pile of rocks and debris. The overall mood of the image is bleak and desolate."
1911a672ae40403a9ce09ce6f9b92da3,S7R08530.JPG,"The image shows a rocky area covered in snow and rocks. The rocks are of different sizes and colors, with some being gray and others being white. There is a small amount of snow on the right side of the image, and a pile of rocks on the left side. The ground is covered in a thick layer of snow, and there are a few pieces of wood and other debris scattered around. The image appears to be taken from a high vantage point, looking down on the area."
488285bf39484c2a9c61965188b05476,S7R08531.JPG,"The image shows a small wooden building with a black metal roof on top of a snowy mountain. The building appears to be old and weathered, with peeling paint and cracks on the walls. There are three windows on the front of the building, each with a glass pane. The roof is sloped and has a small chimney on the right side. The ground is covered in snow and there are a few rocks and debris scattered around the building. The sky is clear and blue, and the mountain in the background is also covered in a layer of snow."
1977d93126e44b05853205a265a6ecec,S7R08532.JPG,"The image shows a small wooden building with a black roof on top of a snow-covered mountain. The building appears to be old and weathered, with peeling paint and broken windows. The sky is clear and blue, and the mountain is covered in a thick layer of snow. There are a few rocks and boulders scattered around the building, and a small stream can be seen in the foreground. The overall scene is peaceful and serene."
7f43a6e591df4d21a5d9d92941f0b32e,S7R08533.JPG,"The image shows a small wooden building with a black metal roof. The building appears to be old and dilapidated, with peeling paint and broken windows. The ground is covered in snow and there is a pile of rocks and debris in front of the building. The sky is blue and there are a few clouds in the background. The overall mood of the image is bleak and desolate."
e76a4ee794a847eb87d0b49adef690e2,S7R08534.JPG,"The image shows a large wooden building with a sloping roof. The building appears to be old and dilapidated, with peeling paint and broken windows. The ground is covered in snow and rocks, and there are several red fire extinguishers scattered around. The sky is blue and clear, and the overall mood of the image is bleak and desolate."
284b7fa7caf94cceb35eed725972ad39,S7R08535.JPG,"The image shows a large wooden building with a sloping roof on a rocky hillside. The building appears to be old and weathered, with peeling paint and broken windows. The sky is blue and clear, and the ground is covered in snow and rocks. In front of the building, there are several red fire extinguishers stacked on top of each other. In the background, there is a vast expanse of snow-covered mountains. The overall mood of the image is bleak and desolate."
988c1358dfa64caca24a54af373db064,S7R08536.JPG,"The image shows a small wooden building with a sloping roof on a snowy mountain. The building appears to be old and dilapidated, with peeling paint and broken windows. In front of the building, there are several red fire extinguishers stacked on top of each other. The ground is covered in snow and rocks, and there is a pile of rubble and debris scattered around. The sky is blue and clear, and in the background, there is snow-covered mountains and a clear blue sky."
fc22330edd174dfcbe205d11a7ec506a,S7R08537.JPG,"The image shows a rocky landscape with a small building on the right side. The building appears to be a cabin or a shed with a sloping roof and a chimney. The ground is covered in snow and rocks, and there is a large pile of snow on the left side of the image. In the background, there are mountains and a clear blue sky. The overall scene is bleak and desolate."
56c7f45a74374eb7990d1a165dff3d5b,S7R08538.JPG,"The image shows a rocky mountain landscape covered in snow and ice. The sky is blue with some clouds scattered across it. The mountain appears to be steep and rocky, with patches of snow covering the top of the mountain. On the right side of the image, there is a pile of rocks and boulders, and on the left side, there are a few wooden structures scattered around. The snow is white and fluffy, and there are small waves crashing against the rocks. The overall scene is peaceful and serene, with a sense of solitude and solitude."
412a1a8e700d4587b7a0f765020308e8,S7R08539.JPG,"The image shows a rocky mountain landscape with a clear blue sky in the background. The mountain appears to be covered in snow and ice, with patches of snow on the right side of the image. On the left side, there is a rocky cliff with a small wooden structure on top. The structure is made up of large rocks and boulders, and it seems to be a part of a larger mountain range. The sky is clear and blue, and the overall scene is peaceful and serene."
d7d09f86eff74a5d8fce5aedd62ab72b,S7R08540.JPG,"The image shows a rocky mountain peak with a clear blue sky in the background. The mountain appears to be covered in snow and ice, and there is a small wooden structure on the right side of the image. The structure is made up of large rocks and boulders, and it seems to be a part of a larger mountain range. The sky is clear and blue, and the mountains in the distance are also covered in a layer of snow. The overall scene is desolate and barren, with no vegetation or other vegetation visible."
946dbc06c7f342aebb545a06d56f7e19,S7R08541.JPG,"The image shows a rocky landscape with a vast expanse of snow and ice. The sky is blue with a few white clouds scattered across it. In the background, there are several large icebergs floating on the surface of the water. On the right side of the image, there is a rocky cliff with a small stream running through it. The water is a deep blue color and appears to be calm and still. The mountains in the distance are covered in snow and have jagged peaks. The overall scene is peaceful and serene."
015997e0c07442b8a86db444a4c84a67,S7R08542.JPG,"The image shows a rocky landscape with a large glacier in the background. The glacier is covered in snow and ice, and there are several smaller icebergs scattered across the landscape. The sky is blue with some clouds, and the mountains in the distance are also covered in a layer of snow. The ground is covered with small rocks and boulders, and a small stream of water can be seen in the foreground. The overall mood of the image is cold and desolate."
e54147cdb89f4fbf8ce50b59c92185e5,S7R08543.JPG,"The image shows a large snow-covered mountain with a small hole in the center. The mountain appears to be in a mountainous area with other mountains in the background. The sky is clear and blue, and the ground is covered in a thick layer of snow and ice. The snow is deep and untouched, and there are a few small rocks and boulders scattered around the base of the mountain. In the center of the image, there is a large rock formation that looks like a cave or a cave entrance. The rock formation is jagged and uneven, with some areas appearing to be eroded and eroded. The overall scene is peaceful and serene."
5e3143de9f4a4a868f608257bed03740,S7R08544.JPG,"The image shows a close-up of a snow-covered mountain peak. The peak is covered in a thick layer of snow and ice, and there is a large crack running down the side of the mountain. The crack appears to be made of rocks and boulders, and it is jagged and uneven. The sky is overcast and the overall mood of the image is cold and desolate."
38ae999c5b0f4f0084e37393fbfcbc3c,S7R08545.JPG,"The image shows a rocky area covered in snow and rocks. On the left side of the image, there is a small wooden cabin with a sloping roof. The cabin appears to be made of wood and has a window on the top. The ground is covered in a thick layer of snow, and there are patches of ice and snow on the right side. The sky is clear and blue, and the overall scene is peaceful and serene."
98bc2a1bb07d49fc97c9371231f60097,S7R08546.JPG,"The image shows a rocky area covered in snow and ice. In the center of the image, there is a pile of rocks and boulders, with a small wooden structure on the right side. The structure appears to be made of wood and has two windows on the top. The ground is covered in a thick layer of snow, and there are patches of ice and snow on the ground. The sky is blue and the overall scene is cold and desolate."
7ae240d3ecae44dcbb221ad0f0d8d66c,S7R08547.JPG,"The image shows a small wooden building with a black metal roof on top of a snow-covered mountain. The building appears to be old and weathered, with peeling paint and cracks on the walls. There are three windows on the front of the building, each with a glass pane. The sky is clear and blue, and the mountain is covered in a thick layer of snow. In the foreground, there is a pile of rocks and debris, and in the background, there are more snow and rocks scattered around. The overall scene is peaceful and serene."
dbe5d87c83c741c59541b461cea506e8,S7R08548.JPG,"The image shows a small wooden building with a black metal roof on top of a snowy mountain. The building appears to be old and dilapidated, with peeling paint and peeling walls. There are two windows on the front of the building, one on each side, and a door on the right side. A ladder is leaning against the wall next to the door. The ground is covered in snow and rocks, and there is a pile of rubble and debris scattered around the building. In the background, there are snow-covered mountains and a clear blue sky."
bd5d6828130043489c691724d80b9b43,S7R08549.JPG,"The image shows a small wooden building with a black metal roof on top of a snowy mountain. The building appears to be old and dilapidated, with peeling paint and peeling walls. There are several windows on the front of the building, and a door on the right side. The ground is covered in snow, and there are a few rocks and debris scattered around. The sky is clear and blue, and the mountains in the background are also covered in a layer of snow."
dc33a4d356864a43b6e385ec9260d635,S7R08550.JPG,"The image shows a small wooden building with a black metal roof on a snowy mountain. The building appears to be a cabin or a shed with multiple windows and a door. The sky is clear and blue, and the ground is covered in a thick layer of snow. In front of the building, there is a red fire hydrant and some rocks. The mountain in the background is also covered in snow and ice. The overall scene is cold and desolate."
f96156d90dd34095a0fca066ff662995,S7R08551.JPG,"The image shows a snow-covered mountain landscape with a clear blue sky in the background. The mountain appears to be steep and rocky, with patches of snow covering the ground. On the left side of the image, there is a large glacier with a steep slope on the right side. The glacier is covered in a thick layer of snow, and there are a few small rocks scattered around the base of the mountain. The sky is a bright, clear blue with a few scattered clouds. The image is taken from a low angle, looking up at the mountain and the glacier."
63a835ac35774a38970f46dfa0786c7c,S7R08552.JPG,"The image shows a rocky mountain peak covered in snow and ice. The sky is blue with some clouds scattered across it. On the right side of the image, there is a large pile of rubble and debris, including a large rock formation in the center. The pile appears to be made of rocks and boulders, and there are a few pieces of wood and other debris scattered around it. In the background, there are more rocks and mountains visible. The overall scene is desolate and barren."
77645f3d84d247339345ee8f162e572d,S7R08553.JPG,"The image shows a rocky mountain with a clear blue sky in the background. The mountain appears to be covered in snow and ice, and there are several large rocks and boulders scattered around the base of the mountain. On the right side of the image, there is a large rock formation with two rusty pipes sticking out of it. The pipes are brown in color and appear to be old and weathered. The ground is also covered in a layer of snow, and the sky is clear and blue."
40c8955be5834bc185b426c09f5e63c8,S7R08554.JPG,"The image shows a snow-covered mountain landscape with a clear blue sky in the background. The mountain appears to be steep and rocky, with patches of snow on the ground. On the left side of the image, there is a rocky cliff with a wooden railing on the right side. In the distance, there are several smaller mountains visible. The sky is dotted with white clouds, and the sun is shining brightly, casting a warm glow over the scene. The overall mood of the photo is peaceful and serene."
fb4611ae8b154fc19b5b0a84d6201f20,S7R08555.JPG,"The image shows a vast expanse of snow-covered ground with a clear blue sky in the background. The sky is a bright, clear blue with a few scattered clouds. In the distance, there are several icebergs and mountains visible. On the left side of the image, there is a rocky cliff with a small building perched on top. The ground is covered in a thick layer of snow, and there are footprints in the snow. The overall scene is peaceful and serene, with a sense of solitude and solitude."
5ed42d08547441219f4626706bd2e249,S7R08556.JPG,"The image shows a vast landscape of a snowy mountain range. The sky is clear and blue, and the mountains are covered in a thick layer of snow. The mountains in the background are also covered in snow, and there are patches of grass and shrubs scattered throughout the landscape. In the foreground, there is a large pile of snow on the right side of the image, and a small stream running through it. The snow appears to be deep and untouched, and it seems to be pristine and untouched. The overall impression is of a vast and barren landscape."
dc630b60c765458c9848ba4f1854950a,S7R08557.JPG,"The image shows a small wooden cabin on a rocky hillside covered in snow. The cabin has a sloping roof and two windows on the front. The sky is clear and blue, and in the background, there are mountains visible. The ground is covered in a thick layer of snow, and there are a few rocks scattered around the cabin. The overall mood of the image is cold and desolate."
3b262ef737d04291ab72a41a363455dc,S7R08558.JPG,"The image shows a small wooden building with a black metal roof. The building appears to be old and dilapidated, with peeling paint and peeling walls. There are two windows on the front of the building, one on each side, and a door on the right side. The door is closed and there is a sign on the door that reads ""Welcome to the building"". The ground is covered in snow and there are a few rocks and debris scattered around. The sky is blue and the overall mood of the image is bleak and desolate."
f4bdab57c96c4c0a92ba68778015a57d,S7R08559.JPG,"The image shows a close-up of a snow-covered mountain peak. The peak is covered in a thick layer of snow and there are several large rocks scattered throughout the image. The rocks are of different sizes and shapes, with some being larger and some being smaller. The snow is pristine and untouched, and the sky is clear and blue. In the center of the image, there is a large rock formation that appears to be a large boulder or boulder. The image is taken from a low angle, looking up at the peak and the surrounding landscape."
a5bd8ac5a89e4a10b43b5f90598087be,S7R08560.JPG,"The image shows a pile of rubble and debris in front of a wooden shed. The shed appears to be old and dilapidated, with peeling paint and broken windows. The ground is covered in snow and there is a large pile of rocks and debris scattered around the shed. A ladder is leaning against the side of the shed, and there are a few items scattered on the ground. The sky is overcast and the overall mood of the image is bleak and desolate."
6c48eb45c9314ba9aafdd53ad5066ed4,S7R08561.JPG,"The image shows a small wooden building with a black metal roof. The building appears to be old and dilapidated, with peeling paint and peeling walls. There are two windows on the front of the building, one on each side, and a door on the right side. A ladder is leaning against the door, and there is a sign on the door that reads ""Welcome to the building."" The ground is covered in snow and rocks, and the sky is clear and blue."
88f48fa8714b47439078ffdd550b4402,S7R08562.JPG,"The image shows a small wooden cabin on a rocky hillside covered in snow. The cabin has two windows and a door, and there is a pile of rocks and debris on the right side of the image. The sky is clear and blue, and in the background, there are mountains visible. The ground is covered in a thick layer of snow, and the overall scene is desolate and barren."
39d9847546364d788c505a4f9fc458ab,S7R08563.JPG,"The image shows a small white building with a black roof on top of a rocky mountain. The building appears to be old and dilapidated, with peeling paint and broken windows. The roof is sloped and has a chimney on the right side. In the background, there are snow-covered mountains and a clear blue sky. On the left side of the image, there is a pile of rocks and debris. The overall scene is desolate and desolate."
5fecfe2b83904ccab43dff05186e61a2,S7R08564.JPG,"The image shows a small wooden cabin with a black roof on top of a snowy mountain. The cabin has a small window on the right side and a chimney on the left side. The sky is clear and blue, and the mountains in the background are covered in snow and ice. The ground is covered in rocks and boulders, and there is a pile of rubble in front of the cabin. The overall scene is peaceful and serene."
543be414203343f79c3807b1c982b1d5,S7R08565.JPG,"The image shows a large pile of rocks and debris on the shore of a body of water. The rocks are of different sizes and shapes, and some are covered in snow and ice. In the center of the pile, there is a large orange and white object, which appears to be a shovel or a bucket, lying on top of the rocks. To the right of the object, there are two windows on the side of the building, and a metal door on the left side. The building itself is made of corrugated metal and has a sloping roof. The sky is overcast and the overall mood of the image is bleak and desolate."
28e735ef602c46ae8ecca90d05f584f1,S7R08566.JPG,"The image shows a dilapidated building with two windows and a door on the right side. The building appears to be made of corrugated metal and is located on a rocky shore. The ground is covered in large rocks and debris, and there is a large pile of rubble and debris on the left side of the image. In front of the building, there are several pieces of machinery and equipment scattered around. The sky is overcast and the overall mood of the scene is bleak and desolate."
299ed20abe68446f84d655db05e72120,S7R08567.JPG,"The image shows a small wooden building with a sloping roof. The building appears to be old and dilapidated, with peeling paint and peeling walls. There are two windows on the front of the building, one on each side, and a door on the right side. The door is open, and there is a pile of rocks and debris in front of it. The ground is covered in snow and ice, and the sky is visible in the background."
8f46e246c2c448518ce00b86cb087a15,S7R08568.JPG,"The image shows a small white building with a black metal roof. The building appears to be old and dilapidated, with peeling paint and peeling walls. There are two windows on the front of the building, one with white shutters and the other with a white frame. The roof is covered in horizontal slats, and there is a chimney on the right side of the image. In front of one of the windows, there are piles of rocks and debris, including a large pile of rubble and a pile of trash. The sky is blue and clear, and the overall scene is desolate and abandoned."
0a6eea1734ba475e97e010e0d1bdc8ac,S7R08569.JPG,"The image shows a small white building with a black metal roof. The building appears to be old and dilapidated, with peeling paint and peeling walls. There are two windows on the front of the building, one with white frames and the other with a red frame. The roof is covered in horizontal slats, and there is a chimney on the right side of the image. In front of one of the windows, there are piles of rocks and debris, including a pile of rubble and a pile on the ground. The sky is blue and there are no clouds in sight."
7374f18cd9ff4828980845ee3fcbb6bd,S7R08570.JPG,"The image shows a small wooden building with a black metal roof. The building appears to be old and dilapidated, with peeling paint and peeling walls. There are two windows on the front of the building, one on each side, and a door on the right side. The door is closed and there is a sign on the door that reads ""Welcome to the building."" The building is surrounded by a pile of rocks and debris, and there are a few pieces of machinery and equipment scattered around the ground. The sky is blue and the ground is covered in snow."
bacd585a60ee4128be14507aecbb8829,S7R08571.JPG,"The image shows a small wooden building with a sloping roof. The building appears to be old and dilapidated, with peeling paint and peeling walls. There are two windows on the front of the building, one on each side, and a chimney on the right side. The roof is covered in black shingles, and there is a pile of rocks and debris on the ground in front of it. The sky is blue and there are a few clouds in the background. The overall mood of the image is bleak and desolate."
26286ecde23644f2880d4f21b4f2c7b8,S7R08572.JPG,"The image shows a small wooden shed with a black metal roof. The shed has a white door and a window on the left side. On the right side of the shed, there is a ladder leaning against the wall. The ground is covered in snow and there are a pile of rocks and debris scattered around. In front of the door, there are two orange shovels and a large wheel. A blue sign with white text is visible on the door. The sky is overcast and the overall mood of the image is cold and desolate."
04904d7be7f84bd4994bc2ac71188466,S7R08573.JPG,"The image shows an old, dilapidated building with a blue door and two windows. The building appears to be made of corrugated metal and has a sloping roof. The door is closed and there is a ladder leaning against the side of the building. The ground is covered in snow and there are rocks and debris scattered around. There is a large pile of rubble in front of the door and a sign on the right side. The sky is overcast and the overall mood of the image is bleak and desolate."
a69a6e08f44e4b46b88490a79c3b7518,S7R08574.JPG,"The image shows a small white building with a sloping roof and two windows on the side. The building appears to be abandoned and is surrounded by a pile of rocks and debris. The sky is blue and the ground is covered in snow and ice. There is a large pile of rubble and debris in front of the building, including a large wheel and a few pieces of metal. The overall mood of the image is bleak and desolate."
47e1334563b044759da51a2642e25f7e,S7R08575.JPG,"The image shows a small wooden shed with a black door and a white door. The shed is made of corrugated metal and has a sloping roof. The door is closed and there is a sign on the right side of the door that reads ""Welcome to the shed"". There is a ladder leaning against the side of one of the shed and a pile of rocks and debris on the ground next to it. The ground is covered in snow and there are a few pieces of wood and other debris scattered around. The sky is overcast and the overall mood of the image is cold and desolate."
e53469c1cfec4f9ba0da2a5ee75c6679,S7R08576.JPG,The image shows a small wooden building with a black roof and white walls. The building appears to be abandoned and is covered in snow and rocks. There is a ladder leaning against the side of the building and a sign on the door. The sky is blue and the ground is covered with snow. There are a few pieces of debris scattered around the building.
af76f777c4b44a01807053adf4fd362f,S7R08577.JPG,"The image shows a small white building with a black metal roof. The building appears to be old and dilapidated, with peeling paint and peeling walls. There is a small window on the left side of the building and a door on the right side. In front of the door, there is a pile of rocks and debris, including a wooden ladder and a wheelbarrow. The ground is covered in snow and there are a few other items scattered around. The sky is overcast and the overall mood of the image is bleak and desolate."
0487c34d6f0a4c25ba57fceca9fc78e5,S7R08578.JPG,"The image shows a small white wooden building with a black metal roof on top of a rocky hillside. The building appears to be old and dilapidated, with peeling paint and peeling walls. There are two windows on the front of the building, one on each side, and a door on the right side. The ground is covered in snow and rocks, and there is a pile of rubble and debris scattered around the building. In the background, there are icebergs and a clear blue sky."
ef197fb564cd4bf49a70b92ccaceacc6,S7R08579.JPG,The image shows a small wooden shed with a black metal roof. The shed is located in a snowy area with rocks and debris scattered around. There is a ladder leaning against the side of the shed and a small window on the right side. A sign on the door is visible in the background. The sky is clear and blue.
b84245763b2f47338309d919a96d57b0,S7R08580.JPG,"The image shows a small wooden building with a black metal roof on a snowy mountain. The building has multiple windows and a door on the left side, and a sign on the right side. There are two orange fire extinguishers on the ground in front of the building. The ground is covered in snow and there are a few rocks and debris scattered around. The sky is clear and blue."
3f2d6f18c3cc4e21b6757a6ebf6cfd93,S7R08581.JPG,"The image shows a small wooden cabin on a rocky hillside. The cabin has a sloping roof and a small window on the right side. The ground is covered in snow and ice, and there is a small stream running through it. In the background, there are several icebergs and mountains visible. The sky is blue and clear, and the overall scene is peaceful and serene."
0336a3297c224f1f9fd1be130ae795ea,S7R08582.JPG,"The image shows the exterior of a small wooden building with a black metal roof. The building appears to be old and dilapidated, with peeling paint and peeling walls. There is a small window on the left side of the building, and a pile of rocks and debris on the right side. The door is closed, and there is a sign on the door that reads ""Welcome to the building."" The sky is clear and blue, and the overall atmosphere of the image is desolate and abandoned."
931a0e25de4c4e1f8409875540712315,1 (10).JPG,The image shows a woman in an orange jumpsuit painting a gray wall with red windows. She is standing on a wooden deck and is holding a paintbrush in her right hand and a bucket of paint in her left hand. The woman appears to be in the process of painting the wall with the paintbrush. The wall is painted in a dark grey color and there are two red windows on either side of the woman. The floor is made of wooden planks.
3cae6513130e4af09b3e3ef0f1c92b19,1 (12).JPG,"The image shows a person standing on a rocky shore with a large body of water in the background. The person is wearing a red and black jacket, black pants, and red gloves. They are holding a blue shovel in their right hand and a black bucket in their left hand. In front of the person, there are several penguins scattered on the ground. In the background, there is a large cruise ship sailing on the water and snow-capped mountains in the distance. The sky is blue and the weather appears to be sunny and clear."
8ceaf4da9f8c4a9cb51be51ffb169f68,1 (19).JPG,"In this image, we can see a person working in a workshop. The person is wearing a black jacket, a face mask, and gloves. They are standing in front of a blue workbench with various tools and equipment scattered around. On the workbench, there is a large metal pot with a lid, a bucket, and a few other items. There are also a few bottles of paint and other tools hanging on the wall behind the person. The workshop appears to be well-organized and well-stocked."
6cd6f7345fb448c6b3009f06b4cb454f,1 (39).JPG,"The image shows two men working on the side of a building. They are both wearing orange jackets and black hats. The man on the left is leaning against the wall of the building, while the man in the middle is working on a red window. The building appears to be made of concrete and has a gray exterior. In the background, there are mountains covered in snow and a cloudy sky. The men are holding tools and appear to be in the process of installing or repairing the window."
4f370ca4c6de45599800cd5d9083c54e,1 (47).JPG,"The image shows a man on a ladder working on the side of a building. He is wearing a grey sweatshirt, jeans, and sunglasses. He appears to be in the process of installing a sign on the wall of the building. The sign is rectangular in shape and has the words ""Bransfield House"" written on it in gold lettering. There are two orange signs on either side of the sign, one for the building and the other for the entrance. The sky is blue and there are a few clouds visible in the background."
478b884e83594712bedfaeb74066df88,1 (8).JPG,"The image shows a black building with red windows and a chimney on the right side. On the left side of the building, there is a flagpole with the flag of Norway flying in front of it. The flag is red, white, and blue in color. In the background, there are snow-capped mountains and a clear blue sky. A person in an orange jumpsuit is standing on the roof of the house, looking up at the flag. There are a few birds perched on the rocks near the house."
6c880f57b31245da982fcc0b602e16a0,1.JPG,"The image shows a snowy landscape with a large body of water in the background. The sky is clear and blue, and the ground is covered in a thick layer of snow. In the foreground, there is a large black tunnel-like structure, which appears to be a hut or a shelter. The tunnel is partially buried in the snow, and there are a few people walking around it. On the right side of the image, there are two red buildings, one of which is a red building with a white roof and the other is a smaller one with a black roof. There are also a few poles and wires scattered around the area. In the background, we can see a snow-covered mountain and a clear blue sky. The mountains in the distance are also covered in snow and the water is calm and still. The overall scene is peaceful and serene, with a sense"
ea6eb349d62e4b46969a8c5e8bdf31f2,2.JPG,"The image shows a living room with a curved ceiling and wooden walls. The room is furnished with a red and white striped sofa on the right side, a black and white patterned armchair on the left side, and a bookshelf on the far wall. In the center of the room, there is a wooden fireplace with a metal chimney. On the floor, there are several books and magazines scattered around. The walls are painted in a light color, and there are two windows with red curtains on the windowsill. The floor is covered with a colorful rug."
1fd1c1530df443739bd77707e79a9677,20121121-DSC_0811 FK.jpg,"The image shows an old, dilapidated room with a white wall and a wooden floor. On the wall, there are several wooden tools hanging in a rack. The tools appear to be old and weathered, with some of them having rust and peeling paint. There are also several wooden crates with labels on them, some of which have numbers and letters on them. The room appears to be in a workshop or garage, as there are other tools scattered around the room. The ceiling is made of metal beams and there is a chandelier hanging from it."
2a37751837614441922424902425f259,3.JPG,"The image shows a small kitchen with a red table and four red chairs. The kitchen has a wooden countertop and a sink on the right side. On the left side, there is a window with red and white checkered curtains. Above the window, there are several framed pictures and a map hanging on the wall. The walls are painted white and the floor is made of light-colored wood. There is a door on the left wall and a rug on the floor. The overall style of the kitchen is modern and minimalistic."
520f71ccf985465e8fa3413b88a4e472,4.JPG,"The image shows a young woman standing in a small room with wooden walls and a window on the right side. She is holding a red jacket in her hands and is smiling at the camera. On the left side of the room, there is a single bed with a white comforter and colorful pillows. Above the bed, there are clothes hanging on a clothesline. The room appears to be a dormitory or dormitory."
5d065c454d3e4980ad9b6c555b9ae974,a Calire IMG_1633.JPG,"The image shows a group of penguins gathered on a rocky shore near the ocean. The sky is blue with white clouds and the ocean is a deep blue-green color. In the background, there are snow-capped mountains and a clear blue sky. On the right side of the image, there is a red and black building with a chimney and a flagpole with the Union Jack flag flying in front of it. The penguins are black and white and appear to be walking around the building. The overall scene is peaceful and serene."
62234286d46444e6a4727133a04a6a96,a Cat IMG_5756.JPG,"The image shows a penguin jumping out of the water with its wings spread wide. The penguin is white with orange beak and feet, and it appears to be in mid-jump. The water is a deep blue color and there are several icebergs floating on the surface. In the background, there are more icebergs and mountains visible. The sky is clear and blue."
3eeba11b17484070a938948233b7a717,a Cat IMG_5781 50_.jpg,"The image shows a person sitting at a desk in a workshop. The person is wearing a black beanie and a gray jacket. They are holding a piece of paper in their hands and appears to be writing or drawing on it. The desk is cluttered with various items such as books, papers, and other miscellaneous items. The walls of the workshop are painted green and there are shelves and cabinets in the background. The floor is made of red tiles."
5429f64ae0cf498fac2c72f1bd7ee898,a Cat IMG_5781 50_1.jpg,"The image shows a person sitting at a desk in a workshop. The person is wearing a black beanie and a gray jacket. They are holding a piece of paper in their hands and appears to be writing or drawing on it. The desk is cluttered with various items such as books, papers, and other miscellaneous items. The walls of the workshop are painted green and there are shelves and cabinets in the background. The floor is made of red tiles."
88584eddc50b47cd978e1e59849e5e45,a Cat IMG_7551-Optimized.JPG,"The image shows a small brick building with a sloping roof covered in snow. The building has multiple windows and a chimney on the left side. On the right side of the building, there is a flagpole with the Union Jack flag flying in the wind. The sky is overcast and the ground is covered in a thick layer of snow. There are a few penguins scattered around the building. The overall mood of the image is cold and wintery."
172c8b26b45a4529a62ff8541d9d2d3c,a Cat IMG_7551-Optimized1.JPG,"The image shows a small brick building with a sloping roof covered in snow. The building has multiple windows and a chimney on the left side. On the right side of the building, there is a flagpole with the Union Jack flag flying in the wind. The sky is overcast and the ground is covered in a thick layer of snow. There are a few penguins scattered around the building. The overall mood of the image is cold and wintery."
ac4167003b634643be1ea978480593bb,a Cat IMG_7551.JPG,"The image shows a small brick building with a sloping roof covered in snow. The building has multiple windows and a chimney on the left side. On the right side of the building, there is a flagpole with the Union Jack flag flying in the wind. In front of the flagpole, there are several penguins standing on the snow-covered ground. The sky is overcast and the overall mood of the image is cold and wintery."
275f33ffb35d436690ccd7e1ba3b93b3,a Cat IMG_8594.JPG,"The image shows two women wearing orange jumpsuits and a blue baseball cap, standing on a ladder and painting a wall with red paint. They are both holding paintbrushes and appear to be in the process of applying the paint to the wall. The wall is made of concrete and there are three red windows on it. The women are standing in front of a black wall and there is a small plaque on the right side of the image."
7f3c6a5f2c1c429da2f398079a2584df,a Cat IMG_9332.JPG,"The image shows a large number of postage stamps scattered on a white surface. The stamps are of different sizes and colors, including red, blue, green, and white. Some of the stamps have stamps on them, while others have stamps in different designs and patterns. The background is blurred, but it appears to be a table or countertop. The overall mood of the image is chaotic and disorganized."
85851f6e2f684443897c7ca8908bd24d,a Cat IMG_93321.JPG,"The image shows a large number of postage stamps scattered on a white surface. The stamps are of different sizes and colors, including red, blue, green, and white. Some of the stamps have stamps on them, while others have stamps in different designs and patterns. The background is blurred, but it appears to be a table or countertop. The overall mood of the image is chaotic and disorganized."
c2a978e6a917409e975c9411b17ea725,a Cat IMG_9758.JPG,"The image shows a baby penguin and its mother on a rocky ground. The penguin is standing on its hind legs with its front legs stretched out in front of it. The mother penguin has a black and white striped body and a red beak. The chick is sitting next to her, with its head resting on the mother's back. The background is blurred, but it appears to be an outdoor setting with rocks and pebbles."
f7ebac8fcfec4a54b49f70c79e757b28,a Cat IMG_97581.JPG,"The image shows a baby penguin and its mother on a rocky ground. The penguin is standing on its hind legs with its front legs stretched out in front of it. The mother penguin has a black and white striped body and a red beak. The chick is sitting next to her, with its head resting on the mother's back. The background is blurred, but it appears to be an outdoor setting with rocks and pebbles."
234fd062a9c3464f9e007006bed2aec6,a Claire DSC07803.JPG,"The image shows a small penguin sleeping on a wooden platform. The penguin is grey and white in color and appears to be sleeping peacefully. It is lying on its side with its head resting on a piece of brown paper. In the background, there are several penguins standing on a rocky shore with icebergs in the distance. On the right side of the image, there is a red door and a wooden ladder leaning against the wall. The sky is overcast and the overall mood of the scene is peaceful and serene."
ef90871216e04242bfe92d8e98bdba1c,a Claire DSC078031.JPG,"The image shows a small penguin sleeping on a wooden platform. The penguin is grey and white in color and appears to be sleeping peacefully. It is lying on its side with its head resting on a piece of brown paper. In the background, there are several penguins standing on a rocky shore with icebergs in the distance. On the right side of the image, there is a red door and a wooden ladder leaning against the wall. The sky is overcast and the overall mood of the scene is peaceful and serene."
889f438e86884f56aacd1cd81655dc23,a Claire IMG_1985.JPG,"The image shows a group of penguins gathered around a small black building with red windows and a chimney. The building is located on a rocky shore with a mountain in the background. The sky is pink and orange, indicating that it is either sunrise or sunset. On the right side of the image, there is a flagpole with the British flag flying in front of the building. The penguins are gathered around the building, some of them are standing on the roof and some are sitting on the windows. The ground is covered in snow and there are a few rocks scattered around."
ca21acdd200d4267b069eefacaf76979,a Claire IMG_19851.JPG,"The image shows a group of penguins gathered around a small black building with red windows and a chimney. The building is located on a rocky shore with a mountain in the background. The sky is pink and orange, indicating that it is either sunrise or sunset. On the right side of the image, there is a flagpole with the British flag flying in front of the building. The penguins are gathered around the building, some of them are standing on the roof and some are sitting on the windows. The ground is covered in snow and there are a few rocks scattered around."
425d74ce96f84df8aa291942997e76f0,a Claire IMG_3388.JPG,"The image shows a group of penguins on a rocky beach with a small cabin on the right side. The cabin has a black roof and windows, and there is a tall tower on the left side of the image. In the background, there are snow-capped mountains and a clear blue sky. The flag of the United Kingdom is flying high in the sky."
398fd84f68c7493f84cad6e76132df73,a Claire IMG_6340.JPG,"The image shows a group of penguins on a rocky beach with icebergs in the background. The sky is cloudy and the ground is covered in dry grass and rocks. In the foreground, there is a wooden structure with a few penguins standing on it. The penguins are black and white in color and appear to be walking around the structure. Behind the structure, there are several icebergs floating on the water. On the right side of the image, there appears to be a mountain range with snow-capped peaks. The overall scene is desolate and desolate."
0a44b70afb384a18a2590e44871aa954,a Claire IMG_6407.JPG,"The image shows a small penguin standing on a rocky ground next to a wooden cart with ropes and a wooden crate on it. The cart appears to be old and weathered, with some rust and peeling paint on the sides. The penguin is facing towards the right side of the image, with its head turned towards the camera. In the background, there are large rocks and a clear blue sky. The ground is covered in snow and ice, and there are a few other penguins visible in the distance."
f6a665c9c37d4c478b89b3ced05f7333,a Claire IMG_64071.JPG,"The image shows a small penguin standing on a rocky ground next to a wooden cart with ropes and a wooden crate on it. The cart appears to be old and weathered, with some rust and peeling paint on the sides. The penguin is facing towards the right side of the image, with its head turned towards the camera. In the background, there are large rocks and a clear blue sky. The ground is covered in snow and ice, and there are a few other penguins visible in the distance."
dd007e7723c543e3bf35176f5d36cceb,a Michael DSC_1154.JPG,The image shows a group of people standing on a rocky beach with a red building in the background. The building has multiple windows and a chimney on top. The sky is blue and there are mountains in the distance with snow-capped peaks. The beach is covered in large rocks and there is a flagpole with the British flag flying in the foreground. The people are wearing yellow jackets and appear to be tourists.
026e03c68a98422b88d063b25a4cd297,a Michael DSC_11541.JPG,The image shows a group of people standing on a rocky beach with a red building in the background. The building has multiple windows and a chimney on top. The sky is blue and there are mountains in the distance with snow-capped peaks. The beach is covered in large rocks and there is a flagpole with the British flag flying in the foreground. The people are wearing yellow jackets and appear to be tourists.
0c765419aad24b4ab623734b80c0c7b6,a Michael DSC_1736.JPG,"The image shows three postage stamps from the British Antarctic Territory. The first stamp on the left is a portrait of a man in a suit and tie, with the text ""British Antarctic Territory"" above it. The second stamp in the middle is a postage stamp with a picture of a wooden cabin in the snow. The third stamp is a black and white photograph of two white horses in a stable. The stamp also has the words ""Port Lockroy"" and ""30.12.2011"" written on it. All three stamps have a blue border and the text is written in white."
a12e9e38f35c4bbdab9de00d1b1039e4,a RACHEL MORGAN - Ylva P1010042.JPG,"The image shows a man working on the roof of a building. He is wearing a black jacket, blue gloves, and a face mask. The roof is covered in black tarpaulin sheets and there is a chimney on the right side of the image. In the background, there are snow-covered mountains and a body of water. The sky is blue and there are a few clouds scattered across it. The man appears to be in the process of installing or repairing the roof."
67c04bc2a86740e89ed58d84c57c10eb,a RACHEL MORGAN - Ylva P10100421.JPG,"The image shows a man working on the roof of a building. He is wearing a black jacket, blue gloves, and a face mask. The roof is covered in black tarpaulin sheets and there is a chimney on the right side of the image. In the background, there are snow-covered mountains and a body of water. The sky is blue and there are a few clouds scattered across it. The man appears to be in the process of installing or repairing the roof."
dc0c530ed1754c0295c6701582a82dae,A true Antarctic scene. Kristine Hannon.jpg,"The image shows a snow-covered grave in a cemetery. The grave is made of stone and is covered in a thick layer of snow. The snow is falling heavily, creating a dappled effect on the ground. In the background, there are other gravestones and trees, and the sky is grey and overcast. The overall mood of the image is cold and wintery."
d365504ad6964df180a2fae5ade78a03,a Ylva P1000662.jpg,"The image shows a group of penguins on a snowy beach with a red building in the background. The building has a black roof and white walls with red windows. There are several chimneys on the roof and a flagpole with the British flag flying in front of it. The sky is cloudy and the ocean can be seen on the right side of the image. The penguins are scattered around the beach, some standing and some walking. The ground is covered in snow and there are a few rocks scattered around."
bb899eb072654c46a0b493183e75a711,a Ylva P10006621.jpg,"The image shows a group of penguins on a snowy beach with a red building in the background. The building has a black roof and white walls with red windows. There are several chimneys on the roof and a flagpole with the British flag flying in front of it. The sky is cloudy and the ocean can be seen on the right side of the image. The penguins are scattered around the beach, some standing and some walking. The ground is covered in snow and there are a few rocks scattered around."
5eb79362b2854ec1baf13d725b4470b6,aa Cat IMG_7551.JPG,"The image shows a small brick building with a sloping roof covered in snow. The building has multiple windows and a chimney on the left side. On the right side of the building, there is a flagpole with the Union Jack flag flying in the wind. In front of the flagpole, there are several penguins standing on the snow-covered ground. The sky is overcast and the overall mood of the image is cold and wintery."
989933e4c8f4479296a6c3ece34041e6,Ad Chart scan 3.jpg,"The image is a black and white map of Wiencke Island, a small island located in the southern part of the island. The map is divided into two sections, with the top section on the left side and the bottom section in the middle. The top section of the map shows the island's coastline, which is marked with a dotted line. The island is surrounded by a large body of water, which appears to be a river or a lake. The water is a deep blue-green color, and there are several small islands scattered throughout the map. On the right side of the image, there is a smaller island with a few smaller islands on the bottom right corner. The islands are labeled with numbers and letters, and the map also has a compass rose on the top left corner, indicating the direction of the wind direction. The compass rose is located"
e4ff79a5b92d4e8c881c434e4dfc7a92,BaseASign.JPG,"The image shows a woman painting a red wooden wall with a paintbrush. She is wearing an orange jacket and has curly hair. The wall appears to be old and weathered, with peeling paint and chipped paint. On the wall, there is a small white sign with the word ""EA"" written on it in black letters. The woman is holding the paintbrush in her right hand and is focused on her work. There is a paint can in front of her, suggesting that she is in the process of painting the wall."
cca73692fb1545a6aaf1ca342dc170c4,BHPorch2.JPG,"The image shows a man and a woman looking out of a window. The man is wearing a yellow beanie, sunglasses, and a red jacket, and is holding a piece of ice in his hand. He is looking through the window with a serious expression on his face. The woman is looking at the ice with a smile on her face. In the background, there is a body of water with icebergs in the distance. The sky is overcast and the overall mood of the image is cold and desolate. There is a sign on the window that reads ""We hope that you""."
c54cac66f11e48a59c4976b25b78df6e,BitumenBoatShedDSC02535.JPG,"The image shows two men working on the roof of a black wooden cabin. The cabin is located on a rocky shore with a body of water in the background. The sky is overcast and the ground is covered in snow. The men are wearing orange jumpsuits and are standing on ladders and working on a ladder. One man is wearing a blue jumpsuit and a black hat, while the other is wearing an orange jumpsuit. They appear to be in the process of installing or repairing the cabin."
161ebc4e44194f38893e537c5e921708,Bransfield House 2011 Ylva Grams P1000662.jpg,"The image shows a group of penguins on a snowy beach with a red building in the background. The building has a black roof and white walls with red windows. There are several chimneys on the roof and a flagpole with the British flag flying in front of it. The sky is cloudy and the ocean can be seen on the right side of the image. The penguins are scattered around the beach, some standing and some walking. The ground is covered in snow and there are a few rocks scattered around."
2d3dd70d69464ad2ad1807c2b0af9e95,BRANSFIELD HOUSE Ylva P1010793.JPG,The image shows a small red building with a black roof on a rocky island in the middle of the ocean. The building has multiple windows and a staircase leading up to the entrance. There is a flagpole with an American flag flying in front of the building. The island is covered in snow and there are icebergs floating on the water in the background. The sky is overcast and the overall mood of the image is cold and desolate.
0a9cef2de6ab424eafa1dbe56964feb9,BRANSFIELD HOUSE Ylva P10107931.JPG,The image shows a small red building with a black roof on a rocky island in the middle of the ocean. The building has multiple windows and a staircase leading up to the entrance. There is a flagpole with an American flag flying in front of the building. The island is covered in snow and there are icebergs floating on the water in the background. The sky is overcast and the overall mood of the image is cold and desolate.
14ab52001c8f4461bdb93a3cd2072ec2,"Bransfield House, Kristine Hannon (1).jpg","The image shows a group of people wearing orange jackets standing on a rocky shore near a body of water. In the center of the image, there is a large black building with red windows and a flagpole with a flag flying in front of it. The building appears to be a research station or a research facility. There are several penguins gathered around the building, some of them are standing on the rocks and others are walking on the shore. The sky is cloudy and there are mountains in the background. The water is calm and the overall scene is peaceful and serene."
e159d18a74064652bae6e833fd3dd4ee,Cat IMG_0846.JPG,"The image shows a body of water with ice floes scattered across it. The water appears to be calm and still, with small ripples visible on the surface. In the background, there are several large icebergs floating on the water. The sky is blue and clear, and the overall mood of the image is peaceful and serene."
667d013a4b724b5b9cc3b432262e4eff,CAT TOTTY - Claire DSC06438.JPG,"The image shows a young woman standing in a store, holding up a large blue bag with the words ""Royal Mail Great Britain"" printed on it. She is smiling and appears to be proud of the bag. Behind her, there are shelves filled with various items such as books, magazines, and other household items. The store has a high ceiling with white beams and a blue door in the background. There are also stacks of black plastic bags and cardboard boxes scattered around the store."
a50908d18fe940dd8ab5c5eeadd234d2,CAT TOTTY - Rachel P1040162.jpg,"The image shows a young woman standing in front of a red and black building with a white window. She is wearing a red jacket, black pants, and a red scarf around her neck. She has blonde hair tied up in a bun and is holding a bucket of paint in her hand. The woman appears to be painting the window with the paint. The building has a wooden floor and there is snow on the ground in the background."
c465ba3a7886456e92b90c8c55257698,CAT TOTTY P1000953 Ylva.JPG,"The image shows a young woman sitting on the floor in a room with a large black suitcase. She is wearing a gray beanie, a gray jacket, and a white scarf around her neck. She has a big smile on her face and is holding a white mug in her right hand. The suitcase is open and there are several cans of beer in it. There are also a few other items scattered around the room, including a plastic bag and a cardboard box. The room appears to be cluttered with various items, including boxes, bags, and other miscellaneous items."
6981d5c60f834d68a4330ac56789fda5,CAT TOTTY Rachel P1040161.JPG,"The image shows a young woman standing on the edge of a red and black building with a white window. She is wearing a red jacket, black pants, and brown boots. The building appears to be made of wood and has a sloping roof. The woman is reaching up to touch the window with her hand, as if she is admiring it. In the background, there is a rocky cliff and a clear blue sky. The overall mood of the image is peaceful and serene."
a76769e6c54d4378ac6790bc0524fac0,Claire IMG_1633.JPG,"The image shows a group of penguins gathered on a rocky shore near the ocean. The sky is blue with white clouds and the ocean is a deep blue-green color. In the background, there are snow-capped mountains and a clear blue sky. On the right side of the image, there is a red and black building with a chimney and a flagpole with the Union Jack flag flying in front of it. The penguins are black and white and appear to be walking around the building. The overall scene is peaceful and serene."
02fed63efade428883a06c0d5d8c6eb4,DSC_0025.JPG,"The image shows a group of penguins walking on a snow-covered field. The sky is filled with orange and yellow hues, indicating that it is either sunrise or sunset. In the background, there is a mountain range with a flagpole flying the British flag. On the right side of the image, there are several small buildings with red roofs and chimneys. The ground is covered in a thick layer of snow, and there are a few people walking around. The overall scene is peaceful and serene."
9f8db52695bd4083bab2d2fdefaf0a5c,DSC_0029.JPG,"The image is a close-up of a penguin's head and neck. The penguin is facing towards the right side of the image, with its head slightly tilted to the left. It has a black and white speckled pattern on its head, with a bright orange beak. The background is blurred, but it appears to be an outdoor setting with rocks and greenery."
788d7758685e4902aca961def453331a,DSC_0033.JPG,"The image is an aerial view of a small red building on a snowy island in the middle of a body of water. The building has a sloping roof and is surrounded by a pile of rocks and debris. There is a flagpole with a flag flying in front of the building. In the background, there are several icebergs floating on the water and a mountain range covered in snow. The sky is blue and there are a few clouds in the sky. The overall scene is peaceful and serene."
2d71c257de2c4dd89dacf2a0260c40bc,DSC_0037.JPG,"The image shows a wooden sled with a black hose attached to it. The sled is covered in snow and there is a sign on the side of the sled that reads ""F.I.D.S. DANCO."" The sled appears to be old and weathered, with some rust and peeling paint visible on the wood. There are several pieces of wood and other debris scattered around the sled, including a pair of skis, a rope, and a few other items. The background is a snowy landscape with a blue sky."
afd1bc06ea9642718ab4c887221708b5,DSC_0039.JPG,"The image shows a close-up of a compass resting on a wooden structure. The compass is black in color and has a round face with a compass needle in the center. The needle is pointing towards the right side of the compass, indicating the direction of the wind. The structure appears to be made of wooden planks and is covered in snow. The background is blurred, but it seems to be an outdoor setting with trees and other vegetation visible."
b7faa1eeb5434f329e614d6e634a9798,DSC_0040.JPG,"The image shows a group of penguins walking on a snow-covered ground. In the center of the image, there is a small black building with two red windows. The building appears to be a cabin or a hut, with a sloping roof and a chimney on the right side. The penguins are walking in a line, with some walking towards the left side of the building. The sky is overcast and the ground is covered in a thick layer of snow. There is a flagpole with a British flag flying in the background."
03c58c12fe8348909d5214506718f527,DSC_0046.JPG,"The image shows a group of penguins walking on a snow-covered ground in front of a red building with a black roof and chimneys. The building has a red door and windows, and there is a pile of snow on the left side of the image. The sky is cloudy and the sun is setting, casting a warm glow over the scene. The penguins are walking in a line, and some are walking towards the building."
c4242b9ae6e34c0bb78621c654de2878,DSC_0047.JPG,"The image shows a group of penguins gathered around a small black wooden building with a red door. The building appears to be a cabin or a hut with two windows on the side. In the center of the image, there is a large bird with its wings spread wide, as if it is about to take flight. The penguins are standing on a rocky beach with icebergs in the background. The sky is overcast and the water is calm."
d47b1325acff4ef7baad0fbfbe40cfae,DSC_0057.JPG,"The image is a close-up of a penguin's head and neck. The penguin appears to be a Gentoo penguin, as it has a small, round head with a black beak and an orange beak. Its body is covered in grey feathers, and its wings are slightly spread out behind it. The background is blurred, but it seems to be an outdoor setting with rocks and other penguins visible. The image is taken from a slightly elevated angle, looking directly at the camera."
aa0633159ac04309bb92d9ee1d84781f,DSC_0058.JPG,"The image shows a beautiful landscape of a snowy mountain range. The mountains are covered in snow and the sky is blue with a few clouds. In the foreground, there is a rocky shore with a small body of water in the center. On the right side of the image, there are several red wooden buildings with black roofs. The buildings appear to be part of a small town or village. There are a few people walking on the shore and a few penguins can be seen in the water. The overall scene is peaceful and serene."
ea374f2b3716462083982d0c315db5bf,DSC_0061.JPG,"The image shows a close-up of a rusty chain on a piece of wood. The chain appears to be old and weathered, with visible signs of wear and tear. The wood is weathered and has a rough texture. The background is dark and out of focus, making the chain the focal point of the image. The image is taken from a low angle, looking up at the chain."
74ecbc83c7064accbec0552991417bc1,DSC_00611.JPG,"The image shows a close-up of a rusty chain on a piece of wood. The chain appears to be old and weathered, with visible signs of wear and tear. The wood is weathered and has a rough texture. The background is dark and out of focus, making the chain the focal point of the image. The image is taken from a low angle, looking up at the chain."
8191a6c6582d48d6bc41cd09654e48b9,DSC_0066 TJOM.JPG,"The image shows a small kitchen with a wooden door on the left side and a wooden shelf on the right side. The kitchen has a white countertop with a sink and a gas stove. There is a window above the sink with red and white checkered curtains. On the countertop, there are various kitchen items such as bottles, jars, and containers. The walls are painted in a light green color and there are clothes hanging from the ceiling. The floor is made of light-colored wood."
d42f498160b74592bab083838fd4e2d8,DSC_0068 - TJOM.JPG,"The image shows a small kitchen with a red table and four red chairs. The kitchen has a wooden countertop and a sink on the right side. On the left side, there is a window with red and white checkered curtains. Above the window, there are several framed pictures and a map hanging on the wall. The walls are painted white and the floor is made of light-colored wood. There is a door on the left wall and a rug on the floor. The overall style of the kitchen is modern and minimalistic."
9abfd29ecb0f4dcda19456e872c65516,DSC_0069 TJOM.JPG,"The image shows a small dining room with a long red table and four red chairs. The table is covered with a red tablecloth and there are various kitchen items on it, including a sink, a stove, a refrigerator, and a dishwasher. The walls are painted white and there is a window with red and white checkered curtains on the left side of the room. On the right side, there are shelves with various kitchen utensils and dishes. Above the table, there is an old map hanging on the wall. The floor is made of light-colored wood."
aea525f5c7d84f1d98526679c04c6967,DSC_0069.JPG,"The image shows a close-up of a rusty chain lying on a pile of rocks. The chain appears to be old and weathered, with visible signs of wear and tear. The rocks are of different sizes and shapes, and some are larger than others. The background is blurred, but it seems to be a rocky surface with more rocks and pebbles scattered around. The overall mood of the image is one of decay and neglect."
5a2fe7958d40454f9ea3a22fd1e27baf,DSC_00691.jpg,"The image shows a close-up of a rusty chain lying on a pile of rocks. The chain appears to be old and weathered, with visible signs of wear and tear. The rocks are of different sizes and shapes, and some are larger than others. The background is blurred, but it seems to be an outdoor setting with trees and foliage. The overall mood of the image is one of decay and neglect."
038e22273b704d3b9999976d564b45d5,DSC_0070 TJOM.JPG,"The image shows a small living room and kitchen area in a small house. The room has a wooden ceiling with a curved design, and the walls are painted in a light color. On the left side of the room, there is a large window with red and white checkered curtains, and on the right side, there are shelves with books and other items. In the center of the living room, a wooden kitchen island with a sink and a stove, and a bookshelf with various items on it. There is also a red table and chairs in the room. The floor is covered with a colorful rug, and there are two armchairs with black and white patterned cushions. A white coffee table is in front of the kitchen island."
e01289a322ee4d9e826172d4fa620eb7,DSC_0071 TJOM.JPG,"The image shows a living room with a red and white striped sofa on the right side of the room. The sofa has a white coffee table in front of it. On the left side, there is a wooden coffee table with a wire basket on top. Next to the coffee table, there are several bowls, plates, and other kitchen utensils. In the center of the living room, there has a bookshelf with books and a chair with a black and white patterned cushion. The room has a window with red curtains and a white wall with a wooden paneling. The floor is covered with a colorful patterned rug."
d18ce433366343d3a2dfd6bdde5ce424,DSC_0072 TJOM.JPG,"The image shows a living room with a curved ceiling and wooden walls. The room is furnished with a red and white striped sofa on the right side, a black and white patterned armchair on the left side, and a bookshelf on the far wall. In the center of the room, there is a wooden fireplace with a metal chimney. On the floor, there are several books and magazines scattered around. The walls are painted in a light color, and there are two windows with red curtains on the windowsill. The floor is covered with a colorful rug."
ab2d0e7c160b4328a67d914b2ac40441,DSC_0079 TJOM.JPG,"The image shows a small room with a white desk and a red and white striped couch. On the desk, there is a laptop, a printer, a phone, and a few other electronic devices. Above the desk is a shelf with various items such as books, pens, and other office supplies. There is also a window with a red curtain and a wooden cabinet on the right side of the room. The floor is made of wood and the walls are painted white."
f89b1044800a4ad28cfd6d496249d523,DSC_0081.JPG,"The image shows a close-up of a group of white ice formations on a rocky surface. The ice formations are irregularly shaped and appear to be floating in the air. The texture of the ice is rough and uneven, with some areas appearing to be jagged and uneven. The background is dark and out of focus, making the ice formations the focal point of the image. The image is taken from a low angle, looking up at the formations."
d1a111c36f4748028d6d98d30823c821,DSC_0083.JPG,"The image shows a group of people standing on top of a snow-covered hill overlooking a body of water. The hill is covered in a thick layer of snow and there are several icebergs scattered around. In the background, there are two large mountains with snow-capped peaks. The sky is blue and clear, and the water is a deep blue-green color. On the right side of the image, there is a small red building with a black roof and a flagpole with a flag flying in front of it. The people are standing on the hill, looking out towards the horizon."
291a074dbfba4f45aec3dc923bf9e922,DSC_0086.JPG,"The image shows a close-up of a penguin's head and neck. The penguin appears to be a Gentoo penguin, with a black and white striped body and an orange beak. Its eyes are large and round, and its mouth is open wide, as if it is about to take a bite out of something. The background is blurred, but it seems to be an outdoor setting with rocks and pebbles."
3c87fd3afca54763926a1ff48a211565,DSC_0089 TJOM.JPG,"The image shows a room with a wooden wall and a door on the left side. On the right side of the image, there is a shelf with various items on it. In the center of the room, there are several rows of red and black jackets hanging on a rack. The jackets appear to be made of a waterproof material and have multiple pockets and straps for storage. There are also a few pairs of shoes and other items on the shelf. The floor is covered with a green carpet."
04e241b3c438400aa8d4032d4ff33c9c,DSC_0089.JPG,"The image is a close-up of a penguin's head and neck. The penguin is facing towards the right side of the image, with its beak slightly open. The head of the penguin has a black and white striped pattern on its body, with a small orange beak. The background is blurred, but it appears to be a rocky surface. The image is taken from a slightly elevated angle, looking down on the bird's head."
e7a58067b8ad48afad07b15c84943423,DSC_0101 TJOM.JPG,"The image shows a narrow hallway with a wooden door on the left side and a wooden shelf on the right side. The shelf is filled with various kitchen items such as bottles, jars, containers, and other kitchen utensils. The walls are painted in a light green color and there is a window in the background with red curtains. Above the window, there are two hanging baskets with clothes hanging from them. The floor is made of light-colored wood. The hallway appears to be in the process of being renovated or remodeled."
b9d804ebb42e4d16a3bda27fc028f294,DSC_0104.JPG,"The image shows a close-up of a baby penguin peeking out from behind a fluffy white blanket. The penguin is black and white in color and has an orange beak. Its eyes are dark and its head is slightly tilted to the side. The blanket appears to be made of a soft, fluffy material and is slightly curled around the penguin's body. The background is blurred, making the penguins the focal point of the image."
62e792f0738648aabb35dc97d4a117ce,DSC_0107 TJOM.JPG,"The image shows a young woman standing in a small room with wooden walls and a window on the right side. She is holding a red jacket in her hands and is smiling at the camera. On the left side of the room, there is a single bed with a white comforter and colorful pillows. Above the bed, there are clothes hanging on a clothesline. The room appears to be a dormitory or dormitory."
77e21f1583a44b29b61b73f0cb8a8b79,DSC_0108 TJOM.JPG,"The image shows the interior of a small room with wooden walls and a white ceiling. The room appears to be a dormitory or dormitory, as there is a bunk bed on the left side of the image with a red and white striped comforter and pillows. On the right side, there is another bunk bed with a blue curtain hanging from the ceiling. Above the bunk bed, there are shelves with various items such as clothes, boxes, and other miscellaneous items. In the center of the room is a white desk with a computer monitor, keyboard, and mouse on it. The desk is cluttered with various office supplies, including a laptop, a phone, and a few other items. The walls are painted white and there are a few windows with blue curtains."
4a2a29ed5423491b946544d79fe34497,DSC_0112.JPG,"The image shows a snowy landscape with a large body of water in the background. The sky is clear and blue, and the ground is covered in a thick layer of snow. In the foreground, there is a large black tunnel-like structure, which appears to be a hut or a shelter. The tunnel is partially buried in the snow, and there are several poles and wires scattered around it. On the right side of the image, there are a few buildings and a red building with a flag on top. The mountains in the distance are covered in snow and ice, and they are also covered in ice. The overall scene is peaceful and serene."
c256fffbf5cc4488843bcfea36c0a008,DSC_0115.JPG,"The image is a landscape photograph of a mountain range with a lake in the foreground. The mountains are covered in snow and ice, and the sky is clear and blue. The lake is calm and still, reflecting the snow-covered peaks of the mountains. The water is still and reflects the sky and the mountains, creating a mirror-like effect. The rocks and boulders on the shore of the lake are visible, and there is a small patch of snow on the right side of the image. The overall mood of the photograph is peaceful and serene."
585f64836700488b86e3ef7244895b9c,DSC_0116.JPG,"The image shows a man standing on a snow-covered field with a mountain in the background. The man is wearing a black jacket, pants, and a hat, and is holding a camera in his hand. He appears to be looking at a group of penguins that are gathered around him. The penguins are of different sizes and colors, and they are all facing the same direction. In the foreground, there is a small white structure, possibly a control tower or a control panel, with a red roof. The sky is clear and blue, and the mountains in the distance are covered in snow."
2c1317cbd5b04a0cb1b94a2b7019dba9,DSC_0120.JPG,"The image shows a large iceberg floating on a body of water. The iceberg is covered in snow and ice, and the water is a deep blue color. In the center of the image, there is a small sailboat with a white hull and a red and white striped sail. The boat is anchored in the middle of the water, and there are several other boats visible in the background. The sky is clear and blue, and it appears to be a sunny day."
254954cc4f324f0993fa8007fed4e096,DSC_0142.JPG,"The image shows a seal lying on its back on a snow-covered ground. The seal appears to be yawning, with its mouth open wide and its tongue sticking out. Its body is covered in grey fur with white spots, and its eyes are closed. The background is blurred, but it seems to be a snowy landscape. The overall mood of the image is peaceful and serene."
3cbf4d480ed149178083fa77ba184717,DSC_0146 (2).JPG,"The image shows a close-up of a piece of fabric with a small hole in the center. The fabric appears to be beige in color and has a slightly wrinkled texture. The hole is white and is slightly larger than the rest of the fabric. The background is dark, making the fabric stand out. The image is taken from a low angle, looking up at the hole."
e0b10e8ddb83427daa7c7a1180ce60d0,DSC_0146.JPG,"The image shows two birds perched on a concrete ledge overlooking the ocean. The bird on the left is a puffin with a black and white body and an orange beak. It is facing towards the right side of the image and appears to be resting its head on the edge of the ledge. The other bird is a black bird with a brown head and wings. The background is blurred, but it seems to be a cloudy sky and the ocean can be seen in the distance."
33c6dab04502445aa9b66de6a979ed30,DSC_0154.JPG,"The image is a close-up of a seal lying on its side on a snow-covered ground. The seal appears to be sleeping or resting, with its head resting on its front paws and its eyes closed. Its body is covered in grey fur with white spots, and its tail is curled up in a relaxed position. The background is blurred, but it seems to be a snowy landscape. The overall mood of the image is peaceful and serene."
c8f3ff76e4df45739fadf6f07f200ec4,DSC_0161.JPG,"The image shows a large group of penguins walking on a snow-covered field. The sky is clear and blue, and in the background, there is a mountain with snow-capped peaks. On the right side of the image, there are two red buildings with white walls and windows. In the distance, there appears to be a tall tower or structure. The penguins are walking in a line, with some walking towards the camera. The overall scene is peaceful and serene."
5d8b5c4f56d640609d72b9d829e3dabe,DSC_0166.JPG,The image shows a group of penguins standing in front of a black and red building with a chimney. The building has two windows and a red door. The penguins are standing on a snow-covered ground with a mountain in the background. The sky is blue and the weather appears to be clear and sunny. There are a few other penguins visible in the distance.
52594502a3bc46bc9aaae668d2d1f7cb,DSC_0175.JPG,"The image shows a black building with red trim and three windows on the side. The building is located on a rocky hillside with a mountain in the background. The mountain appears to be covered in snow and ice, and the sky is blue with a few clouds. In the foreground, there is a penguin standing on the edge of the building. The penguin is facing towards the right side of the image."
6a37e1ed757445ff8479682922a4cf9e,DSC_0177.JPG,"The image shows a black building with red windows on the left side of the image. The building appears to be a cabin or a cabin with a red roof. On the right side, there is a group of penguins walking on the snow-covered ground. In the background, there are icebergs and mountains covered in snow. The sky is blue and the water is calm. A man is standing on a ladder and is looking out at the penguins."
3eaaa85ed13c4c00877aa9bb3d50021a,DSC_0180.JPG,"The image shows a small bird standing on a rocky beach. The bird is brown in color and has a long, pointed beak. It is facing towards the right side of the image and appears to be looking off into the distance. In the background, there is a body of water with waves crashing onto the shore. The sky is blue and there are a few clouds in the sky. The beach is covered in small rocks and pebbles."
a3c75a09902b4b0ab0293e39495d5a1a,DSC_0181.JPG,"The image shows a flagpole with the flag of the United Kingdom flying in front of a mountain range. The flag is waving in the wind and the sky is blue with a few white clouds. The mountain range is covered in snow and there are a few trees scattered around. On the right side of the image, there is a black building with red windows and a chimney. The building appears to be a cabin or a similar structure."
f64355cfddb74d6b88b6d60992a251c2,DSC_0188.JPG,"The image shows the interior of a store with a variety of items on display. The store appears to be a craft store, as there are shelves and racks filled with various items such as books, toys, and other craft supplies. On the left side of the image, there is a counter with a blue netting hanging from the ceiling. In the center of the room, there are several shelves with more items, including a sewing machine and a display case. A woman is standing in front of one of the shelves, looking at the items. The walls are painted in a light blue color, and there are windows on the right side, letting in natural light. The floor is made of wood, and the overall atmosphere of the store is cozy and inviting."
c3e189e953544991a3782c71db5cc191,DSC_0195.JPG,"The image shows the interior of a room with wooden walls and a wooden desk. On the desk, there are various electronic devices, including a clock, a radio, and a control panel. There are also two green chairs in front of the desk. The desk is cluttered with papers, a keyboard, and other office supplies. There is a bulletin board on the left side of the image with pictures and text. The room appears to be old and dilapidated, with peeling paint and peeling walls."
95bcc790e54648588e4306e91fcc0c5c,DSC_01951.JPG,"The image shows the interior of a room with wooden walls and a wooden desk. On the desk, there are various electronic devices, including a clock, a radio, and a control panel. There are also two green chairs in front of the desk. The desk is cluttered with papers, a keyboard, and other office supplies. There is a bulletin board on the left side of the image with pictures and text. The room appears to be old and dilapidated, with peeling paint and peeling walls."
e08c11c89cd84c05aa43c4c8916147bb,DSC_0198.JPG,"The image shows a room with a blue wall and a wooden bench on the right side. On the left side of the image, there is a blue shelf with various items on it. On top of the shelf, there are two jackets hanging on a hanger. The jackets appear to be old and worn, with some of them covered in dirt and grime. In the center of the room, there appears to be a display case with a bicycle wheel and other items. There is also a blue poster on the wall with information about the items on display."
79aa7dc152664b058efc5d68cbf8ba06,DSC_0199.JPG,"The image shows a blue wooden shelving unit in a room with white walls and a wooden ceiling. The unit is filled with various items such as clothes, shoes, and other miscellaneous items. On the left side of the unit, there is a British flag hanging on the wall. The floor is covered with a red carpet and there are cardboard boxes and other items scattered around the room. A green jacket is hanging on a hanger on the right side."
bdabc20352c047cba9555c33305c8b1d,DSC_0200.JPG,"The image shows a corner of a room with a bunk bed in the center. The bunk bed is made of wood and has a white furry mattress and two pillows on top. On the right side of the bunk bed, there is a wooden shelf with various items on it. The wall behind the bed is painted in a light blue color and has an American flag hanging on it with red, white, and blue stripes. There is a window with a red and white checkered curtain on the left wall and a small plaque on the wall. The room appears to be old and dilapidated, with peeling paint and peeling walls."
97d22e1c82954176b2a47f905c85fa86,DSC_0201.JPG,"The image shows a small room with two bunk beds on either side. The walls are painted in a light green color and the floor is covered with a red carpet. The bunk beds are made of wood and have a white fur rug on top. There are two windows with red and white checkered curtains on the windowsill. On the right side of the room, there is a small desk with a lamp and a picture frame on it. The room appears to be old and dilapidated, with peeling paint and peeling walls."
c60a9d560b3942678f290ea5557b858c,DSC_02011.JPG,"The image shows a small room with two bunk beds on either side. The walls are painted in a light green color and the floor is covered with a red carpet. The bunk beds are made of wood and have a white fur rug on top. There are two windows with red and white checkered curtains on the windowsill. On the right side of the room, there is a small desk with a lamp and a picture frame on it. The room appears to be old and dilapidated, with peeling paint and peeling walls."
827a78eca0d945cea74d9cbe2f5452fc,DSC_0202.JPG,"The image shows a corner of a room with a white wooden wall. On the wall, there is a large piece of fabric with the colors of the British flag - red, white, and blue. The fabric appears to be torn and frayed, with some frayed edges. There is also a small piece of paper with text on it next to the fabric. The floor is covered with a fluffy white rug. The walls are painted in a light blue color, and there are two pillows on the left side of the image."
a1f49aab194e4d108384e0eadda68626,DSC_0203.JPG,"The image shows a blue door with peeling paint on it. The door appears to be in a room with a wooden floor and a white furry rug in front of it. On the left side of the door, there is a small patch of green paint that looks like a map of the United States of America. The paint is chipped and faded, with some areas of the paint peeling off in some areas. The wall behind the door is also blue and there are a few pieces of furniture visible in the background."
0e0a4b76b4d34f6fabcc00ea3cd2dc66,DSC_0204.JPG,"The image shows a bed in a room with peeling paint on the walls. The bed is made of wood and has a turquoise finish. The headboard of the bed is painted in a light green color and the paint is peeling off in some areas. On the bed, there is a white furry blanket and a brown jacket. There are two pillows on the right side of the image and a small table on the left side. The room appears to be cluttered and messy."
eecbff8ad5264c01a799748fc0438883,DSC_0205.JPG,"The image is a close-up of a wall with peeling paint. The paint is in various shades of green, blue, and pink, creating a textured and distressed look. The wall appears to be old and weathered, with some areas of the paint peeling off in some areas. In the center of the wall, there is a painting of a person's body, with their arms and legs stretched out in front of them. The person's face is partially obscured by the paint, and their eyes are closed. The overall mood of the image is peaceful and serene."
ab47ed5faa204d959f200a64e74e902b,DSC_0206.JPG,"The image shows a bedroom with a single bed in the center. The bed is painted in a light blue color and has a white fur mattress and a brown blanket on top. There are two pillows and a gray pillow on the bed. On the right side of the bed, there is a small wooden nightstand with a lamp and some pictures on it. The walls are painted green and there are two windows with red curtains. The floor is covered with a red carpet. The room appears to be old and dilapidated."
4fa7f86113e84554943962786d94c52c,DSC_0207.JPG,"The image shows a blue wall with a large painting of a woman's face on it. The painting is in the shape of a map of the United States, with the country's borders outlined in green. The woman's hair is styled in a bob and she is wearing a white blouse. On the left side of the painting, there is a small portrait of a young woman with blonde hair and blue eyes. The background is a light blue color, and on the right side, there are various items scattered on the floor, including a pile of paint cans, paintbrushes, and other miscellaneous items. There is also a brown jacket hanging on the wall next to the painting."
0c00d993f4ac46e3894b07f2f8f1c21e,DSC_0215.JPG,"The image shows a red and white sign with a red circle in the center that reads ""Penguin Study Area Please Keep Out"". The sign is attached to a black pole and is located on a rocky terrain with snow-capped mountains in the background. The sky is blue and there are a few clouds scattered across it. The sign appears to be warning people to stay away from the penguin study area."
f2dfc029d9694bf79724395fbcbf9fa1,DSC_0216.JPG,"The image shows a room with green walls and wooden flooring. In the center of the room, there is a single bed with a wooden frame and a white mattress. The bed is covered with a blanket and pillows, and there are two wooden crates on either side of the bed. On top of the crate, there are a pair of black boots. The room has two windows with red curtains, and on the left side, there appears to be a dresser with a coat hanging on it. There are also a few other items scattered around the room."
244564f01f3c4634bb42342cf29ad97e,DSC_02161.JPG,"The image shows a room with green walls and wooden flooring. In the center of the room, there is a single bed with a wooden frame and a white mattress. The bed is covered with a blanket and pillows, and there are two wooden crates on either side of the bed. On top of the crate, there are a pair of black boots. The room has two windows with red curtains, and on the left side, there appears to be a dresser with a coat hanging on it. There are also a few other items scattered around the room."
4293cb08e19f480e9954e852dc98c745,DSC_0217.JPG,"The image shows a room with a blue wall and a window on the right side. On the left side of the image, there is a blue shelf with various items on it. On top of the shelf, there are three posters with information about different types of clothing and accessories. The posters are arranged in a grid-like pattern and have images and text on them. In the center of the room, there appears to be a display case with a black coat hanging on a hanger. The display case is filled with books, papers, and other items. There is also a small table with a picture of a woman on it in front of the display case. The room is decorated with red and white checkered curtains."
558d25060d7e4256b1d95581f9a26408,DSC_0219.JPG,"The image shows a display in a room with blue walls and a window on the right side. On the left side of the image, there is a blue shelf with a coat hanging on it. Above the shelf, there are three posters with black and white photographs and text. The posters appear to be related to the history of the area. On the bottom right corner of the display, on the bottom left corner, there appears to be a table with various items on it, including a newspaper, a picture frame, and a pair of gloves. There is also a red and white checkered curtain hanging on the wall next to the window. The overall appearance of the room is rustic and vintage, with a blue and white color scheme."
3f2e1037d81044a6a780d3c2e33506c7,DSC_0221.JPG,"The image shows a room with a blue wall and a wooden floor. On the left side of the room, there is a blue cabinet with various items on it. Next to the cabinet, there are shelves with shoes, bags, and other items. In the center of the image, there appears to be a workbench with a bicycle and a pair of skis hanging on the wall. On the right side of this image, next to the workbench is a black wood-burning stove with a green chimney. There is also a wooden chair and a red bucket on the floor. The walls are painted in a light blue color and there are two paintings hanging on them. The room has a high ceiling with exposed beams."
5250519eb3344d8bb43ad0a6431f452d,DSC_0222.JPG,"The image shows a blue wall with a coat hanging on it. The coat is beige in color and has a fur collar. It is hanging on a hanger on the left side of the wall. On the right side, there is a blue poster with black and white photographs and text. Below the poster, there are several framed pictures and information about the coat. In front of the coat, there appears to be a display case with a pair of slippers and a plaque. The display case is located in a room with a white ceiling and a bookshelf in the background."
f10d18611e01405aa48c23a5c9418286,DSC_0227.JPG,"The image shows a room with blue walls and wooden flooring. On the left side of the room, there is a window with red curtains and a bulletin board with black and white photographs hanging on it. Next to the bulletin board, there are two green chairs with pink cushions and a wooden table with a red and white checkered tablecloth. On top of the table, there appears to be a small shelf with various items on it, including a printer, a box, and a few other items. The room is well-lit with natural light coming in from the window."
901024f986da4f9ca06f482d2c8952bc,DSC_0228.JPG,"The image shows the interior of a room with blue walls and a wooden floor. On the left side of the room, there is a wooden table with a red and white checkered tablecloth and four chairs around it. The chairs are arranged in a semi-circle around the table. On top of the table, there are a few items such as a black trash can, a white sheepskin bench, and a bulletin board with black and white photographs and information about the room. The room has two windows with red curtains, and there are several framed pictures hanging on the walls. The ceiling is painted blue and has a light fixture."
3d2ed5bd0d8b48d89ec8f2efa4b04022,DSC_0229.JPG,"The image shows a wooden shelf in a room with blue walls. The shelf is filled with various bottles of alcohol, jars, and containers of different sizes and colors. On the left side of the shelf, there is a calendar hanging on the wall and a picture of a house on the right side. In front of the wall, there are a few items on the desk, including a notebook, a pen, and a stack of papers. The desk appears to be in a small room with a blue door in the background."
0c2d6e26e7d4460ca3354ff6a99aba70,DSC_0230.JPG,"The image shows a corner of a room with wooden walls and a wooden counter. On the left side of the counter, there is a wooden shelf with various items on it. On top of the shelf, there are several bottles of different sizes and colors, including beer, whiskey, and spirits. Next to the bottles, on the right side, is a framed picture of a snowy mountain landscape. In the center of the image, there appears to be a small table with a basket of books and a menu card. The overall atmosphere of the room is rustic and cozy."
0d7258cf94594f59a1f2055ccb74204c,DSC_02301.JPG,"The image shows a corner of a room with wooden walls and a wooden counter. On the left side of the counter, there is a wooden shelf with various items on it. On top of the shelf, there are several bottles of different sizes and colors, including beer, whiskey, and spirits. Next to the bottles, on the right side, is a framed picture of a snowy mountain landscape. In the center of the image, there appears to be a small table with a basket of books and a menu card. The overall atmosphere of the room is rustic and cozy."
184ced57a072439f93832c12a061ff3e,DSC_0231.JPG,"The image shows a room with two windows on the left side and a wooden desk on the right side. The desk is made of wood and has a blue and white sign on it. On the desk, there are various items such as a globe, a radio, and a speaker. There are also some papers and books scattered around the desk. The walls are painted white and there is a green shelf above the desk with a poster on it that reads ""Information"". The room appears to be old and dilapidated, with peeling paint and peeling walls."
60fbb3c60f96487a8869e09caf9fb4f9,DSC_02311.JPG,"The image shows a room with two windows on the left side and a wooden desk on the right side. The desk is made of wood and has a blue and white sign on it. On the desk, there are various items such as a globe, a radio, and a speaker. There are also some papers and books scattered around the desk. The walls are painted white and there is a green shelf above the desk with a poster on it that reads ""Information"". The room appears to be old and dilapidated, with peeling paint and peeling walls."
1dd0ed8bbf8e4df3b0b5c8216426b4a1,DSC_0232.JPG,"The image shows a room with a green metal shelving unit in the center. The unit has multiple shelves with various items on them, including bottles, jars, and other miscellaneous items. On the left side of the unit, there is a control panel with various knobs and buttons. In front of the control panel, there are several cardboard boxes and papers scattered on the floor. In the center of the room, there appears to be a desk with a chair and a fire extinguisher. The walls are painted in a light green color, and there are pipes and wires running along the ceiling."
517f28a59e334aa8baf4c829e0779d1c,DSC_0233.JPG,"The image shows a white wooden cabinet with two open shelves. The cabinet has a chain hanging from the top and bottom. Inside the cabinet, there is a white sewing machine with a blue label on it. The sewing machine has a white body and a black handle. There is also a black box with a handle on the right side of the cabinet. On the left side, there are two blue labels with white text. The background is a green wall with a window."
fa22bbf9f87245019197f09aa2cac558,DSC_0234.JPG,"The image shows a close-up of a white cabinet with a black metal box on the right side. Inside the cabinet, there are various scientific equipment, including a white machine with a blue label on it, a yellow measuring tape, and a small piece of paper with text on it. The cabinet appears to be made of metal and has a grid-like pattern on the bottom. The background is a white wall with horizontal slats."
b875ff55a4514522b6ea4bbefd48b5ab,DSC_0235.JPG,"The image shows a corner of a room with a green wooden shelf on the left side and a wooden table on the right side. The shelf is filled with various items such as bottles, jars, boxes, and other miscellaneous items. On the table, there is a piece of paper with some text on it, a black frying pan, and a cardboard box. The walls are painted white and there are pipes running along the ceiling. The overall appearance of the room appears to be old and dilapidated."
199c993db7cb47e2b88699a14cc41697,DSC_0236.JPG,"The image shows a wooden desk with various electronic equipment on it. On the left side of the desk, there is a blue and black electronic device with a screen and buttons. Next to it, there are two small speakers and a small globe. The desk appears to be in a room with white walls and a window in the background. There is also a piece of paper on the desk."
b8603c450c404cdf8c235b1606147c99,DSC_0237.JPG,"The image shows a wooden desk with a green cabinet in front of two windows. The desk is made of light-colored wood and has a wooden top. On the desk, there are several books, papers, and other stationery items scattered across it. There are also a few framed pictures hanging on the wall above the desk. The windows have green frames and there is a poster on the right side of the image. The walls are painted white and there are a few other items visible in the background."
1a0fc7a214c243baa082cc1e6d47cd44,DSC_0238.JPG,"The image shows an old, dilapidated stove in a room with green walls. The stove is white and has a black countertop with two burners. On the left side of the stove, there is a silver kettle with a handle and a spout, and on the right side, there are two silver pots with lids. In front of the pots, there appears to be a small metal tray with a yellow sticky note attached to it. There is also a red bucket on the floor next to the stove. The walls are painted in a light green color, and there are clothes hanging on the wall in the background."
0321d0085f2147479be3d18959730be2,DSC_02381.JPG,"The image shows an old, dilapidated stove in a room with green walls. The stove is white and has a black countertop with two burners. On the left side of the stove, there is a silver kettle with a handle and a spout, and on the right side, there are two silver pots with lids. In front of the pots, there appears to be a small metal tray with a yellow sticky note attached to it. There is also a red bucket on the floor next to the stove. The walls are painted in a light green color, and there are clothes hanging on the wall in the background."
e05dd3d57eb8447f886dc86118b3010e,DSC_0239.JPG,"The image shows a green wooden shelf with multiple tins of different sizes and colors. The tins are arranged in a grid-like pattern on the shelf. There are six tins in total, each with a different label on it. The first tin on the top left has a label that reads ""Royal Pork"" and the second tin has a picture of a cake with a red and white striped background. The third tin has an image of a plate of food with a fork and knife on it, and the fourth tin has the words ""Imperial Breakfast Roll"" and ""Trim"" written on it in red and yellow. The fifth tin has another label with the word ""Brisket"" written in white and red, and there is a bottle of beer on the right side of the shelf next to it. All the tins appear to be old and worn, with some"
f90b88fc59fa4e0fbee92f7878d03053,DSC_02391.JPG,"The image shows a green wooden shelf with multiple tins of different sizes and colors. The tins are arranged in a grid-like pattern on the shelf. There are six tins in total, each with a different label on it. The first tin on the top left has a label that reads ""Royal Pork"" and the second tin has a picture of a cake with a red and white striped background. The third tin has an image of a plate of food with a fork and knife on it, and the fourth tin has the words ""Imperial Breakfast Roll"" and ""Trim"" written on it in red and yellow. The fifth tin has another label with the word ""Brisket"" written in white and red, and there is a bottle of beer on the right side of the shelf next to it. All the tins appear to be old and worn, with some"
1ee2f54c60bb4212beb6cfdb95a2a078,DSC_0240.JPG,"The image shows a green wooden shelf with multiple compartments. The compartments are arranged in a grid-like pattern and are filled with various types of canned goods. On the top shelf, there are several cans of different sizes and colors, including red, blue, yellow, and green. The cans appear to be old and worn, with some of them having labels on them. The shelf is leaning against a green wall, and there is a red and white checkered curtain on the right side of the image. A yellow pot is hanging on the wall next to the shelf."
43941e9b089d4f4cba539905fc73a8a7,DSC_0242.JPG,"The image shows a kitchen countertop with a variety of kitchen items on it. On the left side of the countertop, there are two green shelves filled with different types of food and drinks. On top of the shelves, there is a wooden shelf with a bunch of bottles of different sizes and colors. Next to the shelf on the right side, on the bottom left, there appears to be a wooden crate with a few utensils in it. In the center of the image, on top of one of the boxes, there seems to be an old-fashioned mixing bowl with a spoon in it, possibly used for mixing or mixing ingredients. The walls of the kitchen are painted in a light green color, and there are a few other kitchen items visible in the background."
0bba94cf27214501948d2b6caf35a46e,DSC_0247.JPG,"The image shows a white shelf with various items on it. On the left side of the shelf, there is a small glass bottle with a label that reads ""S.R."" Next to it, there are two blue boxes, one with the word ""Lifebuy"" written on it and the other with the words ""Lifebuoy"". On the right side, next to the blue box is a red box with the same word written in white. In the center of the image is a white mug with a handle and a lid. The mug appears to be empty and is placed on the shelf. The shelf is against a blue wall with a window in the background."
be3b30ae2d8b417384d2ba0fcdcb22d4,DSC_02471.JPG,"The image shows a white shelf with various items on it. On the left side of the shelf, there is a small glass bottle with a label that reads ""S.R."" Next to it, there are two blue boxes, one with the word ""Lifebuy"" written on it and the other with the words ""Lifebuoy"". On the right side, next to the blue box is a red box with the same word written in white. In the center of the image is a white mug with a handle and a lid. The mug appears to be empty and is placed on the shelf. The shelf is against a blue wall with a window in the background."
376bc5c6132c4563bce9e76ba0d138fb,DSC_0249.JPG,"The image shows a penguin standing on a rocky shore with a small penguin in front of it. The penguin is facing towards the right side of the image and its head is tilted upwards, as if it is looking up at something. The background shows a body of water with icebergs floating on the surface. The sky is blue and the overall scene is peaceful and serene."
20213f04219c403e803c2f1edcc1764a,DSC_0255.JPG.jpg,"The image shows two penguins standing on a rocky shore with a body of water in the background. The penguin on the left is facing towards the right side of the image and its head is tilted upwards, as if it is singing or calling. Both penguins have orange beaks and black and white feathers. The background is blurred, but it appears to be a snowy landscape with a mountain range in the distance. The sky is overcast and the water is calm."
7ea24f3a78604301877653deb893281b,DSC_0281.JPG,"The image shows a group of people in a small room with wooden walls and a wooden floor. The room appears to be a kitchen or living room, as there is a large window on the left side of the image that lets in natural light. On the right side, there are two red and white striped sofas with people sitting on them. In the center of the room, there is an open kitchenette with a sink, a stove, and various kitchen utensils and appliances. There are also a few people standing around the kitchenette, some of them are looking at the countertop and others are standing near the stove. The floor is covered with a colorful patterned rug."
41933ed79af544d28b9e8e0d12c83598,DSC_0282 TJOM.JPG,"The image shows the interior of a small room with wooden walls and a white ceiling. On the left side of the room, there is a white bunk bed with a red and white striped headboard and footboard. Next to the bed, there are two white nightstands with drawers. On top of the nightstand, there has a white shelf with various items on it, including a black bag, a red backpack, and a pair of shoes. The bed is covered with a white comforter and there are several clothes hanging on a rack above it. The floor is covered in a blue carpet."
a08ea10a16674edb99bdf17a1b1f9bec,DSC_0294.JPG,"The image is a close-up of a seal's face. The seal appears to be resting on a wooden surface, with a red background behind it. Its head is tilted slightly to the side, and its eyes are looking off into the distance. Its fur is a light grey color, and it has a rough texture. Its whiskers are visible on the left side of its head. Its mouth is slightly open, as if it is about to take a bite out of something."
82d6f58626334d0ebbe207f533889ce3,DSC_0463.JPG,"The image shows three penguins standing on a rocky shore with a mountain range in the background. The penguins are facing towards the right side of the image and their beaks are open, as if they are singing or calling. The mountain range is covered in snow and there is a body of water visible in the foreground. The sky is blue and the overall scene is peaceful and serene."
20f8899f8e6c4e69aac46246a40fa5b1,DSC_0539.JPG,"The image is a close-up of a penguin's head and neck. The penguin is facing towards the right side of the image and its beak is open, as if it is about to take a bite out of something. The background is blurred, but it appears to be a rocky landscape with a clear blue sky. The bird's body is predominantly white and black, with a hint of orange on its head. The image is taken from a slightly elevated angle, looking down on the penguin."
505865c8068e4686a5dff54f344109a9,DSC_0582.JPG,"The image shows a man working on a wooden boat in a workshop. He is wearing an orange jumpsuit and a blue beanie, and is holding a tool in his hand. The boat appears to be old and weathered, with rust and peeling paint on the wood. The man is standing in front of a wooden table, and there is a ladder leaning against the wall behind him. On the left side of the image, there are various tools and equipment scattered around the workshop."
43c67b7785a349c49d85910c0142d2e7,DSC_0591.JPG,"The image shows two birds sitting on top of a nest. The nest is made of twigs and rocks, and the birds are facing each other. The bird on the left is black and white, while the one on the right is white and black. Both birds have long, pointed beaks and orange beaks. The background is blurred, but it appears to be a cloudy sky. The birds appear to be in a peaceful and serene environment."
75681bccdc44487bab1c10c62cb31a45,DSC_0641.JPG,"The image shows three people, two women and a man, standing in front of a large white and yellow hot air balloon. They are all wearing winter clothes, including jackets, hats, and sunglasses. The woman on the left is wearing a black beanie, the woman in the middle is wearing an orange jacket, and the man on the right is wearing black pants and a white beanie. All three are smiling and appear to be posing for the photo. The balloon is inflated and has a blue flag on top. The background shows a snowy mountain landscape with a clear blue sky."
20ee126280ac4cde94c243397a1e6a95,DSC_0728.JPG,"The image shows a close-up of a baby penguin's feet. The penguin is lying on a bed of small rocks and pebbles. Its body is covered in grey feathers, and its head is resting on its mother's foot. Its beak is orange and its eyes are closed, as if it is sleeping. The background is blurred, but it appears to be an outdoor setting with trees and foliage."
3d3ac55afb8e465885dba3a2e7a66f33,DSC_0735.JPG,"The image is a close-up of a penguin's head and neck. The penguin is facing towards the right side of the image, with its beak slightly open. The head of the penguin has a black and white striped pattern on its body, with a bright orange beak. The background is blurred, but it appears to be a rocky surface with small white flowers scattered around. The image is taken from a slightly elevated angle, looking down on the bird's head."
fab3f0b2e885406396a0b83cb9940f9f,IMG_1633.JPG,"The image shows a group of penguins gathered on a rocky shore near the ocean. The sky is blue with white clouds and the ocean is a deep blue-green color. In the background, there are snow-capped mountains and a clear blue sky. On the right side of the image, there is a red and black building with a chimney and a flagpole with the Union Jack flag flying in front of it. The penguins are black and white and appear to be walking around the building. The overall scene is peaceful and serene."
9cc17da57b0644ed9ac1017d20e08a20,"© UK Antarctic Heritage Trust, 2011, Photo by Rick Price, 2 copy.jpg","The image shows a man and a woman sitting at a table in a store. The woman is wearing a blue jacket and a black beanie with a red scarf around her neck. She is looking at a brochure in her hands and appears to be explaining it to the man. The man is also wearing a yellow jacket and has a lanyard around his neck. They are both looking at the brochure and seem to be engaged in a conversation. In the background, there are shelves with various items on them and a red wall with a painting of a woman's face."
