image_uid,file_name,relative_path,sharpness_score,exposure_score,overall_score,is_best_in_group,scored_at
9d458e6242484225bd01c9e02f6a705f,P7630236 (Large).jpg,UK Antarctic Heritage Trust Data/3rdParty_A_2020_Copyright_JNH/JNH/P7630236 (Large).jpg,1.0,0.941,0.9705,False,2026-08-17T10:29:46+00:00
3f910502b106463ca02b6964644dd877,P7630258 (Large).JPG,UK Antarctic Heritage Trust Data/3rdParty_A_2020_Copyright_JNH/JNH/P7630258 (Large).JPG,1.0,0.875,0.9375,False,2026-08-17T10:29:46+00:00
80d18c93fb5745518517654d5c4478cd,P7630259 (Large).JPG,UK Antarctic Heritage Trust Data/3rdParty_A_2020_Copyright_JNH/JNH/P7630259 (Large).JPG,1.0,0.8847,0.9424,False,2026-08-17T10:29:46+00:00
a0f0ba8f1237450a8b98a2eb24acfc1f,P7630260 (Large).JPG,UK Antarctic Heritage Trust Data/3rdParty_A_2020_Copyright_JNH/JNH/P7630260 (Large).JPG,0.7336,0.8913,0.8124,False,2026-08-17T10:29:46+00:00
b00c19f98cb5413f9f61f371b0217765,P7630262 (Large).JPG,UK Antarctic Heritage Trust Data/3rdParty_A_2020_Copyright_JNH/JNH/P7630262 (Large).JPG,0.5001,0.7364,0.6182,False,2026-08-17T10:29:46+00:00
563bfffdd3854be49bb061ba6f1e844d,P7630263 (Large).JPG,UK Antarctic Heritage Trust Data/3rdParty_A_2020_Copyright_JNH/JNH/P7630263 (Large).JPG,0.6394,0.9049,0.7722,False,2026-08-17T10:29:46+00:00
4dfcf9ca0a49467c9410f0be8db7f03e,P7630264 (Large).JPG,UK Antarctic Heritage Trust Data/3rdParty_A_2020_Copyright_JNH/JNH/P7630264 (Large).JPG,0.5664,0.8778,0.7221,False,2026-08-17T10:29:46+00:00
065b1be953934c5f9dc6dfb0be4a57ee,P7630265 (Large).JPG,UK Antarctic Heritage Trust Data/3rdParty_A_2020_Copyright_JNH/JNH/P7630265 (Large).JPG,0.204,0.7873,0.4956,False,2026-08-17T10:29:46+00:00
8b9ab2a070c94f218a282378f0d80a51,P7630266 (Large).JPG,UK Antarctic Heritage Trust Data/3rdParty_A_2020_Copyright_JNH/JNH/P7630266 (Large).JPG,0.6288,0.8126,0.7207,False,2026-08-17T10:29:46+00:00
faf2389f96434809b55c35de7a6ba6d8,P7630267 (Large).JPG,UK Antarctic Heritage Trust Data/3rdParty_A_2020_Copyright_JNH/JNH/P7630267 (Large).JPG,0.9778,0.9621,0.97,False,2026-08-17T10:29:46+00:00
382cd61badef4fecbb23366ef1292ed5,P7630268 (Large).JPG,UK Antarctic Heritage Trust Data/3rdParty_A_2020_Copyright_JNH/JNH/P7630268 (Large).JPG,0.8329,0.9044,0.8686,False,2026-08-17T10:29:46+00:00
313bd2869ec34aca9c6294b1e719dcad,P7630273 (Large).jpg,UK Antarctic Heritage Trust Data/3rdParty_A_2020_Copyright_JNH/JNH/P7630273 (Large).jpg,0.5499,0.84,0.695,False,2026-08-17T10:29:46+00:00
cc8eedfbe062482987b10fc51eaf7a6f,P7630276 (Large).JPG,UK Antarctic Heritage Trust Data/3rdParty_A_2020_Copyright_JNH/JNH/P7630276 (Large).JPG,0.5998,0.9333,0.7666,False,2026-08-17T10:29:46+00:00
9d26018d2e0c4a06a902369ee09531d6,Port Lockroy 24th April 2020 JNH (1) (Large).jpg,UK Antarctic Heritage Trust Data/3rdParty_A_2020_Copyright_JNH/JNH/Port Lockroy 24th April 2020 JNH (1) (Large).jpg,1.0,0.8933,0.9466,False,2026-08-17T10:29:46+00:00
094b73c777244a1fb6c4a50f4421e41b,Port Lockroy 24th April 2020 JNH (10) (Large).jpg,UK Antarctic Heritage Trust Data/3rdParty_A_2020_Copyright_JNH/JNH/Port Lockroy 24th April 2020 JNH (10) (Large).jpg,0.1836,0.9158,0.5497,False,2026-08-17T10:29:46+00:00
79f3fb18b4e547d9b8a3dbe60276c91a,Port Lockroy 24th April 2020 JNH (11) (Large).jpg,UK Antarctic Heritage Trust Data/3rdParty_A_2020_Copyright_JNH/JNH/Port Lockroy 24th April 2020 JNH (11) (Large).jpg,0.3035,0.8371,0.5703,False,2026-08-17T10:29:46+00:00
8853df29fac44e269062858fbcb8984b,Port Lockroy 24th April 2020 JNH (12) (Large).jpg,UK Antarctic Heritage Trust Data/3rdParty_A_2020_Copyright_JNH/JNH/Port Lockroy 24th April 2020 JNH (12) (Large).jpg,0.3354,0.9063,0.6208,False,2026-08-17T10:29:46+00:00
2f23f63873cc4e7ebfa6fd2c444de951,Port Lockroy 24th April 2020 JNH (13) (Large).jpg,UK Antarctic Heritage Trust Data/3rdParty_A_2020_Copyright_JNH/JNH/Port Lockroy 24th April 2020 JNH (13) (Large).jpg,0.5209,0.9168,0.7188,False,2026-08-17T10:29:46+00:00
8d98b91d40d54fc991a16868a6c5de8c,Port Lockroy 24th April 2020 JNH (14) (Large).jpg,UK Antarctic Heritage Trust Data/3rdParty_A_2020_Copyright_JNH/JNH/Port Lockroy 24th April 2020 JNH (14) (Large).jpg,0.1183,0.9786,0.5484,False,2026-08-17T10:29:46+00:00
b21d884161894a1eade29681f8b22854,Port Lockroy 24th April 2020 JNH (16) (Large).jpg,UK Antarctic Heritage Trust Data/3rdParty_A_2020_Copyright_JNH/JNH/Port Lockroy 24th April 2020 JNH (16) (Large).jpg,0.5231,0.3903,0.4567,False,2026-08-17T10:29:46+00:00
7be19e28d0f94e6e86e57735809ee0d9,Port Lockroy 24th April 2020 JNH (17) (Large).jpg,UK Antarctic Heritage Trust Data/3rdParty_A_2020_Copyright_JNH/JNH/Port Lockroy 24th April 2020 JNH (17) (Large).jpg,0.4156,0.6616,0.5386,False,2026-08-17T10:29:46+00:00
3a389203ee5f4af4811ecd3024a127d3,Port Lockroy 24th April 2020 JNH (18) (Large).jpg,UK Antarctic Heritage Trust Data/3rdParty_A_2020_Copyright_JNH/JNH/Port Lockroy 24th April 2020 JNH (18) (Large).jpg,0.0603,0.3637,0.212,False,2026-08-17T10:29:46+00:00
90f3579298d54825b7964bf4069e7303,Port Lockroy 24th April 2020 JNH (19) (Large).jpg,UK Antarctic Heritage Trust Data/3rdParty_A_2020_Copyright_JNH/JNH/Port Lockroy 24th April 2020 JNH (19) (Large).jpg,0.2126,0.779,0.4958,False,2026-08-17T10:29:46+00:00
957c93d8477d41e0933b567be50aec04,Port Lockroy 24th April 2020 JNH (2) (Large).jpg,UK Antarctic Heritage Trust Data/3rdParty_A_2020_Copyright_JNH/JNH/Port Lockroy 24th April 2020 JNH (2) (Large).jpg,1.0,0.9444,0.9722,False,2026-08-17T10:29:46+00:00
85d55b36d30d4508a77c761e43483455,Port Lockroy 24th April 2020 JNH (20) (Large).jpg,UK Antarctic Heritage Trust Data/3rdParty_A_2020_Copyright_JNH/JNH/Port Lockroy 24th April 2020 JNH (20) (Large).jpg,0.175,0.7426,0.4588,False,2026-08-17T10:29:46+00:00
a42cdba7cfec438ba65adc0192007d0a,Port Lockroy 24th April 2020 JNH (21) (Large).jpg,UK Antarctic Heritage Trust Data/3rdParty_A_2020_Copyright_JNH/JNH/Port Lockroy 24th April 2020 JNH (21) (Large).jpg,0.3953,0.8196,0.6074,False,2026-08-17T10:29:46+00:00
aa5077b79a0540aab55baecc873dafde,Port Lockroy 24th April 2020 JNH (22) (Large).jpg,UK Antarctic Heritage Trust Data/3rdParty_A_2020_Copyright_JNH/JNH/Port Lockroy 24th April 2020 JNH (22) (Large).jpg,0.1171,0.6743,0.3957,False,2026-08-17T10:29:46+00:00
f7578a719d3146cfb2ec46b3b6e7bf52,Port Lockroy 24th April 2020 JNH (23) (Large).jpg,UK Antarctic Heritage Trust Data/3rdParty_A_2020_Copyright_JNH/JNH/Port Lockroy 24th April 2020 JNH (23) (Large).jpg,0.1834,0.5988,0.3911,False,2026-08-17T10:29:46+00:00
0608f27a354f4da6b982e32ae12eb860,Port Lockroy 24th April 2020 JNH (24) (Large).jpg,UK Antarctic Heritage Trust Data/3rdParty_A_2020_Copyright_JNH/JNH/Port Lockroy 24th April 2020 JNH (24) (Large).jpg,0.0676,0.8108,0.4392,False,2026-08-17T10:29:46+00:00
4cf830c060614888aeb50dd738725e76,Port Lockroy 24th April 2020 JNH (25) (Large).jpg,UK Antarctic Heritage Trust Data/3rdParty_A_2020_Copyright_JNH/JNH/Port Lockroy 24th April 2020 JNH (25) (Large).jpg,0.0572,0.837,0.4471,False,2026-08-17T10:29:46+00:00
cda07bacf76f413aaedb06f59e426817,Port Lockroy 24th April 2020 JNH (26) (Large).jpg,UK Antarctic Heritage Trust Data/3rdParty_A_2020_Copyright_JNH/JNH/Port Lockroy 24th April 2020 JNH (26) (Large).jpg,0.4723,0.6258,0.549,False,2026-08-17T10:29:46+00:00
d84640bea9904990a632dca629f13eb5,Port Lockroy 24th April 2020 JNH (27) (Large).jpg,UK Antarctic Heritage Trust Data/3rdParty_A_2020_Copyright_JNH/JNH/Port Lockroy 24th April 2020 JNH (27) (Large).jpg,0.1218,0.5499,0.3359,False,2026-08-17T10:29:46+00:00
efad183851304cdaaa98ac1698a58679,Port Lockroy 24th April 2020 JNH (28) (Large).jpg,UK Antarctic Heritage Trust Data/3rdParty_A_2020_Copyright_JNH/JNH/Port Lockroy 24th April 2020 JNH (28) (Large).jpg,0.1389,0.7295,0.4342,False,2026-08-17T10:29:46+00:00
d39ad3dff10d4493a5f1ff1ed92eaeb1,Port Lockroy 24th April 2020 JNH (29) (Large).jpg,UK Antarctic Heritage Trust Data/3rdParty_A_2020_Copyright_JNH/JNH/Port Lockroy 24th April 2020 JNH (29) (Large).jpg,0.0925,0.9745,0.5335,False,2026-08-17T10:29:46+00:00
a5b149ee0b974cbaa9d6584ab48b3cdd,Port Lockroy 24th April 2020 JNH (3) (Large).jpg,UK Antarctic Heritage Trust Data/3rdParty_A_2020_Copyright_JNH/JNH/Port Lockroy 24th April 2020 JNH (3) (Large).jpg,1.0,0.9174,0.9587,False,2026-08-17T10:29:46+00:00
9515b0dd589f4d348084f0dbd307b414,Port Lockroy 24th April 2020 JNH (30) (Large).jpg,UK Antarctic Heritage Trust Data/3rdParty_A_2020_Copyright_JNH/JNH/Port Lockroy 24th April 2020 JNH (30) (Large).jpg,0.2559,0.8638,0.5598,False,2026-08-17T10:29:46+00:00
392d17a5acd142f18f99e5bc07e9114d,Port Lockroy 24th April 2020 JNH (31) (Large).jpg,UK Antarctic Heritage Trust Data/3rdParty_A_2020_Copyright_JNH/JNH/Port Lockroy 24th April 2020 JNH (31) (Large).jpg,0.1492,0.7682,0.4587,False,2026-08-17T10:29:46+00:00
584d788a27db4310b93f7336e318c07c,Port Lockroy 24th April 2020 JNH (32) (Large).jpg,UK Antarctic Heritage Trust Data/3rdParty_A_2020_Copyright_JNH/JNH/Port Lockroy 24th April 2020 JNH (32) (Large).jpg,0.3552,0.9563,0.6558,False,2026-08-17T10:29:46+00:00
be94f9abcfa846c8bafb4ff1fe13eddf,Port Lockroy 24th April 2020 JNH (33) (Large).jpg,UK Antarctic Heritage Trust Data/3rdParty_A_2020_Copyright_JNH/JNH/Port Lockroy 24th April 2020 JNH (33) (Large).jpg,1.0,0.8957,0.9478,False,2026-08-17T10:29:46+00:00
44e7af46c7874035af00033211597c43,Port Lockroy 24th April 2020 JNH (34) (Large).jpg,UK Antarctic Heritage Trust Data/3rdParty_A_2020_Copyright_JNH/JNH/Port Lockroy 24th April 2020 JNH (34) (Large).jpg,0.8639,0.9754,0.9196,False,2026-08-17T10:29:46+00:00
cbcc20ccd7f14cb0a2ad427e5222ebf6,Port Lockroy 24th April 2020 JNH (36) (Large).jpg,UK Antarctic Heritage Trust Data/3rdParty_A_2020_Copyright_JNH/JNH/Port Lockroy 24th April 2020 JNH (36) (Large).jpg,0.7581,0.8855,0.8218,False,2026-08-17T10:29:46+00:00
adb362428da1444e9a416e3ede23a926,Port Lockroy 24th April 2020 JNH (37) (Large).jpg,UK Antarctic Heritage Trust Data/3rdParty_A_2020_Copyright_JNH/JNH/Port Lockroy 24th April 2020 JNH (37) (Large).jpg,0.5417,0.8098,0.6758,False,2026-08-17T10:29:46+00:00
7918ff89bbd7468baa6c133478b0c291,Port Lockroy 24th April 2020 JNH (39) (Large).jpg,UK Antarctic Heritage Trust Data/3rdParty_A_2020_Copyright_JNH/JNH/Port Lockroy 24th April 2020 JNH (39) (Large).jpg,0.2803,0.9762,0.6282,False,2026-08-17T10:29:46+00:00
72a1ef53c12048f089d7a0fe27772656,Port Lockroy 24th April 2020 JNH (4) (Large).jpg,UK Antarctic Heritage Trust Data/3rdParty_A_2020_Copyright_JNH/JNH/Port Lockroy 24th April 2020 JNH (4) (Large).jpg,1.0,0.9856,0.9928,False,2026-08-17T10:29:46+00:00
1d5688bdcebe4754abe4cc426331f239,Port Lockroy 24th April 2020 JNH (40) (Large).jpg,UK Antarctic Heritage Trust Data/3rdParty_A_2020_Copyright_JNH/JNH/Port Lockroy 24th April 2020 JNH (40) (Large).jpg,0.5587,0.8893,0.724,False,2026-08-17T10:29:46+00:00
0bac789cd0d3421f96a48d6402737ad0,Port Lockroy 24th April 2020 JNH (41) (Large).jpg,UK Antarctic Heritage Trust Data/3rdParty_A_2020_Copyright_JNH/JNH/Port Lockroy 24th April 2020 JNH (41) (Large).jpg,0.2902,0.9633,0.6268,False,2026-08-17T10:29:47+00:00
b5d4360c45fa48e287fdc57c02739a62,Port Lockroy 24th April 2020 JNH (42) (Large).jpg,UK Antarctic Heritage Trust Data/3rdParty_A_2020_Copyright_JNH/JNH/Port Lockroy 24th April 2020 JNH (42) (Large).jpg,0.4984,0.9175,0.708,False,2026-08-17T10:29:47+00:00
95d7d9bda4ca4ac3b72f39e0988a1a7d,Port Lockroy 24th April 2020 JNH (43) (Large).jpg,UK Antarctic Heritage Trust Data/3rdParty_A_2020_Copyright_JNH/JNH/Port Lockroy 24th April 2020 JNH (43) (Large).jpg,0.3225,0.9255,0.624,False,2026-08-17T10:29:47+00:00
d2fa4f52083f43fd95df7ad0f9d93153,Port Lockroy 24th April 2020 JNH (44) (Large).jpg,UK Antarctic Heritage Trust Data/3rdParty_A_2020_Copyright_JNH/JNH/Port Lockroy 24th April 2020 JNH (44) (Large).jpg,0.1696,0.6499,0.4098,False,2026-08-17T10:29:47+00:00
9f5fcb48657648b693921450cefcd3d9,Port Lockroy 24th April 2020 JNH (47) (Large).jpg,UK Antarctic Heritage Trust Data/3rdParty_A_2020_Copyright_JNH/JNH/Port Lockroy 24th April 2020 JNH (47) (Large).jpg,0.2403,0.8307,0.5355,False,2026-08-17T10:29:47+00:00
2b4282710feb449e9ab4b0c754a96eb9,Port Lockroy 24th April 2020 JNH (48) (Large).jpg,UK Antarctic Heritage Trust Data/3rdParty_A_2020_Copyright_JNH/JNH/Port Lockroy 24th April 2020 JNH (48) (Large).jpg,0.1019,0.8158,0.4588,False,2026-08-17T10:29:47+00:00
b54c2b243b674ae98d1f6e3e06171707,Port Lockroy 24th April 2020 JNH (49) (Large).jpg,UK Antarctic Heritage Trust Data/3rdParty_A_2020_Copyright_JNH/JNH/Port Lockroy 24th April 2020 JNH (49) (Large).jpg,0.3991,0.8711,0.6351,False,2026-08-17T10:29:47+00:00
c9a3e191b70f41d3841cfc763b9baf0b,Port Lockroy 24th April 2020 JNH (5) (Large).jpg,UK Antarctic Heritage Trust Data/3rdParty_A_2020_Copyright_JNH/JNH/Port Lockroy 24th April 2020 JNH (5) (Large).jpg,0.4186,0.9197,0.6692,False,2026-08-17T10:29:47+00:00
dc165614d44349a4ac26eac7fb12f8f6,Port Lockroy 24th April 2020 JNH (51) (Large).jpg,UK Antarctic Heritage Trust Data/3rdParty_A_2020_Copyright_JNH/JNH/Port Lockroy 24th April 2020 JNH (51) (Large).jpg,0.3017,0.8441,0.5729,False,2026-08-17T10:29:47+00:00
4c12230e2664428b9bd27d88f24a928b,Port Lockroy 24th April 2020 JNH (52) (Large).jpg,UK Antarctic Heritage Trust Data/3rdParty_A_2020_Copyright_JNH/JNH/Port Lockroy 24th April 2020 JNH (52) (Large).jpg,0.7765,0.9666,0.8716,False,2026-08-17T10:29:47+00:00
8d00f00ed2ad43e08d226cb8e0ed935a,Port Lockroy 24th April 2020 JNH (53) (Large).jpg,UK Antarctic Heritage Trust Data/3rdParty_A_2020_Copyright_JNH/JNH/Port Lockroy 24th April 2020 JNH (53) (Large).jpg,0.1695,0.7349,0.4522,False,2026-08-17T10:29:47+00:00
b37453fef588476497d2fa517477fc18,Port Lockroy 24th April 2020 JNH (54) (Large).jpg,UK Antarctic Heritage Trust Data/3rdParty_A_2020_Copyright_JNH/JNH/Port Lockroy 24th April 2020 JNH (54) (Large).jpg,0.3961,0.2746,0.3354,False,2026-08-17T10:29:47+00:00
77984a99d60b4fa9a31ec7bf6de8b52d,Port Lockroy 24th April 2020 JNH (55) (Large).jpg,UK Antarctic Heritage Trust Data/3rdParty_A_2020_Copyright_JNH/JNH/Port Lockroy 24th April 2020 JNH (55) (Large).jpg,1.0,0.9091,0.9546,False,2026-08-17T10:29:47+00:00
c92447a8466c41fdb4fcce91eccd4494,Port Lockroy 24th April 2020 JNH (56) (Large).jpg,UK Antarctic Heritage Trust Data/3rdParty_A_2020_Copyright_JNH/JNH/Port Lockroy 24th April 2020 JNH (56) (Large).jpg,0.4549,0.8925,0.6737,False,2026-08-17T10:29:47+00:00
dc3009ae359f4baeb0343457c552b2fa,Port Lockroy 24th April 2020 JNH (6) (Large).jpg,UK Antarctic Heritage Trust Data/3rdParty_A_2020_Copyright_JNH/JNH/Port Lockroy 24th April 2020 JNH (6) (Large).jpg,0.7901,0.9325,0.8613,False,2026-08-17T10:29:47+00:00
3236c8a55f434013b347c9f2c38c239e,Port Lockroy 24th April 2020 JNH (7) (Large).jpg,UK Antarctic Heritage Trust Data/3rdParty_A_2020_Copyright_JNH/JNH/Port Lockroy 24th April 2020 JNH (7) (Large).jpg,0.5165,0.9226,0.7195,False,2026-08-17T10:29:47+00:00
7a0c80d73e0c4d2fab1331c1ead47171,Port Lockroy 24th April 2020 JNH (8) (Large).jpg,UK Antarctic Heritage Trust Data/3rdParty_A_2020_Copyright_JNH/JNH/Port Lockroy 24th April 2020 JNH (8) (Large).jpg,0.1803,0.9132,0.5468,False,2026-08-17T10:29:47+00:00
c54db51bab514e75870ffb507cbc69c2,Port Lockroy 24th April 2020 JNH (9) (Large).jpg,UK Antarctic Heritage Trust Data/3rdParty_A_2020_Copyright_JNH/JNH/Port Lockroy 24th April 2020 JNH (9) (Large).jpg,0.2983,0.8163,0.5573,False,2026-08-17T10:29:47+00:00
e69cf3c92e374c1f8deb75d1d63db4e7,A_1_h_16(1).jpg,UK Antarctic Heritage Trust Data/Condition_Artefacts/Artefacts_A_1_h_16_Ionospherics/A_1_h_16/A_1_h_16(1).jpg,0.0532,0.7802,0.4167,False,2026-08-17T10:29:47+00:00
ef70c47e52674081b401009518a9b605,A_1_h_16(10).JPG,UK Antarctic Heritage Trust Data/Condition_Artefacts/Artefacts_A_1_h_16_Ionospherics/A_1_h_16/A_1_h_16(10).JPG,0.2929,0.972,0.6324,False,2026-08-17T10:29:47+00:00
2121bd8cdda24f24b5f6b86d50947426,A_1_h_16(11).JPG,UK Antarctic Heritage Trust Data/Condition_Artefacts/Artefacts_A_1_h_16_Ionospherics/A_1_h_16/A_1_h_16(11).JPG,0.0876,0.954,0.5208,False,2026-08-17T10:29:47+00:00
fafaafb0d7194f74b6856f93a8994e7b,A_1_h_16(12).JPG,UK Antarctic Heritage Trust Data/Condition_Artefacts/Artefacts_A_1_h_16_Ionospherics/A_1_h_16/A_1_h_16(12).JPG,0.164,0.9552,0.5596,False,2026-08-17T10:29:47+00:00
5f852a43a96a4da693fcfdc992092c93,A_1_h_16(13).JPG,UK Antarctic Heritage Trust Data/Condition_Artefacts/Artefacts_A_1_h_16_Ionospherics/A_1_h_16/A_1_h_16(13).JPG,0.1635,0.9875,0.5755,False,2026-08-17T10:29:47+00:00
5e78e0f4f3f2474a87c3d1b9ff323b6b,A_1_h_16(14).JPG,UK Antarctic Heritage Trust Data/Condition_Artefacts/Artefacts_A_1_h_16_Ionospherics/A_1_h_16/A_1_h_16(14).JPG,0.1421,0.9321,0.5371,False,2026-08-17T10:29:47+00:00
88884e8886ed40c3a56c47ae522ebb1a,A_1_h_16(2).jpg,UK Antarctic Heritage Trust Data/Condition_Artefacts/Artefacts_A_1_h_16_Ionospherics/A_1_h_16/A_1_h_16(2).jpg,0.0394,0.9636,0.5015,False,2026-08-17T10:29:48+00:00
650212698a26465fbc01ec1e6e52baa5,A_1_h_16(3).jpg,UK Antarctic Heritage Trust Data/Condition_Artefacts/Artefacts_A_1_h_16_Ionospherics/A_1_h_16/A_1_h_16(3).jpg,0.0391,0.9518,0.4954,False,2026-08-17T10:29:48+00:00
9b01780fc84a474cae09bf66474d8d08,A_1_h_16(4).jpg,UK Antarctic Heritage Trust Data/Condition_Artefacts/Artefacts_A_1_h_16_Ionospherics/A_1_h_16/A_1_h_16(4).jpg,0.0372,0.9702,0.5037,False,2026-08-17T10:29:48+00:00
4f7557c86627471b8b6470bbf0920915,A_1_h_16(5).JPG,UK Antarctic Heritage Trust Data/Condition_Artefacts/Artefacts_A_1_h_16_Ionospherics/A_1_h_16/A_1_h_16(5).JPG,0.0607,0.9964,0.5286,False,2026-08-17T10:29:48+00:00
7b0204274c774f09aa87b45ee9592eb1,A_1_h_16(6).JPG,UK Antarctic Heritage Trust Data/Condition_Artefacts/Artefacts_A_1_h_16_Ionospherics/A_1_h_16/A_1_h_16(6).JPG,0.0777,0.9508,0.5142,False,2026-08-17T10:29:48+00:00
153663994d03435db6180f1595c14963,A_1_h_16(7).JPG,UK Antarctic Heritage Trust Data/Condition_Artefacts/Artefacts_A_1_h_16_Ionospherics/A_1_h_16/A_1_h_16(7).JPG,0.0827,0.9327,0.5077,False,2026-08-17T10:29:48+00:00
6982d10931eb44eaa3ae2e37f614e08e,A_1_h_16(8).JPG,UK Antarctic Heritage Trust Data/Condition_Artefacts/Artefacts_A_1_h_16_Ionospherics/A_1_h_16/A_1_h_16(8).JPG,0.0858,0.9363,0.511,False,2026-08-17T10:29:49+00:00
2c65ec41757549189881490a13c0c4fb,A_1_h_16(9).JPG,UK Antarctic Heritage Trust Data/Condition_Artefacts/Artefacts_A_1_h_16_Ionospherics/A_1_h_16/A_1_h_16(9).JPG,0.0857,0.9542,0.52,False,2026-08-17T10:29:49+00:00
1c83b95d1383422ca58f9f9f07deaeb1,HY9A2343.jpg,UK Antarctic Heritage Trust Data/Condition_Artefacts/Artefacts_A_1_h_16_Ionospherics/A_1_h_16/HY9A2343.jpg,0.0532,0.7802,0.4167,False,2026-08-17T10:29:49+00:00
087b37c9be674cdeb9576e422647b560,HY9A2344.jpg,UK Antarctic Heritage Trust Data/Condition_Artefacts/Artefacts_A_1_h_16_Ionospherics/A_1_h_16/HY9A2344.jpg,0.0394,0.9636,0.5015,False,2026-08-17T10:29:49+00:00
35aebd2afee1435b86be37247347ece2,HY9A2345.jpg,UK Antarctic Heritage Trust Data/Condition_Artefacts/Artefacts_A_1_h_16_Ionospherics/A_1_h_16/HY9A2345.jpg,0.0391,0.9518,0.4954,False,2026-08-17T10:29:49+00:00
6f6ed182643a4b2c9c6c8dde89f52aa3,HY9A2346.jpg,UK Antarctic Heritage Trust Data/Condition_Artefacts/Artefacts_A_1_h_16_Ionospherics/A_1_h_16/HY9A2346.jpg,0.0372,0.9702,0.5037,False,2026-08-17T10:29:49+00:00
3c4c3b15835246a3aeecf829e1fb2830,P1010138.JPG,UK Antarctic Heritage Trust Data/Condition_Artefacts/Artefacts_A_1_h_16_Ionospherics/A_1_h_16/P1010138.JPG,0.0607,0.9964,0.5286,False,2026-08-17T10:29:50+00:00
3740e05bf67d458fb18dc0e676f44f52,P1010139.JPG,UK Antarctic Heritage Trust Data/Condition_Artefacts/Artefacts_A_1_h_16_Ionospherics/A_1_h_16/P1010139.JPG,0.0777,0.9508,0.5142,False,2026-08-17T10:29:50+00:00
5d6c0418afc4476da6a67815b3895529,P1010140.JPG,UK Antarctic Heritage Trust Data/Condition_Artefacts/Artefacts_A_1_h_16_Ionospherics/A_1_h_16/P1010140.JPG,0.0827,0.9327,0.5077,False,2026-08-17T10:29:50+00:00
6f3a6f5e8ce14acdae80083304098c04,P1010141.JPG,UK Antarctic Heritage Trust Data/Condition_Artefacts/Artefacts_A_1_h_16_Ionospherics/A_1_h_16/P1010141.JPG,0.0858,0.9363,0.511,False,2026-08-17T10:29:50+00:00
5c44ba7bb90248d0bb843536b751f31c,P1010143.JPG,UK Antarctic Heritage Trust Data/Condition_Artefacts/Artefacts_A_1_h_16_Ionospherics/A_1_h_16/P1010143.JPG,0.0857,0.9542,0.52,False,2026-08-17T10:29:50+00:00
cc8aa2212de14648bb9747e67816f8bf,PC130169.JPG,UK Antarctic Heritage Trust Data/Condition_Artefacts/Artefacts_A_1_h_16_Ionospherics/A_1_h_16/PC130169.JPG,0.2929,0.972,0.6324,False,2026-08-17T10:29:50+00:00
ce8ee546f0c24b75a5891d4470252d63,PC130170.JPG,UK Antarctic Heritage Trust Data/Condition_Artefacts/Artefacts_A_1_h_16_Ionospherics/A_1_h_16/PC130170.JPG,0.0876,0.954,0.5208,False,2026-08-17T10:29:50+00:00
b5ebe2f4d65d4d93a1ab4a1ea6c733fc,PC130171.JPG,UK Antarctic Heritage Trust Data/Condition_Artefacts/Artefacts_A_1_h_16_Ionospherics/A_1_h_16/PC130171.JPG,0.164,0.9552,0.5596,False,2026-08-17T10:29:51+00:00
0a5d2130b94947389b8c61114dad7c67,PC130172.JPG,UK Antarctic Heritage Trust Data/Condition_Artefacts/Artefacts_A_1_h_16_Ionospherics/A_1_h_16/PC130172.JPG,0.1635,0.9875,0.5755,False,2026-08-17T10:29:51+00:00
61ebbca09aa343e4b70801d59fc03b48,PC130173.JPG,UK Antarctic Heritage Trust Data/Condition_Artefacts/Artefacts_A_1_h_16_Ionospherics/A_1_h_16/PC130173.JPG,0.1421,0.9321,0.5371,False,2026-08-17T10:29:51+00:00
2f2315b64ce5489abcee5f78a3e57736,A1a60a.JPG,UK Antarctic Heritage Trust Data/Condition_Artefacts/Artefacts_A_Var_1112NewAcquisitions/1112 new acquisitions/A1a60a.JPG,0.0745,0.917,0.4958,False,2026-08-17T10:29:51+00:00
bdb92635e3f040ca8cbc95ed4cd69704,A1a60b.JPG,UK Antarctic Heritage Trust Data/Condition_Artefacts/Artefacts_A_Var_1112NewAcquisitions/1112 new acquisitions/A1a60b.JPG,0.1027,0.9276,0.5152,False,2026-08-17T10:29:51+00:00
a1dc2790ce074bfda41b816814001084,A1a60c.JPG,UK Antarctic Heritage Trust Data/Condition_Artefacts/Artefacts_A_Var_1112NewAcquisitions/1112 new acquisitions/A1a60c.JPG,0.0708,0.9487,0.5098,False,2026-08-17T10:29:51+00:00
89b55301f4824c499946b3ce63bdc398,A1a60d.JPG,UK Antarctic Heritage Trust Data/Condition_Artefacts/Artefacts_A_Var_1112NewAcquisitions/1112 new acquisitions/A1a60d.JPG,0.2245,0.9551,0.5898,False,2026-08-17T10:29:51+00:00
f4599de343c64a94b2d6c9ce603b697b,A1a61a.JPG,UK Antarctic Heritage Trust Data/Condition_Artefacts/Artefacts_A_Var_1112NewAcquisitions/1112 new acquisitions/A1a61a.JPG,0.0692,0.8946,0.4819,False,2026-08-17T10:29:51+00:00
3703999c712d422682326856539a994b,A1a61b.JPG,UK Antarctic Heritage Trust Data/Condition_Artefacts/Artefacts_A_Var_1112NewAcquisitions/1112 new acquisitions/A1a61b.JPG,0.0909,0.9158,0.5034,False,2026-08-17T10:29:51+00:00
6bf65bd53ca843c6b0e163b082b52d1b,A1a61c.JPG,UK Antarctic Heritage Trust Data/Condition_Artefacts/Artefacts_A_Var_1112NewAcquisitions/1112 new acquisitions/A1a61c.JPG,0.0748,0.9942,0.5345,False,2026-08-17T10:29:51+00:00
5a8bf252e31d4192a89d1ed293236301,A1a61d.JPG,UK Antarctic Heritage Trust Data/Condition_Artefacts/Artefacts_A_Var_1112NewAcquisitions/1112 new acquisitions/A1a61d.JPG,0.1393,0.9881,0.5637,False,2026-08-17T10:29:51+00:00
1557d795b0b34b82a3124580f317bc01,A1h164a.JPG,UK Antarctic Heritage Trust Data/Condition_Artefacts/Artefacts_A_Var_1112NewAcquisitions/1112 new acquisitions/A1h164a.JPG,0.2467,0.989,0.6178,False,2026-08-17T10:29:51+00:00
06ecb37d8dcd4ebaa3ef939ea91e8a11,A1h164b.JPG,UK Antarctic Heritage Trust Data/Condition_Artefacts/Artefacts_A_Var_1112NewAcquisitions/1112 new acquisitions/A1h164b.JPG,0.1844,0.827,0.5057,False,2026-08-17T10:29:51+00:00
573395816bc546c0abb3f9892925d8f9,A1h164c.JPG,UK Antarctic Heritage Trust Data/Condition_Artefacts/Artefacts_A_Var_1112NewAcquisitions/1112 new acquisitions/A1h164c.JPG,0.2554,0.853,0.5542,False,2026-08-17T10:29:51+00:00
d2fc3ce591af42f08530dcda328648c0,A1h164d.JPG,UK Antarctic Heritage Trust Data/Condition_Artefacts/Artefacts_A_Var_1112NewAcquisitions/1112 new acquisitions/A1h164d.JPG,0.36,0.9823,0.6711,False,2026-08-17T10:29:51+00:00
6301dbee27624228aa5282db181ba9d3,A1h165.JPG,UK Antarctic Heritage Trust Data/Condition_Artefacts/Artefacts_A_Var_1112NewAcquisitions/1112 new acquisitions/A1h165.JPG,0.3521,0.9249,0.6385,False,2026-08-17T10:29:51+00:00
db8e65a882254f9e98687c501c2c3c8e,A1h165a.JPG,UK Antarctic Heritage Trust Data/Condition_Artefacts/Artefacts_A_Var_1112NewAcquisitions/1112 new acquisitions/A1h165a.JPG,0.0887,0.9772,0.533,False,2026-08-17T10:29:51+00:00
931b1b897c64433e85ef25f41b120330,A1h165b.JPG,UK Antarctic Heritage Trust Data/Condition_Artefacts/Artefacts_A_Var_1112NewAcquisitions/1112 new acquisitions/A1h165b.JPG,0.2319,0.959,0.5954,False,2026-08-17T10:29:51+00:00
40f181d508034853992076a7947c1295,A1h165c.JPG,UK Antarctic Heritage Trust Data/Condition_Artefacts/Artefacts_A_Var_1112NewAcquisitions/1112 new acquisitions/A1h165c.JPG,0.1923,0.9927,0.5925,False,2026-08-17T10:29:51+00:00
b232f525484f47ecb3d620dbe1638f67,A1h166.JPG,UK Antarctic Heritage Trust Data/Condition_Artefacts/Artefacts_A_Var_1112NewAcquisitions/1112 new acquisitions/A1h166.JPG,0.1154,0.9133,0.5144,False,2026-08-17T10:29:51+00:00
560ce4fb57834732935e1925f915d7fa,A1h167.JPG,UK Antarctic Heritage Trust Data/Condition_Artefacts/Artefacts_A_Var_1112NewAcquisitions/1112 new acquisitions/A1h167.JPG,1.0,0.9797,0.9898,False,2026-08-17T10:29:51+00:00
81b101ba1a9247d1acaab90146e3dbb2,A1h167a.JPG,UK Antarctic Heritage Trust Data/Condition_Artefacts/Artefacts_A_Var_1112NewAcquisitions/1112 new acquisitions/A1h167a.JPG,0.3048,0.8003,0.5526,False,2026-08-17T10:29:51+00:00
61692d4185724566bf9eab9ccadb46fa,DSC03189.JPG,UK Antarctic Heritage Trust Data/Condition_Artefacts/Artefacts_A_Var_1112NewAcquisitions/1112 new acquisitions/DSC03189.JPG,0.1964,0.9712,0.5838,False,2026-08-17T10:29:51+00:00
a90aab7cbf4c4f2cbab072839d9f3926,DSC03193.JPG,UK Antarctic Heritage Trust Data/Condition_Artefacts/Artefacts_A_Var_1112NewAcquisitions/1112 new acquisitions/DSC03193.JPG,0.217,0.9609,0.589,False,2026-08-17T10:29:51+00:00
68e259fb3f7f4462b158bd3603e86c71,DSC03194.JPG,UK Antarctic Heritage Trust Data/Condition_Artefacts/Artefacts_A_Var_1112NewAcquisitions/1112 new acquisitions/DSC03194.JPG,0.1978,0.9772,0.5875,False,2026-08-17T10:29:51+00:00
2ad64327cce3408ba52e818080ab2876,DSC03198.JPG,UK Antarctic Heritage Trust Data/Condition_Artefacts/Artefacts_A_Var_1112NewAcquisitions/1112 new acquisitions/DSC03198.JPG,0.1343,0.9659,0.5501,False,2026-08-17T10:29:51+00:00
6a8bd39d9b254263b6e82d3a01f9f856,DSC03199.JPG,UK Antarctic Heritage Trust Data/Condition_Artefacts/Artefacts_A_Var_1112NewAcquisitions/1112 new acquisitions/DSC03199.JPG,0.0614,0.8163,0.4388,False,2026-08-17T10:29:51+00:00
6cdfc9da9d2c42db9c4d3f29cd51393d,DSC03200.JPG,UK Antarctic Heritage Trust Data/Condition_Artefacts/Artefacts_A_Var_1112NewAcquisitions/1112 new acquisitions/DSC03200.JPG,0.1201,0.975,0.5476,False,2026-08-17T10:29:51+00:00
b59abdfec2bc482098d7da0b688a4544,DSC03204.JPG,UK Antarctic Heritage Trust Data/Condition_Artefacts/Artefacts_A_Var_1112NewAcquisitions/1112 new acquisitions/DSC03204.JPG,0.4891,0.9303,0.7097,False,2026-08-17T10:29:51+00:00
28dcde30c5c444d699b23ef19d378d73,DSC03205.JPG,UK Antarctic Heritage Trust Data/Condition_Artefacts/Artefacts_A_Var_1112NewAcquisitions/1112 new acquisitions/DSC03205.JPG,0.8275,0.9919,0.9097,False,2026-08-17T10:29:51+00:00
6a61c79834a64ec88664ca8d0e4617b1,DSC03206.JPG,UK Antarctic Heritage Trust Data/Condition_Artefacts/Artefacts_A_Var_1112NewAcquisitions/1112 new acquisitions/DSC03206.JPG,0.8866,0.9435,0.915,False,2026-08-17T10:29:51+00:00
10e08bbbdc804dbe81a4fd382c2fad10,DSC03217.JPG,UK Antarctic Heritage Trust Data/Condition_Artefacts/Artefacts_A_Var_1112NewAcquisitions/1112 new acquisitions/DSC03217.JPG,0.1089,0.8843,0.4966,False,2026-08-17T10:29:52+00:00
86938a4bd66e4ace9ec9e1138e8420eb,DSC03221.JPG,UK Antarctic Heritage Trust Data/Condition_Artefacts/Artefacts_A_Var_1112NewAcquisitions/1112 new acquisitions/DSC03221.JPG,0.0714,0.9349,0.5032,False,2026-08-17T10:29:52+00:00
7cdee7b9a38a4b899b65fc378c25376d,DSC03222.JPG,UK Antarctic Heritage Trust Data/Condition_Artefacts/Artefacts_A_Var_1112NewAcquisitions/1112 new acquisitions/DSC03222.JPG,0.28,0.9922,0.6361,False,2026-08-17T10:29:52+00:00
0b141a481a614fc78ac0af8f019d8fea,DSC03227.JPG,UK Antarctic Heritage Trust Data/Condition_Artefacts/Artefacts_A_Var_1112NewAcquisitions/1112 new acquisitions/DSC03227.JPG,0.0521,0.9927,0.5224,False,2026-08-17T10:29:52+00:00
a5d6f0a27d9a44d3ab7515cf17db5c87,F2011-1a.JPG,UK Antarctic Heritage Trust Data/Condition_Artefacts/Artefacts_A_Var_1112NewAcquisitions/1112 new acquisitions/F2011-1a.JPG,0.1063,0.9357,0.521,False,2026-08-17T10:29:52+00:00
c2087c3239874bf0a09fb49c99aed4c2,F2011-1b.JPG,UK Antarctic Heritage Trust Data/Condition_Artefacts/Artefacts_A_Var_1112NewAcquisitions/1112 new acquisitions/F2011-1b.JPG,0.1037,0.9846,0.5442,False,2026-08-17T10:29:52+00:00
c05e297ba01e431c9c9092ef31c23758,F2011-2a.JPG,UK Antarctic Heritage Trust Data/Condition_Artefacts/Artefacts_A_Var_1112NewAcquisitions/1112 new acquisitions/F2011-2a.JPG,0.1984,0.9333,0.5658,False,2026-08-17T10:29:52+00:00
262af23130534566af11f45e02661290,F2011-2b.JPG,UK Antarctic Heritage Trust Data/Condition_Artefacts/Artefacts_A_Var_1112NewAcquisitions/1112 new acquisitions/F2011-2b.JPG,0.5011,0.9472,0.7242,False,2026-08-17T10:29:52+00:00
23bfef5ca7a84ad7b811682f914d8ea5,F2011-2c.JPG,UK Antarctic Heritage Trust Data/Condition_Artefacts/Artefacts_A_Var_1112NewAcquisitions/1112 new acquisitions/F2011-2c.JPG,0.1309,0.953,0.5419,False,2026-08-17T10:29:52+00:00
3622dcb2c5ff4590bcc7a766b2e6bcf4,(2).jpg,UK Antarctic Heritage Trust Data/Condition_Artefacts/Artefacts_A_Var_Copyrright_L_Ling/(2).jpg,0.3723,0.9508,0.6616,False,2026-08-17T10:29:52+00:00
99569697a55d44af9a12a45c2c722fad,(3).jpg,UK Antarctic Heritage Trust Data/Condition_Artefacts/Artefacts_A_Var_Copyrright_L_Ling/(3).jpg,0.0327,0.9548,0.4938,False,2026-08-17T10:29:52+00:00
d63f6a2a07f74120bf62f5baf5dee022,A1a10a.jpg,UK Antarctic Heritage Trust Data/Condition_Artefacts/Artefacts_A_Var_Copyrright_L_Ling/A1a10a.jpg,0.8308,0.4913,0.661,False,2026-08-17T10:29:52+00:00
9084a001fcc542658c6343a37479e971,A1a10b.jpg,UK Antarctic Heritage Trust Data/Condition_Artefacts/Artefacts_A_Var_Copyrright_L_Ling/A1a10b.jpg,0.178,0.2541,0.216,False,2026-08-17T10:29:52+00:00
7fba7f55cfc1481ab8e1243ac0847025,A1a12.jpg,UK Antarctic Heritage Trust Data/Condition_Artefacts/Artefacts_A_Var_Copyrright_L_Ling/A1a12.jpg,0.0974,0.4685,0.283,False,2026-08-17T10:29:52+00:00
fea9d5234f384e70b575ce56b414d2e0,A1b10a.jpg,UK Antarctic Heritage Trust Data/Condition_Artefacts/Artefacts_A_Var_Copyrright_L_Ling/A1b10a.jpg,0.5172,0.885,0.7011,False,2026-08-17T10:29:52+00:00
068786e010294898ab8e5c83e26572b0,A1b10b.jpg,UK Antarctic Heritage Trust Data/Condition_Artefacts/Artefacts_A_Var_Copyrright_L_Ling/A1b10b.jpg,0.5598,0.981,0.7704,False,2026-08-17T10:29:52+00:00
5834bbcd03ef42989fc3378b7386f7c9,A1b11y.jpg,UK Antarctic Heritage Trust Data/Condition_Artefacts/Artefacts_A_Var_Copyrright_L_Ling/A1b11y.jpg,0.1568,0.9467,0.5518,False,2026-08-17T10:29:52+00:00
19d3bdcf1d6b4c0cb8cdcd6183e76d94,A1b11z.jpg,UK Antarctic Heritage Trust Data/Condition_Artefacts/Artefacts_A_Var_Copyrright_L_Ling/A1b11z.jpg,0.0526,0.953,0.5028,False,2026-08-17T10:29:52+00:00
ba53bd6b3a2b43388554534691fc945b,A1b14a.jpg,UK Antarctic Heritage Trust Data/Condition_Artefacts/Artefacts_A_Var_Copyrright_L_Ling/A1b14a.jpg,1.0,0.9078,0.9539,False,2026-08-17T10:29:52+00:00
b844cfb9ea054fd3894a578b5f7f2544,A1b14b.jpg,UK Antarctic Heritage Trust Data/Condition_Artefacts/Artefacts_A_Var_Copyrright_L_Ling/A1b14b.jpg,1.0,0.8876,0.9438,False,2026-08-17T10:29:52+00:00
e2f3feb98b2a4ec2b24b436443a43bb5,A1b19.jpg,UK Antarctic Heritage Trust Data/Condition_Artefacts/Artefacts_A_Var_Copyrright_L_Ling/A1b19.jpg,0.4531,0.3412,0.3972,False,2026-08-17T10:29:52+00:00
bdc688abc9314b0e8d4355f1722d8c1a,A1b19a.jpg,UK Antarctic Heritage Trust Data/Condition_Artefacts/Artefacts_A_Var_Copyrright_L_Ling/A1b19a.jpg,0.6597,0.8544,0.757,False,2026-08-17T10:29:52+00:00
92abbe0b64c54bc1b391f6c164800275,A1b28a.jpg,UK Antarctic Heritage Trust Data/Condition_Artefacts/Artefacts_A_Var_Copyrright_L_Ling/A1b28a.jpg,0.0488,0.7171,0.3829,False,2026-08-17T10:29:52+00:00
7db31476425e400e8fece616f610e23e,A1b28b.jpg,UK Antarctic Heritage Trust Data/Condition_Artefacts/Artefacts_A_Var_Copyrright_L_Ling/A1b28b.jpg,0.1891,0.9604,0.5748,False,2026-08-17T10:29:52+00:00
e27f616cd6d244e4a4fcac478ec3906e,A1b29.jpg,UK Antarctic Heritage Trust Data/Condition_Artefacts/Artefacts_A_Var_Copyrright_L_Ling/A1b29.jpg,0.607,0.9093,0.7582,False,2026-08-17T10:29:52+00:00
46133835fabc481f860c8ee3d86c1d8e,A1b31a.jpg,UK Antarctic Heritage Trust Data/Condition_Artefacts/Artefacts_A_Var_Copyrright_L_Ling/A1b31a.jpg,0.0839,0.8715,0.4777,False,2026-08-17T10:29:52+00:00
b61221201e144380bf0db3289bcdb7b5,A1b31b.jpg,UK Antarctic Heritage Trust Data/Condition_Artefacts/Artefacts_A_Var_Copyrright_L_Ling/A1b31b.jpg,0.304,0.7143,0.5092,False,2026-08-17T10:29:52+00:00
cbc822325649409c8f015f33c1000571,A1b32.jpg,UK Antarctic Heritage Trust Data/Condition_Artefacts/Artefacts_A_Var_Copyrright_L_Ling/A1b32.jpg,1.0,0.9394,0.9697,False,2026-08-17T10:29:52+00:00
92145f3879604dd88af5cc95063bb632,A1b34.jpg,UK Antarctic Heritage Trust Data/Condition_Artefacts/Artefacts_A_Var_Copyrright_L_Ling/A1b34.jpg,0.5132,0.8885,0.7008,False,2026-08-17T10:29:52+00:00
9c2996f64bb9458d9348153e76edbe4a,A1b34a.jpg,UK Antarctic Heritage Trust Data/Condition_Artefacts/Artefacts_A_Var_Copyrright_L_Ling/A1b34a.jpg,0.7248,0.9117,0.8182,False,2026-08-17T10:29:52+00:00
e64b918b5422413093096bbf079a7d2e,A1b35.jpg,UK Antarctic Heritage Trust Data/Condition_Artefacts/Artefacts_A_Var_Copyrright_L_Ling/A1b35.jpg,0.5862,0.9229,0.7546,False,2026-08-17T10:29:52+00:00
3fd85d92f4d444b4996d4299134117dd,A1b36&37.jpg,UK Antarctic Heritage Trust Data/Condition_Artefacts/Artefacts_A_Var_Copyrright_L_Ling/A1b36&37.jpg,0.1101,0.7728,0.4414,False,2026-08-17T10:29:52+00:00
2649b86beaf747d5aebaaa77b9740bb9,A1b41.jpg,UK Antarctic Heritage Trust Data/Condition_Artefacts/Artefacts_A_Var_Copyrright_L_Ling/A1b41.jpg,0.3126,0.8261,0.5694,False,2026-08-17T10:29:52+00:00
46fbc58e7a7a4119987e78eafca86a22,A1b42a.jpg,UK Antarctic Heritage Trust Data/Condition_Artefacts/Artefacts_A_Var_Copyrright_L_Ling/A1b42a.jpg,0.5277,0.9774,0.7526,False,2026-08-17T10:29:52+00:00
e3a6f9b6b4254fd29fa3f2f398221ec0,A1b42b.jpg,UK Antarctic Heritage Trust Data/Condition_Artefacts/Artefacts_A_Var_Copyrright_L_Ling/A1b42b.jpg,0.1253,0.8311,0.4782,False,2026-08-17T10:29:52+00:00
b29ad682b6464a08ad8b9b8346d0a3ac,A1b42c.jpg,UK Antarctic Heritage Trust Data/Condition_Artefacts/Artefacts_A_Var_Copyrright_L_Ling/A1b42c.jpg,0.2612,0.8992,0.5802,False,2026-08-17T10:29:52+00:00
19bde11ebff1447ab9e58f31b3f4d9ce,A1b43.jpg,UK Antarctic Heritage Trust Data/Condition_Artefacts/Artefacts_A_Var_Copyrright_L_Ling/A1b43.jpg,0.6315,0.9457,0.7886,False,2026-08-17T10:29:52+00:00
44cecd4bb9d64613be3cdeb4d525aef3,A1b44a.jpg,UK Antarctic Heritage Trust Data/Condition_Artefacts/Artefacts_A_Var_Copyrright_L_Ling/A1b44a.jpg,1.0,0.9342,0.9671,False,2026-08-17T10:29:52+00:00
24073432d0d248eda8c05bb9106e6d2a,A1b44b.jpg,UK Antarctic Heritage Trust Data/Condition_Artefacts/Artefacts_A_Var_Copyrright_L_Ling/A1b44b.jpg,0.8924,0.9284,0.9104,False,2026-08-17T10:29:53+00:00
cd08ad59fae9474e961fadb04ab3b578,A1b46.jpg,UK Antarctic Heritage Trust Data/Condition_Artefacts/Artefacts_A_Var_Copyrright_L_Ling/A1b46.jpg,0.8973,0.9639,0.9306,False,2026-08-17T10:29:53+00:00
ca38052b7e524b33b345e7cd263c644c,A1b48.jpg,UK Antarctic Heritage Trust Data/Condition_Artefacts/Artefacts_A_Var_Copyrright_L_Ling/A1b48.jpg,1.0,0.9661,0.983,False,2026-08-17T10:29:53+00:00
896f9cba5a1c4b02b69acd0f322e25aa,A1b5.jpg,UK Antarctic Heritage Trust Data/Condition_Artefacts/Artefacts_A_Var_Copyrright_L_Ling/A1b5.jpg,0.8429,0.929,0.886,False,2026-08-17T10:29:53+00:00
f698ccb9905547918454458a2987406c,A1b52.jpg,UK Antarctic Heritage Trust Data/Condition_Artefacts/Artefacts_A_Var_Copyrright_L_Ling/A1b52.jpg,0.7461,0.9479,0.847,False,2026-08-17T10:29:53+00:00
e785b52828ab450890a4d15d71977b2f,A1b53.jpg,UK Antarctic Heritage Trust Data/Condition_Artefacts/Artefacts_A_Var_Copyrright_L_Ling/A1b53.jpg,0.0096,0.9429,0.4762,False,2026-08-17T10:29:53+00:00
80c0452a83104802ac283626e5e0dc73,A1b55.jpg,UK Antarctic Heritage Trust Data/Condition_Artefacts/Artefacts_A_Var_Copyrright_L_Ling/A1b55.jpg,1.0,0.9857,0.9928,False,2026-08-17T10:29:53+00:00
0ddeb7aa3ff048eb92132fe4e4e2a842,A1b59a.jpg,UK Antarctic Heritage Trust Data/Condition_Artefacts/Artefacts_A_Var_Copyrright_L_Ling/A1b59a.jpg,0.3639,0.915,0.6395,False,2026-08-17T10:29:53+00:00
3aaaa22fc1d84f2480c05d5103b555ca,A1b59b.jpg,UK Antarctic Heritage Trust Data/Condition_Artefacts/Artefacts_A_Var_Copyrright_L_Ling/A1b59b.jpg,0.9354,0.9602,0.9478,False,2026-08-17T10:29:53+00:00
5cd99ab694d34aa58bc70fa71ce42e1d,A1b59c.jpg,UK Antarctic Heritage Trust Data/Condition_Artefacts/Artefacts_A_Var_Copyrright_L_Ling/A1b59c.jpg,0.2982,0.9817,0.64,False,2026-08-17T10:29:53+00:00
ce70ed8b5c9845ceb2676f9741876c6e,A1b61.jpg,UK Antarctic Heritage Trust Data/Condition_Artefacts/Artefacts_A_Var_Copyrright_L_Ling/A1b61.jpg,0.7368,0.8816,0.8092,False,2026-08-17T10:29:53+00:00
af8806c5cbd747f6bc6dc999ca86dfc7,A1b61a.jpg,UK Antarctic Heritage Trust Data/Condition_Artefacts/Artefacts_A_Var_Copyrright_L_Ling/A1b61a.jpg,0.6793,0.9665,0.8229,False,2026-08-17T10:29:53+00:00
418b1dacb4d447a59248bff02b1bade2,A1b64.jpg,UK Antarctic Heritage Trust Data/Condition_Artefacts/Artefacts_A_Var_Copyrright_L_Ling/A1b64.jpg,0.0679,0.9447,0.5063,False,2026-08-17T10:29:53+00:00
0c93f74e7aae4ac2acdb4d49747a544b,A1b65.jpg,UK Antarctic Heritage Trust Data/Condition_Artefacts/Artefacts_A_Var_Copyrright_L_Ling/A1b65.jpg,0.479,0.9293,0.7042,False,2026-08-17T10:29:53+00:00
d5a0c2912258444a943bb23d56f1940f,A1b67.jpg,UK Antarctic Heritage Trust Data/Condition_Artefacts/Artefacts_A_Var_Copyrright_L_Ling/A1b67.jpg,0.1124,0.987,0.5497,False,2026-08-17T10:29:53+00:00
e8720114c56f4b0981330fd2d458f2b3,A1b69.jpg,UK Antarctic Heritage Trust Data/Condition_Artefacts/Artefacts_A_Var_Copyrright_L_Ling/A1b69.jpg,0.1799,0.9022,0.541,False,2026-08-17T10:29:53+00:00
2ceb5b4c3ccc4625b01126f15ff6790d,A1b69a.jpg,UK Antarctic Heritage Trust Data/Condition_Artefacts/Artefacts_A_Var_Copyrright_L_Ling/A1b69a.jpg,0.0849,0.9742,0.5296,False,2026-08-17T10:29:53+00:00
85858a18e4a449cc8d4298591acd99a7,A1b70.jpg,UK Antarctic Heritage Trust Data/Condition_Artefacts/Artefacts_A_Var_Copyrright_L_Ling/A1b70.jpg,0.2186,0.9101,0.5644,False,2026-08-17T10:29:53+00:00
22b41cbe63cf4fc794802426dbc42d63,A1b70a.jpg,UK Antarctic Heritage Trust Data/Condition_Artefacts/Artefacts_A_Var_Copyrright_L_Ling/A1b70a.jpg,0.1229,0.9782,0.5506,False,2026-08-17T10:29:53+00:00
8cfae431545643f58d26237f9fde3eba,A1b71a.jpg,UK Antarctic Heritage Trust Data/Condition_Artefacts/Artefacts_A_Var_Copyrright_L_Ling/A1b71a.jpg,0.0459,0.8674,0.4566,False,2026-08-17T10:29:53+00:00
31c6164f68064ac09dc23c22acc3afc8,A1b71b.jpg,UK Antarctic Heritage Trust Data/Condition_Artefacts/Artefacts_A_Var_Copyrright_L_Ling/A1b71b.jpg,0.065,0.9043,0.4846,False,2026-08-17T10:29:53+00:00
49d7f4436ab24d3ab60c169f08ca2e5b,A1b71c.jpg,UK Antarctic Heritage Trust Data/Condition_Artefacts/Artefacts_A_Var_Copyrright_L_Ling/A1b71c.jpg,0.1162,0.8662,0.4912,False,2026-08-17T10:29:53+00:00
7def99c36bff42268f59ded6ef2071ab,A1b71e.jpg,UK Antarctic Heritage Trust Data/Condition_Artefacts/Artefacts_A_Var_Copyrright_L_Ling/A1b71e.jpg,0.0411,0.7485,0.3948,False,2026-08-17T10:29:53+00:00
8f99eb91b6d4423f8d19c97571602768,A1b71p.jpg,UK Antarctic Heritage Trust Data/Condition_Artefacts/Artefacts_A_Var_Copyrright_L_Ling/A1b71p.jpg,1.0,0.7589,0.8794,False,2026-08-17T10:29:53+00:00
88f5cdbc503441dd87649b74a375261c,A1b71q.jpg,UK Antarctic Heritage Trust Data/Condition_Artefacts/Artefacts_A_Var_Copyrright_L_Ling/A1b71q.jpg,0.0983,0.7059,0.4021,False,2026-08-17T10:29:53+00:00
4e755c454d044ce69b60f3a278b3e2ce,A1b71r.jpg,UK Antarctic Heritage Trust Data/Condition_Artefacts/Artefacts_A_Var_Copyrright_L_Ling/A1b71r.jpg,1.0,0.9215,0.9608,False,2026-08-17T10:29:53+00:00
6f07fbc8fac54d62aa4db6d9571c27ac,A1b71s.jpg,UK Antarctic Heritage Trust Data/Condition_Artefacts/Artefacts_A_Var_Copyrright_L_Ling/A1b71s.jpg,0.2244,0.8117,0.518,False,2026-08-17T10:29:53+00:00
b9ef63f6a894461aa55eecb041a8e9c6,A1b71t.jpg,UK Antarctic Heritage Trust Data/Condition_Artefacts/Artefacts_A_Var_Copyrright_L_Ling/A1b71t.jpg,0.114,0.874,0.494,False,2026-08-17T10:29:53+00:00
08e0e04d4d0f45a7af0fb89b016827fc,A1b71u.jpg,UK Antarctic Heritage Trust Data/Condition_Artefacts/Artefacts_A_Var_Copyrright_L_Ling/A1b71u.jpg,0.6665,0.9477,0.8071,False,2026-08-17T10:29:53+00:00
6f059c02525c45cba5ae94a151a3755b,A1b71v.jpg,UK Antarctic Heritage Trust Data/Condition_Artefacts/Artefacts_A_Var_Copyrright_L_Ling/A1b71v.jpg,1.0,0.9461,0.973,False,2026-08-17T10:29:53+00:00
328e80bcfe1c4f838fad24351f771816,A1b71w.jpg,UK Antarctic Heritage Trust Data/Condition_Artefacts/Artefacts_A_Var_Copyrright_L_Ling/A1b71w.jpg,0.519,0.8378,0.6784,False,2026-08-17T10:29:53+00:00
f5afc127fb2249ba92fc7ec3defe98a3,A1b71x.jpg,UK Antarctic Heritage Trust Data/Condition_Artefacts/Artefacts_A_Var_Copyrright_L_Ling/A1b71x.jpg,1.0,0.8486,0.9243,False,2026-08-17T10:29:53+00:00
b287fe093f9f4e5c8461a98c77b2a3f8,A1b71y.jpg,UK Antarctic Heritage Trust Data/Condition_Artefacts/Artefacts_A_Var_Copyrright_L_Ling/A1b71y.jpg,0.7961,0.8588,0.8274,False,2026-08-17T10:29:53+00:00
bd61bd5008e74eeea67476847b2e1cfc,A1b71z.jpg,UK Antarctic Heritage Trust Data/Condition_Artefacts/Artefacts_A_Var_Copyrright_L_Ling/A1b71z.jpg,1.0,0.9052,0.9526,False,2026-08-17T10:29:53+00:00
508045f795324b5080db1d72db5c493c,A1b72.jpg,UK Antarctic Heritage Trust Data/Condition_Artefacts/Artefacts_A_Var_Copyrright_L_Ling/A1b72.jpg,0.247,0.8006,0.5238,False,2026-08-17T10:29:53+00:00
e30a085574504323b0a0989b7e063580,A1b73.jpg,UK Antarctic Heritage Trust Data/Condition_Artefacts/Artefacts_A_Var_Copyrright_L_Ling/A1b73.jpg,0.3823,0.6559,0.5191,False,2026-08-17T10:29:53+00:00
0512c82b770f4a9b936bc9c237c74d9e,A1b74.jpg,UK Antarctic Heritage Trust Data/Condition_Artefacts/Artefacts_A_Var_Copyrright_L_Ling/A1b74.jpg,0.0842,0.8884,0.4863,False,2026-08-17T10:29:54+00:00
5809da0086da4b1e85b5e7ebc77cde73,A1b74a.jpg,UK Antarctic Heritage Trust Data/Condition_Artefacts/Artefacts_A_Var_Copyrright_L_Ling/A1b74a.jpg,0.2957,0.7861,0.5409,False,2026-08-17T10:29:54+00:00
b97678ec14a94b9ab1a681a051d805f1,A1b74b.jpg,UK Antarctic Heritage Trust Data/Condition_Artefacts/Artefacts_A_Var_Copyrright_L_Ling/A1b74b.jpg,0.3327,0.9183,0.6255,False,2026-08-17T10:29:54+00:00
0736a855897445ed82d0734241f08e0a,A1b74c.jpg,UK Antarctic Heritage Trust Data/Condition_Artefacts/Artefacts_A_Var_Copyrright_L_Ling/A1b74c.jpg,0.4658,0.6504,0.5581,False,2026-08-17T10:29:54+00:00
7d81b725107646059c56d94869ae6412,A1b75.jpg,UK Antarctic Heritage Trust Data/Condition_Artefacts/Artefacts_A_Var_Copyrright_L_Ling/A1b75.jpg,1.0,0.8856,0.9428,False,2026-08-17T10:29:54+00:00
1172c22eb60140f7a264ce7a76cf19e5,A1b75a.jpg,UK Antarctic Heritage Trust Data/Condition_Artefacts/Artefacts_A_Var_Copyrright_L_Ling/A1b75a.jpg,0.3606,0.9488,0.6547,False,2026-08-17T10:29:54+00:00
5fca45115320497abe8bcdd3b1a1adb6,A1b75b.jpg,UK Antarctic Heritage Trust Data/Condition_Artefacts/Artefacts_A_Var_Copyrright_L_Ling/A1b75b.jpg,0.1548,0.9448,0.5498,False,2026-08-17T10:29:54+00:00
0a8af8d7db1d4cc195ad39042f57a198,A1b75c.jpg,UK Antarctic Heritage Trust Data/Condition_Artefacts/Artefacts_A_Var_Copyrright_L_Ling/A1b75c.jpg,0.3812,0.8318,0.6065,False,2026-08-17T10:29:54+00:00
4e55da19ad824c818976e601516b8e3b,A1b76.jpg,UK Antarctic Heritage Trust Data/Condition_Artefacts/Artefacts_A_Var_Copyrright_L_Ling/A1b76.jpg,0.1415,0.8554,0.4984,False,2026-08-17T10:29:54+00:00
bc386f61cbbf4033b4bc38c441140c1c,A1b76a.jpg,UK Antarctic Heritage Trust Data/Condition_Artefacts/Artefacts_A_Var_Copyrright_L_Ling/A1b76a.jpg,0.1851,0.8579,0.5215,False,2026-08-17T10:29:54+00:00
bb749577a8cc4113ae17be6f1768867b,A1b76b.jpg,UK Antarctic Heritage Trust Data/Condition_Artefacts/Artefacts_A_Var_Copyrright_L_Ling/A1b76b.jpg,0.0321,0.6669,0.3495,False,2026-08-17T10:29:54+00:00
b00ca3886acd4a6bb09709a5fb18a735,A1b77.jpg,UK Antarctic Heritage Trust Data/Condition_Artefacts/Artefacts_A_Var_Copyrright_L_Ling/A1b77.jpg,0.0693,0.8001,0.4347,False,2026-08-17T10:29:54+00:00
b551472791364959b8c0d9e000e40e2b,A1b77a.jpg,UK Antarctic Heritage Trust Data/Condition_Artefacts/Artefacts_A_Var_Copyrright_L_Ling/A1b77a.jpg,0.0282,0.5597,0.294,False,2026-08-17T10:29:54+00:00
43493d04cf4a44c6a7231568fe88fb2c,A1b8_1.jpg,UK Antarctic Heritage Trust Data/Condition_Artefacts/Artefacts_A_Var_Copyrright_L_Ling/A1b8_1.jpg,0.9108,0.9269,0.9188,False,2026-08-17T10:29:54+00:00
08c7a535ba194d12a58007d29a05e26e,A1b8_2.jpg,UK Antarctic Heritage Trust Data/Condition_Artefacts/Artefacts_A_Var_Copyrright_L_Ling/A1b8_2.jpg,0.7418,0.7438,0.7428,False,2026-08-17T10:29:54+00:00
523c7c4d0b9447e5883800d2536ff020,A1b9a.jpg,UK Antarctic Heritage Trust Data/Condition_Artefacts/Artefacts_A_Var_Copyrright_L_Ling/A1b9a.jpg,0.0864,0.9854,0.5359,False,2026-08-17T10:29:54+00:00
c1358dc809bc4b2685293edcac603c3f,A1b9b.jpg,UK Antarctic Heritage Trust Data/Condition_Artefacts/Artefacts_A_Var_Copyrright_L_Ling/A1b9b.jpg,0.4571,0.954,0.7056,False,2026-08-17T10:29:54+00:00
f21ebd8441f74948ab33c75e5a7368e4,A1b9c.jpg,UK Antarctic Heritage Trust Data/Condition_Artefacts/Artefacts_A_Var_Copyrright_L_Ling/A1b9c.jpg,0.3917,0.8946,0.6432,False,2026-08-17T10:29:54+00:00
df721bcb9ca64853b3ed3a7af0723562,A1c1.jpg,UK Antarctic Heritage Trust Data/Condition_Artefacts/Artefacts_A_Var_Copyrright_L_Ling/A1c1.jpg,0.303,0.9331,0.618,False,2026-08-17T10:29:54+00:00
3b392c7c1a114f5ca5e4fd99a01f1aae,A1c113_1.jpg,UK Antarctic Heritage Trust Data/Condition_Artefacts/Artefacts_A_Var_Copyrright_L_Ling/A1c113_1.jpg,0.0802,0.9077,0.494,False,2026-08-17T10:29:54+00:00
ba800043396946d596fcdb69850be241,A1c113_1a.jpg,UK Antarctic Heritage Trust Data/Condition_Artefacts/Artefacts_A_Var_Copyrright_L_Ling/A1c113_1a.jpg,0.0808,0.8638,0.4723,False,2026-08-17T10:29:54+00:00
afd30571d3bc4a8c8ca90442c5e454c6,A1c113_1b.jpg,UK Antarctic Heritage Trust Data/Condition_Artefacts/Artefacts_A_Var_Copyrright_L_Ling/A1c113_1b.jpg,0.0739,0.8823,0.4781,False,2026-08-17T10:29:54+00:00
00e9541431804cf9b41cdf1b4a42e1aa,A1c113_1c.jpg,UK Antarctic Heritage Trust Data/Condition_Artefacts/Artefacts_A_Var_Copyrright_L_Ling/A1c113_1c.jpg,0.052,0.9155,0.4838,False,2026-08-17T10:29:54+00:00
620efc6c2ce64a8fb148e411a938a4d9,A1c113_1d.jpg,UK Antarctic Heritage Trust Data/Condition_Artefacts/Artefacts_A_Var_Copyrright_L_Ling/A1c113_1d.jpg,0.0667,0.9076,0.4872,False,2026-08-17T10:29:54+00:00
395b4d50f3c547dcb5c2ce5ede71857f,A1c113_1e.jpg,UK Antarctic Heritage Trust Data/Condition_Artefacts/Artefacts_A_Var_Copyrright_L_Ling/A1c113_1e.jpg,0.1669,0.8031,0.485,False,2026-08-17T10:29:54+00:00
87e3a68d48ea42948367d1952ce040de,A1c113_2a.jpg,UK Antarctic Heritage Trust Data/Condition_Artefacts/Artefacts_A_Var_Copyrright_L_Ling/A1c113_2a.jpg,0.2259,0.9097,0.5678,False,2026-08-17T10:29:54+00:00
1960c868be104c2b963c74951a6799cf,A1c113_2b.jpg,UK Antarctic Heritage Trust Data/Condition_Artefacts/Artefacts_A_Var_Copyrright_L_Ling/A1c113_2b.jpg,0.2102,0.8292,0.5197,False,2026-08-17T10:29:54+00:00
ed1ec3d305fe41c6bff8070ef628eaa7,A1c113_2c.jpg,UK Antarctic Heritage Trust Data/Condition_Artefacts/Artefacts_A_Var_Copyrright_L_Ling/A1c113_2c.jpg,0.1327,0.9675,0.5501,False,2026-08-17T10:29:55+00:00
76c70b2333df4bc393c026e9fe629fcb,A1c13.jpg,UK Antarctic Heritage Trust Data/Condition_Artefacts/Artefacts_A_Var_Copyrright_L_Ling/A1c13.jpg,1.0,0.9603,0.9802,False,2026-08-17T10:29:55+00:00
e72755cac0224d3daf5463ee553525df,A1c134a.jpg,UK Antarctic Heritage Trust Data/Condition_Artefacts/Artefacts_A_Var_Copyrright_L_Ling/A1c134a.jpg,0.2088,0.9204,0.5646,False,2026-08-17T10:29:55+00:00
45a7d8ebaf5c44029716e8c0472cd018,A1c134b.jpg,UK Antarctic Heritage Trust Data/Condition_Artefacts/Artefacts_A_Var_Copyrright_L_Ling/A1c134b.jpg,0.0234,0.9355,0.4794,False,2026-08-17T10:29:55+00:00
8e5ad08d6c7f4083a868d86852b506f9,A1c134c.jpg,UK Antarctic Heritage Trust Data/Condition_Artefacts/Artefacts_A_Var_Copyrright_L_Ling/A1c134c.jpg,0.0508,0.9137,0.4822,False,2026-08-17T10:29:55+00:00
25e8ba2aa67144ce86c4c8f6ab8e8cfd,A1c135.jpg,UK Antarctic Heritage Trust Data/Condition_Artefacts/Artefacts_A_Var_Copyrright_L_Ling/A1c135.jpg,0.2163,0.953,0.5846,False,2026-08-17T10:29:55+00:00
8e01a242dabb405b9dc178cb77f88ea2,A1c135a.jpg,UK Antarctic Heritage Trust Data/Condition_Artefacts/Artefacts_A_Var_Copyrright_L_Ling/A1c135a.jpg,0.3965,0.8827,0.6396,False,2026-08-17T10:29:55+00:00
be3f3663f9664c7383fcc6d920e545ab,A1c140a.jpg,UK Antarctic Heritage Trust Data/Condition_Artefacts/Artefacts_A_Var_Copyrright_L_Ling/A1c140a.jpg,0.0408,0.6496,0.3452,False,2026-08-17T10:29:55+00:00
bd2ee620b119403eb5f4a59d06e2ceee,A1c140b.jpg,UK Antarctic Heritage Trust Data/Condition_Artefacts/Artefacts_A_Var_Copyrright_L_Ling/A1c140b.jpg,0.0683,0.6791,0.3737,False,2026-08-17T10:29:55+00:00
26bd500a8ffa4a4f9a0bacb3cfc86324,A1c140c.jpg,UK Antarctic Heritage Trust Data/Condition_Artefacts/Artefacts_A_Var_Copyrright_L_Ling/A1c140c.jpg,0.0561,0.8797,0.4679,False,2026-08-17T10:29:55+00:00
e152d1c553c44dde8e5a705e155751aa,A1c144.jpg,UK Antarctic Heritage Trust Data/Condition_Artefacts/Artefacts_A_Var_Copyrright_L_Ling/A1c144.jpg,0.2795,0.9834,0.6315,False,2026-08-17T10:29:55+00:00
d52005f0952c4555be9af959d8001720,A1c146.jpg,UK Antarctic Heritage Trust Data/Condition_Artefacts/Artefacts_A_Var_Copyrright_L_Ling/A1c146.jpg,0.3674,0.9628,0.6651,False,2026-08-17T10:29:55+00:00
5e02c8fc85894d3cb6165bada8b52312,A1c147.jpg,UK Antarctic Heritage Trust Data/Condition_Artefacts/Artefacts_A_Var_Copyrright_L_Ling/A1c147.jpg,0.4781,0.9781,0.7281,False,2026-08-17T10:29:55+00:00
ed875e381ec34c799e9c5e3921fc0e7c,A1c148.jpg,UK Antarctic Heritage Trust Data/Condition_Artefacts/Artefacts_A_Var_Copyrright_L_Ling/A1c148.jpg,0.3958,0.9872,0.6915,False,2026-08-17T10:29:55+00:00
dcfa5f645e8741e2a1407b2b8faddfce,A1c149.jpg,UK Antarctic Heritage Trust Data/Condition_Artefacts/Artefacts_A_Var_Copyrright_L_Ling/A1c149.jpg,0.2821,0.9631,0.6226,False,2026-08-17T10:29:55+00:00
701ce60a459d440f8272814d3189332d,A1c150.jpg,UK Antarctic Heritage Trust Data/Condition_Artefacts/Artefacts_A_Var_Copyrright_L_Ling/A1c150.jpg,0.0532,0.9351,0.4942,False,2026-08-17T10:29:55+00:00
96a5acb3e66547c79632afb6c2493ced,A1c151.jpg,UK Antarctic Heritage Trust Data/Condition_Artefacts/Artefacts_A_Var_Copyrright_L_Ling/A1c151.jpg,0.4768,0.9751,0.726,False,2026-08-17T10:29:55+00:00
28d266f3a41e4a4e93643b727805ebea,A1c158.jpg,UK Antarctic Heritage Trust Data/Condition_Artefacts/Artefacts_A_Var_Copyrright_L_Ling/A1c158.jpg,0.016,0.8254,0.4207,False,2026-08-17T10:29:55+00:00
77b818f713d54cbba36e904495571d15,A1c16.jpg,UK Antarctic Heritage Trust Data/Condition_Artefacts/Artefacts_A_Var_Copyrright_L_Ling/A1c16.jpg,0.0867,0.7733,0.43,False,2026-08-17T10:29:55+00:00
b8b59c0c2151457488edba3b1ddb8650,A1c166.jpg,UK Antarctic Heritage Trust Data/Condition_Artefacts/Artefacts_A_Var_Copyrright_L_Ling/A1c166.jpg,0.3297,0.908,0.6188,False,2026-08-17T10:29:55+00:00
c3253256719c43e8ab8edbef6f30da6c,A1c166_1.jpg,UK Antarctic Heritage Trust Data/Condition_Artefacts/Artefacts_A_Var_Copyrright_L_Ling/A1c166_1.jpg,0.1949,0.8052,0.5,False,2026-08-17T10:29:55+00:00
6da178957e2945e9bf10230dbfdd95db,A1c166_2.jpg,UK Antarctic Heritage Trust Data/Condition_Artefacts/Artefacts_A_Var_Copyrright_L_Ling/A1c166_2.jpg,0.1848,0.9351,0.56,False,2026-08-17T10:29:55+00:00
8402411d41e8447d84611df286e5b33a,A1c166_3.jpg,UK Antarctic Heritage Trust Data/Condition_Artefacts/Artefacts_A_Var_Copyrright_L_Ling/A1c166_3.jpg,0.2509,0.9231,0.587,False,2026-08-17T10:29:55+00:00
4cad2fbb98ea454eba3969b7ff575cab,A1c166a.jpg,UK Antarctic Heritage Trust Data/Condition_Artefacts/Artefacts_A_Var_Copyrright_L_Ling/A1c166a.jpg,0.0713,0.6007,0.336,False,2026-08-17T10:29:55+00:00
7560ebef0c2c4a0bae25d1773246a36a,A1c166b.jpg,UK Antarctic Heritage Trust Data/Condition_Artefacts/Artefacts_A_Var_Copyrright_L_Ling/A1c166b.jpg,0.0767,0.8584,0.4676,False,2026-08-17T10:29:55+00:00
1c7fd9ff657543d9a6ed24a7775a898b,A1c168.jpg,UK Antarctic Heritage Trust Data/Condition_Artefacts/Artefacts_A_Var_Copyrright_L_Ling/A1c168.jpg,0.0787,0.8798,0.4792,False,2026-08-17T10:29:55+00:00
421a1ed1e5b44c818f7acf9dc70ba14c,A1c169.jpg,UK Antarctic Heritage Trust Data/Condition_Artefacts/Artefacts_A_Var_Copyrright_L_Ling/A1c169.jpg,0.0747,0.8999,0.4873,False,2026-08-17T10:29:55+00:00
1964efbbef194badb6427f5d3a92f4ad,A1c170a.jpg,UK Antarctic Heritage Trust Data/Condition_Artefacts/Artefacts_A_Var_Copyrright_L_Ling/A1c170a.jpg,0.2115,0.9015,0.5565,False,2026-08-17T10:29:55+00:00
4cc4fadd8be9452ca53f5117d3384499,A1c170b.jpg,UK Antarctic Heritage Trust Data/Condition_Artefacts/Artefacts_A_Var_Copyrright_L_Ling/A1c170b.jpg,0.1453,0.973,0.5592,False,2026-08-17T10:29:56+00:00
5fc88f5abee349c6b269a886537a861b,A1c170c.jpg,UK Antarctic Heritage Trust Data/Condition_Artefacts/Artefacts_A_Var_Copyrright_L_Ling/A1c170c.jpg,0.1075,0.9709,0.5392,False,2026-08-17T10:29:56+00:00
bdbd5bf5cf9e4b8c9ee47d2e25039933,A1c171a.jpg,UK Antarctic Heritage Trust Data/Condition_Artefacts/Artefacts_A_Var_Copyrright_L_Ling/A1c171a.jpg,0.2011,0.9947,0.5979,False,2026-08-17T10:29:56+00:00
038f6ff79c4c41e886c28d9844b0566d,A1c171b.jpg,UK Antarctic Heritage Trust Data/Condition_Artefacts/Artefacts_A_Var_Copyrright_L_Ling/A1c171b.jpg,0.1399,0.9707,0.5553,False,2026-08-17T10:29:56+00:00
9cbc31a16fc54b7a8a6fc71b717e30cf,A1c171c.jpg,UK Antarctic Heritage Trust Data/Condition_Artefacts/Artefacts_A_Var_Copyrright_L_Ling/A1c171c.jpg,0.101,0.9443,0.5227,False,2026-08-17T10:29:56+00:00
b31ce3503f6c4fdeb20d66165d12cce6,A1c171d.jpg,UK Antarctic Heritage Trust Data/Condition_Artefacts/Artefacts_A_Var_Copyrright_L_Ling/A1c171d.jpg,0.1001,0.9445,0.5223,False,2026-08-17T10:29:56+00:00
9eba4fd3bdfa4468b59a866b164c9f55,A1c172.jpg,UK Antarctic Heritage Trust Data/Condition_Artefacts/Artefacts_A_Var_Copyrright_L_Ling/A1c172.jpg,1.0,0.8744,0.9372,False,2026-08-17T10:29:56+00:00
f572270918de4c7396b7abeed5a9164b,A1c173a.jpg,UK Antarctic Heritage Trust Data/Condition_Artefacts/Artefacts_A_Var_Copyrright_L_Ling/A1c173a.jpg,0.3091,0.918,0.6136,False,2026-08-17T10:29:56+00:00
23728968e1e04b01a1be1632354df270,A1c173b.jpg,UK Antarctic Heritage Trust Data/Condition_Artefacts/Artefacts_A_Var_Copyrright_L_Ling/A1c173b.jpg,0.0813,0.9345,0.5079,False,2026-08-17T10:29:56+00:00
d39580d325c94e76b9741947bb2a20a5,A1c175.jpg,UK Antarctic Heritage Trust Data/Condition_Artefacts/Artefacts_A_Var_Copyrright_L_Ling/A1c175.jpg,0.1411,0.909,0.525,False,2026-08-17T10:29:56+00:00
a00335316a644c43a7131624317bfc25,A1c176.jpg,UK Antarctic Heritage Trust Data/Condition_Artefacts/Artefacts_A_Var_Copyrright_L_Ling/A1c176.jpg,0.1574,0.9578,0.5576,False,2026-08-17T10:29:56+00:00
e15e9494412444a892596f63cb3c0b0b,A1c177.jpg,UK Antarctic Heritage Trust Data/Condition_Artefacts/Artefacts_A_Var_Copyrright_L_Ling/A1c177.jpg,0.0999,0.972,0.536,False,2026-08-17T10:29:56+00:00
0e7a7e76aa76453ead7b23f3949b4aaa,A1c178.jpg,UK Antarctic Heritage Trust Data/Condition_Artefacts/Artefacts_A_Var_Copyrright_L_Ling/A1c178.jpg,0.1615,0.9741,0.5678,False,2026-08-17T10:29:56+00:00
c8562dd437a646adae5678f59073730c,A1c180.jpg,UK Antarctic Heritage Trust Data/Condition_Artefacts/Artefacts_A_Var_Copyrright_L_Ling/A1c180.jpg,0.0908,0.9399,0.5154,False,2026-08-17T10:29:56+00:00
4b8b8e2c4c1e4a49a0777ba77c363ad8,A1c181.jpg,UK Antarctic Heritage Trust Data/Condition_Artefacts/Artefacts_A_Var_Copyrright_L_Ling/A1c181.jpg,0.0972,0.9928,0.545,False,2026-08-17T10:29:56+00:00
5d1575c648504411a5ab38509bcd37e1,A1c182.jpg,UK Antarctic Heritage Trust Data/Condition_Artefacts/Artefacts_A_Var_Copyrright_L_Ling/A1c182.jpg,0.2035,0.971,0.5872,False,2026-08-17T10:29:56+00:00
688222e1e74e472cbfa5c4263f9e0ff4,A1c182a.jpg,UK Antarctic Heritage Trust Data/Condition_Artefacts/Artefacts_A_Var_Copyrright_L_Ling/A1c182a.jpg,0.0958,0.9287,0.5122,False,2026-08-17T10:29:56+00:00
511c43bb17414596b53e8f972def8451,A1c182b.jpg,UK Antarctic Heritage Trust Data/Condition_Artefacts/Artefacts_A_Var_Copyrright_L_Ling/A1c182b.jpg,0.1404,0.9521,0.5462,False,2026-08-17T10:29:56+00:00
3f43308ff7a94865bdd62278cc4c6c81,A1c182c.jpg,UK Antarctic Heritage Trust Data/Condition_Artefacts/Artefacts_A_Var_Copyrright_L_Ling/A1c182c.jpg,0.0515,0.9661,0.5088,False,2026-08-17T10:29:56+00:00
3560d3b0c6c84114870abfa1e11eb99f,A1c185.jpg,UK Antarctic Heritage Trust Data/Condition_Artefacts/Artefacts_A_Var_Copyrright_L_Ling/A1c185.jpg,0.3418,0.9293,0.6356,False,2026-08-17T10:29:56+00:00
27961df47d994ff9b1009195f3efd2b5,A1c186.jpg,UK Antarctic Heritage Trust Data/Condition_Artefacts/Artefacts_A_Var_Copyrright_L_Ling/A1c186.jpg,0.2631,0.9791,0.6211,False,2026-08-17T10:29:56+00:00
22a002a6611c45f1894e0a572abf0778,A1c186a.jpg,UK Antarctic Heritage Trust Data/Condition_Artefacts/Artefacts_A_Var_Copyrright_L_Ling/A1c186a.jpg,0.0339,0.9881,0.511,False,2026-08-17T10:29:56+00:00
671f51f47655460f9ae598fcbd16d64b,A1c187.jpg,UK Antarctic Heritage Trust Data/Condition_Artefacts/Artefacts_A_Var_Copyrright_L_Ling/A1c187.jpg,0.3949,0.9508,0.6728,False,2026-08-17T10:29:56+00:00
193ebf92952440e3b95ec421dc19f023,A1c188.jpg,UK Antarctic Heritage Trust Data/Condition_Artefacts/Artefacts_A_Var_Copyrright_L_Ling/A1c188.jpg,0.2815,0.9853,0.6334,False,2026-08-17T10:29:57+00:00
e05aae93660d4e6e87d2919866b0d3a4,A1c190.jpg,UK Antarctic Heritage Trust Data/Condition_Artefacts/Artefacts_A_Var_Copyrright_L_Ling/A1c190.jpg,0.14,0.9662,0.5531,False,2026-08-17T10:29:57+00:00
5bf708b3b4c04739a3284b592bf2e00a,A1c191.jpg,UK Antarctic Heritage Trust Data/Condition_Artefacts/Artefacts_A_Var_Copyrright_L_Ling/A1c191.jpg,0.1897,0.9773,0.5835,False,2026-08-17T10:29:57+00:00
1de6f9437f024f248b3347e2bddd708f,A1c192.jpg,UK Antarctic Heritage Trust Data/Condition_Artefacts/Artefacts_A_Var_Copyrright_L_Ling/A1c192.jpg,0.4179,0.9351,0.6765,False,2026-08-17T10:29:57+00:00
325c350d03b945d8aa8c122bee258176,A1c194b.jpg,UK Antarctic Heritage Trust Data/Condition_Artefacts/Artefacts_A_Var_Copyrright_L_Ling/A1c194b.jpg,0.4362,0.9947,0.7154,False,2026-08-17T10:29:57+00:00
a56fe7ceea3d4822a0b403a436b60349,A1c195a.jpg,UK Antarctic Heritage Trust Data/Condition_Artefacts/Artefacts_A_Var_Copyrright_L_Ling/A1c195a.jpg,0.1154,0.9696,0.5425,False,2026-08-17T10:29:57+00:00
69a7da1526f84e95ab2b8fe2b5c3a307,A1c195b.jpg,UK Antarctic Heritage Trust Data/Condition_Artefacts/Artefacts_A_Var_Copyrright_L_Ling/A1c195b.jpg,0.2477,0.898,0.5728,False,2026-08-17T10:29:57+00:00
afb06dc759a0417f8f6666bc8eb9fc92,A1c195c.jpg,UK Antarctic Heritage Trust Data/Condition_Artefacts/Artefacts_A_Var_Copyrright_L_Ling/A1c195c.jpg,0.1925,0.948,0.5702,False,2026-08-17T10:29:57+00:00
87d3f91b11004b829e457b4ac8b98795,A1c196.jpg,UK Antarctic Heritage Trust Data/Condition_Artefacts/Artefacts_A_Var_Copyrright_L_Ling/A1c196.jpg,0.2797,0.9826,0.6312,False,2026-08-17T10:29:57+00:00
96b85f4ae4af45219e398b92b7453efb,A1c197a.jpg,UK Antarctic Heritage Trust Data/Condition_Artefacts/Artefacts_A_Var_Copyrright_L_Ling/A1c197a.jpg,0.145,0.979,0.562,False,2026-08-17T10:29:57+00:00
8934ca68a1594123acef2b363a9707c1,A1c197b.jpg,UK Antarctic Heritage Trust Data/Condition_Artefacts/Artefacts_A_Var_Copyrright_L_Ling/A1c197b.jpg,0.1101,0.9794,0.5448,False,2026-08-17T10:29:57+00:00
0fe3902376404048a1321c1f70c966c6,A1c19a.jpg,UK Antarctic Heritage Trust Data/Condition_Artefacts/Artefacts_A_Var_Copyrright_L_Ling/A1c19a.jpg,0.9991,0.9389,0.969,False,2026-08-17T10:29:57+00:00
51b9cfdb516a490583685b5d6be51a7d,A1c19c.jpg,UK Antarctic Heritage Trust Data/Condition_Artefacts/Artefacts_A_Var_Copyrright_L_Ling/A1c19c.jpg,0.4071,0.5941,0.5006,False,2026-08-17T10:29:57+00:00
42736e077e774c7da4054509dfb11ec7,A1c19e.jpg,UK Antarctic Heritage Trust Data/Condition_Artefacts/Artefacts_A_Var_Copyrright_L_Ling/A1c19e.jpg,0.4862,0.4785,0.4824,False,2026-08-17T10:29:57+00:00
87ae57b4c9eb4778a2c531b7ff18f7d0,A1c1h.jpg,UK Antarctic Heritage Trust Data/Condition_Artefacts/Artefacts_A_Var_Copyrright_L_Ling/A1c1h.jpg,0.4513,0.4572,0.4542,False,2026-08-17T10:29:57+00:00
85ff1645fd2742f8b49198c79a21244f,A1c1j.jpg,UK Antarctic Heritage Trust Data/Condition_Artefacts/Artefacts_A_Var_Copyrright_L_Ling/A1c1j.jpg,0.6763,0.621,0.6486,False,2026-08-17T10:29:57+00:00
ccbec31c447c42fea52d57a220d5bce5,A1c1p.jpg,UK Antarctic Heritage Trust Data/Condition_Artefacts/Artefacts_A_Var_Copyrright_L_Ling/A1c1p.jpg,0.2692,0.9439,0.6065,False,2026-08-17T10:29:57+00:00
86bf6ba436844d7d849af71bd69a5daf,A1c1q.jpg,UK Antarctic Heritage Trust Data/Condition_Artefacts/Artefacts_A_Var_Copyrright_L_Ling/A1c1q.jpg,0.2587,0.9178,0.5882,False,2026-08-17T10:29:57+00:00
e5a102408d1d48048283de20a97ece80,A1c1r.jpg,UK Antarctic Heritage Trust Data/Condition_Artefacts/Artefacts_A_Var_Copyrright_L_Ling/A1c1r.jpg,0.5794,0.7176,0.6485,False,2026-08-17T10:29:57+00:00
cec4380657c340bf9c5170ebba2da387,A1c1s.jpg,UK Antarctic Heritage Trust Data/Condition_Artefacts/Artefacts_A_Var_Copyrright_L_Ling/A1c1s.jpg,0.8538,0.9447,0.8992,False,2026-08-17T10:29:57+00:00
3fc13bbf9b534f29ad4b063c44b09946,A1c1t.jpg,UK Antarctic Heritage Trust Data/Condition_Artefacts/Artefacts_A_Var_Copyrright_L_Ling/A1c1t.jpg,0.1813,0.8138,0.4976,False,2026-08-17T10:29:57+00:00
1ad56b55755b43389a165a9127a4addd,A1c1u.jpg,UK Antarctic Heritage Trust Data/Condition_Artefacts/Artefacts_A_Var_Copyrright_L_Ling/A1c1u.jpg,0.4068,0.9019,0.6544,False,2026-08-17T10:29:57+00:00
dd23348bf67d44b1bd41e2a202486b02,A1c1w.jpg,UK Antarctic Heritage Trust Data/Condition_Artefacts/Artefacts_A_Var_Copyrright_L_Ling/A1c1w.jpg,0.2217,0.9755,0.5986,False,2026-08-17T10:29:57+00:00
b4c35a16a2c64e52a2f644c2caf65d3e,A1c1y.jpg,UK Antarctic Heritage Trust Data/Condition_Artefacts/Artefacts_A_Var_Copyrright_L_Ling/A1c1y.jpg,0.2012,0.9287,0.5649,False,2026-08-17T10:29:57+00:00
6bdd0f42ceec4c369dae33fbc20748c4,A1c2&85etc.jpg,UK Antarctic Heritage Trust Data/Condition_Artefacts/Artefacts_A_Var_Copyrright_L_Ling/A1c2&85etc.jpg,0.2075,0.9431,0.5753,False,2026-08-17T10:29:57+00:00
dacd63fc613b4a50a343aaf56b0f9a24,A1c2.jpg,UK Antarctic Heritage Trust Data/Condition_Artefacts/Artefacts_A_Var_Copyrright_L_Ling/A1c2.jpg,0.3444,0.9932,0.6688,False,2026-08-17T10:29:57+00:00
103898e279db44318d4aa6841c7b85ab,A1c20.jpg,UK Antarctic Heritage Trust Data/Condition_Artefacts/Artefacts_A_Var_Copyrright_L_Ling/A1c20.jpg,0.4096,0.9093,0.6594,False,2026-08-17T10:29:57+00:00
67a33c6d8bb5407c8bd7335430ed7ca9,A1c202b.jpg,UK Antarctic Heritage Trust Data/Condition_Artefacts/Artefacts_A_Var_Copyrright_L_Ling/A1c202b.jpg,0.5433,0.9887,0.766,False,2026-08-17T10:29:57+00:00
1ee2b9e54e8f4626af29f01fa0c69ffa,A1c206a.jpg,UK Antarctic Heritage Trust Data/Condition_Artefacts/Artefacts_A_Var_Copyrright_L_Ling/A1c206a.jpg,0.1384,0.9583,0.5484,False,2026-08-17T10:29:57+00:00
0558eed1b437454d9d5f8bf6e304424d,A1c206b.jpg,UK Antarctic Heritage Trust Data/Condition_Artefacts/Artefacts_A_Var_Copyrright_L_Ling/A1c206b.jpg,0.2545,0.9543,0.6044,False,2026-08-17T10:29:57+00:00
6775d91b1e8e4c949c51c3b0e9aadf4c,A1c207.jpg,UK Antarctic Heritage Trust Data/Condition_Artefacts/Artefacts_A_Var_Copyrright_L_Ling/A1c207.jpg,0.2828,0.9738,0.6283,False,2026-08-17T10:29:58+00:00
0a95dc601cc949ed9b51a17784cc19ed,A1c208.jpg,UK Antarctic Heritage Trust Data/Condition_Artefacts/Artefacts_A_Var_Copyrright_L_Ling/A1c208.jpg,0.1052,0.9775,0.5414,False,2026-08-17T10:29:58+00:00
fd01609354b74899b846a84c5347d7e9,A1c209.jpg,UK Antarctic Heritage Trust Data/Condition_Artefacts/Artefacts_A_Var_Copyrright_L_Ling/A1c209.jpg,0.0673,0.9214,0.4944,False,2026-08-17T10:29:58+00:00
279578f8a8f44495a373cceebf66b533,A1c21.jpg,UK Antarctic Heritage Trust Data/Condition_Artefacts/Artefacts_A_Var_Copyrright_L_Ling/A1c21.jpg,0.1114,0.9673,0.5394,False,2026-08-17T10:29:58+00:00
cf62e3ae847f476cab373d1c5d947b0a,A1c214a.jpg,UK Antarctic Heritage Trust Data/Condition_Artefacts/Artefacts_A_Var_Copyrright_L_Ling/A1c214a.jpg,0.0905,0.9925,0.5415,False,2026-08-17T10:29:58+00:00
46924914684b4049b39f260fcc23b145,A1c214b.jpg,UK Antarctic Heritage Trust Data/Condition_Artefacts/Artefacts_A_Var_Copyrright_L_Ling/A1c214b.jpg,0.0703,0.9629,0.5166,False,2026-08-17T10:29:58+00:00
87f5cf88bf28419da865f87cf1a8c586,A1c214c.jpg,UK Antarctic Heritage Trust Data/Condition_Artefacts/Artefacts_A_Var_Copyrright_L_Ling/A1c214c.jpg,0.0654,0.9275,0.4964,False,2026-08-17T10:29:58+00:00
e4ccadc4a32e47d3823810b5a403f38e,A1c215_1.jpg,UK Antarctic Heritage Trust Data/Condition_Artefacts/Artefacts_A_Var_Copyrright_L_Ling/A1c215_1.jpg,0.0888,0.9797,0.5342,False,2026-08-17T10:29:58+00:00
7a30108608314a028bd3cd3f84e22d30,A1c215_2.jpg,UK Antarctic Heritage Trust Data/Condition_Artefacts/Artefacts_A_Var_Copyrright_L_Ling/A1c215_2.jpg,0.0971,0.8961,0.4966,False,2026-08-17T10:29:58+00:00
f61e9632904b49aab38c80784cf0831a,A1c215_2a.jpg,UK Antarctic Heritage Trust Data/Condition_Artefacts/Artefacts_A_Var_Copyrright_L_Ling/A1c215_2a.jpg,0.1857,0.9195,0.5526,False,2026-08-17T10:29:58+00:00
00196a76c1a648f19b54604672d93fa7,A1c215_2b.jpg,UK Antarctic Heritage Trust Data/Condition_Artefacts/Artefacts_A_Var_Copyrright_L_Ling/A1c215_2b.jpg,0.1691,0.8975,0.5333,False,2026-08-17T10:29:58+00:00
fc42d050770d4e1d88324947e4a1edcb,A1c215_2c.jpg,UK Antarctic Heritage Trust Data/Condition_Artefacts/Artefacts_A_Var_Copyrright_L_Ling/A1c215_2c.jpg,0.1025,0.9296,0.516,False,2026-08-17T10:29:58+00:00
3d8201b6bda44902bd52fafb87bfae3b,A1c216b.jpg,UK Antarctic Heritage Trust Data/Condition_Artefacts/Artefacts_A_Var_Copyrright_L_Ling/A1c216b.jpg,0.0986,0.913,0.5058,False,2026-08-17T10:29:58+00:00
390452110c4c499592d0244acd59c93a,A1c216d.jpg,UK Antarctic Heritage Trust Data/Condition_Artefacts/Artefacts_A_Var_Copyrright_L_Ling/A1c216d.jpg,0.1108,0.9822,0.5465,False,2026-08-17T10:29:58+00:00
4ac658f9e8b44057b623d30680c476e7,A1c216e.jpg,UK Antarctic Heritage Trust Data/Condition_Artefacts/Artefacts_A_Var_Copyrright_L_Ling/A1c216e.jpg,0.1121,0.9942,0.5532,False,2026-08-17T10:29:58+00:00
916916ea47ae469280f4257ae730f7df,A1c216f.jpg,UK Antarctic Heritage Trust Data/Condition_Artefacts/Artefacts_A_Var_Copyrright_L_Ling/A1c216f.jpg,0.0974,0.9954,0.5464,False,2026-08-17T10:29:58+00:00
9671c6dc85a94e8d8fa30826e6566706,A1c217a.jpg,UK Antarctic Heritage Trust Data/Condition_Artefacts/Artefacts_A_Var_Copyrright_L_Ling/A1c217a.jpg,0.073,0.9917,0.5324,False,2026-08-17T10:29:58+00:00
b8c1ad4f55454819966396c44c8aec99,A1c217b.jpg,UK Antarctic Heritage Trust Data/Condition_Artefacts/Artefacts_A_Var_Copyrright_L_Ling/A1c217b.jpg,0.1372,0.9827,0.5599,False,2026-08-17T10:29:58+00:00
8060391fcc0e4b1c91c557ab093b4536,A1c217d.jpg,UK Antarctic Heritage Trust Data/Condition_Artefacts/Artefacts_A_Var_Copyrright_L_Ling/A1c217d.jpg,0.1639,0.9922,0.578,False,2026-08-17T10:29:58+00:00
a5976b554d024443aca4aeb44c2d44db,A1c218.jpg,UK Antarctic Heritage Trust Data/Condition_Artefacts/Artefacts_A_Var_Copyrright_L_Ling/A1c218.jpg,0.4336,0.9708,0.7022,False,2026-08-17T10:29:58+00:00
cea236d594d34cfbad1a99ff6a69fe8f,A1c218_2.jpg,UK Antarctic Heritage Trust Data/Condition_Artefacts/Artefacts_A_Var_Copyrright_L_Ling/A1c218_2.jpg,0.2948,0.9914,0.6431,False,2026-08-17T10:29:58+00:00
42411fb0061644b8b7886c99cacbd536,A1c218a.jpg,UK Antarctic Heritage Trust Data/Condition_Artefacts/Artefacts_A_Var_Copyrright_L_Ling/A1c218a.jpg,0.086,0.9439,0.515,False,2026-08-17T10:29:58+00:00
f1c81d0d69e5482eb6b84655feddb942,A1c218d.jpg,UK Antarctic Heritage Trust Data/Condition_Artefacts/Artefacts_A_Var_Copyrright_L_Ling/A1c218d.jpg,0.0949,0.9289,0.5119,False,2026-08-17T10:29:58+00:00
66115456c19c441e84f949a72ebf23db,A1c218e.jpg,UK Antarctic Heritage Trust Data/Condition_Artefacts/Artefacts_A_Var_Copyrright_L_Ling/A1c218e.jpg,0.2845,0.9445,0.6145,False,2026-08-17T10:29:58+00:00
2992889f7302412baa7bbbda23045749,A1c219.jpg,UK Antarctic Heritage Trust Data/Condition_Artefacts/Artefacts_A_Var_Copyrright_L_Ling/A1c219.jpg,0.0906,0.9121,0.5014,False,2026-08-17T10:29:59+00:00
62b12e4ae9b34bbc88d6f84d99cc33f8,A1c220b.jpg,UK Antarctic Heritage Trust Data/Condition_Artefacts/Artefacts_A_Var_Copyrright_L_Ling/A1c220b.jpg,0.1494,0.9599,0.5546,False,2026-08-17T10:29:59+00:00
4c84b4dc16fa446a9a327bcc7a696ec2,A1c220c.jpg,UK Antarctic Heritage Trust Data/Condition_Artefacts/Artefacts_A_Var_Copyrright_L_Ling/A1c220c.jpg,0.2654,0.94,0.6027,False,2026-08-17T10:29:59+00:00
7375af56e4314d51b6161b943a40a588,A1c220e.jpg,UK Antarctic Heritage Trust Data/Condition_Artefacts/Artefacts_A_Var_Copyrright_L_Ling/A1c220e.jpg,0.1942,0.9679,0.581,False,2026-08-17T10:29:59+00:00
8d730fbd7c484770a2ddeaa0085e0093,A1c221_2.jpg,UK Antarctic Heritage Trust Data/Condition_Artefacts/Artefacts_A_Var_Copyrright_L_Ling/A1c221_2.jpg,0.0579,0.9896,0.5238,False,2026-08-17T10:29:59+00:00
3abf4ca2fc13415cb784ae22dbea7629,A1c222.jpg,UK Antarctic Heritage Trust Data/Condition_Artefacts/Artefacts_A_Var_Copyrright_L_Ling/A1c222.jpg,0.0506,0.9935,0.522,False,2026-08-17T10:29:59+00:00
533bb7407c2848ab92f88b95c0337164,A1c231.jpg,UK Antarctic Heritage Trust Data/Condition_Artefacts/Artefacts_A_Var_Copyrright_L_Ling/A1c231.jpg,0.0349,0.9056,0.4702,False,2026-08-17T10:29:59+00:00
f312e80a49624511b01533f5ef6e3081,A1c233.jpg,UK Antarctic Heritage Trust Data/Condition_Artefacts/Artefacts_A_Var_Copyrright_L_Ling/A1c233.jpg,0.2386,0.9459,0.5922,False,2026-08-17T10:29:59+00:00
cd435a2fcb0549f5a5912cb49ef6e570,A1c235a.jpg,UK Antarctic Heritage Trust Data/Condition_Artefacts/Artefacts_A_Var_Copyrright_L_Ling/A1c235a.jpg,0.2067,0.8935,0.5501,False,2026-08-17T10:29:59+00:00
a90714cda9244117a4494918e8803e8d,A1c235b.jpg,UK Antarctic Heritage Trust Data/Condition_Artefacts/Artefacts_A_Var_Copyrright_L_Ling/A1c235b.jpg,0.1945,0.9251,0.5598,False,2026-08-17T10:29:59+00:00
25c2963098794850976946b6598c6634,A1c235c.jpg,UK Antarctic Heritage Trust Data/Condition_Artefacts/Artefacts_A_Var_Copyrright_L_Ling/A1c235c.jpg,0.3166,0.921,0.6188,False,2026-08-17T10:29:59+00:00
45883262ff6e40269ec1fbc5c5224cbd,A1c235d.jpg,UK Antarctic Heritage Trust Data/Condition_Artefacts/Artefacts_A_Var_Copyrright_L_Ling/A1c235d.jpg,0.1714,0.8658,0.5186,False,2026-08-17T10:29:59+00:00
0dfe659f24e043aa994513ceef260980,A1c235e.jpg,UK Antarctic Heritage Trust Data/Condition_Artefacts/Artefacts_A_Var_Copyrright_L_Ling/A1c235e.jpg,0.1431,0.8771,0.5101,False,2026-08-17T10:29:59+00:00
621519af121440a1a2caa5f75d95efbe,A1c236a.jpg,UK Antarctic Heritage Trust Data/Condition_Artefacts/Artefacts_A_Var_Copyrright_L_Ling/A1c236a.jpg,0.0425,0.8641,0.4533,False,2026-08-17T10:29:59+00:00
fa5107535c2a4336be92d5c886c4ec64,A1c250 (2).jpg,UK Antarctic Heritage Trust Data/Condition_Artefacts/Artefacts_A_Var_Copyrright_L_Ling/A1c250 (2).jpg,0.2093,0.9976,0.6034,False,2026-08-17T10:29:59+00:00
b06fb80694524c7695d99708b3db0230,A1c250_1.jpg,UK Antarctic Heritage Trust Data/Condition_Artefacts/Artefacts_A_Var_Copyrright_L_Ling/A1c250_1.jpg,0.0695,0.9182,0.4938,False,2026-08-17T10:29:59+00:00
f3b5287856a54a44a2ba8d41f97cfe90,A1c250_11a.jpg,UK Antarctic Heritage Trust Data/Condition_Artefacts/Artefacts_A_Var_Copyrright_L_Ling/A1c250_11a.jpg,0.3749,0.9157,0.6453,False,2026-08-17T10:29:59+00:00
35d3da9a1a7f4a85b0b0b3612b8ee157,A1c250_12a.jpg,UK Antarctic Heritage Trust Data/Condition_Artefacts/Artefacts_A_Var_Copyrright_L_Ling/A1c250_12a.jpg,0.2023,0.9951,0.5987,False,2026-08-17T10:29:59+00:00
b6d23e913c354b1c88f45627c542667e,A1c250_2.jpg,UK Antarctic Heritage Trust Data/Condition_Artefacts/Artefacts_A_Var_Copyrright_L_Ling/A1c250_2.jpg,0.2157,0.9652,0.5904,False,2026-08-17T10:29:59+00:00
527d85248125459ebec439a9f16ca4f9,A1c250_5.jpg,UK Antarctic Heritage Trust Data/Condition_Artefacts/Artefacts_A_Var_Copyrright_L_Ling/A1c250_5.jpg,0.213,0.9718,0.5924,False,2026-08-17T10:29:59+00:00
30bfc090b6bf47c0a34d1b6565edaaa3,A1c250_6.jpg,UK Antarctic Heritage Trust Data/Condition_Artefacts/Artefacts_A_Var_Copyrright_L_Ling/A1c250_6.jpg,0.163,0.9829,0.573,False,2026-08-17T10:29:59+00:00
62afbb060503440492d122e3f1d66196,A1c250_7.jpg,UK Antarctic Heritage Trust Data/Condition_Artefacts/Artefacts_A_Var_Copyrright_L_Ling/A1c250_7.jpg,0.1627,0.866,0.5144,False,2026-08-17T10:29:59+00:00
067658749d214df2b8096d6f8fda301e,A1c251_1.jpg,UK Antarctic Heritage Trust Data/Condition_Artefacts/Artefacts_A_Var_Copyrright_L_Ling/A1c251_1.jpg,0.3216,0.8851,0.6034,False,2026-08-17T10:29:59+00:00
9b7e7bc483454f9db1fe24d0549704b2,A1c251_10.jpg,UK Antarctic Heritage Trust Data/Condition_Artefacts/Artefacts_A_Var_Copyrright_L_Ling/A1c251_10.jpg,0.2622,0.972,0.6171,False,2026-08-17T10:30:00+00:00
7eda5f2afb064c7a84d3ede137a768b2,A1c251_10a.jpg,UK Antarctic Heritage Trust Data/Condition_Artefacts/Artefacts_A_Var_Copyrright_L_Ling/A1c251_10a.jpg,0.2135,0.9673,0.5904,False,2026-08-17T10:30:00+00:00
28d0b0cf57d446f68cf0531da1c4e1fe,A1c251_11.jpg,UK Antarctic Heritage Trust Data/Condition_Artefacts/Artefacts_A_Var_Copyrright_L_Ling/A1c251_11.jpg,0.2724,0.9191,0.5958,False,2026-08-17T10:30:00+00:00
e18c571c4a6e4347bf112b1263220475,A1c251_11b.jpg,UK Antarctic Heritage Trust Data/Condition_Artefacts/Artefacts_A_Var_Copyrright_L_Ling/A1c251_11b.jpg,0.2724,0.9191,0.5958,False,2026-08-17T10:30:00+00:00
8a6ee527842b47d1b338414777753b6a,A1c251_12&13.jpg,UK Antarctic Heritage Trust Data/Condition_Artefacts/Artefacts_A_Var_Copyrright_L_Ling/A1c251_12&13.jpg,0.4576,0.9866,0.7221,False,2026-08-17T10:30:00+00:00
6924c28b474a4544b330493ea758e355,A1c251_12.jpg,UK Antarctic Heritage Trust Data/Condition_Artefacts/Artefacts_A_Var_Copyrright_L_Ling/A1c251_12.jpg,0.2327,0.8569,0.5448,False,2026-08-17T10:30:00+00:00
67560f6f27b24f999e5e4fc5fbac830b,A1c251_13.jpg,UK Antarctic Heritage Trust Data/Condition_Artefacts/Artefacts_A_Var_Copyrright_L_Ling/A1c251_13.jpg,0.6962,0.9871,0.8416,False,2026-08-17T10:30:00+00:00
c6b495e597d345169ec0afa3bf7e05a3,A1c251_13a.jpg,UK Antarctic Heritage Trust Data/Condition_Artefacts/Artefacts_A_Var_Copyrright_L_Ling/A1c251_13a.jpg,0.2327,0.8569,0.5448,False,2026-08-17T10:30:00+00:00
0c183bd63d5a4f158a91e327265c634e,A1c251_2.jpg,UK Antarctic Heritage Trust Data/Condition_Artefacts/Artefacts_A_Var_Copyrright_L_Ling/A1c251_2.jpg,0.1673,0.8906,0.529,False,2026-08-17T10:30:00+00:00
87df598ba911445cbba8d79e1f769cb2,A1c251_3.jpg,UK Antarctic Heritage Trust Data/Condition_Artefacts/Artefacts_A_Var_Copyrright_L_Ling/A1c251_3.jpg,0.524,0.9157,0.7198,False,2026-08-17T10:30:00+00:00
45285b3dfda84a6881cc70f6676c00b2,A1c251_6a.jpg,UK Antarctic Heritage Trust Data/Condition_Artefacts/Artefacts_A_Var_Copyrright_L_Ling/A1c251_6a.jpg,0.2216,0.8721,0.5468,False,2026-08-17T10:30:00+00:00
af7614592f7b454aad975fa0eccf334d,A1c251_6b.jpg,UK Antarctic Heritage Trust Data/Condition_Artefacts/Artefacts_A_Var_Copyrright_L_Ling/A1c251_6b.jpg,0.1773,0.9549,0.5661,False,2026-08-17T10:30:00+00:00
1111a4025ac74bdf834c882f484edd04,A1c251_6c.jpg,UK Antarctic Heritage Trust Data/Condition_Artefacts/Artefacts_A_Var_Copyrright_L_Ling/A1c251_6c.jpg,0.5258,0.9264,0.7261,False,2026-08-17T10:30:00+00:00
d903c1e8a9874259991d01b39d0e6506,A1c251_7.jpg,UK Antarctic Heritage Trust Data/Condition_Artefacts/Artefacts_A_Var_Copyrright_L_Ling/A1c251_7.jpg,0.4134,0.9141,0.6638,False,2026-08-17T10:30:00+00:00
d47a43a29e8e43578236db52d254bc45,A1c251_8.jpg,UK Antarctic Heritage Trust Data/Condition_Artefacts/Artefacts_A_Var_Copyrright_L_Ling/A1c251_8.jpg,0.2088,0.8961,0.5524,False,2026-08-17T10:30:00+00:00
0c90a6d9ac9543b2a540cc3cde3afa87,A1c252_1.jpg,UK Antarctic Heritage Trust Data/Condition_Artefacts/Artefacts_A_Var_Copyrright_L_Ling/A1c252_1.jpg,0.2124,0.9501,0.5812,False,2026-08-17T10:30:00+00:00
1db412551ad746fa85196a01cf8fa166,A1c252_10.jpg,UK Antarctic Heritage Trust Data/Condition_Artefacts/Artefacts_A_Var_Copyrright_L_Ling/A1c252_10.jpg,0.3542,0.9727,0.6634,False,2026-08-17T10:30:00+00:00
935bc4c1a1ec4e02b63e805acf95d46a,A1c252_11.jpg,UK Antarctic Heritage Trust Data/Condition_Artefacts/Artefacts_A_Var_Copyrright_L_Ling/A1c252_11.jpg,0.2137,0.9389,0.5763,False,2026-08-17T10:30:00+00:00
236a32526c85443bad414197c60e371b,A1c252_11a.jpg,UK Antarctic Heritage Trust Data/Condition_Artefacts/Artefacts_A_Var_Copyrright_L_Ling/A1c252_11a.jpg,0.3366,0.9445,0.6405,False,2026-08-17T10:30:00+00:00
e215ca29149942beabebdb0284ee8146,A1c252_123456.jpg,UK Antarctic Heritage Trust Data/Condition_Artefacts/Artefacts_A_Var_Copyrright_L_Ling/A1c252_123456.jpg,0.5367,0.957,0.7468,False,2026-08-17T10:30:00+00:00
070c03172a9d43ea9462dbb11de3413f,A1c252_13.jpg,UK Antarctic Heritage Trust Data/Condition_Artefacts/Artefacts_A_Var_Copyrright_L_Ling/A1c252_13.jpg,0.2092,0.853,0.5311,False,2026-08-17T10:30:00+00:00
5fc3f97ed5714de6963c5a8ee8fe3baa,A1c252_14.jpg,UK Antarctic Heritage Trust Data/Condition_Artefacts/Artefacts_A_Var_Copyrright_L_Ling/A1c252_14.jpg,0.2098,0.8699,0.5398,False,2026-08-17T10:30:00+00:00
129bb307ba2f42208cd8e520210dd01e,A1c252_14a.jpg,UK Antarctic Heritage Trust Data/Condition_Artefacts/Artefacts_A_Var_Copyrright_L_Ling/A1c252_14a.jpg,0.202,0.9204,0.5612,False,2026-08-17T10:30:00+00:00
b4404244a99f4c3c80a38e90e7152b48,A1c252_7.jpg,UK Antarctic Heritage Trust Data/Condition_Artefacts/Artefacts_A_Var_Copyrright_L_Ling/A1c252_7.jpg,0.2477,0.9293,0.5885,False,2026-08-17T10:30:01+00:00
cc05a7caad104816b0b66623091eab09,A1c252_789.jpg,UK Antarctic Heritage Trust Data/Condition_Artefacts/Artefacts_A_Var_Copyrright_L_Ling/A1c252_789.jpg,0.5559,0.9193,0.7376,False,2026-08-17T10:30:01+00:00
fdc9f005bf2043e7bdcbd6abe236ed62,A1c257_1.jpg,UK Antarctic Heritage Trust Data/Condition_Artefacts/Artefacts_A_Var_Copyrright_L_Ling/A1c257_1.jpg,0.2133,0.9779,0.5956,False,2026-08-17T10:30:01+00:00
ffc6a958a0534d0fa0e6555ed23a91f8,A1c257_1a.jpg,UK Antarctic Heritage Trust Data/Condition_Artefacts/Artefacts_A_Var_Copyrright_L_Ling/A1c257_1a.jpg,0.0402,0.947,0.4936,False,2026-08-17T10:30:01+00:00
a82605eb8760454ca9ee4a77bd83adc8,A1c257_1b.jpg,UK Antarctic Heritage Trust Data/Condition_Artefacts/Artefacts_A_Var_Copyrright_L_Ling/A1c257_1b.jpg,0.2366,0.9706,0.6036,False,2026-08-17T10:30:01+00:00
d696d07b5d6042c2bac5e06217925af9,A1c257_2.jpg,UK Antarctic Heritage Trust Data/Condition_Artefacts/Artefacts_A_Var_Copyrright_L_Ling/A1c257_2.jpg,0.1278,0.964,0.5459,False,2026-08-17T10:30:01+00:00
5d91caede9ad4b798268c023d579e9db,A1c258_1.jpg,UK Antarctic Heritage Trust Data/Condition_Artefacts/Artefacts_A_Var_Copyrright_L_Ling/A1c258_1.jpg,0.1,0.9015,0.5008,False,2026-08-17T10:30:01+00:00
82b699f0f3114f4ba84f4f14221038f1,A1c260a.jpg,UK Antarctic Heritage Trust Data/Condition_Artefacts/Artefacts_A_Var_Copyrright_L_Ling/A1c260a.jpg,,,,False,2026-08-17T10:30:01+00:00
2e20c187be654d07ae890a2127929271,A1c260b.jpg,UK Antarctic Heritage Trust Data/Condition_Artefacts/Artefacts_A_Var_Copyrright_L_Ling/A1c260b.jpg,0.2353,0.9616,0.5984,False,2026-08-17T10:30:01+00:00
697fba5452b945629b984987b31d18fe,A1c260c.jpg,UK Antarctic Heritage Trust Data/Condition_Artefacts/Artefacts_A_Var_Copyrright_L_Ling/A1c260c.jpg,0.1491,0.9386,0.5438,False,2026-08-17T10:30:01+00:00
a3e686978727439d8ddfb16abb30403b,A1c260d.jpg,UK Antarctic Heritage Trust Data/Condition_Artefacts/Artefacts_A_Var_Copyrright_L_Ling/A1c260d.jpg,0.1172,0.9098,0.5135,False,2026-08-17T10:30:01+00:00
4189858979814ee4a4ed3b5ed53fed87,A1c261a.jpg,UK Antarctic Heritage Trust Data/Condition_Artefacts/Artefacts_A_Var_Copyrright_L_Ling/A1c261a.jpg,0.1011,0.8314,0.4662,False,2026-08-17T10:30:01+00:00
36a5ff3963194034994adf0a283282c8,A1c261b.jpg,UK Antarctic Heritage Trust Data/Condition_Artefacts/Artefacts_A_Var_Copyrright_L_Ling/A1c261b.jpg,0.0829,0.8692,0.476,False,2026-08-17T10:30:01+00:00
25beb4a36adf4d4fb72155f6d17e636b,A1c261e.jpg,UK Antarctic Heritage Trust Data/Condition_Artefacts/Artefacts_A_Var_Copyrright_L_Ling/A1c261e.jpg,0.5989,0.5406,0.5698,False,2026-08-17T10:30:01+00:00
ce186c14475e483ab1e05d0e4920d3da,A1c261g.jpg,UK Antarctic Heritage Trust Data/Condition_Artefacts/Artefacts_A_Var_Copyrright_L_Ling/A1c261g.jpg,0.3324,0.8372,0.5848,False,2026-08-17T10:30:01+00:00
057da5bd53bd4e4da69a269cd22990b7,A1c261h.jpg,UK Antarctic Heritage Trust Data/Condition_Artefacts/Artefacts_A_Var_Copyrright_L_Ling/A1c261h.jpg,0.1222,0.9096,0.5159,False,2026-08-17T10:30:01+00:00
7a28714d42034de2a75801b4c4a70e87,A1c263.jpg,UK Antarctic Heritage Trust Data/Condition_Artefacts/Artefacts_A_Var_Copyrright_L_Ling/A1c263.jpg,0.6302,0.7868,0.7085,False,2026-08-17T10:30:01+00:00
2c7dc15d726547e0a1e6836b266d6a00,A1c264.jpg,UK Antarctic Heritage Trust Data/Condition_Artefacts/Artefacts_A_Var_Copyrright_L_Ling/A1c264.jpg,0.0422,0.9807,0.5114,False,2026-08-17T10:30:01+00:00
d6fec1cb302241a6a7e2ebd95044bf20,A1c265a.jpg,UK Antarctic Heritage Trust Data/Condition_Artefacts/Artefacts_A_Var_Copyrright_L_Ling/A1c265a.jpg,0.0807,0.9634,0.522,False,2026-08-17T10:30:01+00:00
a9fca68f216346b0ba2e808f9b84b9dc,A1c266.jpg,UK Antarctic Heritage Trust Data/Condition_Artefacts/Artefacts_A_Var_Copyrright_L_Ling/A1c266.jpg,0.1456,0.9468,0.5462,False,2026-08-17T10:30:01+00:00
86decc35b3214c4a9e52051839823681,A1c270.jpg,UK Antarctic Heritage Trust Data/Condition_Artefacts/Artefacts_A_Var_Copyrright_L_Ling/A1c270.jpg,0.3547,0.9547,0.6547,False,2026-08-17T10:30:01+00:00
e93f22323efa44eebf8cd88dc2f6c4ba,A1c271a.jpg,UK Antarctic Heritage Trust Data/Condition_Artefacts/Artefacts_A_Var_Copyrright_L_Ling/A1c271a.jpg,0.1458,0.9111,0.5284,False,2026-08-17T10:30:01+00:00
e16c40b2271f4e5689b18d092b1fadba,A1c271b.jpg,UK Antarctic Heritage Trust Data/Condition_Artefacts/Artefacts_A_Var_Copyrright_L_Ling/A1c271b.jpg,0.0937,0.9214,0.5075,False,2026-08-17T10:30:01+00:00
199dd882641b402191238928f02d37f8,A1c277.jpg,UK Antarctic Heritage Trust Data/Condition_Artefacts/Artefacts_A_Var_Copyrright_L_Ling/A1c277.jpg,0.4456,0.8847,0.6652,False,2026-08-17T10:30:01+00:00
41682dc45b1c4d1d8bb2c4753f06b906,A1c28.jpg,UK Antarctic Heritage Trust Data/Condition_Artefacts/Artefacts_A_Var_Copyrright_L_Ling/A1c28.jpg,0.0329,0.8994,0.4662,False,2026-08-17T10:30:02+00:00
c4bbe3959b3a4068969f3e28ac45c3bf,A1c28a.jpg,UK Antarctic Heritage Trust Data/Condition_Artefacts/Artefacts_A_Var_Copyrright_L_Ling/A1c28a.jpg,0.0203,0.6266,0.3234,False,2026-08-17T10:30:02+00:00
a250a9cd396047c28eb446e511dcd064,A1c29&30.jpg,UK Antarctic Heritage Trust Data/Condition_Artefacts/Artefacts_A_Var_Copyrright_L_Ling/A1c29&30.jpg,0.2502,0.9309,0.5905,False,2026-08-17T10:30:02+00:00
0b7de7daef5943e09e28186cc6474caa,A1c32.jpg,UK Antarctic Heritage Trust Data/Condition_Artefacts/Artefacts_A_Var_Copyrright_L_Ling/A1c32.jpg,0.7196,0.9889,0.8542,False,2026-08-17T10:30:02+00:00
a37e6b7e009a4d749e5f5606d3ce8d1d,A1c32a.jpg,UK Antarctic Heritage Trust Data/Condition_Artefacts/Artefacts_A_Var_Copyrright_L_Ling/A1c32a.jpg,0.0331,0.9522,0.4926,False,2026-08-17T10:30:02+00:00
368d6813c8504d28b73601013366b62d,A1c33a.jpg,UK Antarctic Heritage Trust Data/Condition_Artefacts/Artefacts_A_Var_Copyrright_L_Ling/A1c33a.jpg,0.017,0.9516,0.4843,False,2026-08-17T10:30:02+00:00
05007cd013a1497ba5968604af2c9b4c,A1c33b.jpg,UK Antarctic Heritage Trust Data/Condition_Artefacts/Artefacts_A_Var_Copyrright_L_Ling/A1c33b.jpg,0.033,0.9837,0.5084,False,2026-08-17T10:30:02+00:00
ad41cece43ed4b329e6b19d7b221a31a,A1c33c.jpg,UK Antarctic Heritage Trust Data/Condition_Artefacts/Artefacts_A_Var_Copyrright_L_Ling/A1c33c.jpg,0.0193,0.9986,0.509,False,2026-08-17T10:30:02+00:00
01944b5f8f7940009c5b87afa2dcc798,A1c33d.jpg,UK Antarctic Heritage Trust Data/Condition_Artefacts/Artefacts_A_Var_Copyrright_L_Ling/A1c33d.jpg,0.0357,0.9946,0.5152,False,2026-08-17T10:30:02+00:00
d917cf1a25b84801b313f5b57ce6017f,A1c35.jpg,UK Antarctic Heritage Trust Data/Condition_Artefacts/Artefacts_A_Var_Copyrright_L_Ling/A1c35.jpg,0.0264,0.9901,0.5082,False,2026-08-17T10:30:02+00:00
3f739a3019d24baf8f446f512f664cf8,A1c36.jpg,UK Antarctic Heritage Trust Data/Condition_Artefacts/Artefacts_A_Var_Copyrright_L_Ling/A1c36.jpg,0.0253,0.9424,0.4838,False,2026-08-17T10:30:02+00:00
2a723f5a6ca3424baf816ce2c721314a,A1c42.jpg,UK Antarctic Heritage Trust Data/Condition_Artefacts/Artefacts_A_Var_Copyrright_L_Ling/A1c42.jpg,0.301,0.914,0.6075,False,2026-08-17T10:30:02+00:00
75f379f0bb8d4a6bbc96960397eaf915,A1c4a.jpg,UK Antarctic Heritage Trust Data/Condition_Artefacts/Artefacts_A_Var_Copyrright_L_Ling/A1c4a.jpg,0.1537,0.9279,0.5408,False,2026-08-17T10:30:02+00:00
c5b74603a5c84c2eac89f05eafeaa356,A1c4b.jpg,UK Antarctic Heritage Trust Data/Condition_Artefacts/Artefacts_A_Var_Copyrright_L_Ling/A1c4b.jpg,0.1989,0.974,0.5864,False,2026-08-17T10:30:02+00:00
e716e86f91794a4883c2bedcd9a60052,A1c4c.jpg,UK Antarctic Heritage Trust Data/Condition_Artefacts/Artefacts_A_Var_Copyrright_L_Ling/A1c4c.jpg,0.0692,0.9656,0.5174,False,2026-08-17T10:30:02+00:00
d2940d6a26cc4b30ae2b38d7651812cb,A1c5.jpg,UK Antarctic Heritage Trust Data/Condition_Artefacts/Artefacts_A_Var_Copyrright_L_Ling/A1c5.jpg,0.1002,0.9815,0.5409,False,2026-08-17T10:30:02+00:00
b2e018d4b5964b4591b4f7cd481684e3,A1c54.jpg,UK Antarctic Heritage Trust Data/Condition_Artefacts/Artefacts_A_Var_Copyrright_L_Ling/A1c54.jpg,0.7181,0.9914,0.8547,False,2026-08-17T10:30:02+00:00
4984cd90616f45d9b69751e97e653f62,A1c55.jpg,UK Antarctic Heritage Trust Data/Condition_Artefacts/Artefacts_A_Var_Copyrright_L_Ling/A1c55.jpg,0.0584,0.8138,0.4361,False,2026-08-17T10:30:02+00:00
7da73d7c32294af795cfe98d4100b796,A1c56.jpg,UK Antarctic Heritage Trust Data/Condition_Artefacts/Artefacts_A_Var_Copyrright_L_Ling/A1c56.jpg,0.0504,0.9044,0.4774,False,2026-08-17T10:30:02+00:00
08b5eda1c0a547099ed8817582d83e4b,A1c57.jpg,UK Antarctic Heritage Trust Data/Condition_Artefacts/Artefacts_A_Var_Copyrright_L_Ling/A1c57.jpg,0.4659,0.9521,0.709,False,2026-08-17T10:30:02+00:00
ee67726c6afb424ca31f63a8c052e93d,A1c58.jpg,UK Antarctic Heritage Trust Data/Condition_Artefacts/Artefacts_A_Var_Copyrright_L_Ling/A1c58.jpg,0.0529,0.9752,0.514,False,2026-08-17T10:30:02+00:00
90841fae757a4e28bc12d4072cd54959,A1c60.jpg,UK Antarctic Heritage Trust Data/Condition_Artefacts/Artefacts_A_Var_Copyrright_L_Ling/A1c60.jpg,0.0313,0.9863,0.5088,False,2026-08-17T10:30:02+00:00
243fb2f3794a48a5adcd0afe64dfaa4b,A1c65.jpg,UK Antarctic Heritage Trust Data/Condition_Artefacts/Artefacts_A_Var_Copyrright_L_Ling/A1c65.jpg,0.23,0.9341,0.5821,False,2026-08-17T10:30:02+00:00
555ebbbb0bda4a9eacdafffac16102c9,A1c66.jpg,UK Antarctic Heritage Trust Data/Condition_Artefacts/Artefacts_A_Var_Copyrright_L_Ling/A1c66.jpg,0.2342,0.9911,0.6126,False,2026-08-17T10:30:02+00:00
a085fe6c7c234878849b48e7b7f1b507,A1c66m.jpg,UK Antarctic Heritage Trust Data/Condition_Artefacts/Artefacts_A_Var_Copyrright_L_Ling/A1c66m.jpg,0.11,0.9474,0.5287,False,2026-08-17T10:30:02+00:00
f734130710aa43e8a5145b3e95472e30,A1c66x.jpg,UK Antarctic Heritage Trust Data/Condition_Artefacts/Artefacts_A_Var_Copyrright_L_Ling/A1c66x.jpg,0.3249,0.7517,0.5383,False,2026-08-17T10:30:02+00:00
65e6282579d1428abb8f947dd779194b,A1c66y.jpg,UK Antarctic Heritage Trust Data/Condition_Artefacts/Artefacts_A_Var_Copyrright_L_Ling/A1c66y.jpg,0.3,0.9774,0.6387,False,2026-08-17T10:30:02+00:00
f55147e941124525bcaaf4b7290cc072,A1c66z.jpg,UK Antarctic Heritage Trust Data/Condition_Artefacts/Artefacts_A_Var_Copyrright_L_Ling/A1c66z.jpg,0.3934,0.8387,0.616,False,2026-08-17T10:30:02+00:00
cb49d2613dc44f3db7ced6c773e76adf,A1c68&69.jpg,UK Antarctic Heritage Trust Data/Condition_Artefacts/Artefacts_A_Var_Copyrright_L_Ling/A1c68&69.jpg,0.027,0.9582,0.4926,False,2026-08-17T10:30:02+00:00
df5642386419413bb10324f604bd677e,A1c7&143.jpg,UK Antarctic Heritage Trust Data/Condition_Artefacts/Artefacts_A_Var_Copyrright_L_Ling/A1c7&143.jpg,0.0346,0.9637,0.4992,False,2026-08-17T10:30:03+00:00
c992b23d675448d0ab6b5679d270a754,A1c77.jpg,UK Antarctic Heritage Trust Data/Condition_Artefacts/Artefacts_A_Var_Copyrright_L_Ling/A1c77.jpg,0.1293,0.92,0.5247,False,2026-08-17T10:30:03+00:00
3a0f59c7d0fa4a30bc56116976c463d0,A1c78.jpg,UK Antarctic Heritage Trust Data/Condition_Artefacts/Artefacts_A_Var_Copyrright_L_Ling/A1c78.jpg,0.0274,0.8758,0.4516,False,2026-08-17T10:30:03+00:00
3eb189dd58ce45abb58e5c46c5ee6be4,A1c78a.jpg,UK Antarctic Heritage Trust Data/Condition_Artefacts/Artefacts_A_Var_Copyrright_L_Ling/A1c78a.jpg,0.1664,0.8877,0.527,False,2026-08-17T10:30:03+00:00
7be528fdd31d4d66ba02fb3de3d0bb14,A1c78b.jpg,UK Antarctic Heritage Trust Data/Condition_Artefacts/Artefacts_A_Var_Copyrright_L_Ling/A1c78b.jpg,0.4421,0.9019,0.672,False,2026-08-17T10:30:03+00:00
3cf88c11a5c948769a6c0a39726ac975,A1c80.jpg,UK Antarctic Heritage Trust Data/Condition_Artefacts/Artefacts_A_Var_Copyrright_L_Ling/A1c80.jpg,0.0426,0.567,0.3048,False,2026-08-17T10:30:03+00:00
6a71d59572704561a3f4da44a0ea1080,A1c89.jpg,UK Antarctic Heritage Trust Data/Condition_Artefacts/Artefacts_A_Var_Copyrright_L_Ling/A1c89.jpg,0.0765,0.9912,0.5338,False,2026-08-17T10:30:03+00:00
aee3962c7d0046969db666c69e1b6e2a,A1c9.jpg,UK Antarctic Heritage Trust Data/Condition_Artefacts/Artefacts_A_Var_Copyrright_L_Ling/A1c9.jpg,0.1335,0.3685,0.251,False,2026-08-17T10:30:03+00:00
a6133bf381424178bb39678aab126d54,A1c90.jpg,UK Antarctic Heritage Trust Data/Condition_Artefacts/Artefacts_A_Var_Copyrright_L_Ling/A1c90.jpg,0.0308,0.8759,0.4534,False,2026-08-17T10:30:03+00:00
08dd9b88e0104af2b05e03a3f8b7e91a,A1c92a.jpg,UK Antarctic Heritage Trust Data/Condition_Artefacts/Artefacts_A_Var_Copyrright_L_Ling/A1c92a.jpg,0.1972,0.9395,0.5684,False,2026-08-17T10:30:03+00:00
d6861b6fce3a4e5ca9b609e24304cb53,A1c92b.jpg,UK Antarctic Heritage Trust Data/Condition_Artefacts/Artefacts_A_Var_Copyrright_L_Ling/A1c92b.jpg,0.3242,0.8893,0.6068,False,2026-08-17T10:30:03+00:00
f9a25aa8713e444e9936bdd81493e4f4,A1c94.jpg,UK Antarctic Heritage Trust Data/Condition_Artefacts/Artefacts_A_Var_Copyrright_L_Ling/A1c94.jpg,0.3856,0.8731,0.6294,False,2026-08-17T10:30:03+00:00
74b222b415704e3c94e4aed66b95d8a2,A1c97.jpg,UK Antarctic Heritage Trust Data/Condition_Artefacts/Artefacts_A_Var_Copyrright_L_Ling/A1c97.jpg,0.0279,0.9215,0.4747,False,2026-08-17T10:30:03+00:00
612a8bb6eb0042a5adbdcd915b3fe9b1,A1c98.jpg,UK Antarctic Heritage Trust Data/Condition_Artefacts/Artefacts_A_Var_Copyrright_L_Ling/A1c98.jpg,0.0344,0.9708,0.5026,False,2026-08-17T10:30:03+00:00
0bb216026a204826927e65ab47031b72,A1d1.jpg,UK Antarctic Heritage Trust Data/Condition_Artefacts/Artefacts_A_Var_Copyrright_L_Ling/A1d1.jpg,0.1182,0.9897,0.554,False,2026-08-17T10:30:03+00:00
d1d6c10249bb44f19f1f5affd015baa2,A1d12.jpg,UK Antarctic Heritage Trust Data/Condition_Artefacts/Artefacts_A_Var_Copyrright_L_Ling/A1d12.jpg,0.2791,0.974,0.6265,False,2026-08-17T10:30:03+00:00
7f782d388a1f4e80af3cdc715622d3de,A1d18a.jpg,UK Antarctic Heritage Trust Data/Condition_Artefacts/Artefacts_A_Var_Copyrright_L_Ling/A1d18a.jpg,0.0641,0.7476,0.4059,False,2026-08-17T10:30:03+00:00
c87d6157fdc145f3a2911e3cca9ab6e3,A1d18b.jpg,UK Antarctic Heritage Trust Data/Condition_Artefacts/Artefacts_A_Var_Copyrright_L_Ling/A1d18b.jpg,0.0405,0.6068,0.3236,False,2026-08-17T10:30:03+00:00
d1b7c2773e3f4e3e98e00e8528b689f7,A1d20.jpg,UK Antarctic Heritage Trust Data/Condition_Artefacts/Artefacts_A_Var_Copyrright_L_Ling/A1d20.jpg,0.0365,0.9808,0.5087,False,2026-08-17T10:30:03+00:00
8a46660045f44b3886149dd003bbe9ff,A1d21.jpg,UK Antarctic Heritage Trust Data/Condition_Artefacts/Artefacts_A_Var_Copyrright_L_Ling/A1d21.jpg,0.1151,0.9584,0.5368,False,2026-08-17T10:30:03+00:00
0ead29a8c97a4a67bf2d75f2222d225a,A1d22a.jpg,UK Antarctic Heritage Trust Data/Condition_Artefacts/Artefacts_A_Var_Copyrright_L_Ling/A1d22a.jpg,0.0758,0.8653,0.4706,False,2026-08-17T10:30:03+00:00
1811256199024d299d5aebe7fb560df4,A1d22b.jpg,UK Antarctic Heritage Trust Data/Condition_Artefacts/Artefacts_A_Var_Copyrright_L_Ling/A1d22b.jpg,0.0822,0.9946,0.5384,False,2026-08-17T10:30:03+00:00
e2a2e0e5aafc4d03bf8ffe4835370e61,A1d22d.jpg,UK Antarctic Heritage Trust Data/Condition_Artefacts/Artefacts_A_Var_Copyrright_L_Ling/A1d22d.jpg,0.0906,0.9378,0.5142,False,2026-08-17T10:30:03+00:00
2445c766056345609d55d85396ff3468,A1d22e.jpg,UK Antarctic Heritage Trust Data/Condition_Artefacts/Artefacts_A_Var_Copyrright_L_Ling/A1d22e.jpg,0.0869,0.8778,0.4824,False,2026-08-17T10:30:03+00:00
3935941b6c534d87af77f6757a05491b,A1d31&32.jpg,UK Antarctic Heritage Trust Data/Condition_Artefacts/Artefacts_A_Var_Copyrright_L_Ling/A1d31&32.jpg,0.6783,0.975,0.8266,False,2026-08-17T10:30:03+00:00
07cd015023d044bc92d707809feeab54,A1d40.jpg,UK Antarctic Heritage Trust Data/Condition_Artefacts/Artefacts_A_Var_Copyrright_L_Ling/A1d40.jpg,1.0,0.8847,0.9424,False,2026-08-17T10:30:03+00:00
1003b785931940a08a3766794790f07a,A1d7.jpg,UK Antarctic Heritage Trust Data/Condition_Artefacts/Artefacts_A_Var_Copyrright_L_Ling/A1d7.jpg,0.0176,0.8112,0.4144,False,2026-08-17T10:30:03+00:00
13564614663547588e923b5642feb554,A1e1.jpg,UK Antarctic Heritage Trust Data/Condition_Artefacts/Artefacts_A_Var_Copyrright_L_Ling/A1e1.jpg,0.0988,0.6297,0.3642,False,2026-08-17T10:30:03+00:00
199be65d6e394a9fbeef2bd1c116b894,A1e101.jpg,UK Antarctic Heritage Trust Data/Condition_Artefacts/Artefacts_A_Var_Copyrright_L_Ling/A1e101.jpg,0.2389,0.9054,0.5721,False,2026-08-17T10:30:04+00:00
65c1566733254b709c00720043fe6315,A1e1a.jpg,UK Antarctic Heritage Trust Data/Condition_Artefacts/Artefacts_A_Var_Copyrright_L_Ling/A1e1a.jpg,0.0782,0.8812,0.4797,False,2026-08-17T10:30:04+00:00
90586eae2e22402d9cc291243afbeb3b,A1e1b.jpg,UK Antarctic Heritage Trust Data/Condition_Artefacts/Artefacts_A_Var_Copyrright_L_Ling/A1e1b.jpg,0.1879,0.8134,0.5006,False,2026-08-17T10:30:04+00:00
a2a8a7803e12483f9fed339cf6a038ff,A1e20.jpg,UK Antarctic Heritage Trust Data/Condition_Artefacts/Artefacts_A_Var_Copyrright_L_Ling/A1e20.jpg,0.1901,0.9201,0.5551,False,2026-08-17T10:30:04+00:00
f44439ca86d44efe89c7eabd659e4061,A1e24.jpg,UK Antarctic Heritage Trust Data/Condition_Artefacts/Artefacts_A_Var_Copyrright_L_Ling/A1e24.jpg,0.0802,0.989,0.5346,False,2026-08-17T10:30:04+00:00
ba227fcef2184d809db2c8ec62fec861,A1e25a.jpg,UK Antarctic Heritage Trust Data/Condition_Artefacts/Artefacts_A_Var_Copyrright_L_Ling/A1e25a.jpg,0.1435,0.8818,0.5127,False,2026-08-17T10:30:04+00:00
8f9ea6af0b224647bd1af7e091e8f3eb,A1e25c.jpg,UK Antarctic Heritage Trust Data/Condition_Artefacts/Artefacts_A_Var_Copyrright_L_Ling/A1e25c.jpg,0.1856,0.9706,0.5781,False,2026-08-17T10:30:04+00:00
853b30a32cbe4d70ad3a0407098a61db,A1e26.jpg,UK Antarctic Heritage Trust Data/Condition_Artefacts/Artefacts_A_Var_Copyrright_L_Ling/A1e26.jpg,0.0899,0.9628,0.5264,False,2026-08-17T10:30:04+00:00
5a4662eecea14a8cbdc76773614d8683,A1e28.jpg,UK Antarctic Heritage Trust Data/Condition_Artefacts/Artefacts_A_Var_Copyrright_L_Ling/A1e28.jpg,0.3884,0.9795,0.684,False,2026-08-17T10:30:04+00:00
5f4d56f642c64c89917581f62c940c4a,A1e3.jpg,UK Antarctic Heritage Trust Data/Condition_Artefacts/Artefacts_A_Var_Copyrright_L_Ling/A1e3.jpg,0.1798,0.9382,0.559,False,2026-08-17T10:30:04+00:00
3e6095984fa848719efb89aca6662a7e,A1e30.jpg,UK Antarctic Heritage Trust Data/Condition_Artefacts/Artefacts_A_Var_Copyrright_L_Ling/A1e30.jpg,0.0877,0.97,0.5288,False,2026-08-17T10:30:04+00:00
7df46f8ff9c8402aae836078ebf9c405,A1e32.jpg,UK Antarctic Heritage Trust Data/Condition_Artefacts/Artefacts_A_Var_Copyrright_L_Ling/A1e32.jpg,0.0499,0.8684,0.4591,False,2026-08-17T10:30:04+00:00
f9897825df7849f597c45b37b7aa2d7a,A1e32z.jpg,UK Antarctic Heritage Trust Data/Condition_Artefacts/Artefacts_A_Var_Copyrright_L_Ling/A1e32z.jpg,0.6188,0.8958,0.7573,False,2026-08-17T10:30:04+00:00
2b429449fb724d0ba0afdc35f689f1a2,A1e34.jpg,UK Antarctic Heritage Trust Data/Condition_Artefacts/Artefacts_A_Var_Copyrright_L_Ling/A1e34.jpg,0.4944,0.985,0.7397,False,2026-08-17T10:30:04+00:00
9056655ac05b41a3a89711c9f88b642e,A1e34a.jpg,UK Antarctic Heritage Trust Data/Condition_Artefacts/Artefacts_A_Var_Copyrright_L_Ling/A1e34a.jpg,0.4869,0.9545,0.7207,False,2026-08-17T10:30:04+00:00
0829ec12d2284750b2e4481900ef0a28,A1e4.jpg,UK Antarctic Heritage Trust Data/Condition_Artefacts/Artefacts_A_Var_Copyrright_L_Ling/A1e4.jpg,0.079,0.9006,0.4898,False,2026-08-17T10:30:04+00:00
2a483e943ecb4d96bd595c29e2e072b3,A1e41j.jpg,UK Antarctic Heritage Trust Data/Condition_Artefacts/Artefacts_A_Var_Copyrright_L_Ling/A1e41j.jpg,0.3813,0.8728,0.627,False,2026-08-17T10:30:04+00:00
7ef04ee3d7844ceaae25160f30892279,A1e41k.jpg,UK Antarctic Heritage Trust Data/Condition_Artefacts/Artefacts_A_Var_Copyrright_L_Ling/A1e41k.jpg,0.0434,0.9714,0.5074,False,2026-08-17T10:30:04+00:00
0f4c700fba4c4c6599c6d8c5573e8db9,A1e41l.jpg,UK Antarctic Heritage Trust Data/Condition_Artefacts/Artefacts_A_Var_Copyrright_L_Ling/A1e41l.jpg,0.0679,0.6926,0.3802,False,2026-08-17T10:30:04+00:00
4e35c7f3cb3346f79c40172c92f1e7ba,A1e41m.jpg,UK Antarctic Heritage Trust Data/Condition_Artefacts/Artefacts_A_Var_Copyrright_L_Ling/A1e41m.jpg,0.4158,0.8741,0.645,False,2026-08-17T10:30:04+00:00
0aa2493f30134962bca1b655893fc5c7,A1e41n.jpg,UK Antarctic Heritage Trust Data/Condition_Artefacts/Artefacts_A_Var_Copyrright_L_Ling/A1e41n.jpg,0.2966,0.9008,0.5987,False,2026-08-17T10:30:04+00:00
5f083b6350284425b5b78750b161d8f8,A1e41o.jpg,UK Antarctic Heritage Trust Data/Condition_Artefacts/Artefacts_A_Var_Copyrright_L_Ling/A1e41o.jpg,0.2387,0.9426,0.5906,False,2026-08-17T10:30:04+00:00
a8c82ca6a08d42e681ad55ae8ede2b6c,A1e41p.jpg,UK Antarctic Heritage Trust Data/Condition_Artefacts/Artefacts_A_Var_Copyrright_L_Ling/A1e41p.jpg,0.1844,0.9513,0.5678,False,2026-08-17T10:30:05+00:00
4dcdc40e60cf40739cf964e167b646d3,A1e41q.jpg,UK Antarctic Heritage Trust Data/Condition_Artefacts/Artefacts_A_Var_Copyrright_L_Ling/A1e41q.jpg,0.1544,0.8507,0.5026,False,2026-08-17T10:30:05+00:00
899dcb76a2924fbdb60e6e9ce8a4430f,A1e41r.jpg,UK Antarctic Heritage Trust Data/Condition_Artefacts/Artefacts_A_Var_Copyrright_L_Ling/A1e41r.jpg,0.2801,0.8249,0.5525,False,2026-08-17T10:30:05+00:00
1038fac3447f48e5883454a90c2b58e7,A1e41s.jpg,UK Antarctic Heritage Trust Data/Condition_Artefacts/Artefacts_A_Var_Copyrright_L_Ling/A1e41s.jpg,0.256,0.9542,0.6051,False,2026-08-17T10:30:05+00:00
c3c799ee74dc4675a5b4ecc9dcf515aa,A1e41t.jpg,UK Antarctic Heritage Trust Data/Condition_Artefacts/Artefacts_A_Var_Copyrright_L_Ling/A1e41t.jpg,0.1755,0.8692,0.5224,False,2026-08-17T10:30:05+00:00
1cd05bc44b4543f1a0ace4e6a3022d48,A1e41u.jpg,UK Antarctic Heritage Trust Data/Condition_Artefacts/Artefacts_A_Var_Copyrright_L_Ling/A1e41u.jpg,0.154,0.9433,0.5486,False,2026-08-17T10:30:05+00:00
b7aa4401c0a44f01901948a8bf92baf3,A1e41v.jpg,UK Antarctic Heritage Trust Data/Condition_Artefacts/Artefacts_A_Var_Copyrright_L_Ling/A1e41v.jpg,0.1195,0.8531,0.4863,False,2026-08-17T10:30:05+00:00
2cdb3834062b49548e4c8360777cd2bc,A1e41w.jpg,UK Antarctic Heritage Trust Data/Condition_Artefacts/Artefacts_A_Var_Copyrright_L_Ling/A1e41w.jpg,0.0844,0.9406,0.5125,False,2026-08-17T10:30:05+00:00
bbe6df56d2b2436a9bd3f1f2d2b74b73,A1e41x.jpg,UK Antarctic Heritage Trust Data/Condition_Artefacts/Artefacts_A_Var_Copyrright_L_Ling/A1e41x.jpg,0.2914,0.9277,0.6096,False,2026-08-17T10:30:05+00:00
e69a99f88ce641af88b56dd4c170461e,A1e41y.jpg,UK Antarctic Heritage Trust Data/Condition_Artefacts/Artefacts_A_Var_Copyrright_L_Ling/A1e41y.jpg,0.1063,0.8868,0.4966,False,2026-08-17T10:30:05+00:00
72739840b8804228a083a021e8a7c7d5,A1e41z.jpg,UK Antarctic Heritage Trust Data/Condition_Artefacts/Artefacts_A_Var_Copyrright_L_Ling/A1e41z.jpg,0.161,0.9235,0.5422,False,2026-08-17T10:30:05+00:00
1722bfb6f81648f881ba7f984317288d,A1e42.jpg,UK Antarctic Heritage Trust Data/Condition_Artefacts/Artefacts_A_Var_Copyrright_L_Ling/A1e42.jpg,0.4472,0.9094,0.6783,False,2026-08-17T10:30:05+00:00
33d809b0cd8b4b0b9742f06af97f06e3,A1e45.jpg,UK Antarctic Heritage Trust Data/Condition_Artefacts/Artefacts_A_Var_Copyrright_L_Ling/A1e45.jpg,0.1371,0.9717,0.5544,False,2026-08-17T10:30:05+00:00
238864d5e6cb4b5e99973ccac69f8ddc,A1e50&d21.jpg,UK Antarctic Heritage Trust Data/Condition_Artefacts/Artefacts_A_Var_Copyrright_L_Ling/A1e50&d21.jpg,0.1382,0.8963,0.5172,False,2026-08-17T10:30:05+00:00
fe40c63cc5c44565b9e5b6654f9caee0,A1e57.jpg,UK Antarctic Heritage Trust Data/Condition_Artefacts/Artefacts_A_Var_Copyrright_L_Ling/A1e57.jpg,0.09,0.8614,0.4757,False,2026-08-17T10:30:05+00:00
8b7bf6039d27460d839fa26f97383570,A1e66.jpg,UK Antarctic Heritage Trust Data/Condition_Artefacts/Artefacts_A_Var_Copyrright_L_Ling/A1e66.jpg,0.0827,0.7777,0.4302,False,2026-08-17T10:30:05+00:00
3dd38e28889c4e809e71947f8cc2edea,A1e7a.jpg,UK Antarctic Heritage Trust Data/Condition_Artefacts/Artefacts_A_Var_Copyrright_L_Ling/A1e7a.jpg,0.4523,0.9116,0.6819,False,2026-08-17T10:30:05+00:00
6ad97d1d0a8b4d308671358fb39dcb56,A1e7b.jpg,UK Antarctic Heritage Trust Data/Condition_Artefacts/Artefacts_A_Var_Copyrright_L_Ling/A1e7b.jpg,0.2252,0.8784,0.5518,False,2026-08-17T10:30:05+00:00
6d46143351154d908a42d271b8f10b13,A1e8.jpg,UK Antarctic Heritage Trust Data/Condition_Artefacts/Artefacts_A_Var_Copyrright_L_Ling/A1e8.jpg,0.1727,0.8207,0.4967,False,2026-08-17T10:30:05+00:00
d2af9eec7054454a9be76a8e17dd1002,A1e9 (2).jpg,UK Antarctic Heritage Trust Data/Condition_Artefacts/Artefacts_A_Var_Copyrright_L_Ling/A1e9 (2).jpg,0.06,0.8271,0.4436,False,2026-08-17T10:30:05+00:00
48d986b27ea54b4c83dbd4bee5e521e0,A1e9.jpg,UK Antarctic Heritage Trust Data/Condition_Artefacts/Artefacts_A_Var_Copyrright_L_Ling/A1e9.jpg,0.1272,0.9305,0.5288,False,2026-08-17T10:30:05+00:00
2d351c8e909d4a70bad58b7b3694c28c,A1f1.jpg,UK Antarctic Heritage Trust Data/Condition_Artefacts/Artefacts_A_Var_Copyrright_L_Ling/A1f1.jpg,0.066,0.9675,0.5168,False,2026-08-17T10:30:05+00:00
114fadb95f41425c993ddcb0d0a7e503,A1f11.jpg,UK Antarctic Heritage Trust Data/Condition_Artefacts/Artefacts_A_Var_Copyrright_L_Ling/A1f11.jpg,0.0279,0.9943,0.5111,False,2026-08-17T10:30:05+00:00
dc97db0070dc45f6b548ebe667b4d0c4,A1f14.jpg,UK Antarctic Heritage Trust Data/Condition_Artefacts/Artefacts_A_Var_Copyrright_L_Ling/A1f14.jpg,0.0314,0.9757,0.5036,False,2026-08-17T10:30:05+00:00
15d77cedded645bf9cdaa34bb1190891,A1f15.jpg,UK Antarctic Heritage Trust Data/Condition_Artefacts/Artefacts_A_Var_Copyrright_L_Ling/A1f15.jpg,0.0306,0.9897,0.5102,False,2026-08-17T10:30:06+00:00
f4fb997b4f184b57a04fb7263158572a,A1f16.jpg,UK Antarctic Heritage Trust Data/Condition_Artefacts/Artefacts_A_Var_Copyrright_L_Ling/A1f16.jpg,0.2683,0.9898,0.629,False,2026-08-17T10:30:06+00:00
fea0cacb9f144cd58fc12497c871daeb,A1f17.jpg,UK Antarctic Heritage Trust Data/Condition_Artefacts/Artefacts_A_Var_Copyrright_L_Ling/A1f17.jpg,0.0345,0.9469,0.4907,False,2026-08-17T10:30:06+00:00
c5dbbeaee6c3447f82d382686de619d3,A1f17_2a.jpg,UK Antarctic Heritage Trust Data/Condition_Artefacts/Artefacts_A_Var_Copyrright_L_Ling/A1f17_2a.jpg,0.0325,0.9319,0.4822,False,2026-08-17T10:30:06+00:00
4394475b50c6478ab7f0ede3fb5c1aa7,A1f17_2b.jpg,UK Antarctic Heritage Trust Data/Condition_Artefacts/Artefacts_A_Var_Copyrright_L_Ling/A1f17_2b.jpg,0.0311,0.9479,0.4895,False,2026-08-17T10:30:06+00:00
4926cb7c10c347b38065fbf4bbb1b582,A1f17a.jpg,UK Antarctic Heritage Trust Data/Condition_Artefacts/Artefacts_A_Var_Copyrright_L_Ling/A1f17a.jpg,0.0295,0.9873,0.5084,False,2026-08-17T10:30:06+00:00
310755b66568477b9ffaa3af426eb2a2,A1f18a.jpg,UK Antarctic Heritage Trust Data/Condition_Artefacts/Artefacts_A_Var_Copyrright_L_Ling/A1f18a.jpg,0.0218,0.8748,0.4483,False,2026-08-17T10:30:06+00:00
0b4ed4a416ff4bae90d1924132a40d1f,A1f2.jpg,UK Antarctic Heritage Trust Data/Condition_Artefacts/Artefacts_A_Var_Copyrright_L_Ling/A1f2.jpg,0.0285,0.9897,0.5091,False,2026-08-17T10:30:06+00:00
0111f418562447638d52492c87e27c77,A1f20&5.jpg,UK Antarctic Heritage Trust Data/Condition_Artefacts/Artefacts_A_Var_Copyrright_L_Ling/A1f20&5.jpg,0.0315,0.9377,0.4846,False,2026-08-17T10:30:06+00:00
f6d0a01d14a042a4bad7bf5baa057ea6,A1f21.jpg,UK Antarctic Heritage Trust Data/Condition_Artefacts/Artefacts_A_Var_Copyrright_L_Ling/A1f21.jpg,0.0299,0.9841,0.507,False,2026-08-17T10:30:06+00:00
e05bc86fb10249f58bc7fb670e468beb,A1f22a.jpg,UK Antarctic Heritage Trust Data/Condition_Artefacts/Artefacts_A_Var_Copyrright_L_Ling/A1f22a.jpg,0.0116,0.8834,0.4475,False,2026-08-17T10:30:06+00:00
dc07b2790500406e999f1cfcfd2873c7,A1f22b.jpg,UK Antarctic Heritage Trust Data/Condition_Artefacts/Artefacts_A_Var_Copyrright_L_Ling/A1f22b.jpg,0.0109,0.8919,0.4514,False,2026-08-17T10:30:06+00:00
847ad761471b4ee5aa0d13f79fd9acc0,A1f22c.jpg,UK Antarctic Heritage Trust Data/Condition_Artefacts/Artefacts_A_Var_Copyrright_L_Ling/A1f22c.jpg,0.013,0.9027,0.4578,False,2026-08-17T10:30:06+00:00
8023ac89964f45d5ab674525c4f1c066,A1f2b.jpg,UK Antarctic Heritage Trust Data/Condition_Artefacts/Artefacts_A_Var_Copyrright_L_Ling/A1f2b.jpg,0.027,0.9723,0.4996,False,2026-08-17T10:30:06+00:00
dc6ac76735394667a0e61331fce3809f,A1f4.jpg,UK Antarctic Heritage Trust Data/Condition_Artefacts/Artefacts_A_Var_Copyrright_L_Ling/A1f4.jpg,0.0131,0.9467,0.4799,False,2026-08-17T10:30:06+00:00
a04dd78b09714352b070db6a1b60ffe7,1964 extension basis.jpg,"UK Antarctic Heritage Trust Data/Hist_E_Var_Copyright_NeilMarsden/Marsden, Neil/Marsden, Neil/1964 extension basis.jpg",0.0482,0.9684,0.5083,False,2026-08-17T10:30:06+00:00
81b4af34255e4e3f8748f4d35628d433,1964 extension.jpg,"UK Antarctic Heritage Trust Data/Hist_E_Var_Copyright_NeilMarsden/Marsden, Neil/Marsden, Neil/1964 extension.jpg",0.2153,0.9251,0.5702,False,2026-08-17T10:30:06+00:00
8b11325a327b4c448e434ea0b1eaa8a8,Afternoon smoko.jpg,"UK Antarctic Heritage Trust Data/Hist_E_Var_Copyright_NeilMarsden/Marsden, Neil/Marsden, Neil/Afternoon smoko.jpg",0.0877,0.911,0.4994,False,2026-08-17T10:30:06+00:00
80256c84d3db477ab1b876a3e228923e,At the bar.jpg,"UK Antarctic Heritage Trust Data/Hist_E_Var_Copyright_NeilMarsden/Marsden, Neil/Marsden, Neil/At the bar.jpg",0.1016,0.9512,0.5264,False,2026-08-17T10:30:06+00:00
c76b2a61fabb461888def0eaba98ce47,Bar and firreplacee taking shape.jpg,"UK Antarctic Heritage Trust Data/Hist_E_Var_Copyright_NeilMarsden/Marsden, Neil/Marsden, Neil/Bar and firreplacee taking shape.jpg",0.3398,0.8344,0.5871,False,2026-08-17T10:30:06+00:00
acb27fc345054a03bbc38b293134374d,Bathroom.jpg,"UK Antarctic Heritage Trust Data/Hist_E_Var_Copyright_NeilMarsden/Marsden, Neil/Marsden, Neil/Bathroom.jpg",0.1371,0.9289,0.533,False,2026-08-17T10:30:06+00:00
b88c1caa33d842f0a676ddda5c48d4bc,Building the new bar.jpg,"UK Antarctic Heritage Trust Data/Hist_E_Var_Copyright_NeilMarsden/Marsden, Neil/Marsden, Neil/Building the new bar.jpg",1.0,0.8117,0.9058,False,2026-08-17T10:30:06+00:00
e9072582799843fbb8df885bcbef45ba,Bunkroom cleaning.jpg,"UK Antarctic Heritage Trust Data/Hist_E_Var_Copyright_NeilMarsden/Marsden, Neil/Marsden, Neil/Bunkroom cleaning.jpg",0.162,0.9307,0.5464,False,2026-08-17T10:30:06+00:00
18fe331a5bd443cb8d5beabba16bbe26,Completed extension.jpg,"UK Antarctic Heritage Trust Data/Hist_E_Var_Copyright_NeilMarsden/Marsden, Neil/Marsden, Neil/Completed extension.jpg",0.1688,0.9531,0.5609,False,2026-08-17T10:30:07+00:00
28a6ce9e810a4714b3a00d0df05c3383,"Diesel mech, electrician in new extension.jpg","UK Antarctic Heritage Trust Data/Hist_E_Var_Copyright_NeilMarsden/Marsden, Neil/Marsden, Neil/Diesel mech, electrician in new extension.jpg",0.0728,0.8139,0.4434,False,2026-08-17T10:30:07+00:00
83d8b0a0166440629df12847e5097826,Extension disappears.jpg,"UK Antarctic Heritage Trust Data/Hist_E_Var_Copyright_NeilMarsden/Marsden, Neil/Marsden, Neil/Extension disappears.jpg",0.071,0.8107,0.4408,False,2026-08-17T10:30:07+00:00
788dfc86a4b2403ab771ef44d5d2e28b,Filling water tank in summer.jpg,"UK Antarctic Heritage Trust Data/Hist_E_Var_Copyright_NeilMarsden/Marsden, Neil/Marsden, Neil/Filling water tank in summer.jpg",0.3824,0.8206,0.6015,False,2026-08-17T10:30:07+00:00
fbc35d6e131b4ee69a6567fbd3cdd43c,Finishing new extension.jpg,"UK Antarctic Heritage Trust Data/Hist_E_Var_Copyright_NeilMarsden/Marsden, Neil/Marsden, Neil/Finishing new extension.jpg",0.3527,0.9287,0.6407,False,2026-08-17T10:30:07+00:00
b874bd94ea81424686164387d193d428,From the sea ice.jpg,"UK Antarctic Heritage Trust Data/Hist_E_Var_Copyright_NeilMarsden/Marsden, Neil/Marsden, Neil/From the sea ice.jpg",0.1634,0.7624,0.4629,False,2026-08-17T10:30:07+00:00
7c27e3886ce54f73b2ad79ae6ebf4d15,Geology office.jpg,"UK Antarctic Heritage Trust Data/Hist_E_Var_Copyright_NeilMarsden/Marsden, Neil/Marsden, Neil/Geology office.jpg",0.1168,0.7539,0.4354,False,2026-08-17T10:30:07+00:00
a2593e60039f49b484e78af2e30bbf63,Library laughter.jpg,"UK Antarctic Heritage Trust Data/Hist_E_Var_Copyright_NeilMarsden/Marsden, Neil/Marsden, Neil/Library laughter.jpg",0.2606,0.8704,0.5655,False,2026-08-17T10:30:07+00:00
4c706bff5d7c474197802ddaadbe6a05,Louge relaxation.jpg,"UK Antarctic Heritage Trust Data/Hist_E_Var_Copyright_NeilMarsden/Marsden, Neil/Marsden, Neil/Louge relaxation.jpg",0.1652,0.9915,0.5784,False,2026-08-17T10:30:07+00:00
d6fc6bc0cbe74581aafb4433151f2f54,Lounge scrubout.jpg,"UK Antarctic Heritage Trust Data/Hist_E_Var_Copyright_NeilMarsden/Marsden, Neil/Marsden, Neil/Lounge scrubout.jpg",0.1486,0.9872,0.5679,False,2026-08-17T10:30:07+00:00
1054d5306639418d93ec62ecdaa92dd6,Making new harnesses.JPG,"UK Antarctic Heritage Trust Data/Hist_E_Var_Copyright_NeilMarsden/Marsden, Neil/Marsden, Neil/Making new harnesses.JPG",0.0676,0.9922,0.5299,False,2026-08-17T10:30:07+00:00
6b9cd7e113c1421bb762e2f9907f4fe0,Medium size female husky.jpg,"UK Antarctic Heritage Trust Data/Hist_E_Var_Copyright_NeilMarsden/Marsden, Neil/Marsden, Neil/Medium size female husky.jpg",0.1581,0.8981,0.5281,False,2026-08-17T10:30:07+00:00
7fb7e88c1c4d44c0ae93fb4ee8e630d1,Midwinter celebrations.jpg,"UK Antarctic Heritage Trust Data/Hist_E_Var_Copyright_NeilMarsden/Marsden, Neil/Marsden, Neil/Midwinter celebrations.jpg",0.1265,0.8288,0.4776,False,2026-08-17T10:30:07+00:00
47677fac4eb945d0b69ec6e9c1f7f53c,More unloading.jpg,"UK Antarctic Heritage Trust Data/Hist_E_Var_Copyright_NeilMarsden/Marsden, Neil/Marsden, Neil/More unloading.jpg",0.1544,0.8395,0.497,False,2026-08-17T10:30:07+00:00
305f2dd9978e4c34b178883dbaecd62f,Noticeboard.jpg,"UK Antarctic Heritage Trust Data/Hist_E_Var_Copyright_NeilMarsden/Marsden, Neil/Marsden, Neil/Noticeboard.jpg",0.1779,0.8298,0.5038,False,2026-08-17T10:30:07+00:00
6af2ec46d1394e31948bc3b250a04458,Party time.jpg,"UK Antarctic Heritage Trust Data/Hist_E_Var_Copyright_NeilMarsden/Marsden, Neil/Marsden, Neil/Party time.jpg",0.1492,0.9679,0.5586,False,2026-08-17T10:30:07+00:00
86cff3e221ff4ee28e1577f94d97df76,Pretend radio op.jpg,"UK Antarctic Heritage Trust Data/Hist_E_Var_Copyright_NeilMarsden/Marsden, Neil/Marsden, Neil/Pretend radio op.jpg",0.6126,0.708,0.6603,False,2026-08-17T10:30:07+00:00
770c815b27f54ff994da558b6b306e89,Proper radio op.jpg,"UK Antarctic Heritage Trust Data/Hist_E_Var_Copyright_NeilMarsden/Marsden, Neil/Marsden, Neil/Proper radio op.jpg",0.1479,0.7804,0.4642,False,2026-08-17T10:30:07+00:00
a8875a5707e640b694af1b3797e51a8d,RRS JB in Back Bay.jpg,"UK Antarctic Heritage Trust Data/Hist_E_Var_Copyright_NeilMarsden/Marsden, Neil/Marsden, Neil/RRS JB in Back Bay.jpg",0.4183,0.9859,0.7021,False,2026-08-17T10:30:07+00:00
7baabba4654c4e2db173f24611da1276,RRS JB unloading at Stonington.jpg,"UK Antarctic Heritage Trust Data/Hist_E_Var_Copyright_NeilMarsden/Marsden, Neil/Marsden, Neil/RRS JB unloading at Stonington.jpg",0.1981,0.9965,0.5973,False,2026-08-17T10:30:07+00:00
4611d05239f74421ae5c6e089f71ff48,RRS JB unloading.jpg,"UK Antarctic Heritage Trust Data/Hist_E_Var_Copyright_NeilMarsden/Marsden, Neil/Marsden, Neil/RRS JB unloading.jpg",0.3886,0.8122,0.6004,False,2026-08-17T10:30:07+00:00
c23438a2f7db49e58ae0b44892242599,RRS JB wedged into Back Bay ice.jpg,"UK Antarctic Heritage Trust Data/Hist_E_Var_Copyright_NeilMarsden/Marsden, Neil/Marsden, Neil/RRS JB wedged into Back Bay ice.jpg",0.17,0.993,0.5815,False,2026-08-17T10:30:07+00:00
af78aaad6880495b9ce46ad3da530057,Radio shack.jpg,"UK Antarctic Heritage Trust Data/Hist_E_Var_Copyright_NeilMarsden/Marsden, Neil/Marsden, Neil/Radio shack.jpg",0.543,0.7508,0.6469,False,2026-08-17T10:30:07+00:00
d8f308a8df8c4451876474245f6cf7e8,Relaxing in library.jpg,"UK Antarctic Heritage Trust Data/Hist_E_Var_Copyright_NeilMarsden/Marsden, Neil/Marsden, Neil/Relaxing in library.jpg",0.5752,0.8103,0.6928,False,2026-08-17T10:30:07+00:00
a9956e4c17374f208fa0f273bfabfadb,Relaxing in lounge.jpg,"UK Antarctic Heritage Trust Data/Hist_E_Var_Copyright_NeilMarsden/Marsden, Neil/Marsden, Neil/Relaxing in lounge.jpg",0.144,0.9317,0.5378,False,2026-08-17T10:30:07+00:00
44f067e2f3c843958fa8336a871e15d1,Relaxing on new extension roof.jpg,"UK Antarctic Heritage Trust Data/Hist_E_Var_Copyright_NeilMarsden/Marsden, Neil/Marsden, Neil/Relaxing on new extension roof.jpg",0.4748,0.8919,0.6834,False,2026-08-17T10:30:08+00:00
447b558620f54eeb9ea697ab74681bad,Repairs.jpg,"UK Antarctic Heritage Trust Data/Hist_E_Var_Copyright_NeilMarsden/Marsden, Neil/Marsden, Neil/Repairs.jpg",0.0893,0.9057,0.4975,False,2026-08-17T10:30:08+00:00
eb5553c959704ac6bd84bce66261f28d,Restocking coal bunker.jpg,"UK Antarctic Heritage Trust Data/Hist_E_Var_Copyright_NeilMarsden/Marsden, Neil/Marsden, Neil/Restocking coal bunker.jpg",0.2681,0.8998,0.584,False,2026-08-17T10:30:08+00:00
7d9b5c17a8184d67a9b4922c00122cbd,Saturday night at the bar.jpg,"UK Antarctic Heritage Trust Data/Hist_E_Var_Copyright_NeilMarsden/Marsden, Neil/Marsden, Neil/Saturday night at the bar.jpg",0.271,0.7581,0.5146,False,2026-08-17T10:30:08+00:00
af782a4b13fe48dfb4b4e7db7643f04d,Scrubout.jpg,"UK Antarctic Heritage Trust Data/Hist_E_Var_Copyright_NeilMarsden/Marsden, Neil/Marsden, Neil/Scrubout.jpg",1.0,0.9835,0.9918,False,2026-08-17T10:30:08+00:00
b84236d6f4944089951299c7ac64efd1,Snow arrives.jpg,"UK Antarctic Heritage Trust Data/Hist_E_Var_Copyright_NeilMarsden/Marsden, Neil/Marsden, Neil/Snow arrives.jpg",0.119,0.6089,0.364,False,2026-08-17T10:30:08+00:00
a9cbd0eb307049bd81999ab4aa5bceeb,Sometimes they were quite clean.jpg,"UK Antarctic Heritage Trust Data/Hist_E_Var_Copyright_NeilMarsden/Marsden, Neil/Marsden, Neil/Sometimes they were quite clean.jpg",0.0178,0.9031,0.4604,False,2026-08-17T10:30:08+00:00
c3c893f78a1a43b1adb4d218780f1a0c,Stonington from Neny Island.jpg,"UK Antarctic Heritage Trust Data/Hist_E_Var_Copyright_NeilMarsden/Marsden, Neil/Marsden, Neil/Stonington from Neny Island.jpg",0.9236,0.9642,0.9439,False,2026-08-17T10:30:08+00:00
9c0bf81a54094f3d97ef1d59cc4a9868,Survey office (1).jpg,"UK Antarctic Heritage Trust Data/Hist_E_Var_Copyright_NeilMarsden/Marsden, Neil/Marsden, Neil/Survey office (1).jpg",0.4254,0.846,0.6357,False,2026-08-17T10:30:08+00:00
06104c6784a74471a9da3cd59b8a9453,Survey office 2.jpg,"UK Antarctic Heritage Trust Data/Hist_E_Var_Copyright_NeilMarsden/Marsden, Neil/Marsden, Neil/Survey office 2.jpg",0.0992,0.9096,0.5044,False,2026-08-17T10:30:08+00:00
8499e1b8cc044c38a34b2214a8b60911,Survey office relaxation.jpg,"UK Antarctic Heritage Trust Data/Hist_E_Var_Copyright_NeilMarsden/Marsden, Neil/Marsden, Neil/Survey office relaxation.jpg",0.0961,0.8681,0.4821,False,2026-08-17T10:30:08+00:00
36b8d68403d345b5be5140fd9b86de3f,Unloading 1.jpg,"UK Antarctic Heritage Trust Data/Hist_E_Var_Copyright_NeilMarsden/Marsden, Neil/Marsden, Neil/Unloading 1.jpg",0.0811,0.8305,0.4558,False,2026-08-17T10:30:08+00:00
4dcfd8e0c2f2407aadec8db7d219760a,Usual view from sledge (2).jpg,"UK Antarctic Heritage Trust Data/Hist_E_Var_Copyright_NeilMarsden/Marsden, Neil/Marsden, Neil/Usual view from sledge (2).jpg",0.4073,0.7898,0.5985,False,2026-08-17T10:30:08+00:00
5fcf7d73813146ad8249662d4faa01f5,Usual view from sledge.jpg,"UK Antarctic Heritage Trust Data/Hist_E_Var_Copyright_NeilMarsden/Marsden, Neil/Marsden, Neil/Usual view from sledge.jpg",0.1884,0.7176,0.453,False,2026-08-17T10:30:08+00:00
bdf0291100b34392b8d49ff96675722c,Winter set in.jpg,"UK Antarctic Heritage Trust Data/Hist_E_Var_Copyright_NeilMarsden/Marsden, Neil/Marsden, Neil/Winter set in.jpg",0.1118,0.7416,0.4267,False,2026-08-17T10:30:08+00:00
075df689d40e4daf85b51729a83fd07c,Writing survey report.jpg,"UK Antarctic Heritage Trust Data/Hist_E_Var_Copyright_NeilMarsden/Marsden, Neil/Marsden, Neil/Writing survey report.jpg",0.5106,0.8755,0.693,False,2026-08-17T10:30:08+00:00
d4d07be26e0847f4b571426c3444d8f4,repairs for sledging season.jpg,"UK Antarctic Heritage Trust Data/Hist_E_Var_Copyright_NeilMarsden/Marsden, Neil/Marsden, Neil/repairs for sledging season.jpg",0.3449,0.9984,0.6716,False,2026-08-17T10:30:08+00:00
935a15f8bd964d63a3c70e5b1c4c1376,DSC_7114.JPG,UK Antarctic Heritage Trust Data/SfM/SfM_A_external/DSC_7114.JPG,0.21,0.5467,0.3783,False,2026-08-17T10:30:09+00:00
e53b870ca07d41c79c2122289784d4fc,DSC_7115.JPG,UK Antarctic Heritage Trust Data/SfM/SfM_A_external/DSC_7115.JPG,0.171,0.5396,0.3553,False,2026-08-17T10:30:09+00:00
d42b9a374aa84b0d9229f0e173ff001e,DSC_7116.JPG,UK Antarctic Heritage Trust Data/SfM/SfM_A_external/DSC_7116.JPG,0.2287,0.4376,0.3332,False,2026-08-17T10:30:09+00:00
f2ba3be32cde46b2ba326f8b8f9bdac0,DSC_7117.JPG,UK Antarctic Heritage Trust Data/SfM/SfM_A_external/DSC_7117.JPG,0.2487,0.3768,0.3128,False,2026-08-17T10:30:10+00:00
c2aa60874b6f4391b788d2be203357c1,DSC_7118.JPG,UK Antarctic Heritage Trust Data/SfM/SfM_A_external/DSC_7118.JPG,0.2483,0.5354,0.3918,False,2026-08-17T10:30:10+00:00
34ee912701234c0c98847d1a09324b74,DSC_7119.JPG,UK Antarctic Heritage Trust Data/SfM/SfM_A_external/DSC_7119.JPG,0.2307,0.4508,0.3408,False,2026-08-17T10:30:10+00:00
bd57c5b75d8640dbb29e44c1e989d4a6,DSC_7120.JPG,UK Antarctic Heritage Trust Data/SfM/SfM_A_external/DSC_7120.JPG,0.2381,0.3907,0.3144,False,2026-08-17T10:30:10+00:00
da245e94d05d49e395143afb0003ecd0,DSC_7121.JPG,UK Antarctic Heritage Trust Data/SfM/SfM_A_external/DSC_7121.JPG,0.2523,0.3057,0.279,False,2026-08-17T10:30:11+00:00
648b90c78de04a51a32152603a26db51,DSC_7122.JPG,UK Antarctic Heritage Trust Data/SfM/SfM_A_external/DSC_7122.JPG,0.1541,0.5058,0.33,False,2026-08-17T10:30:11+00:00
f5efdc0dfc0848b4853255e7688eb970,DSC_7123.JPG,UK Antarctic Heritage Trust Data/SfM/SfM_A_external/DSC_7123.JPG,0.1988,0.3748,0.2868,False,2026-08-17T10:30:11+00:00
0bebe429dca9445abff44a8bacf6685a,DSC_7124.JPG,UK Antarctic Heritage Trust Data/SfM/SfM_A_external/DSC_7124.JPG,0.147,0.5239,0.3355,False,2026-08-17T10:30:11+00:00
2a786afa9a524ce3aaa7451d219dcef1,DSC_7125.JPG,UK Antarctic Heritage Trust Data/SfM/SfM_A_external/DSC_7125.JPG,0.1597,0.5932,0.3764,False,2026-08-17T10:30:12+00:00
af6606bf6026400b86c45db1faa32b71,DSC_7126.JPG,UK Antarctic Heritage Trust Data/SfM/SfM_A_external/DSC_7126.JPG,0.2091,0.6104,0.4098,False,2026-08-17T10:30:12+00:00
deff6e02f17647ce878707a2f056e1db,DSC_7127.JPG,UK Antarctic Heritage Trust Data/SfM/SfM_A_external/DSC_7127.JPG,0.1746,0.5581,0.3664,False,2026-08-17T10:30:12+00:00
f4e640a7d3e840bf80d539157a0e10bd,DSC_7128.JPG,UK Antarctic Heritage Trust Data/SfM/SfM_A_external/DSC_7128.JPG,0.1792,0.5514,0.3653,False,2026-08-17T10:30:12+00:00
4aa56041f79041fabecb4b1d42436ba3,DSC_7129.JPG,UK Antarctic Heritage Trust Data/SfM/SfM_A_external/DSC_7129.JPG,0.2253,0.5781,0.4017,False,2026-08-17T10:30:13+00:00
155a12797a90483194befedee95a6e60,DSC_7130.JPG,UK Antarctic Heritage Trust Data/SfM/SfM_A_external/DSC_7130.JPG,0.1978,0.4541,0.326,False,2026-08-17T10:30:13+00:00
8bae1bc0bd504599a7732aae625cf11d,DSC_7131.JPG,UK Antarctic Heritage Trust Data/SfM/SfM_A_external/DSC_7131.JPG,0.1851,0.4356,0.3104,False,2026-08-17T10:30:13+00:00
60f559f1f6ac4f488ba66e68e0694702,DSC_7132.JPG,UK Antarctic Heritage Trust Data/SfM/SfM_A_external/DSC_7132.JPG,0.2046,0.461,0.3328,False,2026-08-17T10:30:13+00:00
50ebdda398654091a9fad1a906d74e01,DSC_7133.JPG,UK Antarctic Heritage Trust Data/SfM/SfM_A_external/DSC_7133.JPG,0.1853,0.4167,0.301,False,2026-08-17T10:30:14+00:00
b0026b788dfa429ba573e587b5585add,DSC_7134.JPG,UK Antarctic Heritage Trust Data/SfM/SfM_A_external/DSC_7134.JPG,0.219,0.3641,0.2915,False,2026-08-17T10:30:14+00:00
f0f921d09bff4b9b9d4a361f89b4e29f,DSC_7135.JPG,UK Antarctic Heritage Trust Data/SfM/SfM_A_external/DSC_7135.JPG,0.1284,0.5518,0.3401,False,2026-08-17T10:30:14+00:00
ccf1cf340f4f43a9941a8b1988528ff6,DSC_7136.JPG,UK Antarctic Heritage Trust Data/SfM/SfM_A_external/DSC_7136.JPG,0.0857,0.8325,0.4591,False,2026-08-17T10:30:15+00:00
9a8b74d7225c40428d01fa21fac022a7,DSC_7137.JPG,UK Antarctic Heritage Trust Data/SfM/SfM_A_external/DSC_7137.JPG,0.1309,0.7558,0.4434,False,2026-08-17T10:30:15+00:00
f9c31f9b369c424f87012929bb9b8e04,DSC_7138.JPG,UK Antarctic Heritage Trust Data/SfM/SfM_A_external/DSC_7138.JPG,0.0877,0.6766,0.3822,False,2026-08-17T10:30:15+00:00
f318233ecbf34977a71211cd8dec73ec,DSC_7139.JPG,UK Antarctic Heritage Trust Data/SfM/SfM_A_external/DSC_7139.JPG,0.2048,0.6252,0.415,False,2026-08-17T10:30:15+00:00
ce2088d12df84a42a5d6e3b3f4712502,DSC_7140.JPG,UK Antarctic Heritage Trust Data/SfM/SfM_A_external/DSC_7140.JPG,0.1083,0.5486,0.3284,False,2026-08-17T10:30:16+00:00
8cb136fba6124487b823164eeb21c5b5,DSC_7141.JPG,UK Antarctic Heritage Trust Data/SfM/SfM_A_external/DSC_7141.JPG,0.1094,0.8458,0.4776,False,2026-08-17T10:30:16+00:00
4fb220dda28e4d51ba46e62d46ae6d00,DSC_7142.JPG,UK Antarctic Heritage Trust Data/SfM/SfM_A_external/DSC_7142.JPG,0.1868,0.5465,0.3666,False,2026-08-17T10:30:16+00:00
87d4bf181f944985bb57f7f232b7ea67,DSC_7143.JPG,UK Antarctic Heritage Trust Data/SfM/SfM_A_external/DSC_7143.JPG,0.1123,0.5605,0.3364,False,2026-08-17T10:30:16+00:00
4950ef50e601414aa67190e897986910,DSC_7144.JPG,UK Antarctic Heritage Trust Data/SfM/SfM_A_external/DSC_7144.JPG,0.0795,0.495,0.2872,False,2026-08-17T10:30:17+00:00
09ba7e7c884b4158ae14f5151adc4fa8,DSC_7145.JPG,UK Antarctic Heritage Trust Data/SfM/SfM_A_external/DSC_7145.JPG,0.0933,0.5281,0.3107,False,2026-08-17T10:30:17+00:00
ef754b546af24a71be89c257b9c49d86,DSC_7146.JPG,UK Antarctic Heritage Trust Data/SfM/SfM_A_external/DSC_7146.JPG,0.0828,0.4938,0.2883,False,2026-08-17T10:30:17+00:00
f42158fdead64527a319f33eb66ca7f2,DSC_7147.JPG,UK Antarctic Heritage Trust Data/SfM/SfM_A_external/DSC_7147.JPG,0.0756,0.5146,0.2951,False,2026-08-17T10:30:18+00:00
eb3f8c92333b4a15bdcb9b3f16f17e96,DSC_7148.JPG,UK Antarctic Heritage Trust Data/SfM/SfM_A_external/DSC_7148.JPG,0.0791,0.5181,0.2986,False,2026-08-17T10:30:18+00:00
f9d39ad826c14cc2a51cc540e3089807,DSC_7149.JPG,UK Antarctic Heritage Trust Data/SfM/SfM_A_external/DSC_7149.JPG,0.0765,0.6241,0.3503,False,2026-08-17T10:30:18+00:00
21aa7c1d2b144d19a973c38c3da033a1,DSC_7150.JPG,UK Antarctic Heritage Trust Data/SfM/SfM_A_external/DSC_7150.JPG,0.0891,0.6375,0.3633,False,2026-08-17T10:30:18+00:00
70c828d1ccb94637934a97a1dc43ae8f,DSC_7151.JPG,UK Antarctic Heritage Trust Data/SfM/SfM_A_external/DSC_7151.JPG,0.0933,0.8005,0.4469,False,2026-08-17T10:30:19+00:00
23f8ff50d7c2461e8f37945fe72a82cb,DSC_7152.JPG,UK Antarctic Heritage Trust Data/SfM/SfM_A_external/DSC_7152.JPG,0.2156,0.8114,0.5135,False,2026-08-17T10:30:19+00:00
1a9c961b3ff24e1aa78b39f6032632e1,DSC_7153.JPG,UK Antarctic Heritage Trust Data/SfM/SfM_A_external/DSC_7153.JPG,0.1838,0.8597,0.5218,False,2026-08-17T10:30:19+00:00
11495bf8b7224c1bb660262977957bcb,DSC_7154.JPG,UK Antarctic Heritage Trust Data/SfM/SfM_A_external/DSC_7154.JPG,0.0708,0.5389,0.3048,False,2026-08-17T10:30:19+00:00
fd05248319c74b7193fac1de8a0f3a20,DSC_7155.JPG,UK Antarctic Heritage Trust Data/SfM/SfM_A_external/DSC_7155.JPG,0.0853,0.5643,0.3248,False,2026-08-17T10:30:20+00:00
bc049bc8884c413c91e04612d6d11f87,DSC_7156.JPG,UK Antarctic Heritage Trust Data/SfM/SfM_A_external/DSC_7156.JPG,0.09,0.6309,0.3604,False,2026-08-17T10:30:20+00:00
40ea3b80ed7a49c3acd7b1977d4fe40a,DSC_7157.JPG,UK Antarctic Heritage Trust Data/SfM/SfM_A_external/DSC_7157.JPG,0.1609,0.3204,0.2406,False,2026-08-17T10:30:20+00:00
c029feaa7db34a189956c59777920bb5,DSC_7158.JPG,UK Antarctic Heritage Trust Data/SfM/SfM_A_external/DSC_7158.JPG,0.2704,0.7201,0.4952,False,2026-08-17T10:30:20+00:00
1f26f7f102014acbb5caef82e345fb9f,DSC_7159.JPG,UK Antarctic Heritage Trust Data/SfM/SfM_A_external/DSC_7159.JPG,0.4181,0.607,0.5126,False,2026-08-17T10:30:21+00:00
eff3eb005e4f4ee2937334d0d5d5663a,DSC_7160.JPG,UK Antarctic Heritage Trust Data/SfM/SfM_A_external/DSC_7160.JPG,0.354,0.6322,0.4931,False,2026-08-17T10:30:21+00:00
ed125365b7164cdcbcbcf36ed324d2f9,DSC_7161.JPG,UK Antarctic Heritage Trust Data/SfM/SfM_A_external/DSC_7161.JPG,0.1204,0.5888,0.3546,False,2026-08-17T10:30:21+00:00
8f726805652347f188cbb80c355e9f40,DSC_7162.JPG,UK Antarctic Heritage Trust Data/SfM/SfM_A_external/DSC_7162.JPG,0.1767,0.5669,0.3718,False,2026-08-17T10:30:22+00:00
12ff51216b8c4fed83cfd38256295f5c,DSC_7163.JPG,UK Antarctic Heritage Trust Data/SfM/SfM_A_external/DSC_7163.JPG,0.1515,0.6495,0.4005,False,2026-08-17T10:30:22+00:00
50363af6192745dba6ba8e54a8f641c9,DSC_7164.JPG,UK Antarctic Heritage Trust Data/SfM/SfM_A_external/DSC_7164.JPG,0.1936,0.4088,0.3012,False,2026-08-17T10:30:22+00:00
169a7123dcda46e8a097bca37428279d,DSC_7165.JPG,UK Antarctic Heritage Trust Data/SfM/SfM_A_external/DSC_7165.JPG,0.2211,0.5155,0.3683,False,2026-08-17T10:30:22+00:00
dd6bf9840daa41fda55aecd460f55328,DSC_7166.JPG,UK Antarctic Heritage Trust Data/SfM/SfM_A_external/DSC_7166.JPG,0.0994,0.3649,0.2322,False,2026-08-17T10:30:23+00:00
b1920299382e4f8492db042a7ff4088b,DSC_7167.JPG,UK Antarctic Heritage Trust Data/SfM/SfM_A_external/DSC_7167.JPG,0.2609,0.6668,0.4638,False,2026-08-17T10:30:23+00:00
a2adf4397320425eafbc2432d5dc45b7,DSC_7168.JPG,UK Antarctic Heritage Trust Data/SfM/SfM_A_external/DSC_7168.JPG,0.1234,0.6293,0.3763,False,2026-08-17T10:30:23+00:00
15a1779714af42699a4a1d2dc2b382c7,DSC_7169.JPG,UK Antarctic Heritage Trust Data/SfM/SfM_A_external/DSC_7169.JPG,0.138,0.4724,0.3052,False,2026-08-17T10:30:24+00:00
cf787282bc2149e688ea41477b598260,DSC_7170.JPG,UK Antarctic Heritage Trust Data/SfM/SfM_A_external/DSC_7170.JPG,0.1231,0.4642,0.2936,False,2026-08-17T10:30:24+00:00
a41377976c544b7896399b97580c0620,DSC_7171.JPG,UK Antarctic Heritage Trust Data/SfM/SfM_A_external/DSC_7171.JPG,0.1845,0.4477,0.3161,False,2026-08-17T10:30:24+00:00
ac852207625141a5a2b678e449838531,DSC_7172.JPG,UK Antarctic Heritage Trust Data/SfM/SfM_A_external/DSC_7172.JPG,0.1444,0.5065,0.3254,False,2026-08-17T10:30:24+00:00
3077c8b1f61748c0b41e83316f8e4ebf,DSC_7173.JPG,UK Antarctic Heritage Trust Data/SfM/SfM_A_external/DSC_7173.JPG,0.1529,0.3583,0.2556,False,2026-08-17T10:30:25+00:00
bd3eca6eff9843cda94e142e06a4cc35,DSC_7174.JPG,UK Antarctic Heritage Trust Data/SfM/SfM_A_external/DSC_7174.JPG,0.1622,0.3025,0.2324,False,2026-08-17T10:30:25+00:00
9d27b44bb795464e96dbf801dc12d83e,DSC_7175.JPG,UK Antarctic Heritage Trust Data/SfM/SfM_A_external/DSC_7175.JPG,0.1784,0.3231,0.2508,False,2026-08-17T10:30:25+00:00
496b1056e3a74f2185ed0f49845710e2,DSC_7176.JPG,UK Antarctic Heritage Trust Data/SfM/SfM_A_external/DSC_7176.JPG,0.175,0.2853,0.2302,False,2026-08-17T10:30:26+00:00
3503635c312d46cd8dcf2c7f4f49fbba,DSC_7177.JPG,UK Antarctic Heritage Trust Data/SfM/SfM_A_external/DSC_7177.JPG,0.165,0.2791,0.2221,False,2026-08-17T10:30:26+00:00
7051b7cb8e284c699efc79c8dd34fcfa,DSC_7178.JPG,UK Antarctic Heritage Trust Data/SfM/SfM_A_external/DSC_7178.JPG,0.1659,0.2976,0.2318,False,2026-08-17T10:30:26+00:00
6458bef641ae4c4790e0178d43ba1a2f,DSC_7179.JPG,UK Antarctic Heritage Trust Data/SfM/SfM_A_external/DSC_7179.JPG,0.183,0.3653,0.2742,False,2026-08-17T10:30:26+00:00
d24e9501989d49ae89edf59cf985e261,DSC_7180.JPG,UK Antarctic Heritage Trust Data/SfM/SfM_A_external/DSC_7180.JPG,0.1691,0.3897,0.2794,False,2026-08-17T10:30:27+00:00
44080868005b4436a0b8883fb1241986,DSC_7181.JPG,UK Antarctic Heritage Trust Data/SfM/SfM_A_external/DSC_7181.JPG,0.1565,0.3608,0.2586,False,2026-08-17T10:30:27+00:00
eea3324864cd47edbfbb15a6a5cc4286,DSC_7182.JPG,UK Antarctic Heritage Trust Data/SfM/SfM_A_external/DSC_7182.JPG,0.1682,0.4122,0.2902,False,2026-08-17T10:30:27+00:00
e5532e121a034164b34b1c7dfae0ae18,DSC_7183.JPG,UK Antarctic Heritage Trust Data/SfM/SfM_A_external/DSC_7183.JPG,0.1461,0.3906,0.2684,False,2026-08-17T10:30:27+00:00
ef2783d22a3d41968db39a7be48ff8ab,DSC_7184.JPG,UK Antarctic Heritage Trust Data/SfM/SfM_A_external/DSC_7184.JPG,0.1471,0.4744,0.3107,False,2026-08-17T10:30:28+00:00
328cf5d67cdb416685bbdfa074fa53dd,DSC_7185.JPG,UK Antarctic Heritage Trust Data/SfM/SfM_A_external/DSC_7185.JPG,0.1432,0.4604,0.3018,False,2026-08-17T10:30:28+00:00
b6dbebfe3521442db4c2070bcbf68a36,DSC_7186.JPG,UK Antarctic Heritage Trust Data/SfM/SfM_A_external/DSC_7186.JPG,0.1741,0.5531,0.3636,False,2026-08-17T10:30:28+00:00
d4f74ceb4639420183a8acc8bd8e50be,DSC_7187.JPG,UK Antarctic Heritage Trust Data/SfM/SfM_A_external/DSC_7187.JPG,0.1391,0.4195,0.2793,False,2026-08-17T10:30:28+00:00
0a54647746854915a01a911d2a3539c4,DSC_7188.JPG,UK Antarctic Heritage Trust Data/SfM/SfM_A_external/DSC_7188.JPG,0.1352,0.3875,0.2613,False,2026-08-17T10:30:29+00:00
9b61057f2c1e4f9394d1602afc2918eb,DSC_7189.JPG,UK Antarctic Heritage Trust Data/SfM/SfM_A_external/DSC_7189.JPG,0.1309,0.2768,0.2038,False,2026-08-17T10:30:29+00:00
d1e8843bb7654f0598aae923b25f34bf,DSC_7190.JPG,UK Antarctic Heritage Trust Data/SfM/SfM_A_external/DSC_7190.JPG,0.1603,0.2594,0.2098,False,2026-08-17T10:30:29+00:00
e3774727c87346f6b33364e4a01f4756,DSC_7191.JPG,UK Antarctic Heritage Trust Data/SfM/SfM_A_external/DSC_7191.JPG,0.1473,0.3425,0.2449,False,2026-08-17T10:30:29+00:00
e83efaed9cd84bd696e8740daf6825ba,DSC_7192.JPG,UK Antarctic Heritage Trust Data/SfM/SfM_A_external/DSC_7192.JPG,0.1942,0.3882,0.2912,False,2026-08-17T10:30:30+00:00
2f64b596617747bebfc4bb7aae09fa94,DSC_7193.JPG,UK Antarctic Heritage Trust Data/SfM/SfM_A_external/DSC_7193.JPG,0.2086,0.4873,0.348,False,2026-08-17T10:30:30+00:00
69a55737bd76411ebbc742f52a925c2b,DSC_7194.JPG,UK Antarctic Heritage Trust Data/SfM/SfM_A_external/DSC_7194.JPG,0.1687,0.49,0.3293,False,2026-08-17T10:30:30+00:00
f315931bb26747919a857e34cff9be85,DSC_7195.JPG,UK Antarctic Heritage Trust Data/SfM/SfM_A_external/DSC_7195.JPG,0.1593,0.5792,0.3692,False,2026-08-17T10:30:31+00:00
fc85ab89099744ee9974831aa8e59276,DSC_7196.JPG,UK Antarctic Heritage Trust Data/SfM/SfM_A_external/DSC_7196.JPG,0.1365,0.2437,0.1901,False,2026-08-17T10:30:31+00:00
6c9193b3f7ba4557a5b289775d4f01f4,DSC_7197.JPG,UK Antarctic Heritage Trust Data/SfM/SfM_A_external/DSC_7197.JPG,0.1845,0.6111,0.3978,False,2026-08-17T10:30:31+00:00
6f382dc4187247d3b5ec11ab059387f0,DSC_7198.JPG,UK Antarctic Heritage Trust Data/SfM/SfM_A_external/DSC_7198.JPG,0.1314,0.5679,0.3496,False,2026-08-17T10:30:31+00:00
2d1c7dd6720c4b3993158dbb0619c728,DSC_7199.JPG,UK Antarctic Heritage Trust Data/SfM/SfM_A_external/DSC_7199.JPG,0.1584,0.5295,0.344,False,2026-08-17T10:30:32+00:00
64858ddfe1654f77967b083ef34f7cb6,DSC_7200.JPG,UK Antarctic Heritage Trust Data/SfM/SfM_A_external/DSC_7200.JPG,0.1374,0.3887,0.263,False,2026-08-17T10:30:32+00:00
e186909ccb104812b961ba721884e92d,DSC_7201.JPG,UK Antarctic Heritage Trust Data/SfM/SfM_A_external/DSC_7201.JPG,0.162,0.6137,0.3879,False,2026-08-17T10:30:32+00:00
e592983465884787b9e07b0c09a3361c,DSC_7202.JPG,UK Antarctic Heritage Trust Data/SfM/SfM_A_external/DSC_7202.JPG,0.1552,0.3689,0.262,False,2026-08-17T10:30:33+00:00
f7cd0370178a49a3a9a11b48b497b608,DSC_7203.JPG,UK Antarctic Heritage Trust Data/SfM/SfM_A_external/DSC_7203.JPG,0.1363,0.5105,0.3234,False,2026-08-17T10:30:33+00:00
9faac1f6963d4784969f37213ca600cb,DSC_7204.JPG,UK Antarctic Heritage Trust Data/SfM/SfM_A_external/DSC_7204.JPG,0.1383,0.2859,0.2121,False,2026-08-17T10:30:33+00:00
94ea541022e04b61916992906ecfc574,DSC_7205.JPG,UK Antarctic Heritage Trust Data/SfM/SfM_A_external/DSC_7205.JPG,0.1026,0.5741,0.3384,False,2026-08-17T10:30:33+00:00
d60a80499607458baa055451b5d6c50a,DSC_7206.JPG,UK Antarctic Heritage Trust Data/SfM/SfM_A_external/DSC_7206.JPG,0.1642,0.4306,0.2974,False,2026-08-17T10:30:34+00:00
f840856719014b73960f47612956eec2,DSC_7207.JPG,UK Antarctic Heritage Trust Data/SfM/SfM_A_external/DSC_7207.JPG,0.1259,0.6976,0.4118,False,2026-08-17T10:30:34+00:00
e71b94c1810145509094c941f9586db4,DSC_7208.JPG,UK Antarctic Heritage Trust Data/SfM/SfM_A_external/DSC_7208.JPG,0.1239,0.2461,0.185,False,2026-08-17T10:30:34+00:00
874046299f6544d8988e64309829632b,DSC_0056.JPG,UK Antarctic Heritage Trust Data/SfM/SfM_E_external/Main Hut/DSC_0056.JPG,0.2009,0.8982,0.5496,False,2026-08-17T10:30:34+00:00
a030eb775b7d424b8c0ea40663e348b3,DSC_0057.JPG,UK Antarctic Heritage Trust Data/SfM/SfM_E_external/Main Hut/DSC_0057.JPG,0.0974,0.7436,0.4205,False,2026-08-17T10:30:35+00:00
f17df9c25db54575b60c7ad692227f0b,DSC_0058.JPG,UK Antarctic Heritage Trust Data/SfM/SfM_E_external/Main Hut/DSC_0058.JPG,0.1549,0.6851,0.42,False,2026-08-17T10:30:35+00:00
62c18f7c418e41168c368aaedbe828d8,DSC_0059.JPG,UK Antarctic Heritage Trust Data/SfM/SfM_E_external/Main Hut/DSC_0059.JPG,0.0959,0.7218,0.4088,False,2026-08-17T10:30:35+00:00
7458439b024f4e4d94e209279633e080,DSC_0061.JPG,UK Antarctic Heritage Trust Data/SfM/SfM_E_external/Main Hut/DSC_0061.JPG,0.2993,0.3041,0.3017,False,2026-08-17T10:30:35+00:00
51117989499642c1a561003de84b78bf,DSC_0062.JPG,UK Antarctic Heritage Trust Data/SfM/SfM_E_external/Main Hut/DSC_0062.JPG,0.0989,0.7115,0.4052,False,2026-08-17T10:30:35+00:00
0483df1a53324f89a77504bd979c8a69,DSC_0063.JPG,UK Antarctic Heritage Trust Data/SfM/SfM_E_external/Main Hut/DSC_0063.JPG,0.2167,0.7865,0.5016,False,2026-08-17T10:30:36+00:00
577992a0b01541c4aa796950e839f29a,DSC_0064.JPG,UK Antarctic Heritage Trust Data/SfM/SfM_E_external/Main Hut/DSC_0064.JPG,0.0793,0.7889,0.4341,False,2026-08-17T10:30:36+00:00
3a674e7f1d3e486c916e4337c34295d5,DSC_0065.JPG,UK Antarctic Heritage Trust Data/SfM/SfM_E_external/Main Hut/DSC_0065.JPG,0.347,0.953,0.65,False,2026-08-17T10:30:36+00:00
433e5562085e4de9b02085c7d9c67b40,DSC_0066.JPG,UK Antarctic Heritage Trust Data/SfM/SfM_E_external/Main Hut/DSC_0066.JPG,0.0764,0.7471,0.4118,False,2026-08-17T10:30:36+00:00
eb6b8e3739b947d8a34dbdf2c1124ab8,DSC_0067.JPG,UK Antarctic Heritage Trust Data/SfM/SfM_E_external/Main Hut/DSC_0067.JPG,0.2648,0.8875,0.5761,False,2026-08-17T10:30:37+00:00
32873f203aee4a2fb0f885b11b2a9a12,DSC_0068.JPG,UK Antarctic Heritage Trust Data/SfM/SfM_E_external/Main Hut/DSC_0068.JPG,0.0797,0.7504,0.415,False,2026-08-17T10:30:37+00:00
a76a5cfd829b4840ae95c49cf25adde8,DSC_0069.JPG,UK Antarctic Heritage Trust Data/SfM/SfM_E_external/Main Hut/DSC_0069.JPG,0.2539,0.9499,0.6019,False,2026-08-17T10:30:37+00:00
348eb44a24de441ab74cf37772e2070c,DSC_0070.JPG,UK Antarctic Heritage Trust Data/SfM/SfM_E_external/Main Hut/DSC_0070.JPG,0.1718,0.8283,0.5,False,2026-08-17T10:30:37+00:00
287e43fcd9274f9d9430df140b8c60df,DSC_0071.JPG,UK Antarctic Heritage Trust Data/SfM/SfM_E_external/Main Hut/DSC_0071.JPG,0.2263,0.9862,0.6062,False,2026-08-17T10:30:37+00:00
1e4eb4df0a4647589e73319ba3d87b27,DSC_0072.JPG,UK Antarctic Heritage Trust Data/SfM/SfM_E_external/Main Hut/DSC_0072.JPG,0.1661,0.8761,0.5211,False,2026-08-17T10:30:38+00:00
5aa07ed70e6945a88c2f916a7083f6fd,DSC_0073.JPG,UK Antarctic Heritage Trust Data/SfM/SfM_E_external/Main Hut/DSC_0073.JPG,0.1926,0.8869,0.5397,False,2026-08-17T10:30:38+00:00
dd75873c4bdf45a9a2404eabe4090d97,DSC_0074.JPG,UK Antarctic Heritage Trust Data/SfM/SfM_E_external/Main Hut/DSC_0074.JPG,0.185,0.8818,0.5334,False,2026-08-17T10:30:38+00:00
afe47b40e15a4ae29eac73c90c75db0a,DSC_0078.JPG,UK Antarctic Heritage Trust Data/SfM/SfM_E_external/Main Hut/DSC_0078.JPG,0.1353,0.8778,0.5066,False,2026-08-17T10:30:38+00:00
eb041f2d00ed44b1937d4bb63d90ce2c,DSC_0079.JPG,UK Antarctic Heritage Trust Data/SfM/SfM_E_external/Main Hut/DSC_0079.JPG,0.1144,0.853,0.4837,False,2026-08-17T10:30:38+00:00
d79abb110e5b42ca8b2ada66232b71ef,DSC_0081.JPG,UK Antarctic Heritage Trust Data/SfM/SfM_E_external/Main Hut/DSC_0081.JPG,0.1459,0.8215,0.4837,False,2026-08-17T10:30:39+00:00
8ada46cdf3414bf5a0e6487af8e5021e,DSC_0082.JPG,UK Antarctic Heritage Trust Data/SfM/SfM_E_external/Main Hut/DSC_0082.JPG,0.2212,0.8654,0.5433,False,2026-08-17T10:30:39+00:00
fa9694438ffc43cb938d53d3ef4f746a,DSC_0083.JPG,UK Antarctic Heritage Trust Data/SfM/SfM_E_external/Main Hut/DSC_0083.JPG,0.2028,0.8441,0.5234,False,2026-08-17T10:30:39+00:00
84b3da3e0b2c4a5c9ae0600b57529b8b,DSC_0084.JPG,UK Antarctic Heritage Trust Data/SfM/SfM_E_external/Main Hut/DSC_0084.JPG,0.1033,0.7908,0.447,False,2026-08-17T10:30:39+00:00
ef0de9f0f4c44a139179025a2152d482,DSC_0085.JPG,UK Antarctic Heritage Trust Data/SfM/SfM_E_external/Main Hut/DSC_0085.JPG,0.2345,0.8824,0.5584,False,2026-08-17T10:30:39+00:00
c33b9b6ed2f944979deb0a766f47210e,DSC_0086.JPG,UK Antarctic Heritage Trust Data/SfM/SfM_E_external/Main Hut/DSC_0086.JPG,0.0809,0.6947,0.3878,False,2026-08-17T10:30:40+00:00
5aaafd3d60114b36bc01cb0ddb95fac4,DSC_0087.JPG,UK Antarctic Heritage Trust Data/SfM/SfM_E_external/Main Hut/DSC_0087.JPG,0.2744,0.9046,0.5895,False,2026-08-17T10:30:40+00:00
d4abc07dcfe1404b83097f364d8bb960,DSC_0088.JPG,UK Antarctic Heritage Trust Data/SfM/SfM_E_external/Main Hut/DSC_0088.JPG,0.0844,0.7116,0.398,False,2026-08-17T10:30:40+00:00
3836d658309f45a5a4c30c48f5d84cf7,DSC_0089.JPG,UK Antarctic Heritage Trust Data/SfM/SfM_E_external/Main Hut/DSC_0089.JPG,0.289,0.903,0.596,False,2026-08-17T10:30:40+00:00
391d1525d9dc49beadb1fd2687ff4e7e,DSC_0090.JPG,UK Antarctic Heritage Trust Data/SfM/SfM_E_external/Main Hut/DSC_0090.JPG,0.1036,0.6625,0.383,False,2026-08-17T10:30:40+00:00
d1005e3408e64cd3948b4f7884818622,DSC_0091.JPG,UK Antarctic Heritage Trust Data/SfM/SfM_E_external/Main Hut/DSC_0091.JPG,0.3524,0.909,0.6307,False,2026-08-17T10:30:41+00:00
dae66d464685435bbc85363b634299c0,DSC_0092.JPG,UK Antarctic Heritage Trust Data/SfM/SfM_E_external/Main Hut/DSC_0092.JPG,0.0944,0.6689,0.3817,False,2026-08-17T10:30:41+00:00
789dba1ed3b94125acbac1b842591be6,DSC_0093.JPG,UK Antarctic Heritage Trust Data/SfM/SfM_E_external/Main Hut/DSC_0093.JPG,0.3438,0.9173,0.6305,False,2026-08-17T10:30:41+00:00
544775a2bbdc45a1a312e60d9f3fd206,DSC_0094.JPG,UK Antarctic Heritage Trust Data/SfM/SfM_E_external/Main Hut/DSC_0094.JPG,0.0669,0.7227,0.3948,False,2026-08-17T10:30:41+00:00
3274dd6c2b3140b2bbf4fdfaeacde731,DSC_0095.JPG,UK Antarctic Heritage Trust Data/SfM/SfM_E_external/Main Hut/DSC_0095.JPG,0.2891,0.9339,0.6115,False,2026-08-17T10:30:42+00:00
60ceaf05a5054d2e8114990444dc12ac,DSC_0096.JPG,UK Antarctic Heritage Trust Data/SfM/SfM_E_external/Main Hut/DSC_0096.JPG,0.0655,0.7387,0.4021,False,2026-08-17T10:30:42+00:00
598d397655974cc7922eb0ea6db0b1ad,DSC_0097.JPG,UK Antarctic Heritage Trust Data/SfM/SfM_E_external/Main Hut/DSC_0097.JPG,0.3542,0.9629,0.6586,False,2026-08-17T10:30:42+00:00
b8527724029d44fe94736e01d4b5fbec,DSC_0098.JPG,UK Antarctic Heritage Trust Data/SfM/SfM_E_external/Main Hut/DSC_0098.JPG,0.0728,0.731,0.4019,False,2026-08-17T10:30:42+00:00
44a90c11b39d425ab90f9ab08dba666b,DSC_0099.JPG,UK Antarctic Heritage Trust Data/SfM/SfM_E_external/Main Hut/DSC_0099.JPG,0.3369,0.9822,0.6596,False,2026-08-17T10:30:42+00:00
0b6887be64b741f7b2be461fb7ec5381,DSC_0100.JPG,UK Antarctic Heritage Trust Data/SfM/SfM_E_external/Main Hut/DSC_0100.JPG,0.0696,0.7253,0.3974,False,2026-08-17T10:30:43+00:00
1523858e79f241a78f11b9b2a23795c4,DSC_0102.JPG,UK Antarctic Heritage Trust Data/SfM/SfM_E_external/Main Hut/DSC_0102.JPG,0.401,0.9509,0.676,False,2026-08-17T10:30:43+00:00
c9e0e1559b27455f91d1aa64dd2b05d4,DSC_0103.JPG,UK Antarctic Heritage Trust Data/SfM/SfM_E_external/Main Hut/DSC_0103.JPG,0.0697,0.6528,0.3612,False,2026-08-17T10:30:43+00:00
69dc3b5110d1438faf664715baab7fa4,DSC_0105.JPG,UK Antarctic Heritage Trust Data/SfM/SfM_E_external/Main Hut/DSC_0105.JPG,0.3361,0.9557,0.6459,False,2026-08-17T10:30:43+00:00
7dfc6c17ff15497a83964ed0cc9233ff,DSC_0106.JPG,UK Antarctic Heritage Trust Data/SfM/SfM_E_external/Main Hut/DSC_0106.JPG,0.0646,0.5687,0.3166,False,2026-08-17T10:30:43+00:00
f83a0d9f95ce4607b3d251ac40dccd26,DSC_0110.JPG,UK Antarctic Heritage Trust Data/SfM/SfM_E_external/Main Hut/DSC_0110.JPG,0.1864,0.9573,0.5718,False,2026-08-17T10:30:44+00:00
7842cfae23eb4ce7abaceb71d03bd773,DSC_0111.JPG,UK Antarctic Heritage Trust Data/SfM/SfM_E_external/Main Hut/DSC_0111.JPG,0.1743,0.7382,0.4562,False,2026-08-17T10:30:44+00:00
9751c34c36f8402b8c32db800a6caf59,DSC_0112.JPG,UK Antarctic Heritage Trust Data/SfM/SfM_E_external/Main Hut/DSC_0112.JPG,0.165,0.9019,0.5334,False,2026-08-17T10:30:44+00:00
8c76e5c0cde34ef299f12070cb99b11e,DSC_0113.JPG,UK Antarctic Heritage Trust Data/SfM/SfM_E_external/Main Hut/DSC_0113.JPG,0.2156,0.7022,0.4589,False,2026-08-17T10:30:44+00:00
2a5bd044b9df4536a626f97da5f6a794,DSC_0114.JPG,UK Antarctic Heritage Trust Data/SfM/SfM_E_external/Main Hut/DSC_0114.JPG,0.1903,0.8716,0.531,False,2026-08-17T10:30:44+00:00
c18cbc2db3f64c8dbeefa370c71061b9,DSC_0115.JPG,UK Antarctic Heritage Trust Data/SfM/SfM_E_external/Main Hut/DSC_0115.JPG,0.0969,0.7387,0.4178,False,2026-08-17T10:30:45+00:00
9b44f6b4d4a4414992abaf673921c55b,DSC_0075.JPG,UK Antarctic Heritage Trust Data/SfM/SfM_E_external/Main Hut/Other/DSC_0075.JPG,0.3227,0.9222,0.6224,False,2026-08-17T10:30:45+00:00
f0c425d386d54f3d9db9e1d974c5e846,DSC_0076.JPG,UK Antarctic Heritage Trust Data/SfM/SfM_E_external/Main Hut/Other/DSC_0076.JPG,0.2188,0.9617,0.5902,False,2026-08-17T10:30:45+00:00
01ddb21711324c9f8517b18aa603e52b,DSC_0109.JPG,UK Antarctic Heritage Trust Data/SfM/SfM_E_external/Main Hut/Other/DSC_0109.JPG,0.247,0.9453,0.5962,False,2026-08-17T10:30:45+00:00
02399cd6d8ac45b4b7519043c739ba29,S7R08440.JPG,UK Antarctic Heritage Trust Data/SfM/SfM_W_external/S7R08440.JPG,0.9601,0.8886,0.9244,False,2026-08-17T10:30:45+00:00
a5244e4aae7642f08524bfaa28a7d388,S7R08441.JPG,UK Antarctic Heritage Trust Data/SfM/SfM_W_external/S7R08441.JPG,0.7012,0.896,0.7986,False,2026-08-17T10:30:45+00:00
799b896006b441c088265e57d6b632f0,S7R08442.JPG,UK Antarctic Heritage Trust Data/SfM/SfM_W_external/S7R08442.JPG,0.4316,0.9765,0.7041,False,2026-08-17T10:30:45+00:00
25c38923090f40d28ca41320dc42dce1,S7R08443.JPG,UK Antarctic Heritage Trust Data/SfM/SfM_W_external/S7R08443.JPG,0.5701,0.9473,0.7587,False,2026-08-17T10:30:45+00:00
607bace983ba481d8839cae7b7b6d0cc,S7R08444.JPG,UK Antarctic Heritage Trust Data/SfM/SfM_W_external/S7R08444.JPG,0.6233,0.9235,0.7734,False,2026-08-17T10:30:45+00:00
35bf1b006fd7496085e044eb980f56c4,S7R08445.JPG,UK Antarctic Heritage Trust Data/SfM/SfM_W_external/S7R08445.JPG,0.6154,0.9506,0.783,False,2026-08-17T10:30:45+00:00
c2055c71830540ffba8307e016266fee,S7R08446.JPG,UK Antarctic Heritage Trust Data/SfM/SfM_W_external/S7R08446.JPG,1.0,0.9512,0.9756,False,2026-08-17T10:30:45+00:00
8718d2773b3341f59e1dd433d3fa1ac1,S7R08447.JPG,UK Antarctic Heritage Trust Data/SfM/SfM_W_external/S7R08447.JPG,1.0,0.9635,0.9818,False,2026-08-17T10:30:45+00:00
153578039e56452eb53eee0e2cfd76f5,S7R08448.JPG,UK Antarctic Heritage Trust Data/SfM/SfM_W_external/S7R08448.JPG,1.0,0.9445,0.9722,False,2026-08-17T10:30:46+00:00
dc837c74d5a04e5cbbfbd5d0c2076f91,S7R08449.JPG,UK Antarctic Heritage Trust Data/SfM/SfM_W_external/S7R08449.JPG,1.0,0.9425,0.9712,False,2026-08-17T10:30:46+00:00
0428a0a002634bd6bf627e2750f43ecb,S7R08450.JPG,UK Antarctic Heritage Trust Data/SfM/SfM_W_external/S7R08450.JPG,1.0,0.9317,0.9658,False,2026-08-17T10:30:46+00:00
e6985f3c19ca4948b937f6d34a5275be,S7R08451.JPG,UK Antarctic Heritage Trust Data/SfM/SfM_W_external/S7R08451.JPG,1.0,0.9596,0.9798,False,2026-08-17T10:30:46+00:00
ae57453b13ec445695b1f099146b226b,S7R08452.JPG,UK Antarctic Heritage Trust Data/SfM/SfM_W_external/S7R08452.JPG,1.0,0.9687,0.9844,False,2026-08-17T10:30:46+00:00
65de61b3d80e42c9a61999db0c73fd39,S7R08453.JPG,UK Antarctic Heritage Trust Data/SfM/SfM_W_external/S7R08453.JPG,1.0,0.9216,0.9608,False,2026-08-17T10:30:46+00:00
39ce14f17891451480b69f257c1e2514,S7R08454.JPG,UK Antarctic Heritage Trust Data/SfM/SfM_W_external/S7R08454.JPG,1.0,0.9715,0.9858,False,2026-08-17T10:30:46+00:00
1d07400fb87347bf98eceb55e0e70f95,S7R08455.JPG,UK Antarctic Heritage Trust Data/SfM/SfM_W_external/S7R08455.JPG,1.0,0.9167,0.9584,False,2026-08-17T10:30:46+00:00
aecceae153b847b38301b61306497903,S7R08456.JPG,UK Antarctic Heritage Trust Data/SfM/SfM_W_external/S7R08456.JPG,1.0,0.8844,0.9422,False,2026-08-17T10:30:46+00:00
d03b62255d394f4f8be33afb61c75797,S7R08457.JPG,UK Antarctic Heritage Trust Data/SfM/SfM_W_external/S7R08457.JPG,1.0,0.9074,0.9537,False,2026-08-17T10:30:46+00:00
fe2a2da6abee4112b5375ae79f66c397,S7R08458.JPG,UK Antarctic Heritage Trust Data/SfM/SfM_W_external/S7R08458.JPG,1.0,0.9736,0.9868,False,2026-08-17T10:30:46+00:00
b224b9399c4c413791d7726ee8d9c15e,S7R08459.JPG,UK Antarctic Heritage Trust Data/SfM/SfM_W_external/S7R08459.JPG,1.0,0.9778,0.9889,False,2026-08-17T10:30:46+00:00
b9f2e7a2f6164dc28b74ae9ceb8d7fe5,S7R08460.JPG,UK Antarctic Heritage Trust Data/SfM/SfM_W_external/S7R08460.JPG,1.0,0.9884,0.9942,False,2026-08-17T10:30:46+00:00
b475bf48cf234dc3977e91d8f19e1e56,S7R08461.JPG,UK Antarctic Heritage Trust Data/SfM/SfM_W_external/S7R08461.JPG,1.0,0.9858,0.9929,False,2026-08-17T10:30:46+00:00
2108556a748b459fa2d76fd011de8df9,S7R08462.JPG,UK Antarctic Heritage Trust Data/SfM/SfM_W_external/S7R08462.JPG,1.0,0.9017,0.9508,False,2026-08-17T10:30:46+00:00
b58fd39248744b5aa4d105711f339846,S7R08463.JPG,UK Antarctic Heritage Trust Data/SfM/SfM_W_external/S7R08463.JPG,1.0,0.9705,0.9852,False,2026-08-17T10:30:46+00:00
c8f30d9a3afb4a609b66da1535cafd0c,S7R08464.JPG,UK Antarctic Heritage Trust Data/SfM/SfM_W_external/S7R08464.JPG,1.0,0.9785,0.9892,False,2026-08-17T10:30:46+00:00
9e941152fadd426287b69b0c12e2c777,S7R08465.JPG,UK Antarctic Heritage Trust Data/SfM/SfM_W_external/S7R08465.JPG,1.0,0.942,0.971,False,2026-08-17T10:30:46+00:00
8df5e21c4ff848df8e50ba6175f58027,S7R08466.JPG,UK Antarctic Heritage Trust Data/SfM/SfM_W_external/S7R08466.JPG,1.0,0.9859,0.993,False,2026-08-17T10:30:46+00:00
5a19abc322504244928e02831fa7f3e6,S7R08467.JPG,UK Antarctic Heritage Trust Data/SfM/SfM_W_external/S7R08467.JPG,1.0,0.8501,0.925,False,2026-08-17T10:30:46+00:00
5d8c6e33f76b4e0784794bc2428d95b2,S7R08468.JPG,UK Antarctic Heritage Trust Data/SfM/SfM_W_external/S7R08468.JPG,1.0,0.9749,0.9874,False,2026-08-17T10:30:46+00:00
62ac62f190314571a094283ac94ba03a,S7R08469.JPG,UK Antarctic Heritage Trust Data/SfM/SfM_W_external/S7R08469.JPG,1.0,0.9906,0.9953,False,2026-08-17T10:30:46+00:00
2d61c5d12b4e493cb950a4c974f8e67f,S7R08470.JPG,UK Antarctic Heritage Trust Data/SfM/SfM_W_external/S7R08470.JPG,1.0,0.9803,0.9902,False,2026-08-17T10:30:46+00:00
f4b2fb6a8a1a43e195defe74e7684252,S7R08471.JPG,UK Antarctic Heritage Trust Data/SfM/SfM_W_external/S7R08471.JPG,1.0,0.9632,0.9816,False,2026-08-17T10:30:46+00:00
f62213f328574812ac0aa4379de88d3b,S7R08472.JPG,UK Antarctic Heritage Trust Data/SfM/SfM_W_external/S7R08472.JPG,1.0,0.9908,0.9954,False,2026-08-17T10:30:46+00:00
da8fd993e6e648e894f93e00ed1065d0,S7R08473.JPG,UK Antarctic Heritage Trust Data/SfM/SfM_W_external/S7R08473.JPG,1.0,0.9919,0.996,False,2026-08-17T10:30:46+00:00
565e73a761c7423292f56d48fde33057,S7R08474.JPG,UK Antarctic Heritage Trust Data/SfM/SfM_W_external/S7R08474.JPG,1.0,0.8924,0.9462,False,2026-08-17T10:30:46+00:00
c5159221840b40dca773927b82370fb1,S7R08475.JPG,UK Antarctic Heritage Trust Data/SfM/SfM_W_external/S7R08475.JPG,1.0,0.983,0.9915,False,2026-08-17T10:30:46+00:00
68d5d475818145c48696b9e8fa85ee50,S7R08476.JPG,UK Antarctic Heritage Trust Data/SfM/SfM_W_external/S7R08476.JPG,1.0,0.838,0.919,False,2026-08-17T10:30:46+00:00
e29a93b470dd4f26ac394deda6d8c57f,S7R08477.JPG,UK Antarctic Heritage Trust Data/SfM/SfM_W_external/S7R08477.JPG,1.0,0.7757,0.8878,False,2026-08-17T10:30:46+00:00
3563c220923e48ddb95527b68647ced5,S7R08478.JPG,UK Antarctic Heritage Trust Data/SfM/SfM_W_external/S7R08478.JPG,1.0,0.9602,0.9801,False,2026-08-17T10:30:46+00:00
4668512b6de44974a76ca45feeb115ea,S7R08479.JPG,UK Antarctic Heritage Trust Data/SfM/SfM_W_external/S7R08479.JPG,1.0,0.9761,0.988,False,2026-08-17T10:30:46+00:00
ce154f4947f047498a020a6f7f1d512c,S7R08480.JPG,UK Antarctic Heritage Trust Data/SfM/SfM_W_external/S7R08480.JPG,1.0,0.9402,0.9701,False,2026-08-17T10:30:47+00:00
75a195b50e1147f8b7907a567390e546,S7R08481.JPG,UK Antarctic Heritage Trust Data/SfM/SfM_W_external/S7R08481.JPG,1.0,0.9734,0.9867,False,2026-08-17T10:30:47+00:00
ce752f420e1049b3ba179a9f7fe0b4cc,S7R08482.JPG,UK Antarctic Heritage Trust Data/SfM/SfM_W_external/S7R08482.JPG,1.0,0.9268,0.9634,False,2026-08-17T10:30:47+00:00
586047d12bfe4de38eba47e8959baad8,S7R08483.JPG,UK Antarctic Heritage Trust Data/SfM/SfM_W_external/S7R08483.JPG,1.0,0.9406,0.9703,False,2026-08-17T10:30:47+00:00
defbab039e6f4da7a6affef3e20402ab,S7R08484.JPG,UK Antarctic Heritage Trust Data/SfM/SfM_W_external/S7R08484.JPG,1.0,0.8586,0.9293,False,2026-08-17T10:30:47+00:00
5d8b26a9c89a4f05a51eba93243a346f,S7R08485.JPG,UK Antarctic Heritage Trust Data/SfM/SfM_W_external/S7R08485.JPG,1.0,0.8276,0.9138,False,2026-08-17T10:30:47+00:00
7088605ed9a244729b4795d3df3d27b2,S7R08486.JPG,UK Antarctic Heritage Trust Data/SfM/SfM_W_external/S7R08486.JPG,1.0,0.8978,0.9489,False,2026-08-17T10:30:47+00:00
dc5594b0e9c8465ab66d735bd2e6f4ea,S7R08487.JPG,UK Antarctic Heritage Trust Data/SfM/SfM_W_external/S7R08487.JPG,1.0,0.98,0.99,False,2026-08-17T10:30:47+00:00
fcc2cfffb7d54db29aa76eef61a968bf,S7R08488.JPG,UK Antarctic Heritage Trust Data/SfM/SfM_W_external/S7R08488.JPG,1.0,0.9869,0.9934,False,2026-08-17T10:30:47+00:00
9008a1b7e60943c09e5b7090a79222fe,S7R08489.JPG,UK Antarctic Heritage Trust Data/SfM/SfM_W_external/S7R08489.JPG,0.5651,0.9604,0.7628,False,2026-08-17T10:30:47+00:00
16c9c3de4b3943508138dfb6fd520650,S7R08490.JPG,UK Antarctic Heritage Trust Data/SfM/SfM_W_external/S7R08490.JPG,0.9608,0.933,0.9469,False,2026-08-17T10:30:47+00:00
389f297847944463993908dcedcff8f8,S7R08491.JPG,UK Antarctic Heritage Trust Data/SfM/SfM_W_external/S7R08491.JPG,1.0,0.881,0.9405,False,2026-08-17T10:30:47+00:00
50bff95710994277a37d156acdeaf848,S7R08492.JPG,UK Antarctic Heritage Trust Data/SfM/SfM_W_external/S7R08492.JPG,1.0,0.9676,0.9838,False,2026-08-17T10:30:47+00:00
97562096f1684d429f039300f5afa33d,S7R08493.JPG,UK Antarctic Heritage Trust Data/SfM/SfM_W_external/S7R08493.JPG,1.0,0.9076,0.9538,False,2026-08-17T10:30:47+00:00
d8e741886fee4885b08398ffa5cfdf68,S7R08494.JPG,UK Antarctic Heritage Trust Data/SfM/SfM_W_external/S7R08494.JPG,1.0,0.96,0.98,False,2026-08-17T10:30:47+00:00
7d0988a1a4ea41ac833babd2c4603105,S7R08495.JPG,UK Antarctic Heritage Trust Data/SfM/SfM_W_external/S7R08495.JPG,1.0,0.9224,0.9612,False,2026-08-17T10:30:47+00:00
818d0d04a3da4e6791d0ec2c010e701c,S7R08496.JPG,UK Antarctic Heritage Trust Data/SfM/SfM_W_external/S7R08496.JPG,1.0,0.912,0.956,False,2026-08-17T10:30:47+00:00
24a2ad093bc14a5b81c18e6587462a54,S7R08497.JPG,UK Antarctic Heritage Trust Data/SfM/SfM_W_external/S7R08497.JPG,1.0,0.9433,0.9716,False,2026-08-17T10:30:47+00:00
25aca89951414760a4a2e35b8ad4919e,S7R08498.JPG,UK Antarctic Heritage Trust Data/SfM/SfM_W_external/S7R08498.JPG,1.0,0.9608,0.9804,False,2026-08-17T10:30:47+00:00
6403c4484d9048248514fd7480617b16,S7R08499.JPG,UK Antarctic Heritage Trust Data/SfM/SfM_W_external/S7R08499.JPG,1.0,0.9542,0.9771,False,2026-08-17T10:30:47+00:00
d82b1b9eebcb44f59754ead48104971e,S7R08500.JPG,UK Antarctic Heritage Trust Data/SfM/SfM_W_external/S7R08500.JPG,1.0,0.9642,0.9821,False,2026-08-17T10:30:47+00:00
0bbd30740d034662ab4d943bda25f6f7,S7R08501.JPG,UK Antarctic Heritage Trust Data/SfM/SfM_W_external/S7R08501.JPG,1.0,0.9642,0.9821,False,2026-08-17T10:30:47+00:00
c93f9f8598464052a770caa3d2315219,S7R08502.JPG,UK Antarctic Heritage Trust Data/SfM/SfM_W_external/S7R08502.JPG,1.0,0.8411,0.9206,False,2026-08-17T10:30:47+00:00
9c7b34165ae44f66966e3ee6ed2a2e87,S7R08503.JPG,UK Antarctic Heritage Trust Data/SfM/SfM_W_external/S7R08503.JPG,1.0,0.812,0.906,False,2026-08-17T10:30:47+00:00
a86b1e84bd1d46f084908981d1c0052f,S7R08504.JPG,UK Antarctic Heritage Trust Data/SfM/SfM_W_external/S7R08504.JPG,1.0,0.9034,0.9517,False,2026-08-17T10:30:47+00:00
926614f18b1c4f8ca8449b98f87119bf,S7R08505.JPG,UK Antarctic Heritage Trust Data/SfM/SfM_W_external/S7R08505.JPG,1.0,0.9249,0.9624,False,2026-08-17T10:30:47+00:00
25b1299811d34526a74c028f9d01bf5e,S7R08506.JPG,UK Antarctic Heritage Trust Data/SfM/SfM_W_external/S7R08506.JPG,1.0,0.8869,0.9434,False,2026-08-17T10:30:47+00:00
ac5428dd8b404c7f905f377454c50200,S7R08507.JPG,UK Antarctic Heritage Trust Data/SfM/SfM_W_external/S7R08507.JPG,0.8868,0.9536,0.9202,False,2026-08-17T10:30:47+00:00
24db6406e8ac417ab11dc7af5deefa2c,S7R08508.JPG,UK Antarctic Heritage Trust Data/SfM/SfM_W_external/S7R08508.JPG,0.8822,0.9457,0.914,False,2026-08-17T10:30:47+00:00
a6ee4ce9f28245f5bf53d9f5ecd688ea,S7R08509.JPG,UK Antarctic Heritage Trust Data/SfM/SfM_W_external/S7R08509.JPG,1.0,0.9782,0.9891,False,2026-08-17T10:30:47+00:00
eb99bceaa07c4918966f6ac2db0b4a21,S7R08510.JPG,UK Antarctic Heritage Trust Data/SfM/SfM_W_external/S7R08510.JPG,1.0,0.9456,0.9728,False,2026-08-17T10:30:47+00:00
10771ac0c0b44385a147b4f7e539ace7,S7R08511.JPG,UK Antarctic Heritage Trust Data/SfM/SfM_W_external/S7R08511.JPG,1.0,0.9493,0.9746,False,2026-08-17T10:30:48+00:00
e213216d3dd94922a9df9cf9fd0d216a,S7R08512.JPG,UK Antarctic Heritage Trust Data/SfM/SfM_W_external/S7R08512.JPG,1.0,0.9549,0.9774,False,2026-08-17T10:30:48+00:00
521048fc6b2749b0afd59875da9c68d2,S7R08513.JPG,UK Antarctic Heritage Trust Data/SfM/SfM_W_external/S7R08513.JPG,1.0,0.9673,0.9836,False,2026-08-17T10:30:48+00:00
e71b6badd62f4950867305274f0348ba,S7R08514.JPG,UK Antarctic Heritage Trust Data/SfM/SfM_W_external/S7R08514.JPG,1.0,0.9098,0.9549,False,2026-08-17T10:30:48+00:00
e596fab53cb145fd811ac621c5d4fdca,S7R08515.JPG,UK Antarctic Heritage Trust Data/SfM/SfM_W_external/S7R08515.JPG,1.0,0.9331,0.9666,False,2026-08-17T10:30:48+00:00
e9301b4f0655410785fa1a4f2126787a,S7R08516.JPG,UK Antarctic Heritage Trust Data/SfM/SfM_W_external/S7R08516.JPG,1.0,0.9037,0.9518,False,2026-08-17T10:30:48+00:00
14ee3dcfcfd94e8795025767073c488b,S7R08517.JPG,UK Antarctic Heritage Trust Data/SfM/SfM_W_external/S7R08517.JPG,1.0,0.9741,0.987,False,2026-08-17T10:30:48+00:00
5f12e2fd2d3949b285aee202b033b17e,S7R08518.JPG,UK Antarctic Heritage Trust Data/SfM/SfM_W_external/S7R08518.JPG,1.0,0.9448,0.9724,False,2026-08-17T10:30:48+00:00
1b11a56ff3a54d22ac512c74fff3e409,S7R08519.JPG,UK Antarctic Heritage Trust Data/SfM/SfM_W_external/S7R08519.JPG,1.0,0.9455,0.9728,False,2026-08-17T10:30:48+00:00
32aafb48a96b422a9982d59dc893c547,S7R08520.JPG,UK Antarctic Heritage Trust Data/SfM/SfM_W_external/S7R08520.JPG,1.0,0.769,0.8845,False,2026-08-17T10:30:48+00:00
6062b430a56141479ca5f252e49b0888,S7R08521.JPG,UK Antarctic Heritage Trust Data/SfM/SfM_W_external/S7R08521.JPG,1.0,0.9809,0.9904,False,2026-08-17T10:30:48+00:00
6050059d911843868741664ab4636118,S7R08522.JPG,UK Antarctic Heritage Trust Data/SfM/SfM_W_external/S7R08522.JPG,1.0,0.9062,0.9531,False,2026-08-17T10:30:48+00:00
2290440b70d44553b92efda5078f36d5,S7R08523.JPG,UK Antarctic Heritage Trust Data/SfM/SfM_W_external/S7R08523.JPG,1.0,0.9754,0.9877,False,2026-08-17T10:30:48+00:00
d2727665000147a9bb751d36349dbfff,S7R08524.JPG,UK Antarctic Heritage Trust Data/SfM/SfM_W_external/S7R08524.JPG,1.0,0.9124,0.9562,False,2026-08-17T10:30:48+00:00
0ec3c6a472bb477ebe230ec3de64a579,S7R08525.JPG,UK Antarctic Heritage Trust Data/SfM/SfM_W_external/S7R08525.JPG,1.0,0.934,0.967,False,2026-08-17T10:30:48+00:00
28f9fe7fd95f4abba9d5690489c5e766,S7R08526.JPG,UK Antarctic Heritage Trust Data/SfM/SfM_W_external/S7R08526.JPG,1.0,0.9505,0.9752,False,2026-08-17T10:30:48+00:00
d148340b032d4b7ea6f498aa834ad4fd,S7R08527.JPG,UK Antarctic Heritage Trust Data/SfM/SfM_W_external/S7R08527.JPG,1.0,0.9658,0.9829,False,2026-08-17T10:30:48+00:00
0209144b1736454691b0c7dc7c0580b6,S7R08528.JPG,UK Antarctic Heritage Trust Data/SfM/SfM_W_external/S7R08528.JPG,1.0,0.9728,0.9864,False,2026-08-17T10:30:48+00:00
2d6c7c779b5a43fbae771faace74af14,S7R08529.JPG,UK Antarctic Heritage Trust Data/SfM/SfM_W_external/S7R08529.JPG,1.0,0.9147,0.9574,False,2026-08-17T10:30:48+00:00
f423bf7772fa4e2a9a9eeb95cb860426,S7R08530.JPG,UK Antarctic Heritage Trust Data/SfM/SfM_W_external/S7R08530.JPG,1.0,0.9869,0.9934,False,2026-08-17T10:30:48+00:00
c1ccff9c379341dbb020840cb890bcd0,S7R08531.JPG,UK Antarctic Heritage Trust Data/SfM/SfM_W_external/S7R08531.JPG,1.0,0.9579,0.979,False,2026-08-17T10:30:48+00:00
2f901f79da034aabb4b0e4b3f8427d8b,S7R08532.JPG,UK Antarctic Heritage Trust Data/SfM/SfM_W_external/S7R08532.JPG,0.8044,0.9469,0.8756,False,2026-08-17T10:30:48+00:00
af98457d8e874fddab44b9b8a4458668,S7R08533.JPG,UK Antarctic Heritage Trust Data/SfM/SfM_W_external/S7R08533.JPG,1.0,0.9071,0.9536,False,2026-08-17T10:30:48+00:00
c6bf3086002848b683685a0ba5f4d71f,S7R08534.JPG,UK Antarctic Heritage Trust Data/SfM/SfM_W_external/S7R08534.JPG,1.0,0.8926,0.9463,False,2026-08-17T10:30:48+00:00
6bf4135166f949e4896ab8f592b90117,S7R08535.JPG,UK Antarctic Heritage Trust Data/SfM/SfM_W_external/S7R08535.JPG,1.0,0.9309,0.9654,False,2026-08-17T10:30:48+00:00
6e71311faafe49558bca888bc6b41959,S7R08536.JPG,UK Antarctic Heritage Trust Data/SfM/SfM_W_external/S7R08536.JPG,1.0,0.9783,0.9892,False,2026-08-17T10:30:48+00:00
e56e1f7fd2de40b5ab1c4140079ee1ab,S7R08537.JPG,UK Antarctic Heritage Trust Data/SfM/SfM_W_external/S7R08537.JPG,1.0,0.9639,0.982,False,2026-08-17T10:30:48+00:00
1ebb729f760d4152a36b16d66117e241,S7R08538.JPG,UK Antarctic Heritage Trust Data/SfM/SfM_W_external/S7R08538.JPG,1.0,0.9402,0.9701,False,2026-08-17T10:30:48+00:00
f8ea5599232b45c1a9307a3d1d1b0526,S7R08539.JPG,UK Antarctic Heritage Trust Data/SfM/SfM_W_external/S7R08539.JPG,1.0,0.9746,0.9873,False,2026-08-17T10:30:48+00:00
8fd8fd57b2934a388522fca420283d0d,S7R08540.JPG,UK Antarctic Heritage Trust Data/SfM/SfM_W_external/S7R08540.JPG,1.0,0.876,0.938,False,2026-08-17T10:30:48+00:00
cd34c3f094804dd392e46205e6d667c8,S7R08541.JPG,UK Antarctic Heritage Trust Data/SfM/SfM_W_external/S7R08541.JPG,1.0,0.5849,0.7924,False,2026-08-17T10:30:48+00:00
58e07cdcc0344c7cabebf06616940a08,S7R08542.JPG,UK Antarctic Heritage Trust Data/SfM/SfM_W_external/S7R08542.JPG,1.0,0.9545,0.9772,False,2026-08-17T10:30:49+00:00
e480aa4f2eea4dacab1ed2528de79c7a,S7R08543.JPG,UK Antarctic Heritage Trust Data/SfM/SfM_W_external/S7R08543.JPG,0.8445,0.8761,0.8603,False,2026-08-17T10:30:49+00:00
2f568146021145cc82b71d4d652f0688,S7R08544.JPG,UK Antarctic Heritage Trust Data/SfM/SfM_W_external/S7R08544.JPG,1.0,0.9399,0.97,False,2026-08-17T10:30:49+00:00
2888c2a93bc342be876bdac98d21bde1,S7R08545.JPG,UK Antarctic Heritage Trust Data/SfM/SfM_W_external/S7R08545.JPG,1.0,0.9262,0.9631,False,2026-08-17T10:30:49+00:00
a1fcef64304842d9a85e2b48bec698c5,S7R08546.JPG,UK Antarctic Heritage Trust Data/SfM/SfM_W_external/S7R08546.JPG,1.0,0.9002,0.9501,False,2026-08-17T10:30:49+00:00
11e83d2cc28c448e80975b52a6116022,S7R08547.JPG,UK Antarctic Heritage Trust Data/SfM/SfM_W_external/S7R08547.JPG,0.6783,0.9237,0.801,False,2026-08-17T10:30:49+00:00
f3eb5a87baae453ba535f7fd1bdce868,S7R08548.JPG,UK Antarctic Heritage Trust Data/SfM/SfM_W_external/S7R08548.JPG,1.0,0.9547,0.9774,False,2026-08-17T10:30:49+00:00
bdbd97e346b246f58de6f2fcc828d95b,S7R08549.JPG,UK Antarctic Heritage Trust Data/SfM/SfM_W_external/S7R08549.JPG,1.0,0.9629,0.9814,False,2026-08-17T10:30:49+00:00
5e734d1754924522a67e4f9514644726,S7R08550.JPG,UK Antarctic Heritage Trust Data/SfM/SfM_W_external/S7R08550.JPG,1.0,0.7771,0.8886,False,2026-08-17T10:30:49+00:00
741fc665860d4d02961c4ee7deca4125,S7R08551.JPG,UK Antarctic Heritage Trust Data/SfM/SfM_W_external/S7R08551.JPG,0.362,0.984,0.673,False,2026-08-17T10:30:49+00:00
1b7cffce93764abd84ebee981942e012,S7R08552.JPG,UK Antarctic Heritage Trust Data/SfM/SfM_W_external/S7R08552.JPG,1.0,0.9118,0.9559,False,2026-08-17T10:30:49+00:00
b09aa02472454dbd95cb2b7bcc3eb533,S7R08553.JPG,UK Antarctic Heritage Trust Data/SfM/SfM_W_external/S7R08553.JPG,1.0,0.9594,0.9797,False,2026-08-17T10:30:49+00:00
9793e556dbe548f48bedf21cd7e98d57,S7R08554.JPG,UK Antarctic Heritage Trust Data/SfM/SfM_W_external/S7R08554.JPG,1.0,0.9224,0.9612,False,2026-08-17T10:30:49+00:00
1c39a30584a344e5b830c785dcefaad7,S7R08555.JPG,UK Antarctic Heritage Trust Data/SfM/SfM_W_external/S7R08555.JPG,1.0,0.9713,0.9856,False,2026-08-17T10:30:49+00:00
fdaaf9b0750d4b26b0fab8786c13bdbd,S7R08556.JPG,UK Antarctic Heritage Trust Data/SfM/SfM_W_external/S7R08556.JPG,1.0,0.9957,0.9978,False,2026-08-17T10:30:49+00:00
b0b5aaa0e6a1410f99df57f6425f2150,S7R08557.JPG,UK Antarctic Heritage Trust Data/SfM/SfM_W_external/S7R08557.JPG,0.9183,0.815,0.8666,False,2026-08-17T10:30:49+00:00
0cf8b7fb6b6b4bd190b0b47e3db03703,S7R08558.JPG,UK Antarctic Heritage Trust Data/SfM/SfM_W_external/S7R08558.JPG,1.0,0.9532,0.9766,False,2026-08-17T10:30:49+00:00
a60c983495914a6db3b0911d33fc6ded,S7R08559.JPG,UK Antarctic Heritage Trust Data/SfM/SfM_W_external/S7R08559.JPG,1.0,0.5488,0.7744,False,2026-08-17T10:30:49+00:00
306339c481d04fb5b1cb4848da01ac99,S7R08560.JPG,UK Antarctic Heritage Trust Data/SfM/SfM_W_external/S7R08560.JPG,1.0,0.8256,0.9128,False,2026-08-17T10:30:49+00:00
a547fecb54e1412ea94d9d1aee35f4fb,S7R08561.JPG,UK Antarctic Heritage Trust Data/SfM/SfM_W_external/S7R08561.JPG,1.0,0.9263,0.9632,False,2026-08-17T10:30:49+00:00
7bd5e9b166f84c73b9ddec93e1def931,S7R08562.JPG,UK Antarctic Heritage Trust Data/SfM/SfM_W_external/S7R08562.JPG,1.0,0.9108,0.9554,False,2026-08-17T10:30:49+00:00
2dbff1d95ff04010b834c401bb8e4e9c,S7R08563.JPG,UK Antarctic Heritage Trust Data/SfM/SfM_W_external/S7R08563.JPG,1.0,0.9448,0.9724,False,2026-08-17T10:30:49+00:00
b8672151834445b2bd0caafe7f9dfb29,S7R08564.JPG,UK Antarctic Heritage Trust Data/SfM/SfM_W_external/S7R08564.JPG,1.0,0.9111,0.9556,False,2026-08-17T10:30:49+00:00
4c0a7b3da39044e8a929a33204a01275,S7R08565.JPG,UK Antarctic Heritage Trust Data/SfM/SfM_W_external/S7R08565.JPG,1.0,0.9489,0.9744,False,2026-08-17T10:30:49+00:00
2c63fdbe4fab4be0809ddf2e868a1613,S7R08566.JPG,UK Antarctic Heritage Trust Data/SfM/SfM_W_external/S7R08566.JPG,1.0,0.9517,0.9758,False,2026-08-17T10:30:49+00:00
9b2926ee38844b5ca17e472383c00399,S7R08567.JPG,UK Antarctic Heritage Trust Data/SfM/SfM_W_external/S7R08567.JPG,1.0,0.955,0.9775,False,2026-08-17T10:30:49+00:00
5ba80b570c8841c5a9762262917f396e,S7R08568.JPG,UK Antarctic Heritage Trust Data/SfM/SfM_W_external/S7R08568.JPG,1.0,0.985,0.9925,False,2026-08-17T10:30:49+00:00
58fe18e5d2f04a74b508415a7c1bd1f4,S7R08569.JPG,UK Antarctic Heritage Trust Data/SfM/SfM_W_external/S7R08569.JPG,1.0,0.9859,0.993,False,2026-08-17T10:30:49+00:00
5484c8881964496ebc986e5d7f787a5b,S7R08570.JPG,UK Antarctic Heritage Trust Data/SfM/SfM_W_external/S7R08570.JPG,1.0,0.9649,0.9824,False,2026-08-17T10:30:49+00:00
23577f1510b2454697276f94dbe47c41,S7R08571.JPG,UK Antarctic Heritage Trust Data/SfM/SfM_W_external/S7R08571.JPG,1.0,0.9896,0.9948,False,2026-08-17T10:30:49+00:00
24030cb7a1324ef7b70afdfed6dd7cbb,S7R08572.JPG,UK Antarctic Heritage Trust Data/SfM/SfM_W_external/S7R08572.JPG,1.0,0.9288,0.9644,False,2026-08-17T10:30:49+00:00
6a8d550f6dcb43968550a73e9d7a82cb,S7R08573.JPG,UK Antarctic Heritage Trust Data/SfM/SfM_W_external/S7R08573.JPG,1.0,0.9492,0.9746,False,2026-08-17T10:30:49+00:00
ff49bc28731c437796542c364c34867a,S7R08574.JPG,UK Antarctic Heritage Trust Data/SfM/SfM_W_external/S7R08574.JPG,1.0,0.9628,0.9814,False,2026-08-17T10:30:50+00:00
547bf39baac2487c904983af63731dbc,S7R08575.JPG,UK Antarctic Heritage Trust Data/SfM/SfM_W_external/S7R08575.JPG,1.0,0.9756,0.9878,False,2026-08-17T10:30:50+00:00
3d7c7f60c9f64b7a97d08a6c1e60b15c,S7R08576.JPG,UK Antarctic Heritage Trust Data/SfM/SfM_W_external/S7R08576.JPG,1.0,0.8546,0.9273,False,2026-08-17T10:30:50+00:00
713fe79aa8024dbd80ab4711046e4e4c,S7R08577.JPG,UK Antarctic Heritage Trust Data/SfM/SfM_W_external/S7R08577.JPG,1.0,0.9482,0.9741,False,2026-08-17T10:30:50+00:00
001ff069b9454cac94e962e1a0976ec8,S7R08578.JPG,UK Antarctic Heritage Trust Data/SfM/SfM_W_external/S7R08578.JPG,1.0,0.959,0.9795,False,2026-08-17T10:30:50+00:00
161aaf1ce2c9418aa43f5ca7f6a73aa1,S7R08579.JPG,UK Antarctic Heritage Trust Data/SfM/SfM_W_external/S7R08579.JPG,1.0,0.9634,0.9817,False,2026-08-17T10:30:50+00:00
25305e1338314f389f15155e757f698d,S7R08580.JPG,UK Antarctic Heritage Trust Data/SfM/SfM_W_external/S7R08580.JPG,1.0,0.6424,0.8212,False,2026-08-17T10:30:50+00:00
74c5e665f02c4064aca412d97dad1567,S7R08581.JPG,UK Antarctic Heritage Trust Data/SfM/SfM_W_external/S7R08581.JPG,1.0,0.9332,0.9666,False,2026-08-17T10:30:50+00:00
14743c9143c145c5bb809b9df3e3f7ad,S7R08582.JPG,UK Antarctic Heritage Trust Data/SfM/SfM_W_external/S7R08582.JPG,1.0,0.8305,0.9152,False,2026-08-17T10:30:50+00:00
ea3b8c417c084d818083899402d6cc2e,1 (10).JPG,UK Antarctic Heritage Trust Data/Various_A/1 (10).JPG,0.0611,0.9884,0.5247,False,2026-08-17T10:30:50+00:00
be6080c36e124a4faefd5a1da573d00e,1 (12).JPG,UK Antarctic Heritage Trust Data/Various_A/1 (12).JPG,0.1009,0.6443,0.3726,False,2026-08-17T10:30:50+00:00
ffd328dd701b42499dad12cf83ba9df3,1 (19).JPG,UK Antarctic Heritage Trust Data/Various_A/1 (19).JPG,0.1213,0.9587,0.54,False,2026-08-17T10:30:50+00:00
d4fd727706b449e79535ca29b4f92a7d,1 (39).JPG,UK Antarctic Heritage Trust Data/Various_A/1 (39).JPG,0.0281,0.5076,0.2679,False,2026-08-17T10:30:51+00:00
c250ed29e5234cc9bfb71f666f17d6d4,1 (47).JPG,UK Antarctic Heritage Trust Data/Various_A/1 (47).JPG,0.0813,0.8886,0.485,False,2026-08-17T10:30:51+00:00
f931a05c58674fe1b7a6e6807b68808f,1 (8).JPG,UK Antarctic Heritage Trust Data/Various_A/1 (8).JPG,0.0235,0.8821,0.4528,False,2026-08-17T10:30:51+00:00
f47fcc8fbed44975a39de3575e16d226,1.JPG,UK Antarctic Heritage Trust Data/Various_A/1.JPG,0.0608,0.9785,0.5197,False,2026-08-17T10:30:51+00:00
5e56e3bbad4643dfbfebfa51f58bb264,2.JPG,UK Antarctic Heritage Trust Data/Various_A/2.JPG,0.0971,0.8786,0.4878,False,2026-08-17T10:30:51+00:00
ef53fabf4139421bb996777dc9db7a47,20121121-DSC_0811 FK.jpg,UK Antarctic Heritage Trust Data/Various_A/20121121-DSC_0811 FK.jpg,0.2464,0.9138,0.5801,False,2026-08-17T10:30:51+00:00
f43c678b24a44a17af05dcb12569d55a,3.JPG,UK Antarctic Heritage Trust Data/Various_A/3.JPG,0.0777,0.9509,0.5143,False,2026-08-17T10:30:51+00:00
eb65c636b5bc4e41a5d59057654fd6d3,4.JPG,UK Antarctic Heritage Trust Data/Various_A/4.JPG,0.086,0.8986,0.4923,False,2026-08-17T10:30:51+00:00
47fc80d1dbba4474a41a10924541ac18,A true Antarctic scene. Kristine Hannon.jpg,UK Antarctic Heritage Trust Data/Various_A/A true Antarctic scene. Kristine Hannon.jpg,0.0387,0.7811,0.4099,False,2026-08-17T10:30:52+00:00
8cb52db26eef470d9cfb8caf22770a95,Ad Chart scan 3.jpg,UK Antarctic Heritage Trust Data/Various_A/Ad Chart scan 3.jpg,1.0,0.0425,0.5212,False,2026-08-17T10:30:52+00:00
b8173ee8180a4942be03aa7d59309a40,BHPorch2.JPG,UK Antarctic Heritage Trust Data/Various_A/BHPorch2.JPG,0.1218,0.7226,0.4222,False,2026-08-17T10:30:52+00:00
8d58920275f94d57b3c34ac82d3052f0,BRANSFIELD HOUSE Ylva P1010793.JPG,UK Antarctic Heritage Trust Data/Various_A/BRANSFIELD HOUSE Ylva P1010793.JPG,0.0896,0.9086,0.4991,False,2026-08-17T10:30:52+00:00
ade4c3d65edb4c969aefd2ce1b86e3b5,BRANSFIELD HOUSE Ylva P10107931.JPG,UK Antarctic Heritage Trust Data/Various_A/BRANSFIELD HOUSE Ylva P10107931.JPG,0.0896,0.9086,0.4991,False,2026-08-17T10:30:52+00:00
99527a22ac334ca1aa1ce3a3e7d3b0c4,BaseASign.JPG,UK Antarctic Heritage Trust Data/Various_A/BaseASign.JPG,0.1695,0.841,0.5052,False,2026-08-17T10:30:52+00:00
f78dfd77e21e4bdab71ab595b9331660,BitumenBoatShedDSC02535.JPG,UK Antarctic Heritage Trust Data/Various_A/BitumenBoatShedDSC02535.JPG,0.4654,0.426,0.4457,False,2026-08-17T10:30:52+00:00
c4d571da5e7545c299aa0bd16f391317,Bransfield House 2011 Ylva Grams P1000662.jpg,UK Antarctic Heritage Trust Data/Various_A/Bransfield House 2011 Ylva Grams P1000662.jpg,0.1158,0.8205,0.4682,False,2026-08-17T10:30:52+00:00
7f50e70a81064887997b96f7315fc6ec,"Bransfield House, Kristine Hannon (1).jpg","UK Antarctic Heritage Trust Data/Various_A/Bransfield House, Kristine Hannon (1).jpg",0.3653,0.9483,0.6568,False,2026-08-17T10:30:52+00:00
9c7fb9ca6c48462786a63ac175075600,CAT TOTTY - Claire DSC06438.JPG,UK Antarctic Heritage Trust Data/Various_A/CAT TOTTY - Claire DSC06438.JPG,0.2284,0.9258,0.5771,False,2026-08-17T10:30:52+00:00
5d1bd959d97341038d7c904e8d5fd0a2,CAT TOTTY - Rachel P1040162.jpg,UK Antarctic Heritage Trust Data/Various_A/CAT TOTTY - Rachel P1040162.jpg,0.731,0.8825,0.8068,False,2026-08-17T10:30:52+00:00
eeaeca431ce64e728bad5df010c7a25f,CAT TOTTY P1000953 Ylva.JPG,UK Antarctic Heritage Trust Data/Various_A/CAT TOTTY P1000953 Ylva.JPG,0.0609,0.8496,0.4552,False,2026-08-17T10:30:52+00:00
b3e9f34c4cce46b1a7cad1851216aba9,CAT TOTTY Rachel P1040161.JPG,UK Antarctic Heritage Trust Data/Various_A/CAT TOTTY Rachel P1040161.JPG,0.6569,0.8577,0.7573,False,2026-08-17T10:30:52+00:00
984898e090a54d55ae8a58f155d973c4,Cat IMG_0846.JPG,UK Antarctic Heritage Trust Data/Various_A/Cat IMG_0846.JPG,0.324,0.8063,0.5652,False,2026-08-17T10:30:53+00:00
4c6d2f309ed641bda3adf372851ed9d3,Claire IMG_1633.JPG,UK Antarctic Heritage Trust Data/Various_A/Claire IMG_1633.JPG,0.217,0.9828,0.5999,False,2026-08-17T10:30:53+00:00
be75a9af9547447ebc4a003a2175e6fd,DSC_0025.JPG,UK Antarctic Heritage Trust Data/Various_A/DSC_0025.JPG,0.0224,0.771,0.3967,False,2026-08-17T10:30:53+00:00
9d699190574d4182aa0c9057fe574d88,DSC_0029.JPG,UK Antarctic Heritage Trust Data/Various_A/DSC_0029.JPG,0.0797,0.9792,0.5294,False,2026-08-17T10:30:53+00:00
55eeafdd49fe40ceacd853422b8cc3ce,DSC_0033.JPG,UK Antarctic Heritage Trust Data/Various_A/DSC_0033.JPG,0.2048,0.8899,0.5474,False,2026-08-17T10:30:53+00:00
34309ac739864c3db5f06e099300f4bd,DSC_0037.JPG,UK Antarctic Heritage Trust Data/Various_A/DSC_0037.JPG,0.3197,0.8871,0.6034,False,2026-08-17T10:30:53+00:00
b9be174325b44e05a7b207e20914b5d5,DSC_0039.JPG,UK Antarctic Heritage Trust Data/Various_A/DSC_0039.JPG,0.0629,0.9307,0.4968,False,2026-08-17T10:30:53+00:00
9bca58565640428389644848545b46fc,DSC_0040.JPG,UK Antarctic Heritage Trust Data/Various_A/DSC_0040.JPG,0.0482,0.9765,0.5124,False,2026-08-17T10:30:53+00:00
4137d2a951ea4e57a8919155ff4a9c2d,DSC_0046.JPG,UK Antarctic Heritage Trust Data/Various_A/DSC_0046.JPG,0.0431,0.9244,0.4838,False,2026-08-17T10:30:53+00:00
e79bee561dda46e0bd87087aa42a59ed,DSC_0047.JPG,UK Antarctic Heritage Trust Data/Various_A/DSC_0047.JPG,0.0661,0.9073,0.4867,False,2026-08-17T10:30:53+00:00
932ea813c5ea4a999b83f9fddb59cdaa,DSC_0057.JPG,UK Antarctic Heritage Trust Data/Various_A/DSC_0057.JPG,0.0273,0.9644,0.4958,False,2026-08-17T10:30:53+00:00
2e74204654f2466c8c573767cbfd4ee1,DSC_0058.JPG,UK Antarctic Heritage Trust Data/Various_A/DSC_0058.JPG,0.3427,0.7632,0.553,False,2026-08-17T10:30:54+00:00
b47b4ef7b0e94a1da9c279f0729ffae4,DSC_0061.JPG,UK Antarctic Heritage Trust Data/Various_A/DSC_0061.JPG,0.093,0.8257,0.4594,False,2026-08-17T10:30:54+00:00
ed0e0c79e5ab45c7a66ae6ff5eb9f40a,DSC_00611.JPG,UK Antarctic Heritage Trust Data/Various_A/DSC_00611.JPG,0.093,0.8257,0.4594,False,2026-08-17T10:30:54+00:00
551fc8866fc84f669d5d8534427f6dc8,DSC_0066 TJOM.JPG,UK Antarctic Heritage Trust Data/Various_A/DSC_0066 TJOM.JPG,0.0595,0.9265,0.493,False,2026-08-17T10:30:54+00:00
d625b76a365d467f8aceeeacf2699625,DSC_0068 - TJOM.JPG,UK Antarctic Heritage Trust Data/Various_A/DSC_0068 - TJOM.JPG,0.0777,0.9509,0.5143,False,2026-08-17T10:30:54+00:00
6532968358b048a1907de491f6227945,DSC_0069 TJOM.JPG,UK Antarctic Heritage Trust Data/Various_A/DSC_0069 TJOM.JPG,0.0466,0.9129,0.4798,False,2026-08-17T10:30:54+00:00
ff3d5be267db4fb6ad9f62051523c971,DSC_0069.JPG,UK Antarctic Heritage Trust Data/Various_A/DSC_0069.JPG,0.0559,0.9277,0.4918,False,2026-08-17T10:30:54+00:00
9bcff77436514740ab9d1e1e95c2792e,DSC_00691.jpg,UK Antarctic Heritage Trust Data/Various_A/DSC_00691.jpg,0.3712,0.9286,0.6499,False,2026-08-17T10:30:54+00:00
4c94c0f3543e445f911b702613dc548d,DSC_0070 TJOM.JPG,UK Antarctic Heritage Trust Data/Various_A/DSC_0070 TJOM.JPG,0.0529,0.873,0.463,False,2026-08-17T10:30:54+00:00
9b9596b927e649bea51e8a3b30d31332,DSC_0071 TJOM.JPG,UK Antarctic Heritage Trust Data/Various_A/DSC_0071 TJOM.JPG,0.0386,0.8599,0.4492,False,2026-08-17T10:30:54+00:00
9bca57e3fb134c10b726bbe08c0483cb,DSC_0072 TJOM.JPG,UK Antarctic Heritage Trust Data/Various_A/DSC_0072 TJOM.JPG,0.0971,0.8786,0.4878,False,2026-08-17T10:30:54+00:00
c6cb658c0ba947b8964e9e51a583dd9e,DSC_0079 TJOM.JPG,UK Antarctic Heritage Trust Data/Various_A/DSC_0079 TJOM.JPG,0.0836,0.8851,0.4844,False,2026-08-17T10:30:54+00:00
2420dda717e74e73abf616e8615f7d9b,DSC_0081.JPG,UK Antarctic Heritage Trust Data/Various_A/DSC_0081.JPG,0.0194,0.8868,0.4531,False,2026-08-17T10:30:55+00:00
8028c8e2b7fe4384b1b07af86ed0b076,DSC_0083.JPG,UK Antarctic Heritage Trust Data/Various_A/DSC_0083.JPG,0.0915,0.881,0.4862,False,2026-08-17T10:30:55+00:00
21de8195d9414adea6c125f46ae2edc3,DSC_0086.JPG,UK Antarctic Heritage Trust Data/Various_A/DSC_0086.JPG,0.052,0.9987,0.5254,False,2026-08-17T10:30:55+00:00
c22f1e560a32434587d75501c5efc8c5,DSC_0089 TJOM.JPG,UK Antarctic Heritage Trust Data/Various_A/DSC_0089 TJOM.JPG,0.0518,0.8202,0.436,False,2026-08-17T10:30:55+00:00
d9e89f8e8f764440a3c4823f1c55bc49,DSC_0089.JPG,UK Antarctic Heritage Trust Data/Various_A/DSC_0089.JPG,0.0664,0.9176,0.492,False,2026-08-17T10:30:55+00:00
27d53e0e7da1426ebbd4a2898fc9f39a,DSC_0101 TJOM.JPG,UK Antarctic Heritage Trust Data/Various_A/DSC_0101 TJOM.JPG,0.0844,0.7385,0.4114,False,2026-08-17T10:30:55+00:00
285f830b43bd49f88e7503f52e85b5de,DSC_0104.JPG,UK Antarctic Heritage Trust Data/Various_A/DSC_0104.JPG,0.062,0.9596,0.5108,False,2026-08-17T10:30:55+00:00
b1f853e872e4455b8594213da637d7c2,DSC_0107 TJOM.JPG,UK Antarctic Heritage Trust Data/Various_A/DSC_0107 TJOM.JPG,0.086,0.8986,0.4923,False,2026-08-17T10:30:55+00:00
b6b6ff351e514adda879aba1e25efac8,DSC_0108 TJOM.JPG,UK Antarctic Heritage Trust Data/Various_A/DSC_0108 TJOM.JPG,0.0409,0.9063,0.4736,False,2026-08-17T10:30:55+00:00
26fe9f8f97ea434f9375196679d543bf,DSC_0112.JPG,UK Antarctic Heritage Trust Data/Various_A/DSC_0112.JPG,0.0565,0.9954,0.526,False,2026-08-17T10:30:55+00:00
94ed0d9e07724cdd9a8f6392928f102e,DSC_0115.JPG,UK Antarctic Heritage Trust Data/Various_A/DSC_0115.JPG,0.4446,0.9943,0.7194,False,2026-08-17T10:30:55+00:00
9364ae38ae804887ab846125f6858eab,DSC_0116.JPG,UK Antarctic Heritage Trust Data/Various_A/DSC_0116.JPG,0.0607,0.878,0.4694,False,2026-08-17T10:30:55+00:00
74b00aafa484497e9f7f13ba87fb9112,DSC_0120.JPG,UK Antarctic Heritage Trust Data/Various_A/DSC_0120.JPG,0.2105,0.9341,0.5723,False,2026-08-17T10:30:56+00:00
691dd0745a134b868c955b5667a15c9c,DSC_0142.JPG,UK Antarctic Heritage Trust Data/Various_A/DSC_0142.JPG,0.0237,0.7774,0.4005,False,2026-08-17T10:30:56+00:00
16272af29e5f4eb7944ac0b4e51892a1,DSC_0146 (2).JPG,UK Antarctic Heritage Trust Data/Various_A/DSC_0146 (2).JPG,0.1113,0.7239,0.4176,False,2026-08-17T10:30:56+00:00
6f3e1d8007bc472b89d3dd1d483c270f,DSC_0146.JPG,UK Antarctic Heritage Trust Data/Various_A/DSC_0146.JPG,0.0364,0.9503,0.4934,False,2026-08-17T10:30:56+00:00
fc8f5220a8e6474b8a1b0c60c8e78055,DSC_0154.JPG,UK Antarctic Heritage Trust Data/Various_A/DSC_0154.JPG,0.0588,0.8829,0.4708,False,2026-08-17T10:30:56+00:00
333b58babcd74e25a23912527f7a81a9,DSC_0161.JPG,UK Antarctic Heritage Trust Data/Various_A/DSC_0161.JPG,0.1086,0.9739,0.5412,False,2026-08-17T10:30:56+00:00
3f9a62b6708e4cd191d06347b995f6b2,DSC_0166.JPG,UK Antarctic Heritage Trust Data/Various_A/DSC_0166.JPG,0.0765,0.9775,0.527,False,2026-08-17T10:30:56+00:00
a38074fe871f406b8257a324481d2082,DSC_0175.JPG,UK Antarctic Heritage Trust Data/Various_A/DSC_0175.JPG,0.0853,0.9824,0.5339,False,2026-08-17T10:30:56+00:00
f408e300bd6b40998b3d6196e699492b,DSC_0177.JPG,UK Antarctic Heritage Trust Data/Various_A/DSC_0177.JPG,0.1603,0.9562,0.5582,False,2026-08-17T10:30:56+00:00
f68dbed7eb6847c291248a0ef49991c7,DSC_0180.JPG,UK Antarctic Heritage Trust Data/Various_A/DSC_0180.JPG,0.0214,0.8754,0.4484,False,2026-08-17T10:30:56+00:00
c38197f34db64722b8b5784eb0c42df2,DSC_0181.JPG,UK Antarctic Heritage Trust Data/Various_A/DSC_0181.JPG,0.0654,0.9836,0.5245,False,2026-08-17T10:30:56+00:00
3e6fb518d55640abbc8b02df1d76b198,DSC_0188.JPG,UK Antarctic Heritage Trust Data/Various_A/DSC_0188.JPG,0.1733,0.8639,0.5186,False,2026-08-17T10:30:57+00:00
50465d5a6743473fa2ab5c1d4ab6f00e,DSC_0195.JPG,UK Antarctic Heritage Trust Data/Various_A/DSC_0195.JPG,0.027,0.8386,0.4328,False,2026-08-17T10:30:57+00:00
a957a417b3cb403fb90b90904c2e7dac,DSC_01951.JPG,UK Antarctic Heritage Trust Data/Various_A/DSC_01951.JPG,0.027,0.8386,0.4328,False,2026-08-17T10:30:57+00:00
00b3289ae56b4c728c660551e72c853c,DSC_0198.JPG,UK Antarctic Heritage Trust Data/Various_A/DSC_0198.JPG,0.0585,0.8297,0.4441,False,2026-08-17T10:30:57+00:00
587b4b71f65445bdb47dad2d34e64fc9,DSC_0199.JPG,UK Antarctic Heritage Trust Data/Various_A/DSC_0199.JPG,0.072,0.8368,0.4544,False,2026-08-17T10:30:57+00:00
f41abf664fc9436b822ec3d4e71c3d19,DSC_0200.JPG,UK Antarctic Heritage Trust Data/Various_A/DSC_0200.JPG,0.0633,0.8923,0.4778,False,2026-08-17T10:30:57+00:00
704293668e3e4fe096fd690f5aab7043,DSC_0201.JPG,UK Antarctic Heritage Trust Data/Various_A/DSC_0201.JPG,0.0774,0.86,0.4687,False,2026-08-17T10:30:57+00:00
52b17f3db2c64bd8867653aae864f2fe,DSC_02011.JPG,UK Antarctic Heritage Trust Data/Various_A/DSC_02011.JPG,0.0774,0.86,0.4687,False,2026-08-17T10:30:57+00:00
9f88858fe0bf4660b50ed22509ae0de6,DSC_0202.JPG,UK Antarctic Heritage Trust Data/Various_A/DSC_0202.JPG,0.0454,0.99,0.5177,False,2026-08-17T10:30:57+00:00
a21a6c29d73d4e57b43fa41c6e169838,DSC_0203.JPG,UK Antarctic Heritage Trust Data/Various_A/DSC_0203.JPG,0.0221,0.8538,0.438,False,2026-08-17T10:30:57+00:00
91fbb74c1cbb43829843b50870c5ff93,DSC_0204.JPG,UK Antarctic Heritage Trust Data/Various_A/DSC_0204.JPG,0.0418,0.9242,0.483,False,2026-08-17T10:30:57+00:00
462df12b43414fb6b11f67bec1c7825a,DSC_0205.JPG,UK Antarctic Heritage Trust Data/Various_A/DSC_0205.JPG,0.0571,0.982,0.5196,False,2026-08-17T10:30:57+00:00
0187204f4fc64f99a004115169378e85,DSC_0206.JPG,UK Antarctic Heritage Trust Data/Various_A/DSC_0206.JPG,0.0388,0.8678,0.4533,False,2026-08-17T10:30:58+00:00
02576a46917e45119a21dc23440f7f7e,DSC_0207.JPG,UK Antarctic Heritage Trust Data/Various_A/DSC_0207.JPG,0.0396,0.8652,0.4524,False,2026-08-17T10:30:58+00:00
3012ee12e0414a18b3b2c328afd711e6,DSC_0215.JPG,UK Antarctic Heritage Trust Data/Various_A/DSC_0215.JPG,0.0356,0.9029,0.4692,False,2026-08-17T10:30:58+00:00
c01b7760e0ae48138e3aa5cb4ea90fd5,DSC_0216.JPG,UK Antarctic Heritage Trust Data/Various_A/DSC_0216.JPG,0.0686,0.8034,0.436,False,2026-08-17T10:30:58+00:00
4a5ab0fca0094851b4856ba6b1c37dfa,DSC_02161.JPG,UK Antarctic Heritage Trust Data/Various_A/DSC_02161.JPG,0.0686,0.8034,0.436,False,2026-08-17T10:30:58+00:00
002e74b786ae40c8996e6ac0fb5d2f47,DSC_0217.JPG,UK Antarctic Heritage Trust Data/Various_A/DSC_0217.JPG,0.1121,0.8517,0.4819,False,2026-08-17T10:30:58+00:00
d38dba8e29d1470fb0714791f59257e1,DSC_0219.JPG,UK Antarctic Heritage Trust Data/Various_A/DSC_0219.JPG,0.0961,0.87,0.483,False,2026-08-17T10:30:58+00:00
a03752ef84d94e53831177a3443a4c50,DSC_0221.JPG,UK Antarctic Heritage Trust Data/Various_A/DSC_0221.JPG,0.0463,0.898,0.4722,False,2026-08-17T10:30:58+00:00
8f984ae0b76046ac8506fd666753f893,DSC_0222.JPG,UK Antarctic Heritage Trust Data/Various_A/DSC_0222.JPG,0.1158,0.9799,0.5478,False,2026-08-17T10:30:58+00:00
10ce0d4c17df4235b5109a02de0eb221,DSC_0227.JPG,UK Antarctic Heritage Trust Data/Various_A/DSC_0227.JPG,0.0986,0.8881,0.4934,False,2026-08-17T10:30:58+00:00
66a548a51bdd413187f79653ce8cc589,DSC_0228.JPG,UK Antarctic Heritage Trust Data/Various_A/DSC_0228.JPG,0.1238,0.9057,0.5147,False,2026-08-17T10:30:58+00:00
15b70e106be4420b8e347da125f7809c,DSC_0229.JPG,UK Antarctic Heritage Trust Data/Various_A/DSC_0229.JPG,0.0921,0.8926,0.4923,False,2026-08-17T10:30:58+00:00
987c6cb6ff734ea092843aecc633999b,DSC_0230.JPG,UK Antarctic Heritage Trust Data/Various_A/DSC_0230.JPG,0.0889,0.8676,0.4782,False,2026-08-17T10:30:58+00:00
a47fc7b7f8544524bface397a5e88445,DSC_02301.JPG,UK Antarctic Heritage Trust Data/Various_A/DSC_02301.JPG,0.0889,0.8676,0.4782,False,2026-08-17T10:30:59+00:00
2a0d343f61ee45c1b76c43027703030c,DSC_0231.JPG,UK Antarctic Heritage Trust Data/Various_A/DSC_0231.JPG,0.0648,0.8184,0.4416,False,2026-08-17T10:30:59+00:00
5da8ecd94c914073ba9feed61b41ceb4,DSC_02311.JPG,UK Antarctic Heritage Trust Data/Various_A/DSC_02311.JPG,0.0648,0.8184,0.4416,False,2026-08-17T10:30:59+00:00
bf5165fed94246ed982eda16b3ab6a41,DSC_0232.JPG,UK Antarctic Heritage Trust Data/Various_A/DSC_0232.JPG,0.0922,0.8934,0.4928,False,2026-08-17T10:30:59+00:00
bbba925fda7d4dbc87033fb70e6fd844,DSC_0233.JPG,UK Antarctic Heritage Trust Data/Various_A/DSC_0233.JPG,0.0423,0.9609,0.5016,False,2026-08-17T10:30:59+00:00
f749110822594232b451386a2953144a,DSC_0234.JPG,UK Antarctic Heritage Trust Data/Various_A/DSC_0234.JPG,0.0914,0.9081,0.4998,False,2026-08-17T10:30:59+00:00
2c627fd507dc4d94a7a11849d31b1eee,DSC_0235.JPG,UK Antarctic Heritage Trust Data/Various_A/DSC_0235.JPG,0.0776,0.988,0.5328,False,2026-08-17T10:30:59+00:00
c63be7bd60554d57a7e8ca4869bf92ff,DSC_0236.JPG,UK Antarctic Heritage Trust Data/Various_A/DSC_0236.JPG,0.0875,0.7588,0.4232,False,2026-08-17T10:30:59+00:00
741cfec30a6f4a8bb61aacc0863e005f,DSC_0237.JPG,UK Antarctic Heritage Trust Data/Various_A/DSC_0237.JPG,0.0721,0.772,0.422,False,2026-08-17T10:30:59+00:00
80feed67ed394fe6904907f3233bfec3,DSC_0238.JPG,UK Antarctic Heritage Trust Data/Various_A/DSC_0238.JPG,0.1002,0.9719,0.536,False,2026-08-17T10:30:59+00:00
47983302c7934b0491f418b31dfc833b,DSC_02381.JPG,UK Antarctic Heritage Trust Data/Various_A/DSC_02381.JPG,0.1002,0.9719,0.536,False,2026-08-17T10:30:59+00:00
6d75660da084430b99754eb2f9d7a277,DSC_0239.JPG,UK Antarctic Heritage Trust Data/Various_A/DSC_0239.JPG,0.1806,0.8621,0.5214,False,2026-08-17T10:30:59+00:00
d7484f17b0bc448ab578d9d2b306881e,DSC_02391.JPG,UK Antarctic Heritage Trust Data/Various_A/DSC_02391.JPG,0.1806,0.8621,0.5214,False,2026-08-17T10:30:59+00:00
23664e0fe1be43e984b3a7df084df0d8,DSC_0240.JPG,UK Antarctic Heritage Trust Data/Various_A/DSC_0240.JPG,0.1741,0.8216,0.4978,False,2026-08-17T10:31:00+00:00
152616f8dd0f4ddcba3c51eca2978e9d,DSC_0242.JPG,UK Antarctic Heritage Trust Data/Various_A/DSC_0242.JPG,0.1411,0.8791,0.5101,False,2026-08-17T10:31:00+00:00
4f7f06267afa4b5fa17e43bbe0771c8a,DSC_0247.JPG,UK Antarctic Heritage Trust Data/Various_A/DSC_0247.JPG,0.0394,0.8534,0.4464,False,2026-08-17T10:31:00+00:00
d0ee8c65a24c4cf0961bc7e96751a556,DSC_02471.JPG,UK Antarctic Heritage Trust Data/Various_A/DSC_02471.JPG,0.0394,0.8534,0.4464,False,2026-08-17T10:31:00+00:00
2d11e6f8422e40629d1f429a19ff46be,DSC_0249.JPG,UK Antarctic Heritage Trust Data/Various_A/DSC_0249.JPG,0.059,0.9461,0.5026,False,2026-08-17T10:31:00+00:00
6122141a500b4cb981d385e6d1914437,DSC_0255.JPG.jpg,UK Antarctic Heritage Trust Data/Various_A/DSC_0255.JPG.jpg,0.0483,0.9509,0.4996,False,2026-08-17T10:31:00+00:00
aed8409efb184169b5ef55667a82071b,DSC_0281.JPG,UK Antarctic Heritage Trust Data/Various_A/DSC_0281.JPG,0.044,0.8433,0.4436,False,2026-08-17T10:31:00+00:00
4301937022a946d095b3efa623310103,DSC_0282 TJOM.JPG,UK Antarctic Heritage Trust Data/Various_A/DSC_0282 TJOM.JPG,0.0659,0.8842,0.475,False,2026-08-17T10:31:00+00:00
01ee153566d74c41b28f43eb2f85be40,DSC_0294.JPG,UK Antarctic Heritage Trust Data/Various_A/DSC_0294.JPG,0.07,0.8999,0.485,False,2026-08-17T10:31:00+00:00
235f9f757e184169b39f1e68bf3855a7,DSC_0463.JPG,UK Antarctic Heritage Trust Data/Various_A/DSC_0463.JPG,0.047,0.9046,0.4758,False,2026-08-17T10:31:00+00:00
7bff8999f6e744dd83fd9ef5d9e1f318,DSC_0539.JPG,UK Antarctic Heritage Trust Data/Various_A/DSC_0539.JPG,0.0364,0.9697,0.503,False,2026-08-17T10:31:00+00:00
6a1013b9f53a4e31b95d39e9c6d83a84,DSC_0582.JPG,UK Antarctic Heritage Trust Data/Various_A/DSC_0582.JPG,0.0747,0.937,0.5058,False,2026-08-17T10:31:01+00:00
6db7454e06594185b60e39a64c050ae0,DSC_0591.JPG,UK Antarctic Heritage Trust Data/Various_A/DSC_0591.JPG,0.0297,0.9449,0.4873,False,2026-08-17T10:31:01+00:00
7ab8470f1ac84815aae1924cf422f39b,DSC_0641.JPG,UK Antarctic Heritage Trust Data/Various_A/DSC_0641.JPG,0.2216,0.9088,0.5652,False,2026-08-17T10:31:01+00:00
6ef0b1d91c244a1a8c026bf7379aee5a,DSC_0728.JPG,UK Antarctic Heritage Trust Data/Various_A/DSC_0728.JPG,0.0618,0.9603,0.511,False,2026-08-17T10:31:01+00:00
f0bcff5b497e400cb9c8783fe5756e92,DSC_0735.JPG,UK Antarctic Heritage Trust Data/Various_A/DSC_0735.JPG,0.0284,0.9212,0.4748,False,2026-08-17T10:31:01+00:00
f6c2ac2c01214966a79c4edf62419d17,IMG_1633.JPG,UK Antarctic Heritage Trust Data/Various_A/IMG_1633.JPG,0.217,0.9828,0.5999,False,2026-08-17T10:31:01+00:00
54ac4e4ff60042d08795c6ced8c47ed2,a Calire IMG_1633.JPG,UK Antarctic Heritage Trust Data/Various_A/a Calire IMG_1633.JPG,0.217,0.9828,0.5999,False,2026-08-17T10:31:01+00:00
32a94433bac04e81b2f7e43ef4efa482,a Cat IMG_5756.JPG,UK Antarctic Heritage Trust Data/Various_A/a Cat IMG_5756.JPG,0.4111,0.9027,0.6569,False,2026-08-17T10:31:01+00:00
335159cd54034c21ba88325ab43c1521,a Cat IMG_5781 50_.jpg,UK Antarctic Heritage Trust Data/Various_A/a Cat IMG_5781 50_.jpg,0.2183,0.712,0.4651,False,2026-08-17T10:31:01+00:00
5b034ae8b51c48de84aff7fb7affc8fb,a Cat IMG_5781 50_1.jpg,UK Antarctic Heritage Trust Data/Various_A/a Cat IMG_5781 50_1.jpg,0.2183,0.712,0.4651,False,2026-08-17T10:31:01+00:00
3fd2b69a604343b4a1dca1ee182e3031,a Cat IMG_7551-Optimized.JPG,UK Antarctic Heritage Trust Data/Various_A/a Cat IMG_7551-Optimized.JPG,1.0,0.9947,0.9974,False,2026-08-17T10:31:01+00:00
636f6788857148faaa8a238e48f6d3fa,a Cat IMG_7551-Optimized1.JPG,UK Antarctic Heritage Trust Data/Various_A/a Cat IMG_7551-Optimized1.JPG,1.0,0.9947,0.9974,False,2026-08-17T10:31:01+00:00
56c9c6a9c75547efa10d94605aaf134e,a Cat IMG_7551.JPG,UK Antarctic Heritage Trust Data/Various_A/a Cat IMG_7551.JPG,0.7825,0.994,0.8882,False,2026-08-17T10:31:02+00:00
6ff2678644f9475ea240227eb8559ffc,a Cat IMG_8594.JPG,UK Antarctic Heritage Trust Data/Various_A/a Cat IMG_8594.JPG,0.0679,0.8462,0.457,False,2026-08-17T10:31:02+00:00
20642780dcc946649243ecac25bbd544,a Cat IMG_9332.JPG,UK Antarctic Heritage Trust Data/Various_A/a Cat IMG_9332.JPG,0.0681,0.9606,0.5144,False,2026-08-17T10:31:02+00:00
8d945aa8d61b47b78e28a12150946a94,a Cat IMG_93321.JPG,UK Antarctic Heritage Trust Data/Various_A/a Cat IMG_93321.JPG,0.0681,0.9606,0.5144,False,2026-08-17T10:31:02+00:00
33958574045a4aeba8d2694419ab07c9,a Cat IMG_9758.JPG,UK Antarctic Heritage Trust Data/Various_A/a Cat IMG_9758.JPG,0.1961,0.8452,0.5206,False,2026-08-17T10:31:02+00:00
3a7dc93714c746968bbc2d2bebf8f9ce,a Cat IMG_97581.JPG,UK Antarctic Heritage Trust Data/Various_A/a Cat IMG_97581.JPG,0.1961,0.8452,0.5206,False,2026-08-17T10:31:02+00:00
f500b0a592224b069f2229a25876c62c,a Claire DSC07803.JPG,UK Antarctic Heritage Trust Data/Various_A/a Claire DSC07803.JPG,0.204,0.9355,0.5698,False,2026-08-17T10:31:02+00:00
27ad56bc989a43bfb39244877c528320,a Claire DSC078031.JPG,UK Antarctic Heritage Trust Data/Various_A/a Claire DSC078031.JPG,0.204,0.9355,0.5698,False,2026-08-17T10:31:02+00:00
9926a8c49b8e42f68071666fa207dd46,a Claire IMG_1985.JPG,UK Antarctic Heritage Trust Data/Various_A/a Claire IMG_1985.JPG,0.0639,0.9739,0.5189,False,2026-08-17T10:31:02+00:00
04c9e03f29464812ad9708f60f394177,a Claire IMG_19851.JPG,UK Antarctic Heritage Trust Data/Various_A/a Claire IMG_19851.JPG,0.0639,0.9739,0.5189,False,2026-08-17T10:31:02+00:00
9b62ddcc416944cb9cef4fa1bacb1480,a Claire IMG_3388.JPG,UK Antarctic Heritage Trust Data/Various_A/a Claire IMG_3388.JPG,0.1712,0.8916,0.5314,False,2026-08-17T10:31:02+00:00
340014b8ae5d4200aeae5c8b1fdcc7ef,a Claire IMG_6340.JPG,UK Antarctic Heritage Trust Data/Various_A/a Claire IMG_6340.JPG,0.1197,0.8616,0.4906,False,2026-08-17T10:31:03+00:00
a972a164d40342978953351e90be59c7,a Claire IMG_6407.JPG,UK Antarctic Heritage Trust Data/Various_A/a Claire IMG_6407.JPG,0.1433,0.9485,0.5459,False,2026-08-17T10:31:03+00:00
e9002594fb1348dc89039ac6182ce72b,a Claire IMG_64071.JPG,UK Antarctic Heritage Trust Data/Various_A/a Claire IMG_64071.JPG,0.1433,0.9485,0.5459,False,2026-08-17T10:31:03+00:00
421c2d8a2b464516b26ca787a52bf50e,a Michael DSC_1154.JPG,UK Antarctic Heritage Trust Data/Various_A/a Michael DSC_1154.JPG,0.3201,0.9093,0.6147,False,2026-08-17T10:31:03+00:00
5c0e5b3210b94340bb13a2b019070776,a Michael DSC_11541.JPG,UK Antarctic Heritage Trust Data/Various_A/a Michael DSC_11541.JPG,0.3201,0.9093,0.6147,False,2026-08-17T10:31:03+00:00
aa16c14bc5234e18a73ea27f931c9146,a Michael DSC_1736.JPG,UK Antarctic Heritage Trust Data/Various_A/a Michael DSC_1736.JPG,0.0944,0.9152,0.5048,False,2026-08-17T10:31:03+00:00
244d8fa7b6894d58a4983471dc1139a3,a RACHEL MORGAN - Ylva P1010042.JPG,UK Antarctic Heritage Trust Data/Various_A/a RACHEL MORGAN - Ylva P1010042.JPG,0.114,0.7046,0.4093,False,2026-08-17T10:31:03+00:00
e886e1f07316419883dbbb1883462247,a RACHEL MORGAN - Ylva P10100421.JPG,UK Antarctic Heritage Trust Data/Various_A/a RACHEL MORGAN - Ylva P10100421.JPG,0.114,0.7046,0.4093,False,2026-08-17T10:31:03+00:00
68a1979dff90419eba7cd2245ba778be,a Ylva P1000662.jpg,UK Antarctic Heritage Trust Data/Various_A/a Ylva P1000662.jpg,0.1158,0.8205,0.4682,False,2026-08-17T10:31:04+00:00
5242799cf2ae4ce58fedaf5ae82c02b5,a Ylva P10006621.jpg,UK Antarctic Heritage Trust Data/Various_A/a Ylva P10006621.jpg,0.1158,0.8205,0.4682,False,2026-08-17T10:31:04+00:00
0f1a1b10757949a79b64a7a314a10039,aa Cat IMG_7551.JPG,UK Antarctic Heritage Trust Data/Various_A/aa Cat IMG_7551.JPG,0.7825,0.994,0.8882,False,2026-08-17T10:31:04+00:00
fc84a1c81aa1463bb80204d9facac60c,"© UK Antarctic Heritage Trust, 2011, Photo by Rick Price, 2 copy.jpg","UK Antarctic Heritage Trust Data/Various_A/© UK Antarctic Heritage Trust, 2011, Photo by Rick Price, 2 copy.jpg",0.1006,0.8984,0.4995,False,2026-08-17T10:31:04+00:00
