image_uid,file_name,uncertainty_score,confidence_component,quality_component,agreement_component,novelty_component,terms_corroborated,terms_checked,has_description,has_quality,review_recommended,reason,vocabulary_version
62931cac9c104adc9de294f5d89a3c9f,P7630236 (Large).jpg,0.3372,0.4778,0.0236,0.6,0.0,2,5,True,True,False,The assigned terms are well supported across all measures.,1.1
5ed1c1882c144e81b49b84119cc68561,P7630258 (Large).JPG,0.2946,0.4343,0.05,0.4,0.3086,3,5,True,True,False,The assigned terms are well supported across all measures.,1.1
5a9b9bc7f1ba4ea6b6daab5e4045f24a,P7630259 (Large).JPG,0.3397,0.5271,0.0461,0.4,0.3181,3,5,True,True,False,The assigned terms are well supported across all measures.,1.1
93ba7920f8034cf6a49dfd4c4242bb14,P7630260 (Large).JPG,0.2333,0.2643,0.2033,0.2,0.3641,4,5,True,True,False,The assigned terms are well supported across all measures.,1.1
4301ad566c8e4944b30715af398563d3,P7630262 (Large).JPG,0.4994,0.595,0.4054,0.4,0.4658,3,5,True,True,False,Chiefly because the matching scores separated the leading terms only narrowly.,1.1
a7fd2c4d0ef8411b826c0864a0dae101,P7630263 (Large).JPG,0.4479,0.5977,0.2544,0.4,0.404,3,5,True,True,False,Chiefly because the matching scores separated the leading terms only narrowly.,1.1
164b40a691974d0d94b5decd9cfb23b1,P7630264 (Large).JPG,0.4281,0.5798,0.309,0.2,0.372,4,5,True,True,False,Chiefly because the matching scores separated the leading terms only narrowly.,1.1
b80d16d76aa943f396e8490c39480e7e,P7630265 (Large).JPG,0.6075,0.7012,0.5627,0.4,0.3104,3,5,True,True,True,Chiefly because the matching scores separated the leading terms only narrowly.,1.1
f2361418fc424297975d9115f918df35,P7630266 (Large).JPG,0.5968,0.8653,0.2977,0.4,0.232,3,5,True,True,True,Chiefly because the matching scores separated the leading terms only narrowly.,1.1
971063d20f2e4d8d9ea38fab364bcdc4,P7630267 (Large).JPG,0.3565,0.573,0.0285,0.4,0.1588,3,5,True,True,False,Chiefly because the matching scores separated the leading terms only narrowly.,1.1
1189d07eef534ef58ac492318de87cee,P7630268 (Large).JPG,0.4841,0.7512,0.1385,0.4,0.2311,3,5,True,True,False,Chiefly because the matching scores separated the leading terms only narrowly.,1.1
b65dd1a9a780495993f20af3880341ed,P7630273 (Large).jpg,0.3929,0.492,0.3341,0.2,0.2636,4,5,True,True,False,Chiefly because the matching scores separated the leading terms only narrowly.,1.1
05476fd8e66c492eaf9abc1289f3e641,P7630276 (Large).JPG,0.4869,0.6671,0.2668,0.4,0.0,3,5,True,True,False,Chiefly because the matching scores separated the leading terms only narrowly.,1.1
7d6bcd104d8a40c488c5f7a9fe2234c4,Port Lockroy 24th April 2020 JNH (1) (Large).jpg,0.3618,0.5737,0.0427,0.4,0.3611,3,5,True,True,False,Chiefly because the matching scores separated the leading terms only narrowly.,1.1
78ec9b7d4cc14380a228eb0a4e9ae313,Port Lockroy 24th April 2020 JNH (10) (Large).jpg,0.4351,0.4438,0.5235,0.2,0.3071,4,5,True,True,False,"Chiefly because the image is soft or poorly exposed, limiting what can be assigned.",1.1
947ba9ec938d4e4487db081d3f8bb032,Port Lockroy 24th April 2020 JNH (11) (Large).jpg,0.387,0.3159,0.4831,0.4,0.308,3,5,True,True,False,"Chiefly because the image is soft or poorly exposed, limiting what can be assigned.",1.1
ab2291f51d8e4592bc6d87866ea7cc60,Port Lockroy 24th April 2020 JNH (12) (Large).jpg,0.3781,0.3309,0.4362,0.4,0.3072,3,5,True,True,False,"Chiefly because the image is soft or poorly exposed, limiting what can be assigned.",1.1
ccc717b468fe427aa962689f4977f892,Port Lockroy 24th April 2020 JNH (13) (Large).jpg,0.3387,0.273,0.3207,0.6,0.4538,2,5,True,True,False,The assigned terms are well supported across all measures.,1.1
a3f8557790d3439790966271ccdeb624,Port Lockroy 24th April 2020 JNH (14) (Large).jpg,0.6729,0.7895,0.5376,0.6,0.2266,2,5,True,True,True,Chiefly because the matching scores separated the leading terms only narrowly.,1.1
4d0b60205ebb426d8727295dac6f9e14,Port Lockroy 24th April 2020 JNH (16) (Large).jpg,0.4312,0.3714,0.53,0.4,0.1536,3,5,True,True,False,"Chiefly because the image is soft or poorly exposed, limiting what can be assigned.",1.1
a650f66abf47423196ea4af08a9d038e,Port Lockroy 24th April 2020 JNH (17) (Large).jpg,0.4381,0.476,0.486,0.2,0.2921,4,5,True,True,False,"Chiefly because the image is soft or poorly exposed, limiting what can be assigned.",1.1
f2f000a983d54d0f8e22471b9c7e868f,Port Lockroy 24th April 2020 JNH (18) (Large).jpg,0.5823,0.4117,0.8183,0.6,0.0,2,5,True,True,True,"Chiefly because the image is soft or poorly exposed, limiting what can be assigned.",1.1
419bf8d8e1df481da507ec41d3f3c499,Port Lockroy 24th April 2020 JNH (19) (Large).jpg,0.5293,0.4861,0.5608,0.6,0.2528,2,5,True,True,False,Chiefly because the generated description does not corroborate the assigned terms.,1.1
69c3cac4fac4494eb48f071cecb888a9,Port Lockroy 24th April 2020 JNH (2) (Large).jpg,0.3978,0.6001,0.0222,0.6,0.2716,2,5,True,True,False,Chiefly because the matching scores separated the leading terms only narrowly.,1.1
bc084c6fb71744c1a257a4f8b2cc02ca,Port Lockroy 24th April 2020 JNH (20) (Large).jpg,0.472,0.4054,0.598,0.4,0.0,3,5,True,True,False,"Chiefly because the image is soft or poorly exposed, limiting what can be assigned.",1.1
e6f5d0ceca8b47209cfacd19ceb93e2c,Port Lockroy 24th April 2020 JNH (21) (Large).jpg,0.4505,0.4765,0.435,0.4,0.3234,3,5,True,True,False,Chiefly because the matching scores separated the leading terms only narrowly.,1.1
10245befc7a44d5083fc7e74d348b2a8,Port Lockroy 24th April 2020 JNH (22) (Large).jpg,0.4709,0.3599,0.66,0.4,0.0,3,5,True,True,False,"Chiefly because the image is soft or poorly exposed, limiting what can be assigned.",1.1
1b523b788e314b7991f2574625372b62,Port Lockroy 24th April 2020 JNH (23) (Large).jpg,0.4507,0.3861,0.6504,0.2,0.0,4,5,True,True,False,"Chiefly because the image is soft or poorly exposed, limiting what can be assigned.",1.1
4fd15d4336684a52800894ba59a98e3b,Port Lockroy 24th April 2020 JNH (24) (Large).jpg,0.5055,0.5064,0.6351,0.2,0.3358,4,5,True,True,False,"Chiefly because the image is soft or poorly exposed, limiting what can be assigned.",1.1
b625b72161154159b53597b35d600515,Port Lockroy 24th April 2020 JNH (25) (Large).jpg,0.5444,0.5871,0.6309,0.2,0.0,4,5,True,True,False,"Chiefly because the image is soft or poorly exposed, limiting what can be assigned.",1.1
49bd5094242d45f9a76ff0d2c32406b3,Port Lockroy 24th April 2020 JNH (26) (Large).jpg,0.489,0.5316,0.4663,0.4,0.3438,3,5,True,True,False,Chiefly because the matching scores separated the leading terms only narrowly.,1.1
4b0610c2429a4253a36e1257ac585fb3,Port Lockroy 24th April 2020 JNH (27) (Large).jpg,0.5334,0.512,0.707,0.2,0.0,4,5,True,True,False,"Chiefly because the image is soft or poorly exposed, limiting what can be assigned.",1.1
5a77ca8d6b284b9a8089b34acc132880,Port Lockroy 24th April 2020 JNH (28) (Large).jpg,0.667,0.6565,0.6249,0.8,0.4901,1,5,True,True,True,"Chiefly because the generated description does not corroborate the assigned terms, and the matching scores separated the leading terms only narrowly.",1.1
ecf3a001232e460aa92cc8497da192f4,Port Lockroy 24th April 2020 JNH (29) (Large).jpg,0.5994,0.6306,0.5547,0.6,0.419,2,5,True,True,True,Chiefly because the matching scores separated the leading terms only narrowly.,1.1
a2014dc02afc4519a6e1218eb1108f38,Port Lockroy 24th April 2020 JNH (3) (Large).jpg,0.3309,0.4588,0.033,0.6,0.3223,2,5,True,True,False,The assigned terms are well supported across all measures.,1.1
62736b3b4cc24b3fb866ae076ec270b7,Port Lockroy 24th April 2020 JNH (30) (Large).jpg,0.5468,0.5029,0.5009,0.8,0.0,1,5,True,True,False,Chiefly because the generated description does not corroborate the assigned terms.,1.1
90aded0eee494ec9b126bf10daba60c5,Port Lockroy 24th April 2020 JNH (31) (Large).jpg,0.485,0.4878,0.6032,0.2,0.3668,4,5,True,True,False,"Chiefly because the image is soft or poorly exposed, limiting what can be assigned.",1.1
2ee0c05cd1be45e68ba29d66835a0850,Port Lockroy 24th April 2020 JNH (32) (Large).jpg,0.533,0.6629,0.4044,0.4,0.6275,3,5,True,True,False,"Chiefly because the matching scores separated the leading terms only narrowly, and the image differs markedly from those used to establish the terms.",1.1
7457a28faa3e482499e9524c1e74abf9,Port Lockroy 24th April 2020 JNH (33) (Large).jpg,0.379,0.4288,0.0417,1.0,0.6636,0,5,True,True,False,"Chiefly because the generated description does not corroborate the assigned terms, and the image differs markedly from those used to establish the terms.",1.1
9efd55e43e5a4045b48092e3d06eaa89,Port Lockroy 24th April 2020 JNH (34) (Large).jpg,0.3517,0.4594,0.0915,0.6,0.5082,2,5,True,True,False,Chiefly because the generated description does not corroborate the assigned terms.,1.1
1a64f65cbcf0422b9f3690854f47ea22,Port Lockroy 24th April 2020 JNH (36) (Large).jpg,0.3648,0.4759,0.1909,0.4,0.3799,3,5,True,True,False,Chiefly because the matching scores separated the leading terms only narrowly.,1.1
9f1e0792205c41a08feb08ba748b1479,Port Lockroy 24th April 2020 JNH (37) (Large).jpg,0.4515,0.5372,0.3511,0.4,0.272,3,5,True,True,False,Chiefly because the matching scores separated the leading terms only narrowly.,1.1
c3f4a53affb843e2b08ae88aa6f87deb,Port Lockroy 24th April 2020 JNH (39) (Large).jpg,0.5281,0.5673,0.4413,0.6,0.0,2,5,True,True,False,Chiefly because the generated description does not corroborate the assigned terms.,1.1
f32fd60df35442858619a3a14a114216,Port Lockroy 24th April 2020 JNH (4) (Large).jpg,0.4294,0.6747,0.0058,0.6,0.0,2,5,True,True,False,Chiefly because the matching scores separated the leading terms only narrowly.,1.1
1ec1a623c6f340f5ae322eb46592b631,Port Lockroy 24th April 2020 JNH (40) (Large).jpg,0.426,0.5156,0.3091,0.4,0.3782,3,5,True,True,False,Chiefly because the matching scores separated the leading terms only narrowly.,1.1
643afad87f1947aeb4b76e1db15ddc5e,Port Lockroy 24th April 2020 JNH (41) (Large).jpg,0.4354,0.3823,0.4406,0.6,0.3345,2,5,True,True,False,Chiefly because the generated description does not corroborate the assigned terms.,1.1
6ea123ba5c9647778154c69c83511f74,Port Lockroy 24th April 2020 JNH (42) (Large).jpg,0.4114,0.469,0.334,0.4,0.4373,3,5,True,True,False,Chiefly because the matching scores separated the leading terms only narrowly.,1.1
29df1e70e10a4ca4b8dfaf7365ebe163,Port Lockroy 24th April 2020 JNH (43) (Large).jpg,0.5799,0.6744,0.4363,0.6,0.0,2,5,True,True,True,Chiefly because the matching scores separated the leading terms only narrowly.,1.1
3f31efebe696436baac08747f3e6637a,Port Lockroy 24th April 2020 JNH (44) (Large).jpg,0.4666,0.3664,0.6383,0.4,0.3911,3,5,True,True,False,"Chiefly because the image is soft or poorly exposed, limiting what can be assigned.",1.1
33519580b11b43ecb169768e822cbe10,Port Lockroy 24th April 2020 JNH (47) (Large).jpg,0.5519,0.6173,0.5235,0.4,0.3103,3,5,True,True,True,Chiefly because the matching scores separated the leading terms only narrowly.,1.1
ff3b09a382794be9a579f3ff6c211bfd,Port Lockroy 24th April 2020 JNH (48) (Large).jpg,0.5519,0.495,0.6125,0.6,0.4579,2,5,True,True,True,"Chiefly because the image is soft or poorly exposed, limiting what can be assigned.",1.1
72fc9dbfff75400ebc3b9f7e344cf6a6,Port Lockroy 24th April 2020 JNH (49) (Large).jpg,0.6122,0.816,0.4121,0.4,0.3695,3,5,True,True,True,Chiefly because the matching scores separated the leading terms only narrowly.,1.1
0e7d1e395f144908b500e6f9792ead2b,Port Lockroy 24th April 2020 JNH (5) (Large).jpg,0.4167,0.5066,0.381,0.2,0.3194,4,5,True,True,False,Chiefly because the matching scores separated the leading terms only narrowly.,1.1
5196cf5521414836a02facd008efba22,Port Lockroy 24th April 2020 JNH (51) (Large).jpg,0.3783,0.3596,0.4813,0.2,0.426,4,5,True,True,False,"Chiefly because the image is soft or poorly exposed, limiting what can be assigned.",1.1
7f50dd56518748c390aab00331b1dce8,Port Lockroy 24th April 2020 JNH (52) (Large).jpg,0.504,0.7847,0.1475,0.4,0.3318,3,5,True,True,False,Chiefly because the matching scores separated the leading terms only narrowly.,1.1
5d383d68768546f1bfdaf5f477fe4b27,Port Lockroy 24th April 2020 JNH (53) (Large).jpg,0.7082,0.8133,0.6043,0.6,0.2367,2,5,True,True,True,"Chiefly because the matching scores separated the leading terms only narrowly, and the image is soft or poorly exposed, limiting what can be assigned.",1.1
45f24c19cd06430488c020113130c0a8,Port Lockroy 24th April 2020 JNH (54) (Large).jpg,0.7011,0.8255,0.6525,0.4,0.388,3,5,True,True,True,"Chiefly because the matching scores separated the leading terms only narrowly, and the image is soft or poorly exposed, limiting what can be assigned.",1.1
b0432c6066794766812c69e3ac01b503,Port Lockroy 24th April 2020 JNH (55) (Large).jpg,0.4591,0.7127,0.0364,0.6,0.2373,2,5,True,True,False,Chiefly because the matching scores separated the leading terms only narrowly.,1.1
118e17f9eb0e4784b3dc8c2cfadf8f67,Port Lockroy 24th April 2020 JNH (56) (Large).jpg,0.6217,0.8644,0.3701,0.4,0.0,3,5,True,True,True,Chiefly because the matching scores separated the leading terms only narrowly.,1.1
93974620bb004202bab0b1449d77b291,Port Lockroy 24th April 2020 JNH (6) (Large).jpg,0.3329,0.4387,0.1529,0.4,0.3869,3,5,True,True,False,The assigned terms are well supported across all measures.,1.1
14406fdc995647bcb2da74bd025e8634,Port Lockroy 24th April 2020 JNH (7) (Large).jpg,0.5008,0.6568,0.3211,0.4,0.3054,3,5,True,True,False,Chiefly because the matching scores separated the leading terms only narrowly.,1.1
6158349b83074e27ac407a44b76834e4,Port Lockroy 24th April 2020 JNH (8) (Large).jpg,0.4814,0.4742,0.5265,0.4,0.3069,3,5,True,True,False,"Chiefly because the image is soft or poorly exposed, limiting what can be assigned.",1.1
749323e1024b416a8dff7017622b64d3,Port Lockroy 24th April 2020 JNH (9) (Large).jpg,0.4293,0.4525,0.4945,0.2,0.3727,4,5,True,True,False,"Chiefly because the image is soft or poorly exposed, limiting what can be assigned.",1.1
449c0ed1bf33459a83321a745ab8a75d,A_1_h_16(1).jpg,0.6848,0.7304,0.656,0.6,0.8387,2,5,True,True,True,"Chiefly because the image differs markedly from those used to establish the terms, and the matching scores separated the leading terms only narrowly.",1.1
f1595166f7b442a39748c269d328430f,A_1_h_16(10).JPG,0.6297,0.7745,0.4355,0.6,0.8559,2,5,True,True,True,"Chiefly because the image differs markedly from those used to establish the terms, and the matching scores separated the leading terms only narrowly.",1.1
9fe26a7dd86d400d9808d64cfada7bd4,A_1_h_16(11).JPG,0.5165,0.457,0.5658,0.6,0.5301,2,5,True,True,False,Chiefly because the generated description does not corroborate the assigned terms.,1.1
0673e85e756b433499c3f89643ff1cbe,A_1_h_16(12).JPG,0.6143,0.6849,0.5195,0.6,0.5242,2,5,True,True,True,Chiefly because the matching scores separated the leading terms only narrowly.,1.1
aef04dc327634806a92dbf780de21e2b,A_1_h_16(13).JPG,0.5767,0.6185,0.5069,0.6,0.6226,2,5,True,True,True,"Chiefly because the image differs markedly from those used to establish the terms, and the matching scores separated the leading terms only narrowly.",1.1
913b89dbd9a54249b224a8cc3da23948,A_1_h_16(14).JPG,0.4535,0.3477,0.5419,0.6,0.5842,2,5,True,True,False,Chiefly because the generated description does not corroborate the assigned terms.,1.1
c6e58099da0847fea6d5c9c8b29c85db,A_1_h_16(2).jpg,0.6564,0.6592,0.5909,0.8,0.5569,1,5,True,True,True,"Chiefly because the generated description does not corroborate the assigned terms, and the matching scores separated the leading terms only narrowly.",1.1
a57a61b9c705439fa05da29a8f31e61d,A_1_h_16(3).jpg,0.5383,0.4195,0.5958,0.8,0.5938,1,5,True,True,False,Chiefly because the generated description does not corroborate the assigned terms.,1.1
188c76cd8f0040048bb358986c04dafe,A_1_h_16(4).jpg,0.6192,0.6457,0.5896,0.6,0.48,2,5,True,True,True,Chiefly because the matching scores separated the leading terms only narrowly.,1.1
9a6ffb2f931b4e489d4c72ee3023a7fa,A_1_h_16(5).JPG,0.6151,0.6547,0.565,0.6,0.3303,2,5,True,True,True,Chiefly because the matching scores separated the leading terms only narrowly.,1.1
62568840ce8344cd8bcf52976258fd99,A_1_h_16(6).JPG,0.6572,0.7933,0.5731,0.4,0.9185,3,5,True,True,True,"Chiefly because the image differs markedly from those used to establish the terms, and the matching scores separated the leading terms only narrowly.",1.1
ad2161dc4cd64c06aee5593d1cf20afe,A_1_h_16(7).JPG,0.7201,0.856,0.5773,0.6,0.3649,2,5,True,True,True,Chiefly because the matching scores separated the leading terms only narrowly.,1.1
3ab2b7357ce149bc96cf0f71c94dfdd2,A_1_h_16(8).JPG,0.7098,0.8379,0.574,0.6,0.3912,2,5,True,True,True,Chiefly because the matching scores separated the leading terms only narrowly.,1.1
c0bc6645b47d4aa2a91b44274902a600,A_1_h_16(9).JPG,0.7004,0.764,0.5669,0.8,0.7588,1,5,True,True,True,"Chiefly because the generated description does not corroborate the assigned terms, and the matching scores separated the leading terms only narrowly.",1.1
3611223c8f9144a8b28bc45536b62744,HY9A2343.jpg,0.6848,0.7304,0.656,0.6,0.8387,2,5,True,True,True,"Chiefly because the image differs markedly from those used to establish the terms, and the matching scores separated the leading terms only narrowly.",1.1
bd84f2eef6fb49148a6fabf118323d26,HY9A2344.jpg,0.6564,0.6592,0.5909,0.8,0.5569,1,5,True,True,True,"Chiefly because the generated description does not corroborate the assigned terms, and the matching scores separated the leading terms only narrowly.",1.1
80d83b55721d418b9d1212edd0ac7b3b,HY9A2345.jpg,0.5383,0.4195,0.5958,0.8,0.5938,1,5,True,True,False,Chiefly because the generated description does not corroborate the assigned terms.,1.1
c632f96bfad84937a8eeda6ceb085c90,HY9A2346.jpg,0.6192,0.6457,0.5896,0.6,0.48,2,5,True,True,True,Chiefly because the matching scores separated the leading terms only narrowly.,1.1
b0a70942070143989b2c873f9f4d9b9f,P1010138.JPG,0.6151,0.6547,0.565,0.6,0.3303,2,5,True,True,True,Chiefly because the matching scores separated the leading terms only narrowly.,1.1
b59f33f113da41c18ba4e89bd8d1d81a,P1010139.JPG,0.6572,0.7933,0.5731,0.4,0.9185,3,5,True,True,True,"Chiefly because the image differs markedly from those used to establish the terms, and the matching scores separated the leading terms only narrowly.",1.1
d4d6b674f4d744d1b50b828fd4134ad3,P1010140.JPG,0.7201,0.856,0.5773,0.6,0.3649,2,5,True,True,True,Chiefly because the matching scores separated the leading terms only narrowly.,1.1
3dd45cd3369d41b18c46da2fcaa91d89,P1010141.JPG,0.7098,0.8379,0.574,0.6,0.3912,2,5,True,True,True,Chiefly because the matching scores separated the leading terms only narrowly.,1.1
f8abb887d3b14306a24d008001895400,P1010143.JPG,0.7004,0.764,0.5669,0.8,0.7588,1,5,True,True,True,"Chiefly because the generated description does not corroborate the assigned terms, and the matching scores separated the leading terms only narrowly.",1.1
e201a304e1e042cd8fbfbe8103b58972,PC130169.JPG,0.6297,0.7745,0.4355,0.6,0.8559,2,5,True,True,True,"Chiefly because the image differs markedly from those used to establish the terms, and the matching scores separated the leading terms only narrowly.",1.1
1790cc44fc5e4970a77000c49d9ce0a1,PC130170.JPG,0.5165,0.457,0.5658,0.6,0.5301,2,5,True,True,False,Chiefly because the generated description does not corroborate the assigned terms.,1.1
b628dae5c8da4f2399bb1d561cb0046e,PC130171.JPG,0.6143,0.6849,0.5195,0.6,0.5242,2,5,True,True,True,Chiefly because the matching scores separated the leading terms only narrowly.,1.1
adba8a12685e440288ffb80cf2d297e7,PC130172.JPG,0.5767,0.6185,0.5069,0.6,0.6226,2,5,True,True,True,"Chiefly because the image differs markedly from those used to establish the terms, and the matching scores separated the leading terms only narrowly.",1.1
cb807d8ecc4d40f6962f2491ad5e8246,PC130173.JPG,0.4535,0.3477,0.5419,0.6,0.5842,2,5,True,True,False,Chiefly because the generated description does not corroborate the assigned terms.,1.1
597af92a29844e84892f50f7b4038adf,A1a60a.JPG,0.5974,0.6029,0.5885,0.6,0.3277,2,5,True,True,True,Chiefly because the matching scores separated the leading terms only narrowly.,1.1
abed11d50a1844f38c7397330992fad0,A1a60b.JPG,0.5134,0.5097,0.5673,0.4,0.3026,3,5,True,True,False,"Chiefly because the image is soft or poorly exposed, limiting what can be assigned.",1.1
27bf0f8e59a94ecd99545e0d456ab320,A1a60c.JPG,0.502,0.5394,0.578,0.2,0.2755,4,5,True,True,False,"Chiefly because the image is soft or poorly exposed, limiting what can be assigned.",1.1
40b49b8f7e024e84aefded0277afffb8,A1a60d.JPG,0.54,0.5616,0.4833,0.6,0.3998,2,5,True,True,False,Chiefly because the generated description does not corroborate the assigned terms.,1.1
3606e455a1b94400b5d60c5994ccc6f9,A1a61a.JPG,0.5699,0.4793,0.6006,0.8,0.2377,1,5,True,True,True,"Chiefly because the generated description does not corroborate the assigned terms, and the image is soft or poorly exposed, limiting what can be assigned.",1.1
f990c5aa2a144280934661f2f7364da3,A1a61b.JPG,0.5013,0.4773,0.5791,0.4,0.3263,3,5,True,True,False,"Chiefly because the image is soft or poorly exposed, limiting what can be assigned.",1.1
88b509a8c16247038b8da10d12df70a0,A1a61c.JPG,0.5219,0.5337,0.5574,0.4,0.2866,3,5,True,True,False,"Chiefly because the image is soft or poorly exposed, limiting what can be assigned.",1.1
5f6e64c95fc240c5a3e107d26581530e,A1a61d.JPG,0.5402,0.6555,0.5212,0.2,0.3043,4,5,True,True,False,Chiefly because the matching scores separated the leading terms only narrowly.,1.1
ab23d9c511de499fa24423da8722a832,A1h164a.JPG,0.5413,0.5831,0.4564,0.6,0.3174,2,5,True,True,False,Chiefly because the generated description does not corroborate the assigned terms.,1.1
6d6a6f628752480f96b68ceb031f1410,A1h164b.JPG,0.6191,0.6672,0.5586,0.6,0.3357,2,5,True,True,True,Chiefly because the matching scores separated the leading terms only narrowly.,1.1
5960d41723b5435abc33ad8741d1c77f,A1h164c.JPG,0.5687,0.7235,0.5056,0.2,0.2649,4,5,True,True,True,Chiefly because the matching scores separated the leading terms only narrowly.,1.1
98233d7dc0284d499a637706d41a09ce,A1h164d.JPG,0.5528,0.6518,0.3911,0.6,0.3206,2,5,True,True,True,Chiefly because the matching scores separated the leading terms only narrowly.,1.1
eb445130959a4e3b9cd641f9ad048a87,A1h165.JPG,0.491,0.5688,0.4188,0.4,0.3836,3,5,True,True,False,Chiefly because the matching scores separated the leading terms only narrowly.,1.1
15398aea0ddc47c5b9b47ebded32ecc9,A1h165a.JPG,0.5237,0.4783,0.5559,0.6,0.2414,2,5,True,True,False,Chiefly because the generated description does not corroborate the assigned terms.,1.1
6e62d245b86c418ca523780345a36efe,A1h165b.JPG,0.5226,0.5311,0.4773,0.6,0.3517,2,5,True,True,False,Chiefly because the generated description does not corroborate the assigned terms.,1.1
b084f9d8e4f94f78ad4a88e110674477,A1h165c.JPG,0.4709,0.4806,0.4875,0.4,0.3843,3,5,True,True,False,"Chiefly because the image is soft or poorly exposed, limiting what can be assigned.",1.1
a2267fb8d3e24f1eac41b9c370385a03,A1h166.JPG,0.4989,0.4821,0.5654,0.4,0.4644,3,5,True,True,False,"Chiefly because the image is soft or poorly exposed, limiting what can be assigned.",1.1
dd3041edfcab48cba8868ff77e685582,A1h167.JPG,0.3292,0.4727,0.0081,0.6,0.3501,2,5,True,True,False,The assigned terms are well supported across all measures.,1.1
47ce921f3f9445ab90f147ccc260f9d4,A1h167a.JPG,0.477,0.4261,0.497,0.6,0.4285,2,5,True,True,False,Chiefly because the generated description does not corroborate the assigned terms.,1.1
5aa884a020824df59f2025dd35cf56b9,DSC03189.JPG,0.5648,0.6641,0.4937,0.4,0.3523,3,5,True,True,True,Chiefly because the matching scores separated the leading terms only narrowly.,1.1
7529ea5197774480840b2b6ad71d63f6,DSC03193.JPG,0.4961,0.5325,0.4854,0.4,0.3677,3,5,True,True,False,Chiefly because the matching scores separated the leading terms only narrowly.,1.1
0c1f835ffec347e6891e95317b953a44,DSC03194.JPG,0.5063,0.5494,0.4904,0.4,0.3105,3,5,True,True,False,Chiefly because the matching scores separated the leading terms only narrowly.,1.1
e0aaf90527a148fcaf7363501503c1e9,DSC03198.JPG,0.4794,0.5256,0.5331,0.2,0.3102,4,5,True,True,False,"Chiefly because the image is soft or poorly exposed, limiting what can be assigned.",1.1
77c0efe98d7b4687b5f5ecc5bc90cfcd,DSC03199.JPG,0.5034,0.3811,0.6366,0.6,0.3954,2,5,True,True,False,"Chiefly because the image is soft or poorly exposed, limiting what can be assigned.",1.1
d2cfab86b9b249f387b6cab71c3423e5,DSC03200.JPG,0.4353,0.374,0.5379,0.4,0.2825,3,5,True,True,False,"Chiefly because the image is soft or poorly exposed, limiting what can be assigned.",1.1
991988eb789f4270a61c1c2513fed281,DSC03204.JPG,0.4728,0.5316,0.3344,0.6,0.3671,2,5,True,True,False,Chiefly because the generated description does not corroborate the assigned terms.,1.1
58f9f51f82a6473d932fe5afe946367b,DSC03205.JPG,0.3287,0.4627,0.1067,0.4,0.3688,3,5,True,True,False,The assigned terms are well supported across all measures.,1.1
e61a2174440b41d59635e8f064b33096,DSC03206.JPG,0.327,0.4106,0.0906,0.6,0.3798,2,5,True,True,False,The assigned terms are well supported across all measures.,1.1
f09f407483774055966441124cc2bd5f,DSC03217.JPG,0.481,0.4353,0.5809,0.4,0.2571,3,5,True,True,False,"Chiefly because the image is soft or poorly exposed, limiting what can be assigned.",1.1
82ac355a682e4af281fd16c31dffae7b,DSC03221.JPG,0.4549,0.3815,0.5832,0.4,0.4863,3,5,True,True,False,"Chiefly because the image is soft or poorly exposed, limiting what can be assigned.",1.1
aab686aab6a64716ad16c8115e9150c3,DSC03222.JPG,0.4049,0.3252,0.4351,0.6,0.48,2,5,True,True,False,Chiefly because the generated description does not corroborate the assigned terms.,1.1
c725e6e98d664fc0bd06618f04e22c6f,DSC03227.JPG,0.5183,0.5165,0.5717,0.4,0.3891,3,5,True,True,False,"Chiefly because the image is soft or poorly exposed, limiting what can be assigned.",1.1
db65b72044d348be9804a02dae6e764e,F2011-1a.JPG,0.489,0.4046,0.5619,0.6,0.4992,2,5,True,True,False,Chiefly because the generated description does not corroborate the assigned terms.,1.1
43a170c04fc74aa5bbfedf7059504242,F2011-1b.JPG,0.4045,0.3082,0.5439,0.4,0.5606,3,5,True,True,False,Chiefly because the image differs markedly from those used to establish the terms.,1.1
2e2632e91259405eb7ef6b2ac458b0d9,F2011-2a.JPG,0.4543,0.3732,0.5076,0.6,0.4553,2,5,True,True,False,Chiefly because the generated description does not corroborate the assigned terms.,1.1
d643d6fc420341f7a63fd3e0606f6d68,F2011-2b.JPG,0.3706,0.3968,0.3205,0.4,0.397,3,5,True,True,False,Chiefly because the generated description does not corroborate the assigned terms.,1.1
6439ef2bb0f04b33ab08e21201adea1b,F2011-2c.JPG,0.4956,0.433,0.5403,0.6,0.4748,2,5,True,True,False,Chiefly because the generated description does not corroborate the assigned terms.,1.1
7121f3d86d7a40cabf63d45f76fa5b8e,(2).jpg,0.4309,0.5244,0.3963,0.2,0.2309,4,5,True,True,False,Chiefly because the matching scores separated the leading terms only narrowly.,1.1
6b41084be55f4bfe8ae32345c57d0cca,(3).jpg,0.5041,0.5292,0.5985,0.2,0.5768,4,5,True,True,False,"Chiefly because the image is soft or poorly exposed, limiting what can be assigned.",1.1
824cc0faa2da4a1a989875319c43797e,A1a10a.jpg,0.5634,0.6733,0.305,0.8,0.2835,1,5,True,True,True,"Chiefly because the generated description does not corroborate the assigned terms, and the matching scores separated the leading terms only narrowly.",1.1
e0c2f8c99ca64f8f8903f1866dd650ae,A1a10b.jpg,0.7997,0.7453,0.7916,1.0,0.0,0,5,True,True,True,"Chiefly because the generated description does not corroborate the assigned terms, and the image is soft or poorly exposed, limiting what can be assigned.",1.1
1e64e3d5c2ef45dbb925b0d4c62d6541,A1a12.jpg,0.6159,0.5838,0.7542,0.4,0.2758,3,5,True,True,True,"Chiefly because the image is soft or poorly exposed, limiting what can be assigned.",1.1
c8761672553944e38de4a1c39936569e,A1b10a.jpg,0.4797,0.5444,0.3357,0.6,0.1263,2,5,True,True,False,Chiefly because the generated description does not corroborate the assigned terms.,1.1
10a3115f817443b3b84698e095e0cd54,A1b10b.jpg,0.459,0.6079,0.2717,0.4,0.1806,3,5,True,True,False,Chiefly because the matching scores separated the leading terms only narrowly.,1.1
d6093acd4e4947a480feb842621a3a22,A1b11y.jpg,0.5852,0.6213,0.5272,0.6,0.3002,2,5,True,True,True,Chiefly because the matching scores separated the leading terms only narrowly.,1.1
8da24d7f071b4bc0bb8620a4544c1faf,A1b11z.jpg,0.5811,0.5111,0.5872,0.8,0.4208,1,5,True,True,True,Chiefly because the generated description does not corroborate the assigned terms.,1.1
3e47391a67064c6380eda969fe660f92,A1b14a.jpg,0.4831,0.7004,0.0369,0.8,0.1386,1,5,True,True,False,"Chiefly because the generated description does not corroborate the assigned terms, and the matching scores separated the leading terms only narrowly.",1.1
245d9cac93fa4f72b21322357373a681,A1b14b.jpg,0.379,0.6065,0.045,0.4,0.1733,3,5,True,True,False,Chiefly because the matching scores separated the leading terms only narrowly.,1.1
7ad26c97aaaf4d6d928ce1a6efe7d757,A1b19.jpg,0.4825,0.4909,0.5917,0.2,0.3423,4,5,True,True,False,"Chiefly because the image is soft or poorly exposed, limiting what can be assigned.",1.1
193ecb795fd14c3d82d925929dbcb551,A1b19a.jpg,0.5697,0.7758,0.2624,0.6,0.3497,2,5,True,True,True,Chiefly because the matching scores separated the leading terms only narrowly.,1.1
9066b1aaf0a0409a91bc2f32cfa3682f,A1b28a.jpg,0.5736,0.5485,0.6839,0.4,0.0,3,5,True,True,True,"Chiefly because the image is soft or poorly exposed, limiting what can be assigned.",1.1
9692410876804b87b80caa0b802099fe,A1b28b.jpg,0.4812,0.5507,0.5024,0.2,0.2059,4,5,True,True,False,Chiefly because the matching scores separated the leading terms only narrowly.,1.1
3efd067f1f40413cbdc4994d858a8fa6,A1b29.jpg,0.5235,0.6766,0.2721,0.6,0.3088,2,5,True,True,False,Chiefly because the matching scores separated the leading terms only narrowly.,1.1
c8a0ababd3444f5783454ebae98b6a89,A1b31a.jpg,0.5904,0.58,0.6011,0.6,0.3175,2,5,True,True,True,"Chiefly because the image is soft or poorly exposed, limiting what can be assigned.",1.1
dd339827965e4604bfdb758e9bf2dcc3,A1b31b.jpg,0.6025,0.6526,0.5319,0.6,0.294,2,5,True,True,True,Chiefly because the matching scores separated the leading terms only narrowly.,1.1
fbce53562f87497c9d687c3e792c3f95,A1b32.jpg,0.3667,0.6565,0.0242,0.2,0.2575,4,5,True,True,False,Chiefly because the matching scores separated the leading terms only narrowly.,1.1
5053598cf60041bfa5787885e2b51387,A1b34.jpg,0.5237,0.6318,0.3367,0.6,0.2079,2,5,True,True,False,Chiefly because the matching scores separated the leading terms only narrowly.,1.1
f46e2ff9bcd540bbafb6b952bff15c52,A1b34a.jpg,0.4451,0.6299,0.2004,0.4,0.2622,3,5,True,True,False,Chiefly because the matching scores separated the leading terms only narrowly.,1.1
a689ca6ed4a04608826ffcfe0809898f,A1b35.jpg,0.401,0.4866,0.2791,0.4,0.2587,3,5,True,True,False,Chiefly because the matching scores separated the leading terms only narrowly.,1.1
0e3fb32934e34a228330a8aaf96bf75f,A1b36&37.jpg,0.4796,0.4619,0.6248,0.2,0.2479,4,5,True,True,False,"Chiefly because the image is soft or poorly exposed, limiting what can be assigned.",1.1
ed59e53803c04c86b571e59f21c5c521,A1b41.jpg,0.5259,0.5344,0.482,0.6,0.2835,2,5,True,True,False,Chiefly because the generated description does not corroborate the assigned terms.,1.1
a24df110e6b843249b9b5159eb7024c1,A1b42a.jpg,0.3735,0.3624,0.2924,0.6,0.2138,2,5,True,True,False,Chiefly because the generated description does not corroborate the assigned terms.,1.1
a59ed26d9151435896f348bcaa632edf,A1b42b.jpg,0.4323,0.27,0.5924,0.6,0.2862,2,5,True,True,False,Chiefly because the generated description does not corroborate the assigned terms.,1.1
d041d5c4bc594a6596fbf8bd61d606f5,A1b42c.jpg,0.4133,0.308,0.4836,0.6,0.2448,2,5,True,True,False,Chiefly because the generated description does not corroborate the assigned terms.,1.1
fb9d3fbe0df246fea362f4060701cacf,A1b43.jpg,0.4439,0.5979,0.2428,0.4,0.3237,3,5,True,True,False,Chiefly because the matching scores separated the leading terms only narrowly.,1.1
c246bea25f7f4f53a5e3d9798aae9d3f,A1b44a.jpg,0.4494,0.7604,0.0263,0.4,0.2774,3,5,True,True,False,Chiefly because the matching scores separated the leading terms only narrowly.,1.1
afb6861f4ad74604b99547e9c1f6ebaf,A1b44b.jpg,0.3642,0.5432,0.0932,0.4,0.2141,3,5,True,True,False,Chiefly because the matching scores separated the leading terms only narrowly.,1.1
dfb91218fc6045e5ac9775c11d4ecbd2,A1b46.jpg,0.5392,0.8452,0.0761,0.6,0.4646,2,5,True,True,False,Chiefly because the matching scores separated the leading terms only narrowly.,1.1
84a75bb3c198446ca226f77aff013538,A1b48.jpg,0.4903,0.7911,0.0136,0.6,0.2819,2,5,True,True,False,Chiefly because the matching scores separated the leading terms only narrowly.,1.1
9bc1089f7feb4166b5fd41d7a879b67f,A1b5.jpg,0.3376,0.5293,0.1227,0.2,0.2071,4,5,True,True,False,The assigned terms are well supported across all measures.,1.1
19a6b13e80c7482bb45dcc65c6d611e5,A1b52.jpg,0.5612,0.8812,0.1732,0.4,0.2949,3,5,True,True,True,Chiefly because the matching scores separated the leading terms only narrowly.,1.1
2376913d2489420db4bb34e38dae86c3,A1b53.jpg,0.5664,0.5209,0.6171,0.6,0.3004,2,5,True,True,True,"Chiefly because the image is soft or poorly exposed, limiting what can be assigned.",1.1
b063970fae70433ea59ccef1a9af77af,A1b55.jpg,0.3274,0.5308,0.0057,0.4,0.282,3,5,True,True,False,The assigned terms are well supported across all measures.,1.1
aadd104d310b4e0098d9d990eb7d9662,A1b59a.jpg,0.3937,0.4364,0.4157,0.2,0.3055,4,5,True,True,False,Chiefly because the matching scores separated the leading terms only narrowly.,1.1
42e5dbb6f64745de910dd5a08ea2113f,A1b59b.jpg,0.3132,0.4082,0.0547,0.6,0.1886,2,5,True,True,False,The assigned terms are well supported across all measures.,1.1
09daf5211d414e2fa7dbe55c891d8499,A1b59c.jpg,0.4526,0.4854,0.4284,0.4,0.2113,3,5,True,True,False,Chiefly because the matching scores separated the leading terms only narrowly.,1.1
9375e6266f5e4e4eae84574a97da993e,A1b61.jpg,0.4458,0.6279,0.2053,0.4,0.3876,3,5,True,True,False,Chiefly because the matching scores separated the leading terms only narrowly.,1.1
b3ac8f4bd8a44558af43331859218e20,A1b61a.jpg,0.4094,0.6148,0.2058,0.2,0.4242,4,5,True,True,False,Chiefly because the matching scores separated the leading terms only narrowly.,1.1
66ec4f804b0249eb98890beedb8c1d17,A1b64.jpg,0.5401,0.5532,0.5814,0.4,0.6125,3,5,True,True,False,Chiefly because the image differs markedly from those used to establish the terms.,1.1
c22b10a75d264dfa895685b8c599da24,A1b65.jpg,0.4331,0.4476,0.3409,0.6,0.4547,2,5,True,True,False,Chiefly because the generated description does not corroborate the assigned terms.,1.1
5d06a23aada94fdbbc2c6fcfdccce4ec,A1b67.jpg,0.5233,0.4901,0.5378,0.6,0.6024,2,5,True,True,False,Chiefly because the image differs markedly from those used to establish the terms.,1.1
1575b72812294464b723f8e13c18e390,A1b69.jpg,0.4449,0.3379,0.5312,0.6,0.1896,2,5,True,True,False,Chiefly because the generated description does not corroborate the assigned terms.,1.1
9e85bd5e213d46dc9e1e1bfc35699ea2,A1b69a.jpg,0.5243,0.5371,0.5594,0.4,0.4245,3,5,True,True,False,"Chiefly because the image is soft or poorly exposed, limiting what can be assigned.",1.1
f0f5527425b14fad84d4b6bead0c21c8,A1b70.jpg,0.4005,0.3877,0.5048,0.2,0.2122,4,5,True,True,False,"Chiefly because the image is soft or poorly exposed, limiting what can be assigned.",1.1
10f2ce32313a438286a3bdedb2af7b4d,A1b70a.jpg,0.724,0.8935,0.535,0.6,0.3532,2,5,True,True,True,Chiefly because the matching scores separated the leading terms only narrowly.,1.1
99add43ac5314899acf31d7f4ebd0330,A1b71a.jpg,0.4583,0.2988,0.6255,0.6,0.1886,2,5,True,True,False,"Chiefly because the image is soft or poorly exposed, limiting what can be assigned.",1.1
e63959525f0e4dc088dcdcf8c2568777,A1b71b.jpg,0.4799,0.4203,0.5993,0.4,0.1649,3,5,True,True,False,"Chiefly because the image is soft or poorly exposed, limiting what can be assigned.",1.1
d480a919596f4a74a377b45591803e04,A1b71c.jpg,0.4008,0.273,0.5838,0.4,0.2185,3,5,True,True,False,"Chiefly because the image is soft or poorly exposed, limiting what can be assigned.",1.1
4a6d35441ead4276a7e43ef6411a47c4,A1b71e.jpg,0.4589,0.3247,0.6759,0.4,0.1935,3,5,True,True,False,"Chiefly because the image is soft or poorly exposed, limiting what can be assigned.",1.1
204702f67d1e4d5c92f6700473cf85aa,A1b71p.jpg,0.2576,0.3278,0.0964,0.4,0.1716,3,5,True,True,False,The assigned terms are well supported across all measures.,1.1
0544f318ec2a474a9a6bcf01c279103b,A1b71q.jpg,0.5266,0.4122,0.6587,0.6,0.2642,2,5,True,True,False,"Chiefly because the image is soft or poorly exposed, limiting what can be assigned.",1.1
87c5d06388374224b9371e4ac6cd500b,A1b71r.jpg,0.2485,0.4751,0.0314,0.0,0.3802,5,5,True,True,False,The assigned terms are well supported across all measures.,1.1
dd741805f42546b2917dc23ecb6d1f82,A1b71s.jpg,0.3974,0.2964,0.5407,0.4,0.2102,3,5,True,True,False,"Chiefly because the image is soft or poorly exposed, limiting what can be assigned.",1.1
e766ce78aaa84445b4991b133800e121,A1b71t.jpg,0.5049,0.4824,0.582,0.4,0.3989,3,5,True,True,False,"Chiefly because the image is soft or poorly exposed, limiting what can be assigned.",1.1
f04fa30cc9c842258089044a9a14f2fe,A1b71u.jpg,0.391,0.5073,0.221,0.4,0.0,3,5,True,True,False,Chiefly because the matching scores separated the leading terms only narrowly.,1.1
3ac86d14254e4159bad21406fe1693fd,A1b71v.jpg,0.4279,0.7206,0.0216,0.4,0.2452,3,5,True,True,False,Chiefly because the matching scores separated the leading terms only narrowly.,1.1
d53539b9f018410e9b243d452022dce7,A1b71w.jpg,0.3095,0.2516,0.3535,0.4,0.2017,3,5,True,True,False,The assigned terms are well supported across all measures.,1.1
37a8f0ba398543b2bddca9545bbff7b9,A1b71x.jpg,0.2997,0.4369,0.0606,0.4,0.1585,3,5,True,True,False,The assigned terms are well supported across all measures.,1.1
aad1a421204943e2a482c867c3b4ac1c,A1b71y.jpg,0.2458,0.2465,0.1788,0.4,0.2108,3,5,True,True,False,The assigned terms are well supported across all measures.,1.1
ae80cacd8a6743c4997d4dda5e80c7c4,A1b71z.jpg,0.32,0.3735,0.0379,0.8,0.2325,1,5,True,True,False,The assigned terms are well supported across all measures.,1.1
239895eca9ab43e9a02c6ee41dd4fae7,A1b72.jpg,0.4954,0.4986,0.5316,0.4,0.2553,3,5,True,True,False,"Chiefly because the image is soft or poorly exposed, limiting what can be assigned.",1.1
8478737f93c34a46942f75f61ae9a0cd,A1b73.jpg,0.5289,0.462,0.5083,0.8,0.3594,1,5,True,True,False,Chiefly because the generated description does not corroborate the assigned terms.,1.1
87ffe83bb0544b068d650c1bcc090881,A1b74.jpg,0.4985,0.4012,0.5941,0.6,0.0859,2,5,True,True,False,Chiefly because the generated description does not corroborate the assigned terms.,1.1
3e025d4006cd4d859cd8a68a1c941dee,A1b74a.jpg,0.4434,0.3512,0.5081,0.6,0.0,2,5,True,True,False,Chiefly because the generated description does not corroborate the assigned terms.,1.1
6d77afb95de741acae4e26ec3c0b963f,A1b74b.jpg,0.3976,0.3721,0.4331,0.4,0.0954,3,5,True,True,False,"Chiefly because the image is soft or poorly exposed, limiting what can be assigned.",1.1
0abdd6b0eab342728fc73dcd8f5bbb3b,A1b74c.jpg,0.4602,0.4782,0.4604,0.4,0.2761,3,5,True,True,False,Chiefly because the matching scores separated the leading terms only narrowly.,1.1
d0becdd36ceb4ff7b5d4c1bf10dbf21b,A1b75.jpg,0.33,0.508,0.0458,0.4,0.5177,3,5,True,True,False,The assigned terms are well supported across all measures.,1.1
2b7c417d409844d48d28585accef33f1,A1b75a.jpg,0.4544,0.5059,0.4041,0.4,0.2287,3,5,True,True,False,Chiefly because the matching scores separated the leading terms only narrowly.,1.1
3197ef449116475eaff8cd291702b83f,A1b75b.jpg,0.587,0.6236,0.5292,0.6,0.4336,2,5,True,True,True,Chiefly because the matching scores separated the leading terms only narrowly.,1.1
fcf1860c92af4644bc2df0ff44e55104,A1b75c.jpg,0.4097,0.4523,0.4386,0.2,0.1383,4,5,True,True,False,Chiefly because the matching scores separated the leading terms only narrowly.,1.1
48ce168b288e4db581c1429b288fa147,A1b76.jpg,0.4083,0.2955,0.5729,0.4,0.176,3,5,True,True,False,"Chiefly because the image is soft or poorly exposed, limiting what can be assigned.",1.1
3e88979829104e7c97f5389c2706a382,A1b76a.jpg,0.421,0.3399,0.5458,0.4,0.157,3,5,True,True,False,"Chiefly because the image is soft or poorly exposed, limiting what can be assigned.",1.1
88849034b7004e2fa72defca9ef95503,A1b76b.jpg,0.5598,0.4998,0.714,0.4,0.5564,3,5,True,True,True,"Chiefly because the image is soft or poorly exposed, limiting what can be assigned.",1.1
3332a64f0b0c46468919db1ba32bb704,A1b77.jpg,0.5671,0.4473,0.6384,0.8,0.2428,1,5,True,True,True,"Chiefly because the generated description does not corroborate the assigned terms, and the image is soft or poorly exposed, limiting what can be assigned.",1.1
cb8b72cbd3054453984593214fb20e86,A1b77a.jpg,0.6265,0.6015,0.7592,0.4,0.3211,3,5,True,True,True,"Chiefly because the image is soft or poorly exposed, limiting what can be assigned, and the matching scores separated the leading terms only narrowly.",1.1
0b484942c29a4439a629faf9f6cd9378,A1b8_1.jpg,0.376,0.574,0.0828,0.4,0.0,3,5,True,True,False,Chiefly because the matching scores separated the leading terms only narrowly.,1.1
7e890c9ac3704cacb305553dfa82e0ef,A1b8_2.jpg,0.3502,0.4003,0.2574,0.4,0.2988,3,5,True,True,False,Chiefly because the matching scores separated the leading terms only narrowly.,1.1
6231ecf03ac04e50a3c43398c8e5e1a9,A1b9a.jpg,0.5091,0.4504,0.554,0.6,0.2229,2,5,True,True,False,Chiefly because the generated description does not corroborate the assigned terms.,1.1
bd3c480c3a414c769b86640584e542c2,A1b9b.jpg,0.4304,0.44,0.3441,0.6,0.204,2,5,True,True,False,Chiefly because the generated description does not corroborate the assigned terms.,1.1
43a05cb4a0c049c990ee11e3eb816134,A1b9c.jpg,0.4573,0.4497,0.4071,0.6,0.216,2,5,True,True,False,Chiefly because the generated description does not corroborate the assigned terms.,1.1
0da1c7e4827340e392c0c196ea8e4f22,A1c1.jpg,0.472,0.4525,0.445,0.6,0.3592,2,5,True,True,False,Chiefly because the generated description does not corroborate the assigned terms.,1.1
a629be8f723f46ce8bb0493c09435c11,A1c113_1.jpg,0.5657,0.6592,0.5888,0.2,0.5418,4,5,True,True,True,Chiefly because the matching scores separated the leading terms only narrowly.,1.1
e7e0e74bdb1440c0b1f7a418f099d028,A1c113_1a.jpg,0.5777,0.6112,0.606,0.4,0.5812,3,5,True,True,True,"Chiefly because the matching scores separated the leading terms only narrowly, and the image is soft or poorly exposed, limiting what can be assigned.",1.1
893d50228d3a47668efcd3e1333505ad,A1c113_1b.jpg,0.5839,0.6259,0.6027,0.4,0.583,3,5,True,True,True,"Chiefly because the matching scores separated the leading terms only narrowly, and the image is soft or poorly exposed, limiting what can be assigned.",1.1
b181b4523d3e477cad09c0188e88fded,A1c113_1c.jpg,0.6074,0.613,0.6026,0.6,0.6821,2,5,True,True,True,"Chiefly because the image differs markedly from those used to establish the terms, and the matching scores separated the leading terms only narrowly.",1.1
9cc17ead4c0e4d8e833ccdc7b1d36692,A1c113_1d.jpg,0.6524,0.7669,0.5969,0.4,0.5498,3,5,True,True,True,Chiefly because the matching scores separated the leading terms only narrowly.,1.1
0761cba6bf98453bb630e5b46c36c9f5,A1c113_1e.jpg,0.5688,0.6126,0.5786,0.4,0.6183,3,5,True,True,True,"Chiefly because the image differs markedly from those used to establish the terms, and the matching scores separated the leading terms only narrowly.",1.1
5da5baa2774b48109c1124cc923da737,A1c113_2a.jpg,0.5832,0.696,0.5006,0.4,0.5828,3,5,True,True,True,Chiefly because the matching scores separated the leading terms only narrowly.,1.1
9de1e8e7874b46e491aa69929b311a11,A1c113_2b.jpg,0.5146,0.4697,0.5422,0.6,0.5561,2,5,True,True,False,Chiefly because the generated description does not corroborate the assigned terms.,1.1
c4caeba43bed4bdcb15ab53c5ead3282,A1c113_2c.jpg,0.5416,0.5299,0.5334,0.6,0.5874,2,5,True,True,False,Chiefly because the generated description does not corroborate the assigned terms.,1.1
bd82a3b0719e4bab96e07493bf191a87,A1c13.jpg,0.2729,0.4147,0.0159,0.4,0.2845,3,5,True,True,False,The assigned terms are well supported across all measures.,1.1
4c306109c77441a1b4ab7dc3c434d7a8,A1c134a.jpg,0.5296,0.5846,0.5066,0.4,0.5175,3,5,True,True,False,Chiefly because the matching scores separated the leading terms only narrowly.,1.1
ae39a17a441d41b28d81420bc2a283d7,A1c134b.jpg,0.6168,0.7454,0.6118,0.2,0.512,4,5,True,True,True,"Chiefly because the matching scores separated the leading terms only narrowly, and the image is soft or poorly exposed, limiting what can be assigned.",1.1
b9e70d540b3e44bba7e8dcfc9921a775,A1c134c.jpg,0.6599,0.717,0.604,0.6,0.5357,2,5,True,True,True,"Chiefly because the matching scores separated the leading terms only narrowly, and the image is soft or poorly exposed, limiting what can be assigned.",1.1
0ec670a5b1aa4050b9da0b32f50f23aa,A1c135.jpg,0.4807,0.439,0.489,0.6,0.7133,2,5,True,True,False,Chiefly because the image differs markedly from those used to establish the terms.,1.1
c45a2ac96ca9471fb54bdc7c4c02f119,A1c135a.jpg,0.56,0.7138,0.409,0.4,0.3874,3,5,True,True,True,Chiefly because the matching scores separated the leading terms only narrowly.,1.1
a32f8194c67344c5bfe5daa9d3dc43fe,A1c140a.jpg,0.538,0.455,0.7157,0.4,0.5203,3,5,True,True,False,"Chiefly because the image is soft or poorly exposed, limiting what can be assigned.",1.1
85eb61c72af04c4eaefdd3ffe76e4fca,A1c140b.jpg,0.5807,0.5603,0.6874,0.4,0.6055,3,5,True,True,True,"Chiefly because the image is soft or poorly exposed, limiting what can be assigned, and the image differs markedly from those used to establish the terms.",1.1
70ece37f48b84cce9d6a68eb1e6d3fd8,A1c140c.jpg,0.558,0.5658,0.6145,0.4,0.6147,3,5,True,True,True,"Chiefly because the image differs markedly from those used to establish the terms, and the image is soft or poorly exposed, limiting what can be assigned.",1.1
2609f7fa2f204af189fe1d44381c1c63,A1c144.jpg,0.4754,0.4635,0.4389,0.6,0.2041,2,5,True,True,False,Chiefly because the generated description does not corroborate the assigned terms.,1.1
e5f211b982b64b7291a2cc145e711ba6,A1c146.jpg,0.3877,0.3793,0.3944,0.4,0.1612,3,5,True,True,False,Chiefly because the generated description does not corroborate the assigned terms.,1.1
e7d2042ab58748f99a4efdbe750e2e11,A1c147.jpg,0.4755,0.6056,0.3219,0.4,0.1755,3,5,True,True,False,Chiefly because the matching scores separated the leading terms only narrowly.,1.1
c35848c5dce74a94a40533821594d124,A1c148.jpg,0.5166,0.6559,0.3676,0.4,0.2465,3,5,True,True,False,Chiefly because the matching scores separated the leading terms only narrowly.,1.1
1466851d29a54fe596784d04bc3fb2e5,A1c149.jpg,0.4359,0.4999,0.4455,0.2,0.2247,4,5,True,True,False,Chiefly because the matching scores separated the leading terms only narrowly.,1.1
5168d805011b432b82a744a3c36effb7,A1c150.jpg,0.4836,0.4315,0.594,0.4,0.2538,3,5,True,True,False,"Chiefly because the image is soft or poorly exposed, limiting what can be assigned.",1.1
0000a204e335483d80addd96f41aa4aa,A1c151.jpg,0.4915,0.6363,0.3239,0.4,0.357,3,5,True,True,False,Chiefly because the matching scores separated the leading terms only narrowly.,1.1
dd09e78dfce6413f830552650ad7e33e,A1c158.jpg,0.514,0.5059,0.6602,0.2,0.2918,4,5,True,True,False,"Chiefly because the image is soft or poorly exposed, limiting what can be assigned.",1.1
64f072a976f042ba87f807dedb28a53f,A1c16.jpg,0.5195,0.532,0.6387,0.2,0.0,4,5,True,True,False,"Chiefly because the image is soft or poorly exposed, limiting what can be assigned.",1.1
2677f5a556cf4c828c11a57de6a1870d,A1c166.jpg,0.5435,0.6597,0.439,0.4,0.5163,3,5,True,True,False,Chiefly because the matching scores separated the leading terms only narrowly.,1.1
1d4497afb3a6437ea8117b7cb6bfe22d,A1c166_1.jpg,0.504,0.4953,0.561,0.4,0.5075,3,5,True,True,False,"Chiefly because the image is soft or poorly exposed, limiting what can be assigned.",1.1
d2f4f953ba3e4995ba7ff4bc46ce5857,A1c166_2.jpg,0.628,0.7155,0.5151,0.6,0.7629,2,5,True,True,True,"Chiefly because the image differs markedly from those used to establish the terms, and the matching scores separated the leading terms only narrowly.",1.1
592a38ecf5f8468ca53371b864c183b3,A1c166_3.jpg,0.32,0.1838,0.4802,0.4,0.6039,3,5,True,True,False,The assigned terms are well supported across all measures.,1.1
1ee16ac79688475ba07818a53e1ceb10,A1c166a.jpg,0.4724,0.3829,0.7169,0.2,0.0,4,5,True,True,False,"Chiefly because the image is soft or poorly exposed, limiting what can be assigned.",1.1
3aae2d402d79407993913cd0e8626196,A1c166b.jpg,0.5228,0.4982,0.6106,0.4,0.1457,3,5,True,True,False,"Chiefly because the image is soft or poorly exposed, limiting what can be assigned.",1.1
454e396285f6409d9dcb7826e30949f1,A1c168.jpg,0.6094,0.6182,0.6009,0.6,0.5149,2,5,True,True,True,"Chiefly because the matching scores separated the leading terms only narrowly, and the image is soft or poorly exposed, limiting what can be assigned.",1.1
41a2afdc3b0745e9b8c2ec590691ef92,A1c169.jpg,0.6541,0.6516,0.5952,0.8,0.523,1,5,True,True,True,"Chiefly because the generated description does not corroborate the assigned terms, and the matching scores separated the leading terms only narrowly.",1.1
d42c2ea81283471183d43afb55bf8ec2,A1c170a.jpg,0.4295,0.4403,0.5125,0.2,0.5146,4,5,True,True,False,Chiefly because the image differs markedly from those used to establish the terms.,1.1
82f3adffbada4c35b22df032c2ab387e,A1c170b.jpg,0.589,0.5715,0.5236,0.8,0.6371,1,5,True,True,True,"Chiefly because the generated description does not corroborate the assigned terms, and the image differs markedly from those used to establish the terms.",1.1
e12d2456aed74bfda7ebd1cca0554b4b,A1c170c.jpg,0.5131,0.5833,0.5471,0.2,0.5387,4,5,True,True,False,Chiefly because the matching scores separated the leading terms only narrowly.,1.1
94d11b94258448bdb1e9f03e959a87fb,A1c171a.jpg,0.5852,0.6534,0.4815,0.6,0.6372,2,5,True,True,True,"Chiefly because the matching scores separated the leading terms only narrowly, and the image differs markedly from those used to establish the terms.",1.1
c1bce3a23603472093b3d9d53052a878,A1c171b.jpg,0.4534,0.4174,0.5278,0.4,0.4662,3,5,True,True,False,"Chiefly because the image is soft or poorly exposed, limiting what can be assigned.",1.1
41886ad496fe4f018b8e7ff873d5f483,A1c171c.jpg,0.5248,0.4764,0.5617,0.6,0.5912,2,5,True,True,False,Chiefly because the generated description does not corroborate the assigned terms.,1.1
54577ffa6f92412da7d0f40e70b180a0,A1c171d.jpg,0.5453,0.6372,0.5621,0.2,0.5619,4,5,True,True,False,Chiefly because the matching scores separated the leading terms only narrowly.,1.1
abde4443c7f143e193bc83e0e24e2b39,A1c172.jpg,0.3812,0.6072,0.0502,0.4,0.5488,3,5,True,True,False,Chiefly because the matching scores separated the leading terms only narrowly.,1.1
deec7aae1d3446d18001d305b75c472c,A1c173a.jpg,0.4186,0.464,0.4473,0.2,0.5919,4,5,True,True,False,Chiefly because the image differs markedly from those used to establish the terms.,1.1
3a5eb5f642734ebb8b54cc5070f4c21f,A1c173b.jpg,0.6124,0.7006,0.5774,0.4,0.5719,3,5,True,True,True,Chiefly because the matching scores separated the leading terms only narrowly.,1.1
2749d11ab8584235bbfc63168715e86d,A1c175.jpg,0.5174,0.5286,0.5517,0.4,0.6307,3,5,True,True,False,Chiefly because the image differs markedly from those used to establish the terms.,1.1
ae4cb8df4efc461992d36667f89824ba,A1c176.jpg,0.4284,0.4312,0.5224,0.2,0.5857,4,5,True,True,False,Chiefly because the image differs markedly from those used to establish the terms.,1.1
612c53bf6ecc431dba138d6b5e352d01,A1c177.jpg,0.5334,0.5609,0.5513,0.4,0.3619,3,5,True,True,False,Chiefly because the matching scores separated the leading terms only narrowly.,1.1
7813511984544fc2a4c3a4219a199774,A1c178.jpg,0.4795,0.5396,0.5135,0.2,0.4752,4,5,True,True,False,Chiefly because the matching scores separated the leading terms only narrowly.,1.1
97ec23e0771049e897bcb2322cbf3b99,A1c180.jpg,0.51,0.5613,0.5696,0.2,0.4267,4,5,True,True,False,"Chiefly because the image is soft or poorly exposed, limiting what can be assigned.",1.1
2da17de4b57c43919b1d65f5e7d9cf8e,A1c181.jpg,0.475,0.5688,0.5446,0.0,0.498,5,5,True,True,False,Chiefly because the matching scores separated the leading terms only narrowly.,1.1
73f0324f459845e9bcb1ba4d3c8851fc,A1c182.jpg,0.4405,0.4783,0.4895,0.2,0.6029,4,5,True,True,False,Chiefly because the image differs markedly from those used to establish the terms.,1.1
e24c582940334a9088ee1b346df65566,A1c182a.jpg,0.6105,0.7013,0.571,0.4,0.565,3,5,True,True,True,Chiefly because the matching scores separated the leading terms only narrowly.,1.1
ffa18922f3d44adcb7fb9888fcf0aae5,A1c182b.jpg,0.5908,0.6871,0.5349,0.4,0.4279,3,5,True,True,True,Chiefly because the matching scores separated the leading terms only narrowly.,1.1
c5ee2ac5232747dcb54dc938a5d5b1bb,A1c182c.jpg,0.5882,0.5885,0.5827,0.6,0.4824,2,5,True,True,True,Chiefly because the generated description does not corroborate the assigned terms.,1.1
90f5f0227b744d9c940fbff71330db9f,A1c185.jpg,0.5232,0.6301,0.4232,0.4,0.5341,3,5,True,True,False,Chiefly because the matching scores separated the leading terms only narrowly.,1.1
981db59442c844ec8bde9fd78a72aaa3,A1c186.jpg,0.4419,0.5085,0.4505,0.2,0.0,4,5,True,True,False,Chiefly because the matching scores separated the leading terms only narrowly.,1.1
a0dd3e3cf8f64de2b3458e5a4b1e994d,A1c186a.jpg,0.5313,0.5335,0.5844,0.4,0.4031,3,5,True,True,False,"Chiefly because the image is soft or poorly exposed, limiting what can be assigned.",1.1
4a922d631dba422788c30e1d035792c8,A1c187.jpg,0.4937,0.6596,0.3827,0.2,0.3687,4,5,True,True,False,Chiefly because the matching scores separated the leading terms only narrowly.,1.1
a4d4b2f615d94ccda7856332b7241fcf,A1c188.jpg,0.5442,0.7224,0.437,0.2,0.491,4,5,True,True,False,Chiefly because the matching scores separated the leading terms only narrowly.,1.1
7dea0b0bb6ef415887e2a1f73ac155e0,A1c190.jpg,0.4716,0.4526,0.5295,0.4,0.4776,3,5,True,True,False,"Chiefly because the image is soft or poorly exposed, limiting what can be assigned.",1.1
d441a945fb2745228b2355fd44ea0c83,A1c191.jpg,0.5566,0.6465,0.4953,0.4,0.4476,3,5,True,True,True,Chiefly because the matching scores separated the leading terms only narrowly.,1.1
de81eab5eded4d398905bb186f20199c,A1c192.jpg,0.3426,0.3025,0.3752,0.4,0.0,3,5,True,True,False,The assigned terms are well supported across all measures.,1.1
d111d85bf4df48d8bb04c88a7ef93c93,A1c194b.jpg,0.4783,0.5984,0.3404,0.4,0.6762,3,5,True,True,False,Chiefly because the image differs markedly from those used to establish the terms.,1.1
c8497163fc97460d871d2cd0a99b9ee4,A1c195a.jpg,0.499,0.498,0.5429,0.4,0.5858,3,5,True,True,False,Chiefly because the image differs markedly from those used to establish the terms.,1.1
dd24a29544ff4dd9931084e2fb256ff8,A1c195b.jpg,0.3434,0.2822,0.4922,0.2,0.6385,4,5,True,True,False,The assigned terms are well supported across all measures.,1.1
b34bc850bc0c447683cf8e9fe75835d8,A1c195c.jpg,0.4877,0.5017,0.5053,0.4,0.5874,3,5,True,True,False,Chiefly because the image differs markedly from those used to establish the terms.,1.1
be5aae6a09934f5dbc5202d27c9df31c,A1c196.jpg,0.6467,0.806,0.4391,0.6,0.4697,2,5,True,True,True,Chiefly because the matching scores separated the leading terms only narrowly.,1.1
fe69d0f2e0014d1aa8b67a84e226ac1b,A1c197a.jpg,0.5634,0.7018,0.5214,0.2,0.493,4,5,True,True,True,Chiefly because the matching scores separated the leading terms only narrowly.,1.1
262bef440dca4ddc9178fa7675c8d22b,A1c197b.jpg,0.4764,0.5132,0.5422,0.2,0.6151,4,5,True,True,False,Chiefly because the image differs markedly from those used to establish the terms.,1.1
7fa30f5b14d544efb03b6da240acf8a9,A1c19a.jpg,0.3608,0.524,0.025,0.6,0.2685,2,5,True,True,False,Chiefly because the generated description does not corroborate the assigned terms.,1.1
e6b80ec1e697466faa5b69c538cb5a53,A1c19c.jpg,0.4297,0.3767,0.5181,0.4,0.2708,3,5,True,True,False,"Chiefly because the image is soft or poorly exposed, limiting what can be assigned.",1.1
fb898296888449229051856d293da98c,A1c19e.jpg,0.5707,0.6595,0.5169,0.4,0.2679,3,5,True,True,True,Chiefly because the matching scores separated the leading terms only narrowly.,1.1
ed80d68828144492bcb43d319a428e1c,A1c1h.jpg,0.6442,0.786,0.5463,0.4,0.5311,3,5,True,True,True,Chiefly because the matching scores separated the leading terms only narrowly.,1.1
6460ef97d5184fd38709edfea2d48063,A1c1j.jpg,0.5274,0.6328,0.3458,0.6,0.4563,2,5,True,True,False,Chiefly because the matching scores separated the leading terms only narrowly.,1.1
1a0b4be65f214f17844610ea93818edb,A1c1p.jpg,0.5181,0.5336,0.4609,0.6,0.3359,2,5,True,True,False,Chiefly because the generated description does not corroborate the assigned terms.,1.1
6466c2d08cb04c5d90d086872ba6ccc0,A1c1q.jpg,0.5027,0.491,0.4777,0.6,0.2144,2,5,True,True,False,Chiefly because the generated description does not corroborate the assigned terms.,1.1
ad3ee57be2cf4fb8bd1d12875cadbcd3,A1c1r.jpg,0.5091,0.5825,0.3653,0.6,0.2217,2,5,True,True,False,Chiefly because the generated description does not corroborate the assigned terms.,1.1
4b6f7c4da25d41b0bcf7584b3a0c98f9,A1c1s.jpg,0.2567,0.3766,0.1098,0.2,0.3138,4,5,True,True,False,The assigned terms are well supported across all measures.,1.1
9970d3f5e0954c36b53d9dece2a523d5,A1c1t.jpg,0.6287,0.7415,0.5657,0.4,0.2672,3,5,True,True,True,Chiefly because the matching scores separated the leading terms only narrowly.,1.1
66f9ea4668b44bf29f56279959ac680c,A1c1u.jpg,0.4026,0.4685,0.3952,0.2,0.2804,4,5,True,True,False,Chiefly because the matching scores separated the leading terms only narrowly.,1.1
da10a3debbe540199b7efa04c1712956,A1c1w.jpg,0.3912,0.3887,0.4768,0.2,0.2639,4,5,True,True,False,"Chiefly because the image is soft or poorly exposed, limiting what can be assigned.",1.1
130498f29d6741b69bfa1b47e9b36e01,A1c1y.jpg,0.4741,0.4127,0.5078,0.6,0.3716,2,5,True,True,False,Chiefly because the generated description does not corroborate the assigned terms.,1.1
cc1ae8e408544996bffcec3bcb0692ff,A1c2&85etc.jpg,0.5069,0.545,0.4983,0.4,0.4094,3,5,True,True,False,Chiefly because the matching scores separated the leading terms only narrowly.,1.1
10e76b14885947238246b071a45de8fc,A1c2.jpg,0.3449,0.3525,0.3961,0.2,0.2451,4,5,True,True,False,The assigned terms are well supported across all measures.,1.1
15c0758628cf41ac99276e6e1cea6ef9,A1c20.jpg,0.488,0.5226,0.3905,0.6,0.1748,2,5,True,True,False,Chiefly because the generated description does not corroborate the assigned terms.,1.1
892e077c62364504b1aae1c85ba7d855,A1c202b.jpg,0.4568,0.4786,0.2785,0.8,0.587,1,5,True,True,False,Chiefly because the generated description does not corroborate the assigned terms.,1.1
aa4e7ff0a2674244aa8bd0d2e77be3e6,A1c206a.jpg,0.5325,0.5115,0.5336,0.6,0.6807,2,5,True,True,False,Chiefly because the image differs markedly from those used to establish the terms.,1.1
18db8226b46d4434ad555dcc7c958d3d,A1c206b.jpg,0.497,0.5481,0.4656,0.4,0.6108,3,5,True,True,False,Chiefly because the image differs markedly from those used to establish the terms.,1.1
196849d70ad7469da7090f3baaf5cf2a,A1c207.jpg,0.4223,0.416,0.4408,0.4,0.6307,3,5,True,True,False,Chiefly because the image differs markedly from those used to establish the terms.,1.1
4c1fb92ea4fd4498bb45b2e9183a576c,A1c208.jpg,0.4807,0.3993,0.5459,0.6,0.5463,2,5,True,True,False,Chiefly because the generated description does not corroborate the assigned terms.,1.1
7c6afe61fd1643fe8ff99a144bf83ce4,A1c209.jpg,0.5324,0.5911,0.5911,0.2,0.6157,4,5,True,True,False,Chiefly because the image differs markedly from those used to establish the terms.,1.1
07aeb74024954a43940b47e020e4885a,A1c21.jpg,0.523,0.4837,0.5462,0.6,0.3516,2,5,True,True,False,Chiefly because the generated description does not corroborate the assigned terms.,1.1
68218e33af1b4b8e8c08c5c8c7e9fcea,A1c214a.jpg,0.5705,0.6369,0.5487,0.4,0.5207,3,5,True,True,True,Chiefly because the matching scores separated the leading terms only narrowly.,1.1
5dcaed8f027247979e83b971cb801d83,A1c214b.jpg,0.6546,0.7883,0.5727,0.4,0.5356,3,5,True,True,True,Chiefly because the matching scores separated the leading terms only narrowly.,1.1
56427e16e7f146309661a2688b1e935d,A1c214c.jpg,0.536,0.5992,0.5898,0.2,0.4902,4,5,True,True,False,Chiefly because the matching scores separated the leading terms only narrowly.,1.1
1c2d7dec98d34c20a160e22b0524524c,A1c215_1.jpg,0.6106,0.6529,0.5548,0.6,0.5408,2,5,True,True,True,Chiefly because the matching scores separated the leading terms only narrowly.,1.1
a4c93af8eb6448039122db26ae0aeec7,A1c215_2.jpg,0.3906,0.3729,0.5833,0.0,0.6309,5,5,True,True,False,Chiefly because the image differs markedly from those used to establish the terms.,1.1
46c199ba4f19407fbb2caf8d8ad097b9,A1c215_2a.jpg,0.389,0.2934,0.5208,0.4,0.5395,3,5,True,True,False,Chiefly because the image differs markedly from those used to establish the terms.,1.1
1eae7ab913f34ca0a86da94e8e98e50d,A1c215_2b.jpg,0.4997,0.5617,0.5395,0.2,0.4697,4,5,True,True,False,Chiefly because the matching scores separated the leading terms only narrowly.,1.1
e4920f15a4dc49e1b8cd4203689f42e8,A1c215_2c.jpg,0.4582,0.4598,0.5667,0.2,0.5407,4,5,True,True,False,"Chiefly because the image is soft or poorly exposed, limiting what can be assigned.",1.1
0c604e03b8e6472982afefffcae06fd1,A1c216b.jpg,0.5934,0.4838,0.5756,1.0,0.61,0,5,True,True,True,"Chiefly because the generated description does not corroborate the assigned terms, and the image differs markedly from those used to establish the terms.",1.1
cc752c112afd4b92ad7fb14a91320463,A1c216d.jpg,0.5803,0.6022,0.5406,0.6,0.5349,2,5,True,True,True,Chiefly because the matching scores separated the leading terms only narrowly.,1.1
93d72cf448f54e5fa25f6f30513462ee,A1c216e.jpg,0.6755,0.7364,0.5351,0.8,0.493,1,5,True,True,True,"Chiefly because the generated description does not corroborate the assigned terms, and the matching scores separated the leading terms only narrowly.",1.1
84d5bde6146d41168b3a1914e1093c89,A1c216f.jpg,0.6513,0.7423,0.5434,0.6,0.5448,2,5,True,True,True,Chiefly because the matching scores separated the leading terms only narrowly.,1.1
2f48e90bc6f74dbaa228a3098daa805f,A1c217a.jpg,0.5845,0.6573,0.5595,0.4,0.5738,3,5,True,True,True,Chiefly because the matching scores separated the leading terms only narrowly.,1.1
84f2cc787dbd4b33b554d797c0b436e8,A1c217b.jpg,0.5138,0.6004,0.5246,0.2,0.6081,4,5,True,True,False,"Chiefly because the image differs markedly from those used to establish the terms, and the matching scores separated the leading terms only narrowly.",1.1
3a0db9b5e1fe49ca801520245fbc4a62,A1c217d.jpg,0.4758,0.4783,0.5048,0.4,0.5248,3,5,True,True,False,Chiefly because the image differs markedly from those used to establish the terms.,1.1
16c733ff39454af2b90db6b0de9da3d4,A1c218.jpg,0.4954,0.6847,0.3515,0.2,0.4814,4,5,True,True,False,Chiefly because the matching scores separated the leading terms only narrowly.,1.1
74ac867c1669459787f3f2143dd27c7f,A1c218_2.jpg,0.632,0.7253,0.4266,0.8,0.6893,1,5,True,True,True,"Chiefly because the generated description does not corroborate the assigned terms, and the matching scores separated the leading terms only narrowly.",1.1
8f7339c90ca141b59c71cbd6a51e9dec,A1c218a.jpg,0.5471,0.6346,0.5708,0.2,0.5899,4,5,True,True,False,Chiefly because the matching scores separated the leading terms only narrowly.,1.1
bc7eba2dbfc342d5957b64a84523ef7e,A1c218d.jpg,0.5907,0.7213,0.5715,0.2,0.6094,4,5,True,True,True,"Chiefly because the matching scores separated the leading terms only narrowly, and the image differs markedly from those used to establish the terms.",1.1
c153db470ebd4c6b8a7004687980c7f1,A1c218e.jpg,0.5944,0.8128,0.4515,0.2,0.3876,4,5,True,True,True,Chiefly because the matching scores separated the leading terms only narrowly.,1.1
31537914f2b544c09229c6bc77ac3bcb,A1c219.jpg,0.5682,0.6098,0.5808,0.4,0.6348,3,5,True,True,True,"Chiefly because the image differs markedly from those used to establish the terms, and the matching scores separated the leading terms only narrowly.",1.1
c61bba0004324de69a75319c08c38b70,A1c220b.jpg,0.4411,0.4537,0.5264,0.2,0.5894,4,5,True,True,False,Chiefly because the image differs markedly from those used to establish the terms.,1.1
96cb295fae744cbb849f1123142c448a,A1c220c.jpg,0.4071,0.3689,0.4648,0.4,0.4907,3,5,True,True,False,Chiefly because the image differs markedly from those used to establish the terms.,1.1
5ae89176abdf43599a209587fc2f3d49,A1c220e.jpg,0.47,0.4126,0.4963,0.6,0.6013,2,5,True,True,False,Chiefly because the image differs markedly from those used to establish the terms.,1.1
f67cd4a02ea649bd9be9b17fb48a06b2,A1c221_2.jpg,0.6453,0.7121,0.5694,0.6,0.578,2,5,True,True,True,Chiefly because the matching scores separated the leading terms only narrowly.,1.1
7ca8b58bc88d4e2490df0c4c4cf1e9bd,A1c222.jpg,0.6132,0.7059,0.5722,0.4,0.4195,3,5,True,True,True,Chiefly because the matching scores separated the leading terms only narrowly.,1.1
fcaa5b8441f74f0a83f051ed5b9ed62a,A1c231.jpg,0.573,0.5342,0.6168,0.6,0.6166,2,5,True,True,True,"Chiefly because the image is soft or poorly exposed, limiting what can be assigned, and the image differs markedly from those used to establish the terms.",1.1
962a8d0049de45838e859b71623d8199,A1c233.jpg,0.5382,0.6815,0.4785,0.2,0.6221,4,5,True,True,False,"Chiefly because the matching scores separated the leading terms only narrowly, and the image differs markedly from those used to establish the terms.",1.1
7f291a7029b0456c9dff8abb9ebc2e5b,A1c235a.jpg,0.3918,0.4205,0.5186,0.0,0.6494,5,5,True,True,False,Chiefly because the image differs markedly from those used to establish the terms.,1.1
14d82e0f045a42c0a3eebe697f7a00c3,A1c235b.jpg,0.5047,0.5301,0.5133,0.4,0.5992,3,5,True,True,False,Chiefly because the image differs markedly from those used to establish the terms.,1.1
59a49ca64da74535970e6851c2fe761d,A1c235c.jpg,0.3916,0.414,0.4416,0.2,0.6569,4,5,True,True,False,Chiefly because the image differs markedly from those used to establish the terms.,1.1
634bcfab986345d6abb64af67db23c0a,A1c235d.jpg,0.4397,0.3139,0.5508,0.6,0.5777,2,5,True,True,False,Chiefly because the generated description does not corroborate the assigned terms.,1.1
6fc2a88e43bb40d4ab8ac69116ea151d,A1c235e.jpg,0.5496,0.5248,0.5633,0.6,0.5748,2,5,True,True,False,Chiefly because the generated description does not corroborate the assigned terms.,1.1
075476e85b4b4fb8aa181a1fae5be293,A1c236a.jpg,0.4123,0.3244,0.6289,0.2,0.4619,4,5,True,True,False,"Chiefly because the image is soft or poorly exposed, limiting what can be assigned.",1.1
3403381c1ccd474a8d59e75025caf07c,A1c250 (2).jpg,0.5034,0.494,0.4754,0.6,0.411,2,5,True,True,False,Chiefly because the generated description does not corroborate the assigned terms.,1.1
3672f5d8a5c54b1ab0e75fe373198fb6,A1c250_1.jpg,0.6154,0.6371,0.591,0.6,0.2814,2,5,True,True,True,Chiefly because the matching scores separated the leading terms only narrowly.,1.1
dedcda548f10407499e649474ac063d1,A1c250_11a.jpg,0.3949,0.3836,0.4088,0.4,0.0,3,5,True,True,False,"Chiefly because the image is soft or poorly exposed, limiting what can be assigned.",1.1
dbc551be1ea24c1c88a986dab495a81e,A1c250_12a.jpg,0.5623,0.6082,0.4806,0.6,0.5638,2,5,True,True,True,Chiefly because the matching scores separated the leading terms only narrowly.,1.1
797f7b0a5aaa427a82ea091ec6616a94,A1c250_2.jpg,0.5106,0.5021,0.4845,0.6,0.5325,2,5,True,True,False,Chiefly because the generated description does not corroborate the assigned terms.,1.1
2ca8b89ab79e42d89b9a67f5d169f825,A1c250_5.jpg,0.416,0.3135,0.4835,0.6,0.4113,2,5,True,True,False,Chiefly because the generated description does not corroborate the assigned terms.,1.1
65ea7ede8072469abfc5fffd97417e8c,A1c250_6.jpg,0.4154,0.3545,0.509,0.4,0.2219,3,5,True,True,False,"Chiefly because the image is soft or poorly exposed, limiting what can be assigned.",1.1
e43a524feadc4beb914dfa779dadb883,A1c250_7.jpg,0.4691,0.429,0.556,0.4,0.5615,3,5,True,True,False,Chiefly because the image differs markedly from those used to establish the terms.,1.1
55ca217c508947c8bd5834646363d382,A1c251_1.jpg,0.4995,0.4418,0.453,0.8,0.2855,1,5,True,True,False,Chiefly because the generated description does not corroborate the assigned terms.,1.1
59f6d39e7a1b4ddca59ccc04c057dc3d,A1c251_10.jpg,0.4734,0.4491,0.4539,0.6,0.4345,2,5,True,True,False,Chiefly because the generated description does not corroborate the assigned terms.,1.1
18212ff4fdad4a86a0802680b24e28fe,A1c251_10a.jpg,0.4069,0.3543,0.485,0.4,0.3007,3,5,True,True,False,"Chiefly because the image is soft or poorly exposed, limiting what can be assigned.",1.1
e5ca79a8411644dd8201c6d9f7925b46,A1c251_11.jpg,0.4196,0.331,0.4689,0.6,0.3226,2,5,True,True,False,Chiefly because the generated description does not corroborate the assigned terms.,1.1
fa2948c0b1734fd7ae0fc0a840ea39ae,A1c251_11b.jpg,0.4196,0.331,0.4689,0.6,0.3226,2,5,True,True,False,Chiefly because the generated description does not corroborate the assigned terms.,1.1
bb11d82271a24b028c55d9e8e604925b,A1c251_12&13.jpg,0.35,0.4084,0.3308,0.2,0.1836,4,5,True,True,False,Chiefly because the matching scores separated the leading terms only narrowly.,1.1
c99e1c05fecf46a5a790fddfe2740b9d,A1c251_12.jpg,0.4569,0.4314,0.5176,0.4,0.2834,3,5,True,True,False,"Chiefly because the image is soft or poorly exposed, limiting what can be assigned.",1.1
59f392936b5f442b98d0a4683349da7b,A1c251_13a.jpg,0.4569,0.4314,0.5176,0.4,0.2834,3,5,True,True,False,"Chiefly because the image is soft or poorly exposed, limiting what can be assigned.",1.1
b50bb7c953a9462d83897c1edf89f714,A1c251_2.jpg,0.3985,0.3566,0.5434,0.2,0.3603,4,5,True,True,False,"Chiefly because the image is soft or poorly exposed, limiting what can be assigned.",1.1
72b830d2cfe54757a242f6274cacfbf1,A1c251_3.jpg,0.373,0.4025,0.3193,0.4,0.2191,3,5,True,True,False,Chiefly because the matching scores separated the leading terms only narrowly.,1.1
61b6ee94ae5a4f7e9147448a967160f8,A1c251_6a.jpg,0.4655,0.3883,0.5182,0.6,0.3632,2,5,True,True,False,Chiefly because the generated description does not corroborate the assigned terms.,1.1
5017a3988fa54bd9be6666fb07086f5b,A1c251_6b.jpg,0.4103,0.3424,0.5117,0.4,0.3559,3,5,True,True,False,"Chiefly because the image is soft or poorly exposed, limiting what can be assigned.",1.1
b7777bfa315f4b818fc3dfbb3e3920b3,A1c251_6c.jpg,0.3775,0.4153,0.314,0.4,0.165,3,5,True,True,False,Chiefly because the matching scores separated the leading terms only narrowly.,1.1
9b7dec60840d4e0499077e50e571d6b1,A1c251_7.jpg,0.4129,0.4353,0.3863,0.4,0.1992,3,5,True,True,False,Chiefly because the matching scores separated the leading terms only narrowly.,1.1
16e6b0f471944563899d284bc988ad1d,A1c251_8.jpg,0.4361,0.3907,0.5163,0.4,0.3285,3,5,True,True,False,"Chiefly because the image is soft or poorly exposed, limiting what can be assigned.",1.1
c9cbaf070e654dcfab4eeff2cb328b6b,A1c252_1.jpg,0.4426,0.3605,0.4925,0.6,0.258,2,5,True,True,False,Chiefly because the generated description does not corroborate the assigned terms.,1.1
65443e960c56416a99558308aa2a0972,A1c252_10.jpg,0.3657,0.3326,0.3984,0.4,0.0,3,5,True,True,False,Chiefly because the generated description does not corroborate the assigned terms.,1.1
da6d502712644598a7ce1020a2247906,A1c252_11.jpg,0.4097,0.352,0.4962,0.4,0.311,3,5,True,True,False,"Chiefly because the image is soft or poorly exposed, limiting what can be assigned.",1.1
6d29d914ae3448d2a3a1c3691d300684,A1c252_11a.jpg,0.4225,0.4309,0.4202,0.4,0.0843,3,5,True,True,False,Chiefly because the matching scores separated the leading terms only narrowly.,1.1
d1e8c275a0d947a38135b21c25579da5,A1c252_123456.jpg,0.3046,0.2825,0.2952,0.4,0.1688,3,5,True,True,False,The assigned terms are well supported across all measures.,1.1
a8a0b2b51fac47ff9814448c5614e840,A1c252_13.jpg,0.4268,0.3603,0.5333,0.4,0.3954,3,5,True,True,False,"Chiefly because the image is soft or poorly exposed, limiting what can be assigned.",1.1
48b72145cfef417f90856a61a28510b1,A1c252_14.jpg,0.4466,0.3449,0.5262,0.6,0.3969,2,5,True,True,False,Chiefly because the generated description does not corroborate the assigned terms.,1.1
d64d1b58627249339534492ac90a7732,A1c252_14a.jpg,0.4228,0.3082,0.5106,0.6,0.496,2,5,True,True,False,Chiefly because the generated description does not corroborate the assigned terms.,1.1
ba15fa5f928149ca96d2e8121efd95b2,A1c252_7.jpg,0.395,0.3342,0.4797,0.4,0.2847,3,5,True,True,False,"Chiefly because the image is soft or poorly exposed, limiting what can be assigned.",1.1
52bc0fbeecb2405484557b65b3d2cd47,A1c252_789.jpg,0.3087,0.2884,0.2987,0.4,0.1066,3,5,True,True,False,The assigned terms are well supported across all measures.,1.1
3916348adbcc4c9d8ffa24bf6d568c49,A1c257_1.jpg,0.5408,0.625,0.4809,0.4,0.6926,3,5,True,True,False,"Chiefly because the image differs markedly from those used to establish the terms, and the matching scores separated the leading terms only narrowly.",1.1
c965e9e0de754616952346dd6dca03b8,A1c257_1a.jpg,0.5829,0.6278,0.5971,0.4,0.8876,3,5,True,True,True,"Chiefly because the image differs markedly from those used to establish the terms, and the matching scores separated the leading terms only narrowly.",1.1
8966e034b22d4221bf69206eaaf4a7c2,A1c257_1b.jpg,0.5588,0.5487,0.4698,0.8,0.569,1,5,True,True,True,Chiefly because the generated description does not corroborate the assigned terms.,1.1
184a29a943f541bf93470112db40aaca,A1c257_2.jpg,0.4502,0.464,0.5377,0.2,0.6869,4,5,True,True,False,Chiefly because the image differs markedly from those used to establish the terms.,1.1
3676c097a43c4f6e96dd7305170b974f,A1c258_1.jpg,0.5418,0.558,0.5794,0.4,0.5302,3,5,True,True,False,"Chiefly because the image is soft or poorly exposed, limiting what can be assigned.",1.1
de5058e41cf44814b090a0990dd50791,A1c260b.jpg,0.4462,0.5004,0.4742,0.2,0.4188,4,5,True,True,False,Chiefly because the matching scores separated the leading terms only narrowly.,1.1
17f63bbd94c44ab29dca57a45cba0c64,A1c260c.jpg,0.4728,0.511,0.5351,0.2,0.6962,4,5,True,True,False,Chiefly because the image differs markedly from those used to establish the terms.,1.1
8da7115becff4b9fa8c971d0343021cf,A1c260d.jpg,0.5704,0.5647,0.5658,0.6,0.5179,2,5,True,True,True,Chiefly because the generated description does not corroborate the assigned terms.,1.1
f69309d2b6fc471b8eedacb8174ba42f,A1c261a.jpg,0.5479,0.6111,0.6068,0.2,0.6493,4,5,True,True,False,"Chiefly because the image differs markedly from those used to establish the terms, and the matching scores separated the leading terms only narrowly.",1.1
31fab885a48649628b9d3376df85268c,A1c261b.jpg,0.5345,0.5872,0.6026,0.2,0.4605,4,5,True,True,False,"Chiefly because the image is soft or poorly exposed, limiting what can be assigned.",1.1
8aeced377dfe4005ac5f1a5f3f31e7e3,A1c261e.jpg,0.5025,0.528,0.4244,0.6,0.7488,2,5,True,True,False,Chiefly because the image differs markedly from those used to establish the terms.,1.1
2b2ccb167aad44d88e7b6c1be9f70f66,A1c261g.jpg,0.4652,0.5445,0.4657,0.2,0.722,4,5,True,True,False,Chiefly because the image differs markedly from those used to establish the terms.,1.1
7475c65bb82e405d858ba847dbe985b4,A1c261h.jpg,0.5513,0.5887,0.5628,0.4,0.4915,3,5,True,True,True,Chiefly because the matching scores separated the leading terms only narrowly.,1.1
146169c652c34614a3922687cd894aff,A1c263.jpg,0.3493,0.3635,0.3072,0.4,0.3806,3,5,True,True,False,The assigned terms are well supported across all measures.,1.1
8130247faade4c37a89cc61cea2a7f87,A1c264.jpg,0.4467,0.3658,0.5824,0.4,0.2525,3,5,True,True,False,"Chiefly because the image is soft or poorly exposed, limiting what can be assigned.",1.1
80599939d26a4d0bab8d6b5231330760,A1c265a.jpg,0.4421,0.3679,0.5662,0.4,0.3245,3,5,True,True,False,"Chiefly because the image is soft or poorly exposed, limiting what can be assigned.",1.1
e19235ef444b43e0947a49c50ce29b8f,A1c266.jpg,0.4021,0.3105,0.5339,0.4,0.5017,3,5,True,True,False,"Chiefly because the image is soft or poorly exposed, limiting what can be assigned.",1.1
efbaa3dc5ff04ba191e80df31e5e58b9,A1c270.jpg,0.4771,0.4905,0.4053,0.6,0.3542,2,5,True,True,False,Chiefly because the generated description does not corroborate the assigned terms.,1.1
052d305aebc74d0cb6ca0c05be3f59c3,A1c271a.jpg,0.635,0.7064,0.5481,0.6,0.4551,2,5,True,True,True,Chiefly because the matching scores separated the leading terms only narrowly.,1.1
3866ab0dc95644ef848b414bf8c79f5c,A1c271b.jpg,0.5708,0.5589,0.5752,0.6,0.3254,2,5,True,True,True,Chiefly because the generated description does not corroborate the assigned terms.,1.1
03dc60946b43442f92a2758f4a98fced,A1c277.jpg,0.45,0.5149,0.3788,0.4,0.3666,3,5,True,True,False,Chiefly because the matching scores separated the leading terms only narrowly.,1.1
0ed725c2bd0749719ffd62bc66422f22,A1c28.jpg,0.4007,0.247,0.6205,0.4,0.2048,3,5,True,True,False,"Chiefly because the image is soft or poorly exposed, limiting what can be assigned.",1.1
4cde038d5d184ae1a3def316540952a9,A1c28a.jpg,0.526,0.3559,0.7372,0.6,0.1931,2,5,True,True,False,"Chiefly because the image is soft or poorly exposed, limiting what can be assigned.",1.1
5b6f98c14a7e48b2b9f57dedad8a6bb0,A1c29&30.jpg,0.5587,0.6632,0.4775,0.4,0.3585,3,5,True,True,True,Chiefly because the matching scores separated the leading terms only narrowly.,1.1
4c31c15412a244b1bce0458b66fd1382,A1c32.jpg,0.5677,0.8346,0.1727,0.6,0.6334,2,5,True,True,True,"Chiefly because the matching scores separated the leading terms only narrowly, and the image differs markedly from those used to establish the terms.",1.1
6d273552fec54121b6a1556aef6b7db4,A1c32a.jpg,0.4899,0.4402,0.5993,0.4,0.5981,3,5,True,True,False,"Chiefly because the image is soft or poorly exposed, limiting what can be assigned.",1.1
fb55ba6a732a4acdbd8e630fab7f7287,A1c33a.jpg,0.5267,0.4469,0.6092,0.6,0.6623,2,5,True,True,False,"Chiefly because the image differs markedly from those used to establish the terms, and the image is soft or poorly exposed, limiting what can be assigned.",1.1
11ca9bb27b5840aaa5186f8c506f12bc,A1c33b.jpg,0.6478,0.705,0.5867,0.6,0.6995,2,5,True,True,True,"Chiefly because the matching scores separated the leading terms only narrowly, and the image differs markedly from those used to establish the terms.",1.1
f128f0e4a2824e03ace3f59598d23731,A1c33c.jpg,0.592,0.6518,0.589,0.4,0.6683,3,5,True,True,True,"Chiefly because the image differs markedly from those used to establish the terms, and the matching scores separated the leading terms only narrowly.",1.1
ab31441cd8244b61865448e24dbce1bc,A1c33d.jpg,0.7375,0.8285,0.5807,0.8,0.7132,1,5,True,True,True,"Chiefly because the matching scores separated the leading terms only narrowly, and the generated description does not corroborate the assigned terms.",1.1
b84a6534d2354049a0d78b3e4a2523d0,A1c35.jpg,0.5732,0.6147,0.5881,0.4,0.5575,3,5,True,True,True,Chiefly because the matching scores separated the leading terms only narrowly.,1.1
13c2956861a54731b86d2b1cc0b5cafa,A1c36.jpg,0.4991,0.3926,0.6079,0.6,0.4567,2,5,True,True,False,"Chiefly because the image is soft or poorly exposed, limiting what can be assigned.",1.1
68d0f84731084147953696d82103d5cc,A1c42.jpg,0.5592,0.5607,0.4538,0.8,0.1838,1,5,True,True,True,Chiefly because the generated description does not corroborate the assigned terms.,1.1
77a9039bfdef4c938480d8c7f9c9d3aa,A1c4a.jpg,0.5266,0.4976,0.5366,0.6,0.3929,2,5,True,True,False,Chiefly because the generated description does not corroborate the assigned terms.,1.1
fe077557f4cf49aebb32653516998536,A1c4b.jpg,0.5664,0.6691,0.4911,0.4,0.3254,3,5,True,True,True,Chiefly because the matching scores separated the leading terms only narrowly.,1.1
96bb5df68749457994f8d34ddff30988,A1c4c.jpg,0.6419,0.7633,0.5722,0.4,0.3386,3,5,True,True,True,Chiefly because the matching scores separated the leading terms only narrowly.,1.1
1586e3dd4836444cb1f27cd8af888f47,A1c5.jpg,0.5455,0.5279,0.5473,0.6,0.2923,2,5,True,True,False,Chiefly because the generated description does not corroborate the assigned terms.,1.1
dce6eb019a7641019952a5b53a6030f4,A1c54.jpg,0.4565,0.5522,0.1726,0.8,0.3992,1,5,True,True,False,Chiefly because the generated description does not corroborate the assigned terms.,1.1
b29594a6cc014c9898883f21abed57d8,A1c55.jpg,0.4749,0.3223,0.6394,0.6,0.2823,2,5,True,True,False,"Chiefly because the image is soft or poorly exposed, limiting what can be assigned.",1.1
59b1a4e839e04a89a608b1d771487abc,A1c56.jpg,0.4497,0.3538,0.608,0.4,0.239,3,5,True,True,False,"Chiefly because the image is soft or poorly exposed, limiting what can be assigned.",1.1
f5fd3cafb3434b87b15d4b28177e1b93,A1c57.jpg,0.3647,0.3717,0.3396,0.4,0.0,3,5,True,True,False,Chiefly because the generated description does not corroborate the assigned terms.,1.1
dc196b30a5004c6f96e2515030815620,A1c58.jpg,0.6405,0.6362,0.5782,0.8,0.3292,1,5,True,True,True,"Chiefly because the generated description does not corroborate the assigned terms, and the matching scores separated the leading terms only narrowly.",1.1
fc11c9d0dea84299a7e842badd62a49e,A1c60.jpg,0.6326,0.6146,0.5867,0.8,0.5432,1,5,True,True,True,"Chiefly because the generated description does not corroborate the assigned terms, and the matching scores separated the leading terms only narrowly.",1.1
22d52f2c38bc45ed9e6077abddd64320,A1c65.jpg,0.5739,0.7459,0.4884,0.2,0.5998,4,5,True,True,True,Chiefly because the matching scores separated the leading terms only narrowly.,1.1
f8f2e6beb83d4db287c23c7714a2aced,A1c66.jpg,0.5451,0.646,0.463,0.4,0.3549,3,5,True,True,False,Chiefly because the matching scores separated the leading terms only narrowly.,1.1
46f396a6df3e47fda6a8faca722eae5a,A1c66m.jpg,0.6053,0.702,0.555,0.4,0.3321,3,5,True,True,True,Chiefly because the matching scores separated the leading terms only narrowly.,1.1
6f59f27930ef4991b9456560a778c74a,A1c66x.jpg,0.5353,0.5975,0.5044,0.4,0.3986,3,5,True,True,False,Chiefly because the matching scores separated the leading terms only narrowly.,1.1
cad23a23f2284f5e8972faed7b47ac25,A1c66y.jpg,0.5501,0.68,0.429,0.4,0.2811,3,5,True,True,True,Chiefly because the matching scores separated the leading terms only narrowly.,1.1
40b162ffeaf64c3d814aceee50fb1592,A1c66z.jpg,0.5998,0.7797,0.4285,0.4,0.3087,3,5,True,True,True,Chiefly because the matching scores separated the leading terms only narrowly.,1.1
3631c0cf0f444c5a925136f6e3507f5a,A1c68&69.jpg,0.5381,0.4159,0.6005,0.8,0.3423,1,5,True,True,False,"Chiefly because the generated description does not corroborate the assigned terms, and the image is soft or poorly exposed, limiting what can be assigned.",1.1
d09f7fd8305e447db2e40b741a456a97,A1c7&143.jpg,0.5686,0.6016,0.5938,0.4,0.2669,3,5,True,True,True,Chiefly because the matching scores separated the leading terms only narrowly.,1.1
a56a3e3827794177865e559961d70014,A1c77.jpg,0.5145,0.461,0.5544,0.6,0.3543,2,5,True,True,False,Chiefly because the generated description does not corroborate the assigned terms.,1.1
99450dc62af047aea8f72234a41b17d7,A1c78.jpg,0.5616,0.5,0.6332,0.6,0.3456,2,5,True,True,True,"Chiefly because the image is soft or poorly exposed, limiting what can be assigned.",1.1
a40c09db83744964a89ca05ab3687d50,A1c78a.jpg,0.4138,0.326,0.5451,0.4,0.5016,3,5,True,True,False,"Chiefly because the image is soft or poorly exposed, limiting what can be assigned.",1.1
daf3b896870d44f294525b1e183496a2,A1c78b.jpg,0.3606,0.3395,0.374,0.4,0.3063,3,5,True,True,False,Chiefly because the generated description does not corroborate the assigned terms.,1.1
9c80cc6b9fe64a90a02ce2ec0e3c211f,A1c80.jpg,0.5433,0.3833,0.7476,0.6,0.1902,2,5,True,True,False,"Chiefly because the image is soft or poorly exposed, limiting what can be assigned.",1.1
ebea962fbb554b25a2f06c65296b7637,A1c89.jpg,0.6595,0.7487,0.5576,0.6,0.5982,2,5,True,True,True,Chiefly because the matching scores separated the leading terms only narrowly.,1.1
b5974398332b4161b874aaf090af5e5f,A1c9.jpg,0.7064,0.632,0.7725,0.8,0.1927,1,5,True,True,True,"Chiefly because the generated description does not corroborate the assigned terms, and the image is soft or poorly exposed, limiting what can be assigned.",1.1
5d765f8ce3b14b9a803ab406ea2fb0ff,A1c90.jpg,0.4457,0.3296,0.6312,0.4,0.3504,3,5,True,True,False,"Chiefly because the image is soft or poorly exposed, limiting what can be assigned.",1.1
cd44f4d829654f3497ee5213454bf28f,A1c92a.jpg,0.475,0.4158,0.5059,0.6,0.2545,2,5,True,True,False,Chiefly because the generated description does not corroborate the assigned terms.,1.1
f1d61ee45c1741fe841f2bf78641b5a3,A1c92b.jpg,0.5163,0.5378,0.4498,0.6,0.3621,2,5,True,True,False,Chiefly because the generated description does not corroborate the assigned terms.,1.1
6222ebcab22342db8fdae6c2ea6f12c4,A1c94.jpg,0.5689,0.6643,0.4194,0.6,0.2985,2,5,True,True,True,Chiefly because the matching scores separated the leading terms only narrowly.,1.1
4bf6c51b31cf4cd8a119220778b82534,A1c97.jpg,0.5799,0.5496,0.6147,0.6,0.2724,2,5,True,True,True,"Chiefly because the image is soft or poorly exposed, limiting what can be assigned.",1.1
cfe57a21834445089cb62ce09dd784c5,A1c98.jpg,0.6058,0.678,0.591,0.4,0.2792,3,5,True,True,True,Chiefly because the matching scores separated the leading terms only narrowly.,1.1
e38ab2aeae4c49968467c6dc3b9f0e3a,A1d1.jpg,0.4355,0.4378,0.5332,0.2,0.3253,4,5,True,True,False,"Chiefly because the image is soft or poorly exposed, limiting what can be assigned.",1.1
5cc8e0cae8954236a234f9636eb5850d,A1d12.jpg,0.5026,0.5752,0.4429,0.4,0.2449,3,5,True,True,False,Chiefly because the matching scores separated the leading terms only narrowly.,1.1
7b8b3451b3694ed7b6ff67598012ea3f,A1d18a.jpg,0.4943,0.4049,0.6625,0.4,0.2728,3,5,True,True,False,"Chiefly because the image is soft or poorly exposed, limiting what can be assigned.",1.1
b575e76ef09a421795f980807f554724,A1d18b.jpg,0.4849,0.3968,0.733,0.2,0.2406,4,5,True,True,False,"Chiefly because the image is soft or poorly exposed, limiting what can be assigned.",1.1
3fcc1ead0dcd40689787e2db8ac2fdb9,A1d20.jpg,0.542,0.4939,0.5858,0.6,0.382,2,5,True,True,False,Chiefly because the generated description does not corroborate the assigned terms.,1.1
1e454d27d4ab48b88ee3f7285ae3c8cd,A1d21.jpg,0.6116,0.6599,0.5476,0.6,0.3298,2,5,True,True,True,Chiefly because the matching scores separated the leading terms only narrowly.,1.1
34b0fdb626104ae59a1649d6cef8d5a1,A1d22a.jpg,0.4746,0.4633,0.6084,0.2,0.5467,4,5,True,True,False,"Chiefly because the image is soft or poorly exposed, limiting what can be assigned.",1.1
3b605630a06a4c0a92155d4c0b2336f7,A1d22b.jpg,0.4103,0.3737,0.5528,0.2,0.5791,4,5,True,True,False,Chiefly because the image differs markedly from those used to establish the terms.,1.1
9a7d17a5ae8f4a5ab2a9040475756e4b,A1d22d.jpg,0.4723,0.4853,0.5705,0.2,0.567,4,5,True,True,False,"Chiefly because the image is soft or poorly exposed, limiting what can be assigned.",1.1
c83ec3b2196f46d296e23fe956fe8cab,A1d22e.jpg,0.4786,0.4795,0.5967,0.2,0.5895,4,5,True,True,False,"Chiefly because the image is soft or poorly exposed, limiting what can be assigned.",1.1
ba48c260235d46358e92de6ed7dff108,A1d31&32.jpg,0.5018,0.6814,0.203,0.6,0.309,2,5,True,True,False,Chiefly because the matching scores separated the leading terms only narrowly.,1.1
d1a0dec3ec7446638fdf4d601aa32ef8,A1d40.jpg,0.4193,0.7464,0.0461,0.2,0.254,4,5,True,True,False,Chiefly because the matching scores separated the leading terms only narrowly.,1.1
364fbc1a5ca846d1af11baa460ee92b3,A1d7.jpg,0.5785,0.5715,0.665,0.4,0.2289,3,5,True,True,True,"Chiefly because the image is soft or poorly exposed, limiting what can be assigned.",1.1
a890b153016045d7925dbab1bd53da5a,A1e1.jpg,0.638,0.6139,0.6888,0.6,0.2685,2,5,True,True,True,"Chiefly because the image is soft or poorly exposed, limiting what can be assigned, and the matching scores separated the leading terms only narrowly.",1.1
bb029ac709f0492fa899f3e5223860fd,A1e101.jpg,0.5498,0.5135,0.4945,0.8,0.5894,1,5,True,True,False,Chiefly because the generated description does not corroborate the assigned terms.,1.1
0f0688c56e2944c4a9436bcd3eeef847,A1e1a.jpg,0.5813,0.6822,0.6006,0.2,0.2684,4,5,True,True,True,"Chiefly because the matching scores separated the leading terms only narrowly, and the image is soft or poorly exposed, limiting what can be assigned.",1.1
425db5a061cd40e98f19019006b3ebd6,A1e1b.jpg,0.5253,0.5972,0.5619,0.2,0.379,4,5,True,True,False,Chiefly because the matching scores separated the leading terms only narrowly.,1.1
15be4da4faff473e8ab9d50d8161bc7a,A1e20.jpg,0.5762,0.7298,0.5179,0.2,0.3018,4,5,True,True,True,Chiefly because the matching scores separated the leading terms only narrowly.,1.1
2951d3413dc34726bd2ef3f5e9d5d0be,A1e24.jpg,0.545,0.5806,0.5563,0.4,0.2977,3,5,True,True,False,Chiefly because the matching scores separated the leading terms only narrowly.,1.1
64200855cc074812b49703d1f6a1388e,A1e25a.jpg,0.6381,0.7033,0.5612,0.6,0.2421,2,5,True,True,True,Chiefly because the matching scores separated the leading terms only narrowly.,1.1
d6473f3d609d44919dae09d1cc16f9d1,A1e25c.jpg,0.5295,0.5888,0.5004,0.4,0.2356,3,5,True,True,False,Chiefly because the matching scores separated the leading terms only narrowly.,1.1
055c589520a148399cec86364a417875,A1e26.jpg,0.5527,0.5928,0.5609,0.4,0.3239,3,5,True,True,True,Chiefly because the matching scores separated the leading terms only narrowly.,1.1
28edab6970f94497ab964145797438af,A1e28.jpg,0.5142,0.6457,0.3752,0.4,0.3003,3,5,True,True,False,Chiefly because the matching scores separated the leading terms only narrowly.,1.1
051e062834584777b23acaef2f844601,A1e3.jpg,0.6731,0.8044,0.5168,0.6,0.247,2,5,True,True,True,Chiefly because the matching scores separated the leading terms only narrowly.,1.1
c047ce32a96244eb8ebe0334533a78e1,A1e30.jpg,0.4538,0.3961,0.5594,0.4,0.2711,3,5,True,True,False,"Chiefly because the image is soft or poorly exposed, limiting what can be assigned.",1.1
dfde754e3d3a4b40b327d38d47ffa3cf,A1e32.jpg,0.6635,0.7712,0.6227,0.4,0.4549,3,5,True,True,True,"Chiefly because the matching scores separated the leading terms only narrowly, and the image is soft or poorly exposed, limiting what can be assigned.",1.1
1212d5bed2a944bea566896e73d38e97,A1e32z.jpg,0.5214,0.7335,0.2704,0.4,0.3758,3,5,True,True,False,Chiefly because the matching scores separated the leading terms only narrowly.,1.1
0d79f985007b464a88e69eff6687167a,A1e34.jpg,0.4914,0.7063,0.3094,0.2,0.2716,4,5,True,True,False,Chiefly because the matching scores separated the leading terms only narrowly.,1.1
f1265c5705a74a5e8832d5d7ebc6652b,A1e34a.jpg,0.4791,0.6099,0.3261,0.4,0.28,3,5,True,True,False,Chiefly because the matching scores separated the leading terms only narrowly.,1.1
db1e0917d7784113b491e502f7f783aa,A1e4.jpg,0.6124,0.6302,0.5924,0.6,0.278,2,5,True,True,True,Chiefly because the matching scores separated the leading terms only narrowly.,1.1
e93f735302f3490eb252205d92ebda5f,A1e41j.jpg,0.5475,0.6195,0.4221,0.6,0.2247,2,5,True,True,False,Chiefly because the matching scores separated the leading terms only narrowly.,1.1
327d125057ca467d8a835981b40befdc,A1e41k.jpg,0.5554,0.581,0.5854,0.4,0.5797,3,5,True,True,True,"Chiefly because the image is soft or poorly exposed, limiting what can be assigned.",1.1
b35592d2f46b44c2a39ad2025b404aa0,A1e41l.jpg,0.5403,0.483,0.6822,0.4,0.2607,3,5,True,True,False,"Chiefly because the image is soft or poorly exposed, limiting what can be assigned.",1.1
55b3f67e20d3408eb55c833684a92e9e,A1e41m.jpg,0.5569,0.7132,0.4009,0.4,0.2467,3,5,True,True,True,Chiefly because the matching scores separated the leading terms only narrowly.,1.1
4bb05f3879a249eda9c6a8d74ced6697,A1e41n.jpg,0.3772,0.3712,0.4617,0.2,0.4625,4,5,True,True,False,Chiefly because the image differs markedly from those used to establish the terms.,1.1
9bf1451f293b4ea0853c5f64307a409b,A1e41o.jpg,0.425,0.3343,0.4797,0.6,0.3346,2,5,True,True,False,Chiefly because the generated description does not corroborate the assigned terms.,1.1
23d732479f674f609db4db19d2c0ff04,A1e41p.jpg,0.4968,0.5174,0.5088,0.4,0.3054,3,5,True,True,False,Chiefly because the matching scores separated the leading terms only narrowly.,1.1
ee292f2bfde74207826e375dcab3453a,A1e41q.jpg,0.6342,0.8114,0.5671,0.2,0.2441,4,5,True,True,True,Chiefly because the matching scores separated the leading terms only narrowly.,1.1
b5983086df9640c7ada792448d35bd49,A1e41r.jpg,0.4626,0.4538,0.502,0.4,0.2702,3,5,True,True,False,"Chiefly because the image is soft or poorly exposed, limiting what can be assigned.",1.1
560a147d6141434c8f55540bf82622c2,A1e41s.jpg,0.5684,0.7516,0.4647,0.2,0.2143,4,5,True,True,True,Chiefly because the matching scores separated the leading terms only narrowly.,1.1
d8696cab90384f5ebee40d37dcf7b14d,A1e41t.jpg,0.6344,0.8259,0.547,0.2,0.2722,4,5,True,True,True,Chiefly because the matching scores separated the leading terms only narrowly.,1.1
bbb190db0de34036af935e168ffe2e72,A1e41u.jpg,0.5893,0.7474,0.5303,0.2,0.283,4,5,True,True,True,Chiefly because the matching scores separated the leading terms only narrowly.,1.1
3513d12d0f144dcd94f4cc638a6f00d8,A1e41v.jpg,0.6152,0.6395,0.5871,0.6,0.1956,2,5,True,True,True,Chiefly because the matching scores separated the leading terms only narrowly.,1.1
ae52cb27f8f94e09b0c858312e7c8d54,A1e41w.jpg,0.6157,0.7102,0.5731,0.4,0.1898,3,5,True,True,True,Chiefly because the matching scores separated the leading terms only narrowly.,1.1
0d3d623ba4d34610865fda348d420772,A1e41x.jpg,0.4379,0.438,0.4541,0.4,0.2902,3,5,True,True,False,"Chiefly because the image is soft or poorly exposed, limiting what can be assigned.",1.1
dc966426457241ecb3645dec50687423,A1e41y.jpg,0.5826,0.6381,0.5815,0.4,0.2657,3,5,True,True,True,Chiefly because the matching scores separated the leading terms only narrowly.,1.1
a215a0624b7042cdb18149d2f3e4f7f3,A1e41z.jpg,0.6123,0.6708,0.534,0.6,0.2985,2,5,True,True,True,Chiefly because the matching scores separated the leading terms only narrowly.,1.1
bd37443b02864b8aa2dbedda8af24aa4,A1e42.jpg,0.4772,0.5769,0.3679,0.4,0.2354,3,5,True,True,False,Chiefly because the matching scores separated the leading terms only narrowly.,1.1
953fdea3c66a4305ab252f3b80910b3c,A1e45.jpg,0.5418,0.5333,0.5291,0.6,0.3254,2,5,True,True,False,Chiefly because the generated description does not corroborate the assigned terms.,1.1
252fb37e915c4f2cbdae8f014da0719b,A1e50&d21.jpg,0.6471,0.7232,0.5586,0.6,0.2727,2,5,True,True,True,Chiefly because the matching scores separated the leading terms only narrowly.,1.1
8294663ff4a94d62a62aff09fc55f126,A1e57.jpg,0.3797,0.3385,0.6014,0.0,0.3393,5,5,True,True,False,"Chiefly because the image is soft or poorly exposed, limiting what can be assigned.",1.1
054d87e896954ac6b90e5c7e1dcb6ff0,A1e66.jpg,0.6203,0.673,0.6393,0.4,0.2487,3,5,True,True,True,"Chiefly because the matching scores separated the leading terms only narrowly, and the image is soft or poorly exposed, limiting what can be assigned.",1.1
fbbcf529e24246b88f9fd89f71340fde,A1e7a.jpg,0.5183,0.7219,0.364,0.2,0.2454,4,5,True,True,False,Chiefly because the matching scores separated the leading terms only narrowly.,1.1
79ebf74d4adb4f92b7170fb28dbdb91b,A1e7b.jpg,0.4607,0.442,0.5135,0.4,0.1978,3,5,True,True,False,"Chiefly because the image is soft or poorly exposed, limiting what can be assigned.",1.1
9ab739f4b1b64039867e1f168c100491,A1e8.jpg,0.5615,0.6654,0.5681,0.2,0.2408,4,5,True,True,True,Chiefly because the matching scores separated the leading terms only narrowly.,1.1
53d0dfc867114fb497adf3efad46de92,A1e9 (2).jpg,0.5178,0.5324,0.6332,0.2,0.0,4,5,True,True,False,"Chiefly because the image is soft or poorly exposed, limiting what can be assigned.",1.1
e269e727335046908debcb5f75e1dfaf,A1e9.jpg,0.4757,0.4453,0.5515,0.4,0.2584,3,5,True,True,False,"Chiefly because the image is soft or poorly exposed, limiting what can be assigned.",1.1
f36812f8d89f4bad894d00c1bcc87f2a,A1f1.jpg,0.5882,0.6551,0.5734,0.4,0.2689,3,5,True,True,True,Chiefly because the matching scores separated the leading terms only narrowly.,1.1
c285f92fcab64371a0712bd4c839d9ba,A1f11.jpg,0.4852,0.4406,0.5855,0.4,0.4639,3,5,True,True,False,"Chiefly because the image is soft or poorly exposed, limiting what can be assigned.",1.1
327e41254f514701bb5ded490c73e73f,A1f14.jpg,0.6361,0.6186,0.5909,0.8,0.629,1,5,True,True,True,"Chiefly because the generated description does not corroborate the assigned terms, and the image differs markedly from those used to establish the terms.",1.1
008f56e2845c4f1fb97b80d31e725783,A1f15.jpg,0.6416,0.6331,0.5858,0.8,0.5319,1,5,True,True,True,"Chiefly because the generated description does not corroborate the assigned terms, and the matching scores separated the leading terms only narrowly.",1.1
f304ae5dcaf8427eb3fe340671e64d75,A1f16.jpg,0.5787,0.7272,0.4431,0.4,0.3471,3,5,True,True,True,Chiefly because the matching scores separated the leading terms only narrowly.,1.1
cd6c94c541f14f49bc30557ee699a804,A1f17.jpg,0.4772,0.354,0.6005,0.6,0.3159,2,5,True,True,False,"Chiefly because the image is soft or poorly exposed, limiting what can be assigned.",1.1
c554f2007fba4c92a582a5a3dc590301,A1f17_2a.jpg,0.504,0.4026,0.6077,0.6,0.2317,2,5,True,True,False,"Chiefly because the image is soft or poorly exposed, limiting what can be assigned.",1.1
85119119c7614c029f5763e44799b425,A1f17_2b.jpg,0.4698,0.3981,0.6022,0.4,0.2897,3,5,True,True,False,"Chiefly because the image is soft or poorly exposed, limiting what can be assigned.",1.1
b88fb6ffaa5d4e7d9d5b4c05e25a6f78,A1f17a.jpg,0.4861,0.3811,0.5874,0.6,0.2994,2,5,True,True,False,Chiefly because the generated description does not corroborate the assigned terms.,1.1
5eda8446e57b4b2a8c134849571bad86,A1f18a.jpg,0.6368,0.5877,0.637,0.8,0.332,1,5,True,True,True,"Chiefly because the generated description does not corroborate the assigned terms, and the image is soft or poorly exposed, limiting what can be assigned.",1.1
39d8add3c32a4ad384efafa68b92152a,A1f2.jpg,0.6956,0.7404,0.587,0.8,0.3024,1,5,True,True,True,"Chiefly because the generated description does not corroborate the assigned terms, and the matching scores separated the leading terms only narrowly.",1.1
99e498db83f64c1d850157d5066ef135,A1f20&5.jpg,0.5976,0.6509,0.606,0.4,0.5549,3,5,True,True,True,"Chiefly because the matching scores separated the leading terms only narrowly, and the image is soft or poorly exposed, limiting what can be assigned.",1.1
3ebebf7df76b443a811c497d1aba611a,A1f21.jpg,0.6001,0.6683,0.5884,0.4,0.6145,3,5,True,True,True,"Chiefly because the matching scores separated the leading terms only narrowly, and the image differs markedly from those used to establish the terms.",1.1
eb6997de9cfb469bb3bffc0a87904400,A1f22a.jpg,0.4473,0.3269,0.6397,0.4,0.4721,3,5,True,True,False,"Chiefly because the image is soft or poorly exposed, limiting what can be assigned.",1.1
fe4f1ea49526454abf75e857222b9a3b,A1f22b.jpg,0.458,0.4103,0.6367,0.2,0.4601,4,5,True,True,False,"Chiefly because the image is soft or poorly exposed, limiting what can be assigned.",1.1
98f72d1599bf4a0095770a987a22a8ff,A1f22c.jpg,0.4856,0.4094,0.6311,0.4,0.4866,3,5,True,True,False,"Chiefly because the image is soft or poorly exposed, limiting what can be assigned.",1.1
cdc9a54425d241478f82e66c1dddf67e,A1f2b.jpg,0.6073,0.6181,0.5949,0.6,0.4689,2,5,True,True,True,Chiefly because the matching scores separated the leading terms only narrowly.,1.1
a6305969544348438f6d532375a6ea6b,A1f4.jpg,0.6443,0.6192,0.6135,0.8,0.352,1,5,True,True,True,"Chiefly because the generated description does not corroborate the assigned terms, and the matching scores separated the leading terms only narrowly.",1.1
c46f26531d9242e78f656c8459c8decd,1964 extension basis.jpg,0.5743,0.6801,0.5837,0.2,0.4523,4,5,True,True,True,Chiefly because the matching scores separated the leading terms only narrowly.,1.1
69db4f8ff4f64b7f82dc62e0b0565a2c,1964 extension.jpg,0.6512,0.8318,0.5008,0.4,0.4405,3,5,True,True,True,Chiefly because the matching scores separated the leading terms only narrowly.,1.1
dbe343922bbc4e0baf94dee5199ccb4d,Afternoon smoko.jpg,0.561,0.5938,0.583,0.4,0.2973,3,5,True,True,True,Chiefly because the matching scores separated the leading terms only narrowly.,1.1
4c901c603d5b44369354cc98d73dc7de,At the bar.jpg,0.6199,0.6687,0.5586,0.6,0.3332,2,5,True,True,True,Chiefly because the matching scores separated the leading terms only narrowly.,1.1
f8ca504a63b845e2a110402601a05aa4,Bar and firreplacee taking shape.jpg,0.5142,0.5848,0.4624,0.4,0.3979,3,5,True,True,False,Chiefly because the matching scores separated the leading terms only narrowly.,1.1
c19bb773892a46f6a93dafec3e91bce1,Bathroom.jpg,0.5509,0.5995,0.5462,0.4,0.3551,3,5,True,True,True,Chiefly because the matching scores separated the leading terms only narrowly.,1.1
ce69df0e7b4e447687adc15c0a9adf85,Building the new bar.jpg,0.3483,0.5238,0.0753,0.4,0.0,3,5,True,True,False,The assigned terms are well supported across all measures.,1.1
7d609be5b6ea4f68b1f700b9d20a6932,Bunkroom cleaning.jpg,0.5189,0.5464,0.5305,0.4,0.2935,3,5,True,True,False,Chiefly because the matching scores separated the leading terms only narrowly.,1.1
32fac94d66e0478faa4d22aefc235a81,Completed extension.jpg,0.5843,0.6263,0.5175,0.6,0.3071,2,5,True,True,True,Chiefly because the matching scores separated the leading terms only narrowly.,1.1
0554e4fa89934a2f9c59930c300acaef,"Diesel mech, electrician in new extension.jpg",0.5825,0.6034,0.6308,0.4,0.2923,3,5,True,True,True,"Chiefly because the image is soft or poorly exposed, limiting what can be assigned, and the matching scores separated the leading terms only narrowly.",1.1
286fe4c5b15745efbcacc7987baf531b,Extension disappears.jpg,0.6295,0.6359,0.6331,0.6,0.0,2,5,True,True,True,"Chiefly because the matching scores separated the leading terms only narrowly, and the image is soft or poorly exposed, limiting what can be assigned.",1.1
75dd32f885264c0eae84ca06dcfe684c,Filling water tank in summer.jpg,0.6082,0.7268,0.4423,0.6,0.4778,2,5,True,True,True,Chiefly because the matching scores separated the leading terms only narrowly.,1.1
5f9f5b044d6e47e19f0b7b36e92cb10e,Finishing new extension.jpg,0.598,0.7242,0.4169,0.6,0.3704,2,5,True,True,True,Chiefly because the matching scores separated the leading terms only narrowly.,1.1
c1ffb56392ec400d8b4036f2aa2929fb,From the sea ice.jpg,0.4991,0.4603,0.597,0.4,0.2906,3,5,True,True,False,"Chiefly because the image is soft or poorly exposed, limiting what can be assigned.",1.1
cf7936862f2f439b8a9511bac64e30cc,Geology office.jpg,0.7239,0.7679,0.6284,0.8,0.3441,1,5,True,True,True,"Chiefly because the generated description does not corroborate the assigned terms, and the matching scores separated the leading terms only narrowly.",1.1
5f5c105957b1444782537b5415922691,Library laughter.jpg,0.543,0.5591,0.4955,0.6,0.4029,2,5,True,True,False,Chiefly because the generated description does not corroborate the assigned terms.,1.1
1fbd890df0794ed792463069fe998814,Louge relaxation.jpg,0.4609,0.5087,0.5043,0.2,0.3294,4,5,True,True,False,Chiefly because the matching scores separated the leading terms only narrowly.,1.1
5e5e412d3500410395758daecc271570,Lounge scrubout.jpg,0.5671,0.653,0.516,0.4,0.0,3,5,True,True,True,Chiefly because the matching scores separated the leading terms only narrowly.,1.1
d72e25f2c5324939a3d57302e4a01c34,Making new harnesses.JPG,0.5858,0.5978,0.5626,0.6,0.3671,2,5,True,True,True,Chiefly because the generated description does not corroborate the assigned terms.,1.1
d36d343e4c094c76bf1dba3919c1f971,Medium size female husky.jpg,0.6042,0.6462,0.5459,0.6,0.0,2,5,True,True,True,Chiefly because the matching scores separated the leading terms only narrowly.,1.1
ca204c3c6578493c9ec28f196762484b,Midwinter celebrations.jpg,0.6021,0.6094,0.5926,0.6,0.3995,2,5,True,True,True,Chiefly because the matching scores separated the leading terms only narrowly.,1.1
4d93e5ee03c84b89892124919f7cf4bf,More unloading.jpg,0.481,0.5018,0.5716,0.2,0.2479,4,5,True,True,False,"Chiefly because the image is soft or poorly exposed, limiting what can be assigned.",1.1
3ae5b9d8195c47d9872b78ac031ca78e,Noticeboard.jpg,0.6321,0.6913,0.5613,0.6,0.3812,2,5,True,True,True,Chiefly because the matching scores separated the leading terms only narrowly.,1.1
965e63e1b66145ffa49b601034ecdb34,Party time.jpg,0.5179,0.5495,0.5233,0.4,0.3847,3,5,True,True,False,Chiefly because the matching scores separated the leading terms only narrowly.,1.1
1ded9fd030634be0bfc05cd3eb54104b,Pretend radio op.jpg,0.4047,0.4449,0.3492,0.4,0.4687,3,5,True,True,False,Chiefly because the image differs markedly from those used to establish the terms.,1.1
117bcf12c6d54247a39ee759fd7f50a9,Proper radio op.jpg,0.5405,0.4816,0.5991,0.6,0.4885,2,5,True,True,False,Chiefly because the generated description does not corroborate the assigned terms.,1.1
ef830c50bdba4981b5499f5d6ce1f1e3,Radio shack.jpg,0.4614,0.481,0.3739,0.6,0.324,2,5,True,True,False,Chiefly because the generated description does not corroborate the assigned terms.,1.1
abfcd694b4ea4dc5b6cbdd0f1348d992,Relaxing in library.jpg,0.4719,0.5923,0.3308,0.4,0.3266,3,5,True,True,False,Chiefly because the matching scores separated the leading terms only narrowly.,1.1
f730cb9735194620a4fae6fdb006ad38,Relaxing in lounge.jpg,0.5492,0.5997,0.5409,0.4,0.3572,3,5,True,True,False,Chiefly because the matching scores separated the leading terms only narrowly.,1.1
54a7753db28d4fcaa4eab7c39e9d02d6,Relaxing on new extension roof.jpg,0.6282,0.8255,0.3584,0.6,0.449,2,5,True,True,True,Chiefly because the matching scores separated the leading terms only narrowly.,1.1
6dacab72549a440887e829bf06b29acd,repairs for sledging season.jpg,0.5038,0.5521,0.3937,0.6,0.0,2,5,True,True,False,Chiefly because the generated description does not corroborate the assigned terms.,1.1
3d1a5f18bf54426d81587fd76bb17bfb,Repairs.jpg,0.6288,0.6688,0.5841,0.6,0.2629,2,5,True,True,True,Chiefly because the matching scores separated the leading terms only narrowly.,1.1
487937ef37704a1a86c1f07e5dd6e57a,Restocking coal bunker.jpg,0.7177,0.86,0.4792,0.8,0.3727,1,5,True,True,True,"Chiefly because the matching scores separated the leading terms only narrowly, and the generated description does not corroborate the assigned terms.",1.1
df7418c673c849ffb3759e1849c3dc07,RRS JB in Back Bay.jpg,0.4636,0.619,0.3547,0.2,0.2579,4,5,True,True,False,Chiefly because the matching scores separated the leading terms only narrowly.,1.1
8c4d6cd5a04b45f5a0e1385298b0a505,RRS JB unloading at Stonington.jpg,0.4649,0.472,0.4825,0.4,0.0,3,5,True,True,False,"Chiefly because the image is soft or poorly exposed, limiting what can be assigned.",1.1
1ab82298e39845178c7545be336ea1ab,RRS JB unloading.jpg,0.5715,0.6535,0.442,0.6,0.2165,2,5,True,True,True,Chiefly because the matching scores separated the leading terms only narrowly.,1.1
219cac185ed64ac4a002288fd5464c36,RRS JB wedged into Back Bay ice.jpg,0.5647,0.5988,0.5008,0.6,0.0801,2,5,True,True,True,Chiefly because the generated description does not corroborate the assigned terms.,1.1
c97190e490c84f80865660d28e6029d6,Saturday night at the bar.jpg,0.5498,0.6056,0.5342,0.4,0.4123,3,5,True,True,False,Chiefly because the matching scores separated the leading terms only narrowly.,1.1
997e76c2690640d384baedf64997291c,Scrubout.jpg,0.4128,0.641,0.0066,0.6,0.3302,2,5,True,True,False,Chiefly because the matching scores separated the leading terms only narrowly.,1.1
3f81ebc8e4bf4a15b02557bb5ebade9c,Snow arrives.jpg,0.5974,0.5353,0.685,0.6,0.0,2,5,True,True,True,"Chiefly because the image is soft or poorly exposed, limiting what can be assigned.",1.1
c40ff2b5db19467c959526758cc06306,Sometimes they were quite clean.jpg,0.6951,0.7706,0.6281,0.6,0.3677,2,5,True,True,True,"Chiefly because the matching scores separated the leading terms only narrowly, and the image is soft or poorly exposed, limiting what can be assigned.",1.1
e15ef63b9d994ae1a99e6fad4f0a9193,Stonington from Neny Island.jpg,0.4426,0.663,0.0602,0.6,0.2226,2,5,True,True,False,Chiefly because the matching scores separated the leading terms only narrowly.,1.1
0e1df935c4be46edb814d84cbca760a3,Survey office (1).jpg,0.4859,0.6274,0.4064,0.2,0.2184,4,5,True,True,False,Chiefly because the matching scores separated the leading terms only narrowly.,1.1
cb00121352914e6985da9c9eceae8038,Survey office 2.jpg,0.5353,0.6069,0.5766,0.2,0.225,4,5,True,True,False,Chiefly because the matching scores separated the leading terms only narrowly.,1.1
e61ec3e5476b4ec9a8520e4653bd54c8,Survey office relaxation.jpg,0.6439,0.6912,0.5951,0.6,0.2825,2,5,True,True,True,Chiefly because the matching scores separated the leading terms only narrowly.,1.1
e6315eb20f5842e0a1902fcf7762cb96,Unloading 1.jpg,0.5063,0.4593,0.6191,0.4,0.2507,3,5,True,True,False,"Chiefly because the image is soft or poorly exposed, limiting what can be assigned.",1.1
f4afab3da7ef4d499abdf1c94c731a2f,Usual view from sledge (2).jpg,0.3667,0.3056,0.4397,0.4,0.4398,3,5,True,True,False,Chiefly because the image differs markedly from those used to establish the terms.,1.1
fb5809f23fd94777a1beb1eb769d17fe,Usual view from sledge.jpg,0.5382,0.5364,0.5999,0.4,0.2155,3,5,True,True,False,"Chiefly because the image is soft or poorly exposed, limiting what can be assigned.",1.1
a358e31dadfb41b4b9ae8be7809a7c45,Winter set in.jpg,0.5168,0.4682,0.6363,0.4,0.1794,3,5,True,True,False,"Chiefly because the image is soft or poorly exposed, limiting what can be assigned.",1.1
ba8bc24af8c14d97afeb7893ac92c0b9,Writing survey report.jpg,0.6107,0.6811,0.3434,1.0,0.0,0,5,True,True,True,"Chiefly because the generated description does not corroborate the assigned terms, and the matching scores separated the leading terms only narrowly.",1.1
44f0825c27aa45f0a71f6d8b6e07a615,DSC_7114.JPG,0.6747,0.7107,0.6553,0.6,0.1865,2,5,True,True,True,"Chiefly because the matching scores separated the leading terms only narrowly, and the image is soft or poorly exposed, limiting what can be assigned.",1.1
663c4858f134424bba829a772437d0a0,DSC_7115.JPG,0.7558,0.8544,0.6816,0.6,0.2118,2,5,True,True,True,"Chiefly because the matching scores separated the leading terms only narrowly, and the image is soft or poorly exposed, limiting what can be assigned.",1.1
057a3c477dd24a4b9106285e1d1f6c06,DSC_7116.JPG,0.7467,0.832,0.6877,0.6,0.2811,2,5,True,True,True,"Chiefly because the matching scores separated the leading terms only narrowly, and the image is soft or poorly exposed, limiting what can be assigned.",1.1
2e54585075394395bc4901e76b4d5d42,DSC_7117.JPG,0.7277,0.7253,0.7001,0.8,0.2547,1,5,True,True,True,"Chiefly because the generated description does not corroborate the assigned terms, and the matching scores separated the leading terms only narrowly.",1.1
8440208b018440c0a5d6948c1fd008f1,DSC_7118.JPG,0.7033,0.7808,0.6369,0.6,0.1636,2,5,True,True,True,"Chiefly because the matching scores separated the leading terms only narrowly, and the image is soft or poorly exposed, limiting what can be assigned.",1.1
e33309c60b514bb592a08c9119208eb7,DSC_7119.JPG,0.7438,0.8307,0.6813,0.6,0.1998,2,5,True,True,True,"Chiefly because the matching scores separated the leading terms only narrowly, and the image is soft or poorly exposed, limiting what can be assigned.",1.1
1e1f71e4743a458ebc30561bce4be61d,DSC_7120.JPG,0.7639,0.8571,0.7009,0.6,0.1737,2,5,True,True,True,"Chiefly because the matching scores separated the leading terms only narrowly, and the image is soft or poorly exposed, limiting what can be assigned.",1.1
51860805a78142fab0a6ac13b1aba4b1,DSC_7121.JPG,0.7817,0.875,0.7263,0.6,0.2286,2,5,True,True,True,"Chiefly because the matching scores separated the leading terms only narrowly, and the image is soft or poorly exposed, limiting what can be assigned.",1.1
cbf0b30272c443cd8b2899ad31932db1,DSC_7122.JPG,0.7721,0.8706,0.7052,0.6,0.1434,2,5,True,True,True,"Chiefly because the matching scores separated the leading terms only narrowly, and the image is soft or poorly exposed, limiting what can be assigned.",1.1
4863e3d3d4e14d2ca41cf21afcaf78a0,DSC_7123.JPG,0.7381,0.7846,0.7308,0.6,0.2378,2,5,True,True,True,"Chiefly because the matching scores separated the leading terms only narrowly, and the image is soft or poorly exposed, limiting what can be assigned.",1.1
937a504f1c0040218b4b5eb14b875b99,DSC_7124.JPG,0.7929,0.8542,0.7022,0.8,0.168,1,5,True,True,True,"Chiefly because the matching scores separated the leading terms only narrowly, and the generated description does not corroborate the assigned terms.",1.1
dd3c767493ce4f07a3718e56c74b4b27,DSC_7125.JPG,0.7834,0.8599,0.6669,0.8,0.132,1,5,True,True,True,"Chiefly because the matching scores separated the leading terms only narrowly, and the generated description does not corroborate the assigned terms.",1.1
b9fb761d11564929bfd4cee649c4247a,DSC_7126.JPG,0.7246,0.8879,0.6304,0.4,0.1846,3,5,True,True,True,"Chiefly because the matching scores separated the leading terms only narrowly, and the image is soft or poorly exposed, limiting what can be assigned.",1.1
f169ec322e04484ea4e6a76bb8169963,DSC_7127.JPG,0.7226,0.7948,0.672,0.6,0.1685,2,5,True,True,True,"Chiefly because the matching scores separated the leading terms only narrowly, and the image is soft or poorly exposed, limiting what can be assigned.",1.1
d218b29f11b044abba9c2f72160e5bdb,DSC_7128.JPG,0.7178,0.8452,0.6719,0.4,0.1591,3,5,True,True,True,"Chiefly because the matching scores separated the leading terms only narrowly, and the image is soft or poorly exposed, limiting what can be assigned.",1.1
aea0687b3b6b4f168c9dcd8b0e42e8a1,DSC_7129.JPG,0.5998,0.6961,0.6336,0.2,0.1695,4,5,True,True,True,"Chiefly because the matching scores separated the leading terms only narrowly, and the image is soft or poorly exposed, limiting what can be assigned.",1.1
8a6619b423f44a44a278232508dbb5a8,DSC_7130.JPG,0.7017,0.7937,0.6997,0.4,0.1704,3,5,True,True,True,"Chiefly because the matching scores separated the leading terms only narrowly, and the image is soft or poorly exposed, limiting what can be assigned.",1.1
8903e1711aba4483b5b736cce0490830,DSC_7131.JPG,0.6761,0.672,0.7147,0.6,0.1525,2,5,True,True,True,"Chiefly because the image is soft or poorly exposed, limiting what can be assigned, and the matching scores separated the leading terms only narrowly.",1.1
8fd57a99314648a59563aeef0cbe986a,DSC_7132.JPG,0.6716,0.7382,0.6928,0.4,0.1802,3,5,True,True,True,"Chiefly because the matching scores separated the leading terms only narrowly, and the image is soft or poorly exposed, limiting what can be assigned.",1.1
62b2596684724d36952d1d3ca99af90e,DSC_7133.JPG,0.7859,0.8264,0.7221,0.8,0.1741,1,5,True,True,True,"Chiefly because the matching scores separated the leading terms only narrowly, and the generated description does not corroborate the assigned terms.",1.1
a0cbcf7083b84a518eff9c89bb49488b,DSC_7134.JPG,0.7872,0.8884,0.723,0.6,0.1715,2,5,True,True,True,"Chiefly because the matching scores separated the leading terms only narrowly, and the image is soft or poorly exposed, limiting what can be assigned.",1.1
c1058ad76a024439bf9c661bdb695448,DSC_7135.JPG,0.562,0.5724,0.7022,0.2,0.3018,4,5,True,True,True,"Chiefly because the image is soft or poorly exposed, limiting what can be assigned.",1.1
7e7684d535a1499abde7f4bd5de7e588,DSC_7136.JPG,0.687,0.823,0.6156,0.4,0.275,3,5,True,True,True,"Chiefly because the matching scores separated the leading terms only narrowly, and the image is soft or poorly exposed, limiting what can be assigned.",1.1
fd5f5fc6d68b4790b3c3be8c5c5c6998,DSC_7137.JPG,0.6695,0.7857,0.6191,0.4,0.2974,3,5,True,True,True,"Chiefly because the matching scores separated the leading terms only narrowly, and the image is soft or poorly exposed, limiting what can be assigned.",1.1
163788c517f24d19a82ee2275ecc0852,DSC_7138.JPG,0.6742,0.6947,0.6767,0.6,0.2187,2,5,True,True,True,"Chiefly because the matching scores separated the leading terms only narrowly, and the image is soft or poorly exposed, limiting what can be assigned.",1.1
4105197fbf18424086699e5476e38134,DSC_7139.JPG,0.7121,0.8053,0.627,0.6,0.2098,2,5,True,True,True,"Chiefly because the matching scores separated the leading terms only narrowly, and the image is soft or poorly exposed, limiting what can be assigned.",1.1
6ea36d7ca11746cbaacabf5bc55530e1,DSC_7140.JPG,0.6932,0.8254,0.7156,0.2,0.3072,4,5,True,True,True,"Chiefly because the matching scores separated the leading terms only narrowly, and the image is soft or poorly exposed, limiting what can be assigned.",1.1
825929e06bda437c9178cd90aae2a1f8,DSC_7141.JPG,0.5586,0.64,0.596,0.2,0.3382,4,5,True,True,True,Chiefly because the matching scores separated the leading terms only narrowly.,1.1
a03337e4ad7649be917fb04a7520b629,DSC_7142.JPG,0.7968,0.885,0.6693,0.8,0.1142,1,5,True,True,True,"Chiefly because the matching scores separated the leading terms only narrowly, and the generated description does not corroborate the assigned terms.",1.1
76344d673b2642dc8464310ec66cb841,DSC_7143.JPG,0.8008,0.8658,0.7084,0.8,0.0,1,5,True,True,True,"Chiefly because the matching scores separated the leading terms only narrowly, and the generated description does not corroborate the assigned terms.",1.1
d92a92aa456043119e5c58aa54f516c1,DSC_7144.JPG,0.8207,0.8734,0.7543,0.8,0.1583,1,5,True,True,True,"Chiefly because the matching scores separated the leading terms only narrowly, and the generated description does not corroborate the assigned terms.",1.1
e1e944f299f842eb9c00bafbe930be71,DSC_7145.JPG,0.7084,0.7839,0.7328,0.4,0.1323,3,5,True,True,True,"Chiefly because the matching scores separated the leading terms only narrowly, and the image is soft or poorly exposed, limiting what can be assigned.",1.1
f0c7328d27b44f87b13269618c319935,DSC_7146.JPG,0.7527,0.7985,0.7528,0.6,0.1471,2,5,True,True,True,"Chiefly because the matching scores separated the leading terms only narrowly, and the image is soft or poorly exposed, limiting what can be assigned.",1.1
9c99e94b15ec4c20b671b43a14a3da64,DSC_7147.JPG,0.7839,0.8037,0.7488,0.8,0.1163,1,5,True,True,True,"Chiefly because the matching scores separated the leading terms only narrowly, and the generated description does not corroborate the assigned terms.",1.1
74bf86142aa8489f8d388934bbeaf97c,DSC_7148.JPG,0.7445,0.7872,0.7453,0.6,0.1259,2,5,True,True,True,"Chiefly because the matching scores separated the leading terms only narrowly, and the image is soft or poorly exposed, limiting what can be assigned.",1.1
4dae63ea477048ef8512df5ecfdf1c96,DSC_7149.JPG,0.7787,0.8843,0.7045,0.6,0.1746,2,5,True,True,True,"Chiefly because the matching scores separated the leading terms only narrowly, and the image is soft or poorly exposed, limiting what can be assigned.",1.1
486444d454864a36896fb02b61b35ef3,DSC_7150.JPG,0.8013,0.8786,0.6915,0.8,0.182,1,5,True,True,True,"Chiefly because the matching scores separated the leading terms only narrowly, and the generated description does not corroborate the assigned terms.",1.1
ae14e3671b4049969682381070638438,DSC_7151.JPG,0.7396,0.8025,0.6238,0.8,0.2786,1,5,True,True,True,"Chiefly because the matching scores separated the leading terms only narrowly, and the generated description does not corroborate the assigned terms.",1.1
047123934ce14090a484a16cbedb0d17,DSC_7152.JPG,0.5952,0.6881,0.5461,0.4,0.2003,3,5,True,True,True,Chiefly because the matching scores separated the leading terms only narrowly.,1.1
d695c07d57144d4bacb93e60ca9e92fd,DSC_7153.JPG,0.5588,0.6155,0.5458,0.4,0.3208,3,5,True,True,True,Chiefly because the matching scores separated the leading terms only narrowly.,1.1
68bbc0a73837415394703d0b23a13a2b,DSC_7154.JPG,0.7167,0.7941,0.742,0.4,0.2948,3,5,True,True,True,"Chiefly because the matching scores separated the leading terms only narrowly, and the image is soft or poorly exposed, limiting what can be assigned.",1.1
5cd948f15571466d8f7366f23bc6ee75,DSC_7155.JPG,0.808,0.8698,0.7231,0.8,0.1806,1,5,True,True,True,"Chiefly because the matching scores separated the leading terms only narrowly, and the generated description does not corroborate the assigned terms.",1.1
92fc19f46d094278acaa3abc4f2f3380,DSC_7156.JPG,0.7575,0.8495,0.6936,0.6,0.1596,2,5,True,True,True,"Chiefly because the matching scores separated the leading terms only narrowly, and the image is soft or poorly exposed, limiting what can be assigned.",1.1
09c113451fa847a1942e36c24f50cb0a,DSC_7157.JPG,0.74,0.6973,0.7753,0.8,0.2075,1,5,True,True,True,"Chiefly because the generated description does not corroborate the assigned terms, and the image is soft or poorly exposed, limiting what can be assigned.",1.1
4b80a9d673f84e74b9b8509aa5b720d9,DSC_7158.JPG,0.7278,0.8309,0.5497,0.8,0.2066,1,5,True,True,True,"Chiefly because the matching scores separated the leading terms only narrowly, and the generated description does not corroborate the assigned terms.",1.1
d4e833547bb94100850eac2cb0192acf,DSC_7159.JPG,0.6854,0.7164,0.5063,1.0,0.0,0,5,True,True,True,"Chiefly because the generated description does not corroborate the assigned terms, and the matching scores separated the leading terms only narrowly.",1.1
97613f78efb946af9da80165b41ba2e3,DSC_7160.JPG,0.7452,0.8762,0.5347,0.8,0.0879,1,5,True,True,True,"Chiefly because the matching scores separated the leading terms only narrowly, and the generated description does not corroborate the assigned terms.",1.1
523bd5bf54374ca19bd3b795955326f5,DSC_7161.JPG,0.7393,0.754,0.6922,0.8,0.1518,1,5,True,True,True,"Chiefly because the generated description does not corroborate the assigned terms, and the matching scores separated the leading terms only narrowly.",1.1
3fe2671204d54803a49b14ff84129fae,DSC_7162.JPG,0.6943,0.6816,0.6672,0.8,0.1397,1,5,True,True,True,"Chiefly because the generated description does not corroborate the assigned terms, and the matching scores separated the leading terms only narrowly.",1.1
715c75a2349148019be76bdb61002efa,DSC_7163.JPG,0.7255,0.8165,0.6493,0.6,0.2207,2,5,True,True,True,"Chiefly because the matching scores separated the leading terms only narrowly, and the image is soft or poorly exposed, limiting what can be assigned.",1.1
7f70c45dff384df8a583b56f3eaf4bc6,DSC_7164.JPG,0.6878,0.6914,0.7203,0.6,0.1587,2,5,True,True,True,"Chiefly because the image is soft or poorly exposed, limiting what can be assigned, and the matching scores separated the leading terms only narrowly.",1.1
212f9b0d3f2d4c09b1550e582d1b2eb6,DSC_7165.JPG,0.6878,0.7328,0.6611,0.6,0.0,2,5,True,True,True,"Chiefly because the matching scores separated the leading terms only narrowly, and the image is soft or poorly exposed, limiting what can be assigned.",1.1
0bde7ca1c28646879ceb1585d25fa778,DSC_7166.JPG,0.8064,0.8168,0.7944,0.8,0.0897,1,5,True,True,True,"Chiefly because the matching scores separated the leading terms only narrowly, and the generated description does not corroborate the assigned terms.",1.1
a26277d163104bfc8dafe6bc36e26c25,DSC_7167.JPG,0.6244,0.6652,0.5767,0.6,0.164,2,5,True,True,True,Chiefly because the matching scores separated the leading terms only narrowly.,1.1
4e8a73e25d0e43989b1f6b8a588baaf0,DSC_7168.JPG,0.7072,0.7625,0.6742,0.6,0.0827,2,5,True,True,True,"Chiefly because the matching scores separated the leading terms only narrowly, and the image is soft or poorly exposed, limiting what can be assigned.",1.1
25cf7a2a974b42d3beaf10fe023a775c,DSC_7169.JPG,0.7139,0.6781,0.7282,0.8,0.1301,1,5,True,True,True,"Chiefly because the generated description does not corroborate the assigned terms, and the image is soft or poorly exposed, limiting what can be assigned.",1.1
956181e7fe414ce38349d09110c22142,DSC_7170.JPG,0.6286,0.5589,0.7405,0.6,0.1393,2,5,True,True,True,"Chiefly because the image is soft or poorly exposed, limiting what can be assigned.",1.1
5b658c17332f41f190cc7086f4765513,DSC_7171.JPG,0.6378,0.5985,0.7102,0.6,0.1277,2,5,True,True,True,"Chiefly because the image is soft or poorly exposed, limiting what can be assigned.",1.1
bec44cf19b6a43309b6bbd4423ab720e,DSC_7172.JPG,0.638,0.6584,0.7108,0.4,0.0565,3,5,True,True,True,"Chiefly because the image is soft or poorly exposed, limiting what can be assigned, and the matching scores separated the leading terms only narrowly.",1.1
37111a0c6be94ef4ad2296127896e8fa,DSC_7173.JPG,0.6378,0.5601,0.7649,0.6,0.0,2,5,True,True,True,"Chiefly because the image is soft or poorly exposed, limiting what can be assigned.",1.1
5d86d8482cd94be88b2dbc79bfc0434c,DSC_7174.JPG,0.6553,0.6435,0.7817,0.4,0.0662,3,5,True,True,True,"Chiefly because the image is soft or poorly exposed, limiting what can be assigned, and the matching scores separated the leading terms only narrowly.",1.1
b8d77e2077b44af39d9d4802fc5f26a1,DSC_7175.JPG,0.7254,0.7362,0.7637,0.6,0.0645,2,5,True,True,True,"Chiefly because the image is soft or poorly exposed, limiting what can be assigned, and the matching scores separated the leading terms only narrowly.",1.1
fad01d30d4414ad59049b8654c7a4622,DSC_7176.JPG,0.6683,0.6699,0.7809,0.4,0.0883,3,5,True,True,True,"Chiefly because the image is soft or poorly exposed, limiting what can be assigned, and the matching scores separated the leading terms only narrowly.",1.1
809968f964384278b99ce0408e35b077,DSC_7177.JPG,0.6927,0.6529,0.7894,0.6,0.1143,2,5,True,True,True,"Chiefly because the image is soft or poorly exposed, limiting what can be assigned, and the matching scores separated the leading terms only narrowly.",1.1
88efd0a6072a43c08971ffb7a1720928,DSC_7178.JPG,0.7017,0.6764,0.7814,0.6,0.1656,2,5,True,True,True,"Chiefly because the image is soft or poorly exposed, limiting what can be assigned, and the matching scores separated the leading terms only narrowly.",1.1
c3a8a26a36854559802236719963c30d,DSC_7179.JPG,0.6891,0.7374,0.7441,0.4,0.1832,3,5,True,True,True,"Chiefly because the image is soft or poorly exposed, limiting what can be assigned, and the matching scores separated the leading terms only narrowly.",1.1
f23e79f467dd42d3a376f787b510d7c0,DSC_7180.JPG,0.6759,0.712,0.7427,0.4,0.1554,3,5,True,True,True,"Chiefly because the image is soft or poorly exposed, limiting what can be assigned, and the matching scores separated the leading terms only narrowly.",1.1
8bfac7a5c8684e5ab34636c1ccfb3a72,DSC_7181.JPG,0.7401,0.767,0.7618,0.6,0.219,2,5,True,True,True,"Chiefly because the matching scores separated the leading terms only narrowly, and the image is soft or poorly exposed, limiting what can be assigned.",1.1
c6fdb83fc9fc4edfbcb2be92c9c96164,DSC_7182.JPG,0.7029,0.7119,0.7342,0.6,0.246,2,5,True,True,True,"Chiefly because the image is soft or poorly exposed, limiting what can be assigned, and the matching scores separated the leading terms only narrowly.",1.1
cf82d2ecd7c9430c855fe2103501995f,DSC_7183.JPG,0.7584,0.8076,0.7561,0.6,0.2207,2,5,True,True,True,"Chiefly because the matching scores separated the leading terms only narrowly, and the image is soft or poorly exposed, limiting what can be assigned.",1.1
526f404846974f128a01ce338b4e3636,DSC_7184.JPG,0.7404,0.8554,0.722,0.4,0.2404,3,5,True,True,True,"Chiefly because the matching scores separated the leading terms only narrowly, and the image is soft or poorly exposed, limiting what can be assigned.",1.1
e0f43629bf104dd9bcb6ea0b29f0a252,DSC_7185.JPG,0.6867,0.6825,0.7299,0.6,0.2082,2,5,True,True,True,"Chiefly because the image is soft or poorly exposed, limiting what can be assigned, and the matching scores separated the leading terms only narrowly.",1.1
720217e064ef4248882b9c5ef0ea9157,DSC_7186.JPG,0.689,0.786,0.6743,0.4,0.2598,3,5,True,True,True,"Chiefly because the matching scores separated the leading terms only narrowly, and the image is soft or poorly exposed, limiting what can be assigned.",1.1
e6c86b7a137346a4b197fabef5fc49fe,DSC_7187.JPG,0.6834,0.7228,0.7487,0.4,0.2154,3,5,True,True,True,"Chiefly because the image is soft or poorly exposed, limiting what can be assigned, and the matching scores separated the leading terms only narrowly.",1.1
1ccb8fc536894934a6a14e7dec19f01f,DSC_7188.JPG,0.7088,0.7629,0.7639,0.4,0.1835,3,5,True,True,True,"Chiefly because the image is soft or poorly exposed, limiting what can be assigned, and the matching scores separated the leading terms only narrowly.",1.1
fb99f51249ed4c2a91fc934bf9c31e3d,DSC_7189.JPG,0.7168,0.7462,0.8107,0.4,0.1901,3,5,True,True,True,"Chiefly because the image is soft or poorly exposed, limiting what can be assigned, and the matching scores separated the leading terms only narrowly.",1.1
49cfa1328b5f437da3c67b6a768f1841,DSC_7190.JPG,0.7259,0.7718,0.8001,0.4,0.21,3,5,True,True,True,"Chiefly because the image is soft or poorly exposed, limiting what can be assigned, and the matching scores separated the leading terms only narrowly.",1.1
18b9665165624925a3974c3d94601e50,DSC_7191.JPG,0.7224,0.7826,0.7746,0.4,0.1893,3,5,True,True,True,"Chiefly because the matching scores separated the leading terms only narrowly, and the image is soft or poorly exposed, limiting what can be assigned.",1.1
9c7c1c35c8ab45938bc32b57f092481b,DSC_7192.JPG,0.6544,0.679,0.7282,0.4,0.2461,3,5,True,True,True,"Chiefly because the image is soft or poorly exposed, limiting what can be assigned, and the matching scores separated the leading terms only narrowly.",1.1
e01d451d2c564f39a096e3a958b9d394,DSC_7193.JPG,0.674,0.6921,0.6799,0.6,0.2547,2,5,True,True,True,"Chiefly because the matching scores separated the leading terms only narrowly, and the image is soft or poorly exposed, limiting what can be assigned.",1.1
e30a44b9339d49a0bfa6dadb52769a6c,DSC_7194.JPG,0.7293,0.7866,0.7028,0.6,0.1532,2,5,True,True,True,"Chiefly because the matching scores separated the leading terms only narrowly, and the image is soft or poorly exposed, limiting what can be assigned.",1.1
eac9038a114c49a385cdded8eeb90150,DSC_7195.JPG,0.7455,0.7801,0.6727,0.8,0.1782,1,5,True,True,True,"Chiefly because the generated description does not corroborate the assigned terms, and the matching scores separated the leading terms only narrowly.",1.1
d78dfddf186a44648f3aa1f50b7bca40,DSC_7196.JPG,0.8044,0.7943,0.8206,0.8,0.3474,1,5,True,True,True,"Chiefly because the image is soft or poorly exposed, limiting what can be assigned, and the generated description does not corroborate the assigned terms.",1.1
85287288a0ae47318413f16e8acf9360,DSC_7197.JPG,0.7513,0.8712,0.6449,0.6,0.1699,2,5,True,True,True,"Chiefly because the matching scores separated the leading terms only narrowly, and the image is soft or poorly exposed, limiting what can be assigned.",1.1
462d4edc548042c58713eb20dc05120d,DSC_7198.JPG,0.7629,0.8601,0.694,0.6,0.1968,2,5,True,True,True,"Chiefly because the matching scores separated the leading terms only narrowly, and the image is soft or poorly exposed, limiting what can be assigned.",1.1
7290dfcdb4514dfbb0f34d91a53ed3cb,DSC_7199.JPG,0.7496,0.8339,0.6932,0.6,0.2075,2,5,True,True,True,"Chiefly because the matching scores separated the leading terms only narrowly, and the image is soft or poorly exposed, limiting what can be assigned.",1.1
53a3e0f281eb4d02aee25e694b9f7ddf,DSC_7200.JPG,0.6651,0.6767,0.7621,0.4,0.2934,3,5,True,True,True,"Chiefly because the image is soft or poorly exposed, limiting what can be assigned, and the matching scores separated the leading terms only narrowly.",1.1
efe42679a3934b0db2560abb79136d48,DSC_7201.JPG,0.7989,0.8976,0.6573,0.8,0.2334,1,5,True,True,True,"Chiefly because the matching scores separated the leading terms only narrowly, and the generated description does not corroborate the assigned terms.",1.1
d593d309fa6a432897936f302ffc5b0e,DSC_7202.JPG,0.7843,0.857,0.7593,0.6,0.2299,2,5,True,True,True,"Chiefly because the matching scores separated the leading terms only narrowly, and the image is soft or poorly exposed, limiting what can be assigned.",1.1
a852b8f36590449d8fe724a01af3b5fd,DSC_7203.JPG,0.6503,0.6808,0.714,0.4,0.195,3,5,True,True,True,"Chiefly because the image is soft or poorly exposed, limiting what can be assigned, and the matching scores separated the leading terms only narrowly.",1.1
66e047845e9a46e4aebaf16be122db64,DSC_7204.JPG,0.8582,0.9146,0.8027,0.8,0.2685,1,5,True,True,True,"Chiefly because the matching scores separated the leading terms only narrowly, and the image is soft or poorly exposed, limiting what can be assigned.",1.1
98e9d0fd832c4ed8a82855461c6253e9,DSC_7205.JPG,0.745,0.8139,0.7088,0.6,0.1747,2,5,True,True,True,"Chiefly because the matching scores separated the leading terms only narrowly, and the image is soft or poorly exposed, limiting what can be assigned.",1.1
f6bec05822b3469995a4561f50bd1e04,DSC_7206.JPG,0.746,0.8016,0.7292,0.6,0.2679,2,5,True,True,True,"Chiefly because the matching scores separated the leading terms only narrowly, and the image is soft or poorly exposed, limiting what can be assigned.",1.1
23c91211be064459bd63153af31f8e9a,DSC_7207.JPG,0.7435,0.8553,0.6454,0.6,0.2005,2,5,True,True,True,"Chiefly because the matching scores separated the leading terms only narrowly, and the image is soft or poorly exposed, limiting what can be assigned.",1.1
17fc90513efa4fefb27c2d213d623629,DSC_7208.JPG,0.7917,0.8243,0.8272,0.6,0.2373,2,5,True,True,True,"Chiefly because the image is soft or poorly exposed, limiting what can be assigned, and the matching scores separated the leading terms only narrowly.",1.1
1d683621130641c4a6b42a694d0797e5,DSC_0056.JPG,0.5961,0.708,0.5202,0.4,0.2607,3,5,True,True,True,Chiefly because the matching scores separated the leading terms only narrowly.,1.1
aa7a8461710c49b49cf4ec940ecbee96,DSC_0057.JPG,0.6123,0.5937,0.6441,0.6,0.0513,2,5,True,True,True,"Chiefly because the image is soft or poorly exposed, limiting what can be assigned.",1.1
7a0dacb65d6045179f83daa58e0c2074,DSC_0058.JPG,0.6541,0.7451,0.633,0.4,0.2692,3,5,True,True,True,"Chiefly because the matching scores separated the leading terms only narrowly, and the image is soft or poorly exposed, limiting what can be assigned.",1.1
1811ae63870c4a06bdd14faaf89c6fd8,DSC_0059.JPG,0.6367,0.6358,0.6537,0.6,0.0883,2,5,True,True,True,"Chiefly because the image is soft or poorly exposed, limiting what can be assigned, and the matching scores separated the leading terms only narrowly.",1.1
1752353d4a584e1095b04f83c7d20e70,DSC_0061.JPG,0.6372,0.6652,0.6988,0.4,0.2581,3,5,True,True,True,"Chiefly because the image is soft or poorly exposed, limiting what can be assigned, and the matching scores separated the leading terms only narrowly.",1.1
b02aa63c951c4f5babdaec67253630be,DSC_0062.JPG,0.5958,0.5524,0.6561,0.6,0.1611,2,5,True,True,True,"Chiefly because the image is soft or poorly exposed, limiting what can be assigned.",1.1
a00182cdd14c4b099853b72a677f1cc1,DSC_0063.JPG,0.6103,0.7119,0.5554,0.4,0.2085,3,5,True,True,True,Chiefly because the matching scores separated the leading terms only narrowly.,1.1
edfedd4e2af840099627f1847fe510e1,DSC_0064.JPG,0.6204,0.6149,0.6369,0.6,0.1395,2,5,True,True,True,"Chiefly because the image is soft or poorly exposed, limiting what can be assigned, and the matching scores separated the leading terms only narrowly.",1.1
b5508c5d997c4cc19c0a343ddaa29300,DSC_0065.JPG,0.5946,0.7818,0.4106,0.4,0.3501,3,5,True,True,True,Chiefly because the matching scores separated the leading terms only narrowly.,1.1
87b6f73396084db8a56f87d650623e69,DSC_0066.JPG,0.6395,0.6403,0.6553,0.6,0.1376,2,5,True,True,True,"Chiefly because the image is soft or poorly exposed, limiting what can be assigned, and the matching scores separated the leading terms only narrowly.",1.1
a33d4f4af2de4019b5d2d052b63d5b5d,DSC_0067.JPG,0.5942,0.7282,0.4861,0.4,0.3594,3,5,True,True,True,Chiefly because the matching scores separated the leading terms only narrowly.,1.1
f3d0bef625424287b1186eb34d609015,DSC_0068.JPG,0.6214,0.6065,0.652,0.6,0.158,2,5,True,True,True,"Chiefly because the image is soft or poorly exposed, limiting what can be assigned, and the matching scores separated the leading terms only narrowly.",1.1
89d5797e822448639395fa0b111f2c62,DSC_0069.JPG,0.6346,0.7619,0.4677,0.6,0.3062,2,5,True,True,True,Chiefly because the matching scores separated the leading terms only narrowly.,1.1
0d8149faaa9c43b6afc49e005b3be48d,DSC_0070.JPG,0.5538,0.5916,0.5656,0.4,0.1478,3,5,True,True,True,Chiefly because the matching scores separated the leading terms only narrowly.,1.1
1c9acd379dee464cb832fa5588f6bd66,DSC_0071.JPG,0.6367,0.7646,0.4697,0.6,0.2977,2,5,True,True,True,Chiefly because the matching scores separated the leading terms only narrowly.,1.1
0efea88b714642f9a808dd0cba7c6ee9,DSC_0072.JPG,0.5567,0.6084,0.5499,0.4,0.0,3,5,True,True,True,Chiefly because the matching scores separated the leading terms only narrowly.,1.1
ea9bf1ddf4fc4596ae450573f6a86768,DSC_0073.JPG,0.7314,0.852,0.5297,0.8,0.3117,1,5,True,True,True,"Chiefly because the matching scores separated the leading terms only narrowly, and the generated description does not corroborate the assigned terms.",1.1
d97884cee5aa473dbbfcfee417ab02b5,DSC_0074.JPG,0.6542,0.813,0.5363,0.4,0.173,3,5,True,True,True,Chiefly because the matching scores separated the leading terms only narrowly.,1.1
698ebd364fbd483ab6b320a803855f5e,DSC_0078.JPG,0.6561,0.7349,0.5677,0.6,0.2341,2,5,True,True,True,Chiefly because the matching scores separated the leading terms only narrowly.,1.1
573ba36616bb4b96a0d9de407fb710a0,DSC_0079.JPG,0.7378,0.8825,0.5902,0.6,0.3326,2,5,True,True,True,Chiefly because the matching scores separated the leading terms only narrowly.,1.1
3b077b23cc8249609afbfde5fb2d783e,DSC_0081.JPG,0.5743,0.5599,0.5839,0.6,0.2805,2,5,True,True,True,Chiefly because the generated description does not corroborate the assigned terms.,1.1
27a8b761e03b473aabebd8cee1dd0b0a,DSC_0082.JPG,0.6236,0.7624,0.5211,0.4,0.2749,3,5,True,True,True,Chiefly because the matching scores separated the leading terms only narrowly.,1.1
40005f1d67084402becb2bfdb3f2c1c2,DSC_0083.JPG,0.6333,0.7081,0.5407,0.6,0.2889,2,5,True,True,True,Chiefly because the matching scores separated the leading terms only narrowly.,1.1
e95fbb209819471291fd96ed1e582063,DSC_0084.JPG,0.5746,0.5941,0.6217,0.4,0.1829,3,5,True,True,True,"Chiefly because the image is soft or poorly exposed, limiting what can be assigned.",1.1
bfefa9c8f0db44aa8b1b31dba675e8ea,DSC_0085.JPG,0.6465,0.7585,0.5063,0.6,0.3013,2,5,True,True,True,Chiefly because the matching scores separated the leading terms only narrowly.,1.1
6cb4dd613d164d5cb8d4b393cb9df26b,DSC_0086.JPG,0.6125,0.5735,0.6736,0.6,0.1255,2,5,True,True,True,"Chiefly because the image is soft or poorly exposed, limiting what can be assigned.",1.1
53530c2288e0479e9415aafc921be555,DSC_0087.JPG,0.6392,0.887,0.4735,0.2,0.3577,4,5,True,True,True,Chiefly because the matching scores separated the leading terms only narrowly.,1.1
4f81ffa39373410981640cd02b8ff5cd,DSC_0088.JPG,0.6308,0.6163,0.6647,0.6,0.1507,2,5,True,True,True,"Chiefly because the image is soft or poorly exposed, limiting what can be assigned, and the matching scores separated the leading terms only narrowly.",1.1
dda126bc699b41ad9204f2e362c35de3,DSC_0089.JPG,0.5776,0.7094,0.4654,0.4,0.289,3,5,True,True,True,Chiefly because the matching scores separated the leading terms only narrowly.,1.1
ea739d219cee4f39adeb2c05835dcc28,DSC_0090.JPG,0.6143,0.5776,0.6728,0.6,0.1254,2,5,True,True,True,"Chiefly because the image is soft or poorly exposed, limiting what can be assigned.",1.1
33f0c7a71d48444ab21e5c0977c21dd8,DSC_0091.JPG,0.6258,0.8341,0.425,0.4,0.2674,3,5,True,True,True,Chiefly because the matching scores separated the leading terms only narrowly.,1.1
7c6d0484ab0a462282da9ed37907be8b,DSC_0092.JPG,0.5686,0.5441,0.6758,0.4,0.1325,3,5,True,True,True,"Chiefly because the image is soft or poorly exposed, limiting what can be assigned.",1.1
5ddec895fc6142548a2101c0ffd7557f,DSC_0093.JPG,0.5778,0.6768,0.4268,0.6,0.2925,2,5,True,True,True,Chiefly because the matching scores separated the leading terms only narrowly.,1.1
97ef199829b04695b474e938cc01e99f,DSC_0094.JPG,0.5616,0.5336,0.6708,0.4,0.1146,3,5,True,True,True,"Chiefly because the image is soft or poorly exposed, limiting what can be assigned.",1.1
471f542f721f4693970cbcb703909e4e,DSC_0095.JPG,0.6132,0.7892,0.453,0.4,0.3878,3,5,True,True,True,Chiefly because the matching scores separated the leading terms only narrowly.,1.1
b47c4d2b2c934242b4c71f1fc9f71ab9,DSC_0096.JPG,0.5783,0.571,0.6652,0.4,0.1118,3,5,True,True,True,"Chiefly because the image is soft or poorly exposed, limiting what can be assigned.",1.1
88921e6f43b64aeeb386726ed65afe74,DSC_0097.JPG,0.5489,0.7562,0.4023,0.2,0.3968,4,5,True,True,False,Chiefly because the matching scores separated the leading terms only narrowly.,1.1
8bcfefba55494c6f8f7ad4856999d0ee,DSC_0098.JPG,0.5732,0.5616,0.6639,0.4,0.0866,3,5,True,True,True,"Chiefly because the image is soft or poorly exposed, limiting what can be assigned.",1.1
ad019838f58b402db0b420252d9c2c4a,DSC_0099.JPG,0.5915,0.7794,0.405,0.4,0.338,3,5,True,True,True,Chiefly because the matching scores separated the leading terms only narrowly.,1.1
f26032b6b20b472fbfed1941ca6e337d,DSC_0100.JPG,0.57,0.5523,0.6681,0.4,0.0978,3,5,True,True,True,"Chiefly because the image is soft or poorly exposed, limiting what can be assigned.",1.1
53dcd806173243efb0f0c77a4c45f604,DSC_0102.JPG,0.5688,0.8122,0.379,0.2,0.3502,4,5,True,True,True,Chiefly because the matching scores separated the leading terms only narrowly.,1.1
ae757aff72c04a02bb76a4b18cab0878,DSC_0103.JPG,0.6175,0.567,0.6971,0.6,0.0754,2,5,True,True,True,"Chiefly because the image is soft or poorly exposed, limiting what can be assigned.",1.1
7888f863406043b2b8e36bf9535b645c,DSC_0105.JPG,0.6521,0.8929,0.4161,0.4,0.282,3,5,True,True,True,Chiefly because the matching scores separated the leading terms only narrowly.,1.1
3a17faea6e11427aac8581154b928d05,DSC_0106.JPG,0.5908,0.548,0.7338,0.4,0.0794,3,5,True,True,True,"Chiefly because the image is soft or poorly exposed, limiting what can be assigned.",1.1
14eea32355d24242b2c74bb0d49485a5,DSC_0110.JPG,0.6652,0.7968,0.5052,0.6,0.2898,2,5,True,True,True,Chiefly because the matching scores separated the leading terms only narrowly.,1.1
00c1488a728c48c0b3036e7a5dbcce63,DSC_0111.JPG,0.6225,0.6449,0.6001,0.6,0.0613,2,5,True,True,True,"Chiefly because the matching scores separated the leading terms only narrowly, and the image is soft or poorly exposed, limiting what can be assigned.",1.1
044bdc9fd5e742539269a5acaeff6758,DSC_0112.JPG,0.596,0.6939,0.5402,0.4,0.1619,3,5,True,True,True,Chiefly because the matching scores separated the leading terms only narrowly.,1.1
e4de9b7e7d2945be82ac93a14738e33e,DSC_0113.JPG,0.6068,0.6207,0.5898,0.6,0.0963,2,5,True,True,True,Chiefly because the matching scores separated the leading terms only narrowly.,1.1
ed529724dc654bdb89d9033bc1fd2c43,DSC_0114.JPG,0.5827,0.6693,0.5372,0.4,0.224,3,5,True,True,True,Chiefly because the matching scores separated the leading terms only narrowly.,1.1
371df8d62f7c4e47aede0e43e8cfac62,DSC_0115.JPG,0.6543,0.6762,0.6464,0.6,0.0,2,5,True,True,True,"Chiefly because the matching scores separated the leading terms only narrowly, and the image is soft or poorly exposed, limiting what can be assigned.",1.1
d2e4b075e5b34151ab5e61a7e9a1aa1e,DSC_0075.JPG,0.6085,0.7908,0.4375,0.4,0.3547,3,5,True,True,True,Chiefly because the matching scores separated the leading terms only narrowly.,1.1
fdadf77dd1a34413b99c7ce245b0e35e,DSC_0076.JPG,0.6531,0.7274,0.484,0.8,0.2905,1,5,True,True,True,"Chiefly because the generated description does not corroborate the assigned terms, and the matching scores separated the leading terms only narrowly.",1.1
352e7348267947958b8dd991839815a4,DSC_0109.JPG,0.6261,0.7407,0.4737,0.6,0.3089,2,5,True,True,True,Chiefly because the matching scores separated the leading terms only narrowly.,1.1
91f5eba364bd4e56a6198be0149e02b7,S7R08440.JPG,0.4651,0.7623,0.0685,0.4,0.2937,3,5,True,True,False,Chiefly because the matching scores separated the leading terms only narrowly.,1.1
b08676401583432f86257c506f32acdc,S7R08441.JPG,0.4837,0.7528,0.2209,0.2,0.2486,4,5,True,True,False,Chiefly because the matching scores separated the leading terms only narrowly.,1.1
179dd3ccb852416f91302b5d8d10a477,S7R08442.JPG,0.479,0.6528,0.3504,0.2,0.2666,4,5,True,True,False,Chiefly because the matching scores separated the leading terms only narrowly.,1.1
d47790edb06a4b6f826c837db59f3bcc,S7R08443.JPG,0.461,0.6667,0.279,0.2,0.1571,4,5,True,True,False,Chiefly because the matching scores separated the leading terms only narrowly.,1.1
3dc49d908e1c4a658f230f29eb175c12,S7R08444.JPG,0.4412,0.5828,0.2566,0.4,0.1812,3,5,True,True,False,Chiefly because the matching scores separated the leading terms only narrowly.,1.1
79d29de16d42482d898170160158977f,S7R08445.JPG,0.4207,0.606,0.2505,0.2,0.138,4,5,True,True,False,Chiefly because the matching scores separated the leading terms only narrowly.,1.1
43173590691d40fca79baaaf53fececa,S7R08446.JPG,0.2945,0.5154,0.0195,0.2,0.1207,4,5,True,True,False,The assigned terms are well supported across all measures.,1.1
8c1fee29eeea4806ab054e200192f195,S7R08447.JPG,0.2991,0.5279,0.0146,0.2,0.1129,4,5,True,True,False,The assigned terms are well supported across all measures.,1.1
67a57e16ed504614980493768fe8269b,S7R08448.JPG,0.4211,0.6466,0.0222,0.6,0.1164,2,5,True,True,False,Chiefly because the matching scores separated the leading terms only narrowly.,1.1
6a63126a67aa499c9d81cdacdc3c366d,S7R08449.JPG,0.4074,0.6787,0.023,0.4,0.1824,3,5,True,True,False,Chiefly because the matching scores separated the leading terms only narrowly.,1.1
aadd265cf24043b9bddeb81865baa932,S7R08450.JPG,0.3918,0.6445,0.0273,0.4,0.1104,3,5,True,True,False,Chiefly because the matching scores separated the leading terms only narrowly.,1.1
a50739d35c464454a5cb0385d1ee95fa,S7R08451.JPG,0.3209,0.4505,0.0162,0.6,0.0395,2,5,True,True,False,The assigned terms are well supported across all measures.,1.1
21881321fce54c87adfe5cb593818cbc,S7R08452.JPG,0.392,0.6553,0.0125,0.4,0.1769,3,5,True,True,False,Chiefly because the matching scores separated the leading terms only narrowly.,1.1
cf6a889650784f319bf51a9976324d08,S7R08453.JPG,0.3734,0.6648,0.0314,0.2,0.1511,4,5,True,True,False,Chiefly because the matching scores separated the leading terms only narrowly.,1.1
83ac0dacaabf49ddb0430afdbeae99e8,S7R08454.JPG,0.3629,0.5379,0.0114,0.6,0.0,2,5,True,True,False,Chiefly because the generated description does not corroborate the assigned terms.,1.1
0dd19dd5baa24f4fb7645c0afc5f3468,S7R08455.JPG,0.4364,0.6694,0.0333,0.6,0.0548,2,5,True,True,False,Chiefly because the matching scores separated the leading terms only narrowly.,1.1
bb257edf6c444253a05c7bf994183d1c,S7R08456.JPG,0.3598,0.6273,0.0462,0.2,0.1015,4,5,True,True,False,Chiefly because the matching scores separated the leading terms only narrowly.,1.1
b1716f7bdca743db94128d90d1fdf8d7,S7R08457.JPG,0.4316,0.6574,0.037,0.6,0.1632,2,5,True,True,False,Chiefly because the matching scores separated the leading terms only narrowly.,1.1
1a1e36cb53604dd492dd0d0945f2b562,S7R08458.JPG,0.3997,0.672,0.0106,0.4,0.1933,3,5,True,True,False,Chiefly because the matching scores separated the leading terms only narrowly.,1.1
2fbff6323e6e4ec3b343a62821a0e53b,S7R08459.JPG,0.4932,0.8002,0.0089,0.6,0.1586,2,5,True,True,False,Chiefly because the matching scores separated the leading terms only narrowly.,1.1
d6f428b74ba84f5b85c0930e0b76cf99,S7R08460.JPG,0.3525,0.6417,0.0046,0.2,0.1347,4,5,True,True,False,Chiefly because the matching scores separated the leading terms only narrowly.,1.1
dd030488c58b424ab629f60ec9709681,S7R08461.JPG,0.4365,0.6891,0.0057,0.6,0.2153,2,5,True,True,False,Chiefly because the matching scores separated the leading terms only narrowly.,1.1
6290f6535de04b44a39d4a2dd30e94fc,S7R08462.JPG,0.4441,0.6807,0.0393,0.6,0.2456,2,5,True,True,False,Chiefly because the matching scores separated the leading terms only narrowly.,1.1
8a197a12047945c1bea92125863d9a4c,S7R08463.JPG,0.4438,0.6994,0.0118,0.6,0.2146,2,5,True,True,False,Chiefly because the matching scores separated the leading terms only narrowly.,1.1
3430b08933ce451ebf5a4401696b0c81,S7R08464.JPG,0.4195,0.7129,0.0086,0.4,0.1626,3,5,True,True,False,Chiefly because the matching scores separated the leading terms only narrowly.,1.1
7da40e8c7ce94c9bb3b45833a7e2ca77,S7R08465.JPG,0.4233,0.6504,0.0232,0.6,0.1657,2,5,True,True,False,Chiefly because the matching scores separated the leading terms only narrowly.,1.1
a12abc0f3c2c454c961c69f56dd8bfd4,S7R08466.JPG,0.4728,0.7616,0.0056,0.6,0.2132,2,5,True,True,False,Chiefly because the matching scores separated the leading terms only narrowly.,1.1
8bf1451491c64f4cb4e1b16056fb8fea,S7R08467.JPG,0.48,0.738,0.06,0.6,0.1632,2,5,True,True,False,Chiefly because the matching scores separated the leading terms only narrowly.,1.1
48fdefda087e4c95a0858fbc424a5516,S7R08468.JPG,0.4677,0.7484,0.01,0.6,0.1967,2,5,True,True,False,Chiefly because the matching scores separated the leading terms only narrowly.,1.1
7038980fa3b34a1a8304e85ef6b93b25,S7R08469.JPG,0.4538,0.7249,0.0038,0.6,0.2715,2,5,True,True,False,Chiefly because the matching scores separated the leading terms only narrowly.,1.1
fb4014bb56814eaeaf7f6a1afc1a692f,S7R08470.JPG,0.432,0.6784,0.0079,0.6,0.1676,2,5,True,True,False,Chiefly because the matching scores separated the leading terms only narrowly.,1.1
15580799bf774add9bc12b4d0f8051e4,S7R08471.JPG,0.4587,0.7271,0.0147,0.6,0.2173,2,5,True,True,False,Chiefly because the matching scores separated the leading terms only narrowly.,1.1
4e17d03c08c146598ca7216ea33c1e27,S7R08472.JPG,0.5256,0.8087,0.0037,0.8,0.2063,1,5,True,True,False,"Chiefly because the matching scores separated the leading terms only narrowly, and the generated description does not corroborate the assigned terms.",1.1
fc5256ce1de24d29be404b5de587cbd9,S7R08473.JPG,0.4561,0.6699,0.0032,0.8,0.2218,1,5,True,True,False,"Chiefly because the generated description does not corroborate the assigned terms, and the matching scores separated the leading terms only narrowly.",1.1
ac016d8b78d348ce8381af61d9ce0099,S7R08474.JPG,0.4183,0.6265,0.043,0.6,0.1904,2,5,True,True,False,Chiefly because the matching scores separated the leading terms only narrowly.,1.1
c5162e417f2c45aa926023f9784c6661,S7R08475.JPG,0.4739,0.7631,0.0068,0.6,0.2138,2,5,True,True,False,Chiefly because the matching scores separated the leading terms only narrowly.,1.1
e897dbbadef7485aa85b1c0d793782c8,S7R08476.JPG,0.4483,0.6713,0.0648,0.6,0.1071,2,5,True,True,False,Chiefly because the matching scores separated the leading terms only narrowly.,1.1
79f317f4a22a436dbb957b36f703462b,S7R08477.JPG,0.4393,0.6958,0.0897,0.4,0.2343,3,5,True,True,False,Chiefly because the matching scores separated the leading terms only narrowly.,1.1
523bd98e3aa94fbbaf61ece190c74837,S7R08478.JPG,0.472,0.7528,0.0159,0.6,0.2091,2,5,True,True,False,Chiefly because the matching scores separated the leading terms only narrowly.,1.1
cfa830613a7d41aeb062cf458c0e20b2,S7R08479.JPG,0.4343,0.7418,0.0096,0.4,0.2213,3,5,True,True,False,Chiefly because the matching scores separated the leading terms only narrowly.,1.1
7b3a25eff5114b10b6e0ade4fa3616e6,S7R08480.JPG,0.3898,0.5828,0.0239,0.6,0.1912,2,5,True,True,False,Chiefly because the generated description does not corroborate the assigned terms.,1.1
b86a7b09d67d4f5fabc85191d46564bc,S7R08481.JPG,0.3503,0.6331,0.0106,0.2,0.1657,4,5,True,True,False,Chiefly because the matching scores separated the leading terms only narrowly.,1.1
09cfcdb8a37b42259d759d5c933440e5,S7R08482.JPG,0.4169,0.6332,0.0293,0.6,0.1099,2,5,True,True,False,Chiefly because the matching scores separated the leading terms only narrowly.,1.1
63b7ff1d54ec4c72a02d6575f9c26b04,S7R08483.JPG,0.4737,0.7508,0.0238,0.6,0.2498,2,5,True,True,False,Chiefly because the matching scores separated the leading terms only narrowly.,1.1
ce0a226b00134edfadee22dc299daa1c,S7R08484.JPG,0.4495,0.6193,0.0566,0.8,0.1741,1,5,True,True,False,"Chiefly because the generated description does not corroborate the assigned terms, and the matching scores separated the leading terms only narrowly.",1.1
14e7858064174470a6639796a4da3d0d,S7R08485.JPG,0.3709,0.5134,0.069,0.6,0.1072,2,5,True,True,False,Chiefly because the generated description does not corroborate the assigned terms.,1.1
d8316777170d4f2e9bbceb789c9a82c4,S7R08486.JPG,0.3722,0.5357,0.0409,0.6,0.1284,2,5,True,True,False,Chiefly because the generated description does not corroborate the assigned terms.,1.1
c72ba21298fe49a2a21a65e57f9e498a,S7R08487.JPG,0.3735,0.5613,0.008,0.6,0.1518,2,5,True,True,False,Chiefly because the generated description does not corroborate the assigned terms.,1.1
a574862eabf548469f15d4d0572a8693,S7R08488.JPG,0.3974,0.5511,0.0052,0.8,0.0773,1,5,True,True,False,Chiefly because the generated description does not corroborate the assigned terms.,1.1
67ea84e1fb9d4c4eb7b40e1d315db754,S7R08489.JPG,0.5637,0.6937,0.2768,0.8,0.0533,1,5,True,True,True,"Chiefly because the generated description does not corroborate the assigned terms, and the matching scores separated the leading terms only narrowly.",1.1
e644e8112d274331ac3a383c008da832,S7R08490.JPG,0.4566,0.698,0.0503,0.6,0.0815,2,5,True,True,False,Chiefly because the matching scores separated the leading terms only narrowly.,1.1
163ff364b310420b862ade0b69ac1d12,S7R08491.JPG,0.3751,0.5369,0.0476,0.6,0.1579,2,5,True,True,False,Chiefly because the generated description does not corroborate the assigned terms.,1.1
7c70b2f9f07243e9a3ae566d6acf01cb,S7R08492.JPG,0.342,0.495,0.013,0.6,0.1364,2,5,True,True,False,The assigned terms are well supported across all measures.,1.1
17ed47f267dd427098f9ea85e7bc07c9,S7R08493.JPG,0.4596,0.7132,0.037,0.6,0.1782,2,5,True,True,False,Chiefly because the matching scores separated the leading terms only narrowly.,1.1
a4614e7e3adb4ff49c399190e57d3753,S7R08494.JPG,0.3189,0.5666,0.016,0.2,0.1211,4,5,True,True,False,The assigned terms are well supported across all measures.,1.1
c999cc7dd421415180df2ec40d007656,S7R08495.JPG,0.4079,0.6141,0.031,0.6,0.0886,2,5,True,True,False,Chiefly because the matching scores separated the leading terms only narrowly.,1.1
dd26744baae14cd899be7f1fd2385bbb,S7R08496.JPG,0.4924,0.7801,0.0352,0.6,0.2087,2,5,True,True,False,Chiefly because the matching scores separated the leading terms only narrowly.,1.1
9b50c224f76b481abf212539abec7f7c,S7R08497.JPG,0.4265,0.7172,0.0227,0.4,0.2011,3,5,True,True,False,Chiefly because the matching scores separated the leading terms only narrowly.,1.1
1af8891df7b947349bb1d9130caa5783,S7R08498.JPG,0.4338,0.6767,0.0157,0.6,0.1737,2,5,True,True,False,Chiefly because the matching scores separated the leading terms only narrowly.,1.1
906c1af8faf74ab7961bc2dec6690be6,S7R08499.JPG,0.5078,0.8228,0.0183,0.6,0.2371,2,5,True,True,False,Chiefly because the matching scores separated the leading terms only narrowly.,1.1
8b5072b379da4066971b67f60b490de1,S7R08500.JPG,0.5168,0.8436,0.0143,0.6,0.1367,2,5,True,True,False,Chiefly because the matching scores separated the leading terms only narrowly.,1.1
38a510dd50f64f7b8f9067d755a6f2df,S7R08501.JPG,0.4431,0.7562,0.0143,0.4,0.202,3,5,True,True,False,Chiefly because the matching scores separated the leading terms only narrowly.,1.1
410fead1a95b42d0aa6729e062b89609,S7R08502.JPG,0.4123,0.6,0.0636,0.6,0.1832,2,5,True,True,False,Chiefly because the matching scores separated the leading terms only narrowly.,1.1
48e95fb0d20340f9a4267d7e08b9f805,S7R08503.JPG,0.4086,0.6446,0.0752,0.4,0.1315,3,5,True,True,False,Chiefly because the matching scores separated the leading terms only narrowly.,1.1
8caae8ad9cb6468ab8e3b4af424f7419,S7R08504.JPG,0.3989,0.6507,0.0386,0.4,0.1606,3,5,True,True,False,Chiefly because the matching scores separated the leading terms only narrowly.,1.1
f5c3558d055546bba1b92ee4c87f5a3b,S7R08505.JPG,0.4227,0.6444,0.03,0.6,0.1546,2,5,True,True,False,Chiefly because the matching scores separated the leading terms only narrowly.,1.1
2bb283db276d4620b648f4c7397d564c,S7R08506.JPG,0.435,0.6584,0.0452,0.6,0.1638,2,5,True,True,False,Chiefly because the matching scores separated the leading terms only narrowly.,1.1
a3e842a061df4e1cad523f076552c3f6,S7R08507.JPG,0.4518,0.6631,0.0865,0.6,0.0,2,5,True,True,False,Chiefly because the matching scores separated the leading terms only narrowly.,1.1
5e5ad5833b594bea8247c5cff3ec763d,S7R08508.JPG,0.4511,0.6576,0.0924,0.6,0.0736,2,5,True,True,False,Chiefly because the matching scores separated the leading terms only narrowly.,1.1
90fdb2ff527f45c18c73f293fceb3d79,S7R08509.JPG,0.3613,0.5366,0.0087,0.6,0.1613,2,5,True,True,False,Chiefly because the generated description does not corroborate the assigned terms.,1.1
dd03709ceefd4310894bba6807923c6d,S7R08510.JPG,0.3633,0.5913,0.0218,0.4,0.1778,3,5,True,True,False,Chiefly because the matching scores separated the leading terms only narrowly.,1.1
f01d706f593e49eca67c0c40ab41bc4d,S7R08511.JPG,0.3948,0.5954,0.0203,0.6,0.1163,2,5,True,True,False,Chiefly because the generated description does not corroborate the assigned terms.,1.1
e77291b0ec0f4f4f858d83af7f5446fb,S7R08512.JPG,0.4046,0.7366,0.018,0.2,0.1648,4,5,True,True,False,Chiefly because the matching scores separated the leading terms only narrowly.,1.1
60b8f11f763b4eaf87b82aefc15448cc,S7R08513.JPG,0.4538,0.7185,0.0131,0.6,0.1377,2,5,True,True,False,Chiefly because the matching scores separated the leading terms only narrowly.,1.1
9c932f92bb9647cd835025f581b54a80,S7R08514.JPG,0.4242,0.7031,0.0361,0.4,0.1689,3,5,True,True,False,Chiefly because the matching scores separated the leading terms only narrowly.,1.1
761608d167b446aaac5f5509a003ab5d,S7R08515.JPG,0.3535,0.6282,0.0268,0.2,0.2134,4,5,True,True,False,Chiefly because the matching scores separated the leading terms only narrowly.,1.1
614dd38c186a48c29ed22be42df4eb1b,S7R08516.JPG,0.3541,0.5013,0.0385,0.6,0.1826,2,5,True,True,False,Chiefly because the generated description does not corroborate the assigned terms.,1.1
3ba80ce5f68e45c6b6165d9dea635450,S7R08517.JPG,0.4335,0.6797,0.0104,0.6,0.0679,2,5,True,True,False,Chiefly because the matching scores separated the leading terms only narrowly.,1.1
dd0bb0d3e01e4f71b5075b74afc93133,S7R08518.JPG,0.432,0.7286,0.0221,0.4,0.0286,3,5,True,True,False,Chiefly because the matching scores separated the leading terms only narrowly.,1.1
2cc13cf3c39f449aa9a3d1f90901b915,S7R08519.JPG,0.4439,0.6925,0.0218,0.6,0.0536,2,5,True,True,False,Chiefly because the matching scores separated the leading terms only narrowly.,1.1
74e509bcdc1749d0ae6198e166fae884,S7R08520.JPG,0.442,0.5793,0.0924,0.8,0.188,1,5,True,True,False,Chiefly because the generated description does not corroborate the assigned terms.,1.1
25b7c5be7ae345ac951582aebcb7fa31,S7R08521.JPG,0.4014,0.6774,0.0076,0.4,0.1551,3,5,True,True,False,Chiefly because the matching scores separated the leading terms only narrowly.,1.1
084b48c6d22042a9b0545aaa7be92187,S7R08522.JPG,0.4448,0.6833,0.0375,0.6,0.1782,2,5,True,True,False,Chiefly because the matching scores separated the leading terms only narrowly.,1.1
78d01bfd9ea145dc8b1976a730a8d38a,S7R08523.JPG,0.4224,0.598,0.0098,0.8,0.1812,1,5,True,True,False,Chiefly because the generated description does not corroborate the assigned terms.,1.1
227d8a21ee37406b8210fe3280be5cb8,S7R08524.JPG,0.486,0.7076,0.035,0.8,0.2037,1,5,True,True,False,"Chiefly because the generated description does not corroborate the assigned terms, and the matching scores separated the leading terms only narrowly.",1.1
b5feeb6fdc504e74b6a47e577d244803,S7R08525.JPG,0.5076,0.6967,0.0264,1.0,0.2351,0,5,True,True,False,"Chiefly because the generated description does not corroborate the assigned terms, and the matching scores separated the leading terms only narrowly.",1.1
269afcd298894492a7d93c2668249aef,S7R08526.JPG,0.4803,0.7668,0.0198,0.6,0.2957,2,5,True,True,False,Chiefly because the matching scores separated the leading terms only narrowly.,1.1
3479c6d58d7647f28e424781e90c38fb,S7R08527.JPG,0.4862,0.7229,0.0137,0.8,0.1575,1,5,True,True,False,"Chiefly because the generated description does not corroborate the assigned terms, and the matching scores separated the leading terms only narrowly.",1.1
25f860e43dd24a25905f82c971cbf38c,S7R08528.JPG,0.4665,0.7453,0.0109,0.6,0.1923,2,5,True,True,False,Chiefly because the matching scores separated the leading terms only narrowly.,1.1
bc6e3d4f88404ca1be4b460c8c62a359,S7R08529.JPG,0.4236,0.7634,0.0341,0.2,0.1341,4,5,True,True,False,Chiefly because the matching scores separated the leading terms only narrowly.,1.1
685af09e49e244ee93dec250cb45ee73,S7R08530.JPG,0.3766,0.5695,0.0052,0.6,0.2173,2,5,True,True,False,Chiefly because the generated description does not corroborate the assigned terms.,1.1
49ea3a19e474481f9e04570861537560,S7R08531.JPG,0.3365,0.6012,0.0168,0.2,0.1064,4,5,True,True,False,The assigned terms are well supported across all measures.,1.1
a26dbe5f6e474f4c90658d3c9aadb52b,S7R08532.JPG,0.449,0.6809,0.1386,0.4,0.0972,3,5,True,True,False,Chiefly because the matching scores separated the leading terms only narrowly.,1.1
dfa0ab53621e49a2a823386e7c7bb2f8,S7R08533.JPG,0.4252,0.7044,0.0372,0.4,0.1646,3,5,True,True,False,Chiefly because the matching scores separated the leading terms only narrowly.,1.1
29797a19e5394fdabc29f247752a8f1b,S7R08534.JPG,0.5028,0.7355,0.043,0.8,0.1752,1,5,True,True,False,"Chiefly because the generated description does not corroborate the assigned terms, and the matching scores separated the leading terms only narrowly.",1.1
bb0ebd16809542f783986adc17ad9555,S7R08535.JPG,0.3966,0.6538,0.0276,0.4,0.2004,3,5,True,True,False,Chiefly because the matching scores separated the leading terms only narrowly.,1.1
ccce4c66b2374d8a8d7fa621c6826342,S7R08536.JPG,0.4281,0.7301,0.0087,0.4,0.2367,3,5,True,True,False,Chiefly because the matching scores separated the leading terms only narrowly.,1.1
295e737fd6804f78bd50430f26f0686c,S7R08537.JPG,0.4067,0.6233,0.0144,0.6,0.1028,2,5,True,True,False,Chiefly because the matching scores separated the leading terms only narrowly.,1.1
e39931e4cd7646f1a744711da577d637,S7R08538.JPG,0.435,0.6133,0.0239,0.8,0.158,1,5,True,True,False,"Chiefly because the generated description does not corroborate the assigned terms, and the matching scores separated the leading terms only narrowly.",1.1
ac58eddce656428ea3c90162c7481ddb,S7R08539.JPG,0.4098,0.6325,0.0102,0.6,0.1119,2,5,True,True,False,Chiefly because the matching scores separated the leading terms only narrowly.,1.1
fb9f564cce6a4c99bf8d6b9799d50dc8,S7R08540.JPG,0.3858,0.6169,0.0496,0.4,0.1809,3,5,True,True,False,Chiefly because the matching scores separated the leading terms only narrowly.,1.1
c71c2e1937154afb9f77c8a8704e17f4,S7R08541.JPG,0.4429,0.5897,0.166,0.6,0.1644,2,5,True,True,False,Chiefly because the generated description does not corroborate the assigned terms.,1.1
61e17290c8884c3793921d671f843381,S7R08542.JPG,0.2945,0.4562,0.0182,0.4,0.0,3,5,True,True,False,The assigned terms are well supported across all measures.,1.1
9e961fac86f24e17a0838123ab0c0f64,S7R08543.JPG,0.3848,0.4895,0.1429,0.6,0.1453,2,5,True,True,False,Chiefly because the generated description does not corroborate the assigned terms.,1.1
8b222f4f35d84ce2868a58bd5e1872e6,S7R08544.JPG,0.3925,0.5882,0.024,0.6,0.1677,2,5,True,True,False,Chiefly because the generated description does not corroborate the assigned terms.,1.1
0c6392328f3a4d8fa63113c08fa258e2,S7R08545.JPG,0.5326,0.7445,0.0295,1.0,0.1673,0,5,True,True,False,"Chiefly because the generated description does not corroborate the assigned terms, and the matching scores separated the leading terms only narrowly.",1.1
c78332a078d34c3f903b40f148263850,S7R08546.JPG,0.5039,0.7398,0.0399,0.8,0.0,1,5,True,True,False,"Chiefly because the generated description does not corroborate the assigned terms, and the matching scores separated the leading terms only narrowly.",1.1
a82e43f6da5d484eba89f60141174c08,S7R08547.JPG,0.3962,0.576,0.2235,0.2,0.1083,4,5,True,True,False,Chiefly because the matching scores separated the leading terms only narrowly.,1.1
020baa2e8ca443e5ad159ad8ae2a0520,S7R08548.JPG,0.4268,0.7209,0.0181,0.4,0.1571,3,5,True,True,False,Chiefly because the matching scores separated the leading terms only narrowly.,1.1
e73a1627455c4bc3aac2d1c39ac4d1f4,S7R08549.JPG,0.3727,0.615,0.0148,0.4,0.1868,3,5,True,True,False,Chiefly because the matching scores separated the leading terms only narrowly.,1.1
a2e7b95e76514211b2e158d77dd470db,S7R08550.JPG,0.3677,0.5529,0.0892,0.4,0.1899,3,5,True,True,False,Chiefly because the matching scores separated the leading terms only narrowly.,1.1
06848f20b995437794a509e00abc5c90,S7R08551.JPG,0.5388,0.6251,0.3892,0.6,0.0889,2,5,True,True,False,Chiefly because the matching scores separated the leading terms only narrowly.,1.1
127e7d2fc74d43ea9092e02c662878a6,S7R08552.JPG,0.3778,0.6108,0.0353,0.4,0.1062,3,5,True,True,False,Chiefly because the matching scores separated the leading terms only narrowly.,1.1
8e55bde9fcff40a78745cc22353ebdad,S7R08553.JPG,0.4431,0.6348,0.0162,0.8,0.0,1,5,True,True,False,"Chiefly because the generated description does not corroborate the assigned terms, and the matching scores separated the leading terms only narrowly.",1.1
f6be23653957446c85cf1d879307622a,S7R08554.JPG,0.4422,0.6828,0.031,0.6,0.1126,2,5,True,True,False,Chiefly because the matching scores separated the leading terms only narrowly.,1.1
20463acea8064775aa7f0b01a0b774de,S7R08555.JPG,0.3585,0.529,0.0115,0.6,0.0861,2,5,True,True,False,Chiefly because the generated description does not corroborate the assigned terms.,1.1
950a0013de5547828646b8c7ec3f66fa,S7R08556.JPG,0.385,0.6489,0.0017,0.4,0.1103,3,5,True,True,False,Chiefly because the matching scores separated the leading terms only narrowly.,1.1
61d76d1db1ae47c698fcbded2996b617,S7R08557.JPG,0.4252,0.5843,0.123,0.6,0.0841,2,5,True,True,False,Chiefly because the generated description does not corroborate the assigned terms.,1.1
4566c5e8db5b41f082ab6be36cef66eb,S7R08558.JPG,0.4248,0.7166,0.0187,0.4,0.2039,3,5,True,True,False,Chiefly because the matching scores separated the leading terms only narrowly.,1.1
1ae5c472a5294e2f8bea16ec8a7ef146,S7R08559.JPG,0.4217,0.537,0.1805,0.6,0.1734,2,5,True,True,False,Chiefly because the generated description does not corroborate the assigned terms.,1.1
477f066e20db4372ab249e10f30b6329,S7R08560.JPG,0.467,0.6452,0.0698,0.8,0.1868,1,5,True,True,False,"Chiefly because the generated description does not corroborate the assigned terms, and the matching scores separated the leading terms only narrowly.",1.1
5f6cfc40f2654f0d96eb51e5fba84def,S7R08561.JPG,0.429,0.7173,0.0295,0.4,0.1827,3,5,True,True,False,Chiefly because the matching scores separated the leading terms only narrowly.,1.1
1f301b3989c44b388c8978226080dd53,S7R08562.JPG,0.4637,0.7824,0.0357,0.4,0.252,3,5,True,True,False,Chiefly because the matching scores separated the leading terms only narrowly.,1.1
319e6acf4f2d43cb858be6c7d3fe577c,S7R08563.JPG,0.3917,0.648,0.0221,0.4,0.0655,3,5,True,True,False,Chiefly because the matching scores separated the leading terms only narrowly.,1.1
8c793e5198d0426e9e9d4f585192a665,S7R08564.JPG,0.4253,0.6457,0.0356,0.6,0.0648,2,5,True,True,False,Chiefly because the matching scores separated the leading terms only narrowly.,1.1
8260548bd8af41edab2868d2b5876ec0,S7R08565.JPG,0.5223,0.8504,0.0204,0.6,0.2279,2,5,True,True,False,Chiefly because the matching scores separated the leading terms only narrowly.,1.1
1fd910f3c971492497879c61b0ef0467,S7R08566.JPG,0.5046,0.8757,0.0193,0.4,0.1884,3,5,True,True,False,Chiefly because the matching scores separated the leading terms only narrowly.,1.1
1983e536f43e4c5f92ee4feffef352c9,S7R08567.JPG,0.4248,0.7171,0.018,0.4,0.1982,3,5,True,True,False,Chiefly because the matching scores separated the leading terms only narrowly.,1.1
2aa1e09b932a4366bf88e9ef12585e50,S7R08568.JPG,0.3192,0.5742,0.006,0.2,0.1833,4,5,True,True,False,The assigned terms are well supported across all measures.,1.1
9bfd2376bf5f49ff930c9d5f8f0f8318,S7R08569.JPG,0.3881,0.6523,0.0056,0.4,0.2119,3,5,True,True,False,Chiefly because the matching scores separated the leading terms only narrowly.,1.1
e848be8ee2f54d1780f10e0a3d4c7be3,S7R08570.JPG,0.4894,0.7889,0.014,0.6,0.2299,2,5,True,True,False,Chiefly because the matching scores separated the leading terms only narrowly.,1.1
bcdfe8b9da86469ab1bfb3fc7ebab455,S7R08571.JPG,0.4715,0.7601,0.0042,0.6,0.1581,2,5,True,True,False,Chiefly because the matching scores separated the leading terms only narrowly.,1.1
0fdd074ed94844f6a6743816c9612d8f,S7R08572.JPG,0.5684,0.8168,0.0285,1.0,0.2368,0,5,True,True,True,"Chiefly because the generated description does not corroborate the assigned terms, and the matching scores separated the leading terms only narrowly.",1.1
df3294b13ac9476f812a8b600acd2f92,S7R08573.JPG,0.4626,0.7309,0.0203,0.6,0.2389,2,5,True,True,False,Chiefly because the matching scores separated the leading terms only narrowly.,1.1
230708934a4f45e0ad321c5af52d9518,S7R08574.JPG,0.4977,0.805,0.0149,0.6,0.2281,2,5,True,True,False,Chiefly because the matching scores separated the leading terms only narrowly.,1.1
7f6d6b14d8b54980b6cc604c63848b1b,S7R08575.JPG,0.512,0.7772,0.0098,0.8,0.244,1,5,True,True,False,"Chiefly because the generated description does not corroborate the assigned terms, and the matching scores separated the leading terms only narrowly.",1.1
160fdc50afa34f6cb246aba265591816,S7R08576.JPG,0.4907,0.7607,0.0582,0.6,0.237,2,5,True,True,False,Chiefly because the matching scores separated the leading terms only narrowly.,1.1
02b98e88c9104c31830329e4d6978db2,S7R08577.JPG,0.4595,0.7846,0.0207,0.4,0.2577,3,5,True,True,False,Chiefly because the matching scores separated the leading terms only narrowly.,1.1
55cf88c352644bbd8f78f26d513f5ecb,S7R08578.JPG,0.4264,0.7814,0.0164,0.2,0.1812,4,5,True,True,False,Chiefly because the matching scores separated the leading terms only narrowly.,1.1
a3339538b53140019edb434f83149dab,S7R08579.JPG,0.4626,0.7949,0.0146,0.4,0.2053,3,5,True,True,False,Chiefly because the matching scores separated the leading terms only narrowly.,1.1
ad8d61664cc24faaa0202ea760d2fbfd,S7R08580.JPG,0.4929,0.7056,0.143,0.6,0.2274,2,5,True,True,False,Chiefly because the matching scores separated the leading terms only narrowly.,1.1
1e664a8067b14aa497f19ebad5c99e39,S7R08581.JPG,0.4029,0.6071,0.0267,0.6,0.1457,2,5,True,True,False,Chiefly because the matching scores separated the leading terms only narrowly.,1.1
00c51534b8f34bbfa71ea4638fd0e201,S7R08582.JPG,0.4482,0.729,0.0678,0.4,0.2352,3,5,True,True,False,Chiefly because the matching scores separated the leading terms only narrowly.,1.1
f14cf70eddf54477925c0c939a01ad95,1786459551797-image_1.jpg,0.4644,0.5104,0.3407,0.6,0.6833,2,5,True,True,False,Chiefly because the image differs markedly from those used to establish the terms.,1.1
cdfad5fb473949fe83f28f8b8c989168,1 (10).JPG,0.728,0.7585,0.568,1.0,0.3083,0,5,True,True,True,"Chiefly because the generated description does not corroborate the assigned terms, and the matching scores separated the leading terms only narrowly.",1.1
e25e61c2f47a4d31acf4aa1f95082204,1 (12).JPG,0.7753,0.8934,0.6817,0.6,0.3946,2,5,True,True,True,"Chiefly because the matching scores separated the leading terms only narrowly, and the image is soft or poorly exposed, limiting what can be assigned.",1.1
d55cf2ec1aa24639a7b8475f35ec1f60,1 (19).JPG,0.5277,0.5548,0.5437,0.4,0.4691,3,5,True,True,False,Chiefly because the matching scores separated the leading terms only narrowly.,1.1
7bfa89a9426a4ae5872702fc0906b0f0,1 (39).JPG,0.7685,0.811,0.7801,0.6,0.4008,2,5,True,True,True,"Chiefly because the matching scores separated the leading terms only narrowly, and the image is soft or poorly exposed, limiting what can be assigned.",1.1
5fbac88f73d1463992a2f315e150a72d,1 (47).JPG,0.6194,0.6418,0.5958,0.6,0.5012,2,5,True,True,True,Chiefly because the matching scores separated the leading terms only narrowly.,1.1
051c8fe846bc4fa8a9a31cf7c812e0f6,1 (8).JPG,0.6699,0.7166,0.6331,0.6,0.3626,2,5,True,True,True,"Chiefly because the matching scores separated the leading terms only narrowly, and the image is soft or poorly exposed, limiting what can be assigned.",1.1
290ee2a7f6524687a0002e19d2603b31,1.JPG,0.5534,0.5263,0.5721,0.6,0.2357,2,5,True,True,True,Chiefly because the generated description does not corroborate the assigned terms.,1.1
0d9b4042410445dca781cea05c7cdf07,2.JPG,0.5646,0.596,0.5903,0.4,0.3862,3,5,True,True,True,Chiefly because the matching scores separated the leading terms only narrowly.,1.1
691780a248134d1b916a61fae09854d4,20121121-DSC_0811 FK.jpg,0.3721,0.3436,0.4866,0.2,0.0,4,5,True,True,False,"Chiefly because the image is soft or poorly exposed, limiting what can be assigned.",1.1
c3dc9084a7514358bb3a23cd5f076823,3.JPG,0.5899,0.6587,0.573,0.4,0.4107,3,5,True,True,True,Chiefly because the matching scores separated the leading terms only narrowly.,1.1
398fb094f24146bb876878d9129f7ef0,4.JPG,0.5352,0.5381,0.589,0.4,0.3491,3,5,True,True,False,"Chiefly because the image is soft or poorly exposed, limiting what can be assigned.",1.1
3c6658dbdef74f44ad756853d969f616,a Calire IMG_1633.JPG,0.4253,0.3969,0.4767,0.4,0.3526,3,5,True,True,False,"Chiefly because the image is soft or poorly exposed, limiting what can be assigned.",1.1
7b796890b01f4f54b7c5094e6f728f4b,a Cat IMG_5756.JPG,0.4283,0.4619,0.3923,0.4,0.2907,3,5,True,True,False,Chiefly because the matching scores separated the leading terms only narrowly.,1.1
0dcc113bb9894cafa41d29126f2cb237,a Cat IMG_5781 50_.jpg,0.566,0.603,0.5842,0.4,0.5196,3,5,True,True,True,Chiefly because the matching scores separated the leading terms only narrowly.,1.1
0c31f599c87641e1a962325b5f153779,a Cat IMG_5781 50_1.jpg,0.566,0.603,0.5842,0.4,0.5196,3,5,True,True,True,Chiefly because the matching scores separated the leading terms only narrowly.,1.1
6a17700cbe6e45a999b714feaf2cd23d,a Cat IMG_7551-Optimized.JPG,0.4421,0.6428,0.0021,0.8,0.0792,1,5,True,True,False,"Chiefly because the generated description does not corroborate the assigned terms, and the matching scores separated the leading terms only narrowly.",1.1
2b3343b1c3dd44cc82441c9ce4cba9a8,a Cat IMG_7551-Optimized1.JPG,0.4421,0.6428,0.0021,0.8,0.0792,1,5,True,True,False,"Chiefly because the generated description does not corroborate the assigned terms, and the matching scores separated the leading terms only narrowly.",1.1
f9a1edbad1e543b2ab909263ca139272,a Cat IMG_7551.JPG,0.513,0.7529,0.1329,0.6,0.0,2,5,True,True,False,Chiefly because the matching scores separated the leading terms only narrowly.,1.1
d5b3b6e72ef240d2b67d20e0c6875932,a Cat IMG_8594.JPG,0.6291,0.5837,0.6208,0.8,0.448,1,5,True,True,True,"Chiefly because the generated description does not corroborate the assigned terms, and the image is soft or poorly exposed, limiting what can be assigned.",1.1
6d1a3d12ed354dd4b3fc300eb274e006,a Cat IMG_9332.JPG,0.611,0.5795,0.5749,0.8,0.5808,1,5,True,True,True,Chiefly because the generated description does not corroborate the assigned terms.,1.1
ac59967393f14b44b0e7762d9dc0b5bd,a Cat IMG_93321.JPG,0.611,0.5795,0.5749,0.8,0.5808,1,5,True,True,True,Chiefly because the generated description does not corroborate the assigned terms.,1.1
2011f41035bf469b8b8bf897772855f3,a Cat IMG_9758.JPG,0.5214,0.5417,0.5443,0.4,0.3336,3,5,True,True,False,"Chiefly because the image is soft or poorly exposed, limiting what can be assigned.",1.1
64f974fec5bf4d6ea0d90cdc510bebd8,a Cat IMG_97581.JPG,0.5214,0.5417,0.5443,0.4,0.3336,3,5,True,True,False,"Chiefly because the image is soft or poorly exposed, limiting what can be assigned.",1.1
68980e4bef1f4fa59ade9beaa8df12e6,a Claire DSC07803.JPG,0.6398,0.6873,0.5034,0.8,0.4049,1,5,True,True,True,"Chiefly because the generated description does not corroborate the assigned terms, and the matching scores separated the leading terms only narrowly.",1.1
dc0263dbabf84d39a2327cedea5f1649,a Claire DSC078031.JPG,0.6398,0.6873,0.5034,0.8,0.4049,1,5,True,True,True,"Chiefly because the generated description does not corroborate the assigned terms, and the matching scores separated the leading terms only narrowly.",1.1
422413b8635b4d308048710323097fe7,a Claire IMG_1985.JPG,0.5239,0.5273,0.5721,0.4,0.353,3,5,True,True,False,"Chiefly because the image is soft or poorly exposed, limiting what can be assigned.",1.1
c8b1cb903d0c472ba95480b92b577a03,a Claire IMG_19851.JPG,0.5239,0.5273,0.5721,0.4,0.353,3,5,True,True,False,"Chiefly because the image is soft or poorly exposed, limiting what can be assigned.",1.1
9936e3985e34471ba7987b561bfaa6c4,a Claire IMG_3388.JPG,0.6427,0.727,0.5406,0.6,0.2958,2,5,True,True,True,Chiefly because the matching scores separated the leading terms only narrowly.,1.1
0a0bf0db4f2f40958f9ce96289943fcf,a Claire IMG_6340.JPG,0.5793,0.6302,0.5835,0.4,0.2318,3,5,True,True,True,Chiefly because the matching scores separated the leading terms only narrowly.,1.1
e42817e49bfe4ffcb55c193ecf12a0d6,a Claire IMG_6407.JPG,0.5512,0.5481,0.5346,0.6,0.2957,2,5,True,True,True,Chiefly because the generated description does not corroborate the assigned terms.,1.1
04cdaa9b68f3485099e4e7deb3558f2a,a Claire IMG_64071.JPG,0.5512,0.5481,0.5346,0.6,0.2957,2,5,True,True,True,Chiefly because the generated description does not corroborate the assigned terms.,1.1
e7ee8dbf72f34f60a037f78fdbd32620,a Michael DSC_1154.JPG,0.5452,0.6594,0.4442,0.4,0.2303,3,5,True,True,False,Chiefly because the matching scores separated the leading terms only narrowly.,1.1
cdc6394fec224630b2b0226c36f0d1ba,a Michael DSC_11541.JPG,0.5452,0.6594,0.4442,0.4,0.2303,3,5,True,True,False,Chiefly because the matching scores separated the leading terms only narrowly.,1.1
35f51946cae4483baebd308ea6a440a2,a Michael DSC_1736.JPG,0.5358,0.4875,0.5773,0.6,0.6328,2,5,True,True,False,Chiefly because the image differs markedly from those used to establish the terms.,1.1
be8df24a5da7419a844d898ea3a81e42,a RACHEL MORGAN - Ylva P1010042.JPG,0.7273,0.8197,0.6498,0.6,0.4086,2,5,True,True,True,"Chiefly because the matching scores separated the leading terms only narrowly, and the image is soft or poorly exposed, limiting what can be assigned.",1.1
b153ce4940594799ad366fa4fa0185e1,a RACHEL MORGAN - Ylva P10100421.JPG,0.7273,0.8197,0.6498,0.6,0.4086,2,5,True,True,True,"Chiefly because the matching scores separated the leading terms only narrowly, and the image is soft or poorly exposed, limiting what can be assigned.",1.1
5c5acd171ee1418bb7487a94f4c040c8,A true Antarctic scene. Kristine Hannon.jpg,0.5723,0.4996,0.6643,0.6,0.3952,2,5,True,True,True,"Chiefly because the image is soft or poorly exposed, limiting what can be assigned.",1.1
9eacbf82a69f45429ebcd780f1f7fe14,a Ylva P1000662.jpg,0.5383,0.475,0.6023,0.6,0.2596,2,5,True,True,False,"Chiefly because the image is soft or poorly exposed, limiting what can be assigned.",1.1
35c936cdcf964e769ca2aaa9a12d59c3,a Ylva P10006621.jpg,0.5383,0.475,0.6023,0.6,0.2596,2,5,True,True,False,"Chiefly because the image is soft or poorly exposed, limiting what can be assigned.",1.1
ebad67c27d0949dbabd75533424dcd8d,aa Cat IMG_7551.JPG,0.513,0.7529,0.1329,0.6,0.0,2,5,True,True,False,Chiefly because the matching scores separated the leading terms only narrowly.,1.1
af3b15f8c850480ab4d14fe5e18245c7,Ad Chart scan 3.jpg,0.5645,0.681,0.383,0.6,0.5977,2,5,True,True,True,Chiefly because the matching scores separated the leading terms only narrowly.,1.1
4891273fa36e42a097c52aedddc153d9,BaseASign.JPG,0.5714,0.6295,0.5619,0.4,0.3903,3,5,True,True,True,Chiefly because the matching scores separated the leading terms only narrowly.,1.1
713cd234062044f0be4f5c8ef2d0b113,BHPorch2.JPG,0.7813,0.8161,0.6379,1.0,0.3444,0,5,True,True,True,"Chiefly because the generated description does not corroborate the assigned terms, and the matching scores separated the leading terms only narrowly.",1.1
a92c0ab3fff64a8483328326e794f717,BitumenBoatShedDSC02535.JPG,0.553,0.6007,0.5504,0.4,0.0,3,5,True,True,True,Chiefly because the matching scores separated the leading terms only narrowly.,1.1
56c5c8b73fc94515b90379c2450d872b,Bransfield House 2011 Ylva Grams P1000662.jpg,0.5383,0.475,0.6023,0.6,0.2596,2,5,True,True,False,"Chiefly because the image is soft or poorly exposed, limiting what can be assigned.",1.1
2a79e9471bbd4373b02b1c9285fe2fca,BRANSFIELD HOUSE Ylva P1010793.JPG,0.6999,0.8119,0.5828,0.6,0.1631,2,5,True,True,True,Chiefly because the matching scores separated the leading terms only narrowly.,1.1
a1828b58133b4e708ffd98a2bd21c05b,BRANSFIELD HOUSE Ylva P10107931.JPG,0.6999,0.8119,0.5828,0.6,0.1631,2,5,True,True,True,Chiefly because the matching scores separated the leading terms only narrowly.,1.1
0e88c26acfa94f5cb5d25f87a7ce589b,"Bransfield House, Kristine Hannon (1).jpg",0.5429,0.6248,0.4015,0.6,0.0,2,5,True,True,False,Chiefly because the matching scores separated the leading terms only narrowly.,1.1
8d2315282b59419fa98e9d6686c77c8c,Cat IMG_0846.JPG,0.6236,0.669,0.4831,0.8,0.3008,1,5,True,True,True,"Chiefly because the generated description does not corroborate the assigned terms, and the matching scores separated the leading terms only narrowly.",1.1
a2c7623ec61747ea96bc445d9bab973d,CAT TOTTY - Claire DSC06438.JPG,0.6292,0.7335,0.4926,0.6,0.6325,2,5,True,True,True,"Chiefly because the matching scores separated the leading terms only narrowly, and the image differs markedly from those used to establish the terms.",1.1
51440607350e468a9763f5fac3ed05c8,CAT TOTTY - Rachel P1040162.jpg,0.4807,0.5756,0.2084,0.8,0.0,1,5,True,True,False,Chiefly because the generated description does not corroborate the assigned terms.,1.1
23b9c09ca4b64f89adfd98f5f018f2c9,CAT TOTTY P1000953 Ylva.JPG,0.6786,0.8006,0.6236,0.4,0.5168,3,5,True,True,True,"Chiefly because the matching scores separated the leading terms only narrowly, and the image is soft or poorly exposed, limiting what can be assigned.",1.1
a3875068447a49a4a9a3d22b3a60726f,CAT TOTTY Rachel P1040161.JPG,0.5592,0.7544,0.2628,0.6,0.0,2,5,True,True,True,Chiefly because the matching scores separated the leading terms only narrowly.,1.1
105abf9e4ec94535b0305223fb6ee80b,Claire IMG_1633.JPG,0.4253,0.3969,0.4767,0.4,0.3526,3,5,True,True,False,"Chiefly because the image is soft or poorly exposed, limiting what can be assigned.",1.1
a77366b5ca774b44956bb5d7c42f6fba,DSC_0025.JPG,0.5819,0.5091,0.6782,0.6,0.3244,2,5,True,True,True,"Chiefly because the image is soft or poorly exposed, limiting what can be assigned.",1.1
c537ca89d91d48ffbac85e8e8e356cb4,DSC_0029.JPG,0.5124,0.5125,0.5605,0.4,0.21,3,5,True,True,False,"Chiefly because the image is soft or poorly exposed, limiting what can be assigned.",1.1
c970201b11d54c9bbedfc868e865c0b0,DSC_0033.JPG,0.5109,0.5369,0.5212,0.4,0.268,3,5,True,True,False,Chiefly because the matching scores separated the leading terms only narrowly.,1.1
4c48874c67db4cbe99aff47e8ea8ff4d,DSC_0037.JPG,0.5824,0.6675,0.4533,0.6,0.3436,2,5,True,True,True,Chiefly because the matching scores separated the leading terms only narrowly.,1.1
b614b896f295488f9b9dea2c965e7ad3,DSC_0039.JPG,0.6041,0.6152,0.59,0.6,0.4284,2,5,True,True,True,Chiefly because the matching scores separated the leading terms only narrowly.,1.1
ddce0d2903344b2cb53a81510901dad7,DSC_0040.JPG,0.5909,0.6555,0.5805,0.4,0.3234,3,5,True,True,True,Chiefly because the matching scores separated the leading terms only narrowly.,1.1
cb538d18489340b8bf961e21209ea3fe,DSC_0046.JPG,0.5755,0.5479,0.6044,0.6,0.2857,2,5,True,True,True,"Chiefly because the image is soft or poorly exposed, limiting what can be assigned.",1.1
274f30a856e34cee831b3c20671c026f,DSC_0047.JPG,0.6343,0.6705,0.5974,0.6,0.363,2,5,True,True,True,Chiefly because the matching scores separated the leading terms only narrowly.,1.1
bc1ed5eadf9149faa3fec1fdcbf7c80f,DSC_0057.JPG,0.6577,0.6568,0.5979,0.8,0.2861,1,5,True,True,True,"Chiefly because the generated description does not corroborate the assigned terms, and the matching scores separated the leading terms only narrowly.",1.1
6557de2ab38e4106a156b39ea09a4c29,DSC_0058.JPG,0.4597,0.4571,0.4891,0.4,0.2662,3,5,True,True,False,"Chiefly because the image is soft or poorly exposed, limiting what can be assigned.",1.1
3ab27e7db58b40e1a3931ce956b49763,DSC_0061.JPG,0.4916,0.4335,0.6139,0.4,0.4539,3,5,True,True,False,"Chiefly because the image is soft or poorly exposed, limiting what can be assigned.",1.1
dc919019afd5465a928d317433bed109,DSC_00611.JPG,0.4916,0.4335,0.6139,0.4,0.4539,3,5,True,True,False,"Chiefly because the image is soft or poorly exposed, limiting what can be assigned.",1.1
07d1cf8063a84413bb6c393744d849e2,DSC_0066 TJOM.JPG,0.4747,0.4138,0.5937,0.4,0.3944,3,5,True,True,False,"Chiefly because the image is soft or poorly exposed, limiting what can be assigned.",1.1
4e600aa8e49a40be84cb8955791d060f,DSC_0068 - TJOM.JPG,0.5899,0.6587,0.573,0.4,0.4107,3,5,True,True,True,Chiefly because the matching scores separated the leading terms only narrowly.,1.1
21ec390204c8468b90007cf61f02ac65,DSC_0069 TJOM.JPG,0.5902,0.6355,0.6069,0.4,0.3969,3,5,True,True,True,"Chiefly because the matching scores separated the leading terms only narrowly, and the image is soft or poorly exposed, limiting what can be assigned.",1.1
e8dd40e5d8a743a896bbb556b24de9e7,DSC_0069.JPG,0.4245,0.3723,0.5954,0.2,0.4331,4,5,True,True,False,"Chiefly because the image is soft or poorly exposed, limiting what can be assigned.",1.1
2aaa6f2d3f544073aa1656b5b5dfd1b6,DSC_00691.jpg,0.3346,0.3252,0.4058,0.2,0.4638,4,5,True,True,False,The assigned terms are well supported across all measures.,1.1
4cc5ca2824d84a9393168d95b564f88b,DSC_0070 TJOM.JPG,0.481,0.4087,0.6191,0.4,0.3671,3,5,True,True,False,"Chiefly because the image is soft or poorly exposed, limiting what can be assigned.",1.1
08116c83cc1d41739cad6439b718618d,DSC_0071 TJOM.JPG,0.5371,0.5112,0.6329,0.4,0.3773,3,5,True,True,False,"Chiefly because the image is soft or poorly exposed, limiting what can be assigned.",1.1
5a5d4e1c45b24eeb86f7148f00bec715,DSC_0072 TJOM.JPG,0.5646,0.596,0.5903,0.4,0.3862,3,5,True,True,True,Chiefly because the matching scores separated the leading terms only narrowly.,1.1
5aa1dfe7c9e043b7b2aeb556d12f21a5,DSC_0079 TJOM.JPG,0.6093,0.6216,0.5958,0.6,0.4113,2,5,True,True,True,Chiefly because the matching scores separated the leading terms only narrowly.,1.1
27c7dac3b31741f28d046ba4adfc4675,DSC_0081.JPG,0.681,0.6785,0.6336,0.8,0.2857,1,5,True,True,True,"Chiefly because the generated description does not corroborate the assigned terms, and the matching scores separated the leading terms only narrowly.",1.1
a86cf7ea4c004a0080a7d6aecf48f1d2,DSC_0083.JPG,0.581,0.5671,0.5927,0.6,0.1769,2,5,True,True,True,Chiefly because the generated description does not corroborate the assigned terms.,1.1
58f346471e60437da7c21f0565fde2b5,DSC_0086.JPG,0.6485,0.7185,0.5693,0.6,0.2892,2,5,True,True,True,Chiefly because the matching scores separated the leading terms only narrowly.,1.1
c6ac1b4fa07e4ef69c5126866fdb0dc2,DSC_0089 TJOM.JPG,0.6076,0.5866,0.6408,0.6,0.4735,2,5,True,True,True,"Chiefly because the image is soft or poorly exposed, limiting what can be assigned.",1.1
1f39536099a745d39c111aedc7c1c306,DSC_0089.JPG,0.5322,0.5292,0.5931,0.4,0.1643,3,5,True,True,False,"Chiefly because the image is soft or poorly exposed, limiting what can be assigned.",1.1
bc57d1cbe82344cf901456702a5cee2c,DSC_0101 TJOM.JPG,0.4833,0.3887,0.654,0.4,0.448,3,5,True,True,False,"Chiefly because the image is soft or poorly exposed, limiting what can be assigned.",1.1
0ec9f31a27e74d8a9a8b79d69acd0ebc,DSC_0104.JPG,0.554,0.5228,0.579,0.6,0.3716,2,5,True,True,True,Chiefly because the generated description does not corroborate the assigned terms.,1.1
cdee63d2e1c845b68a69e226a735ceba,DSC_0107 TJOM.JPG,0.5352,0.5381,0.589,0.4,0.3491,3,5,True,True,False,"Chiefly because the image is soft or poorly exposed, limiting what can be assigned.",1.1
cf1d1da28df7486b9cacd2e1df6c87f7,DSC_0108 TJOM.JPG,0.5508,0.5525,0.6129,0.4,0.3273,3,5,True,True,True,"Chiefly because the image is soft or poorly exposed, limiting what can be assigned.",1.1
957422616d414dbbaa096d62a1bf91cb,DSC_0112.JPG,0.5672,0.5569,0.5679,0.6,0.2839,2,5,True,True,True,Chiefly because the generated description does not corroborate the assigned terms.,1.1
022f811537ff406aa759d952c3d9b58a,DSC_0115.JPG,0.4926,0.5704,0.3355,0.6,0.2232,2,5,True,True,False,Chiefly because the generated description does not corroborate the assigned terms.,1.1
76cff383a7124cfe814b76bc60856f9f,DSC_0116.JPG,0.5396,0.5905,0.6124,0.2,0.341,4,5,True,True,False,"Chiefly because the image is soft or poorly exposed, limiting what can be assigned.",1.1
63ae3c6981b44135aace7fa0ba39e2b7,DSC_0120.JPG,0.6099,0.6297,0.5001,0.8,0.2191,1,5,True,True,True,"Chiefly because the generated description does not corroborate the assigned terms, and the matching scores separated the leading terms only narrowly.",1.1
0ae4034974fa4d55bfc8c359d8ec6432,DSC_0142.JPG,0.4632,0.334,0.6748,0.4,0.429,3,5,True,True,False,"Chiefly because the image is soft or poorly exposed, limiting what can be assigned.",1.1
e83b5cd81afc404fa2e124eaf013f2df,DSC_0146 (2).JPG,0.6827,0.7348,0.6437,0.6,0.4885,2,5,True,True,True,"Chiefly because the matching scores separated the leading terms only narrowly, and the image is soft or poorly exposed, limiting what can be assigned.",1.1
72aa87c3f63742d78c053e4d75aadc08,DSC_0146.JPG,0.6035,0.6084,0.598,0.6,0.3364,2,5,True,True,True,Chiefly because the matching scores separated the leading terms only narrowly.,1.1
36a4d5a730fa4062bec35bbfa85e94fb,DSC_0154.JPG,0.4734,0.3987,0.6116,0.4,0.3445,3,5,True,True,False,"Chiefly because the image is soft or poorly exposed, limiting what can be assigned.",1.1
ad884fbf685f4c6a87abb1a378e3a4c9,DSC_0161.JPG,0.4363,0.3709,0.5453,0.4,0.2908,3,5,True,True,False,"Chiefly because the image is soft or poorly exposed, limiting what can be assigned.",1.1
4e2b8ae25ca940229069ee43a9ee0f74,DSC_0166.JPG,0.6053,0.6964,0.5631,0.4,0.1714,3,5,True,True,True,Chiefly because the matching scores separated the leading terms only narrowly.,1.1
1415d411fb0e4d0a963e1289a42c2f8b,DSC_0175.JPG,0.6449,0.7206,0.5559,0.6,0.172,2,5,True,True,True,Chiefly because the matching scores separated the leading terms only narrowly.,1.1
2ecfe46aaff24c7ab7275cfdc528f0ef,DSC_0177.JPG,0.549,0.613,0.5213,0.4,0.214,3,5,True,True,False,Chiefly because the matching scores separated the leading terms only narrowly.,1.1
8be5246fdbce4034a7106c0df7f40207,DSC_0180.JPG,0.5485,0.4111,0.637,0.8,0.3484,1,5,True,True,False,"Chiefly because the generated description does not corroborate the assigned terms, and the image is soft or poorly exposed, limiting what can be assigned.",1.1
b9475b270fa94ea4ba8841e106273a19,DSC_0181.JPG,0.7213,0.8055,0.5673,0.8,0.3789,1,5,True,True,True,"Chiefly because the matching scores separated the leading terms only narrowly, and the generated description does not corroborate the assigned terms.",1.1
524699292acc4894b537d66c11e34314,DSC_0188.JPG,0.5757,0.586,0.5505,0.6,0.4075,2,5,True,True,True,Chiefly because the generated description does not corroborate the assigned terms.,1.1
4b09be349dbb4f3187f8471939441c15,DSC_0195.JPG,0.5337,0.4336,0.6484,0.6,0.2653,2,5,True,True,False,"Chiefly because the image is soft or poorly exposed, limiting what can be assigned.",1.1
5c3f5a96bcff41a98be867c687d3e8cc,DSC_01951.JPG,0.5337,0.4336,0.6484,0.6,0.2653,2,5,True,True,False,"Chiefly because the image is soft or poorly exposed, limiting what can be assigned.",1.1
17891f9dac614c78a81d42d11b4b146a,DSC_0198.JPG,0.5059,0.5086,0.633,0.2,0.3251,4,5,True,True,False,"Chiefly because the image is soft or poorly exposed, limiting what can be assigned.",1.1
bc12df45c3d444bbb31fc1ea41fa505b,DSC_0199.JPG,0.498,0.3806,0.6221,0.6,0.3676,2,5,True,True,False,"Chiefly because the image is soft or poorly exposed, limiting what can be assigned.",1.1
14bcd986c00f47408ef82437fcbaa02f,DSC_0200.JPG,0.4882,0.4928,0.6051,0.2,0.3634,4,5,True,True,False,"Chiefly because the image is soft or poorly exposed, limiting what can be assigned.",1.1
fc73a5d7dc154390adf112383d1140a6,DSC_0201.JPG,0.5174,0.5481,0.6096,0.2,0.4146,4,5,True,True,False,"Chiefly because the image is soft or poorly exposed, limiting what can be assigned.",1.1
70a313eb98fa4b7cb1a87182d1eabd2a,DSC_02011.JPG,0.5174,0.5481,0.6096,0.2,0.4146,4,5,True,True,False,"Chiefly because the image is soft or poorly exposed, limiting what can be assigned.",1.1
d772519f39664e2698132d7afb6bcda1,DSC_0202.JPG,0.6067,0.6896,0.5768,0.4,0.4763,3,5,True,True,True,Chiefly because the matching scores separated the leading terms only narrowly.,1.1
55775e1c76954d9facf7bc301d5bf2fe,DSC_0203.JPG,0.6012,0.6307,0.6452,0.4,0.3734,3,5,True,True,True,"Chiefly because the image is soft or poorly exposed, limiting what can be assigned, and the matching scores separated the leading terms only narrowly.",1.1
bfa4ff7e5e0842678c721f5c446890cf,DSC_0204.JPG,0.5152,0.4867,0.6052,0.4,0.4532,3,5,True,True,False,"Chiefly because the image is soft or poorly exposed, limiting what can be assigned.",1.1
8bd8faf2cb0b4e1d8c097251ff016255,DSC_0205.JPG,0.5947,0.6683,0.5729,0.4,0.4328,3,5,True,True,True,Chiefly because the matching scores separated the leading terms only narrowly.,1.1
2d05defe9837465cb93fc137b5f247cd,DSC_0206.JPG,0.4961,0.4915,0.6296,0.2,0.4374,4,5,True,True,False,"Chiefly because the image is soft or poorly exposed, limiting what can be assigned.",1.1
82c8ad6396484a5fb5524ec404c41db2,DSC_0207.JPG,0.6764,0.7316,0.6302,0.6,0.4417,2,5,True,True,True,"Chiefly because the matching scores separated the leading terms only narrowly, and the image is soft or poorly exposed, limiting what can be assigned.",1.1
d402a7fdaa4d410ca8dcf7b05ee4e3da,DSC_0215.JPG,0.5152,0.3582,0.6175,0.8,0.5077,1,5,True,True,False,"Chiefly because the generated description does not corroborate the assigned terms, and the image is soft or poorly exposed, limiting what can be assigned.",1.1
ffbd097048ad4e0d973bbd5679a8a4f1,DSC_0216.JPG,0.4854,0.4045,0.6375,0.4,0.3641,3,5,True,True,False,"Chiefly because the image is soft or poorly exposed, limiting what can be assigned.",1.1
76fa910f747347eebe1028a4237fc134,DSC_02161.JPG,0.4854,0.4045,0.6375,0.4,0.3641,3,5,True,True,False,"Chiefly because the image is soft or poorly exposed, limiting what can be assigned.",1.1
8aac4aa6f1bc495cac4cc2220f99877b,DSC_0217.JPG,0.458,0.3815,0.5921,0.4,0.32,3,5,True,True,False,"Chiefly because the image is soft or poorly exposed, limiting what can be assigned.",1.1
4cd15640dc33493291c257c1b40f5b39,DSC_0219.JPG,0.5181,0.5001,0.5943,0.4,0.3801,3,5,True,True,False,"Chiefly because the image is soft or poorly exposed, limiting what can be assigned.",1.1
4cd2813904a34c21a6f6e91987143752,DSC_0221.JPG,0.5597,0.5104,0.613,0.6,0.2243,2,5,True,True,True,"Chiefly because the image is soft or poorly exposed, limiting what can be assigned.",1.1
e8b8fa120ead40fba27ac782e45c00bc,DSC_0222.JPG,0.4854,0.4738,0.5386,0.4,0.346,3,5,True,True,False,"Chiefly because the image is soft or poorly exposed, limiting what can be assigned.",1.1
58d06755f7784c34a410412d9e4a7bff,DSC_0227.JPG,0.6519,0.7138,0.5856,0.6,0.3768,2,5,True,True,True,Chiefly because the matching scores separated the leading terms only narrowly.,1.1
c18eeff7b43f49e89612f168900fc0f1,DSC_0228.JPG,0.6249,0.6754,0.5634,0.6,0.3762,2,5,True,True,True,Chiefly because the matching scores separated the leading terms only narrowly.,1.1
2e98d8895d364b3691a2dfee21e06ba1,DSC_0229.JPG,0.5107,0.4301,0.5877,0.6,0.358,2,5,True,True,False,Chiefly because the generated description does not corroborate the assigned terms.,1.1
9c5e196a3ea4490982831e2fac01af4f,DSC_0230.JPG,0.5333,0.4669,0.5996,0.6,0.4653,2,5,True,True,False,Chiefly because the generated description does not corroborate the assigned terms.,1.1
d1b0a83e9eb14cc784afaeed21e07f13,DSC_02301.JPG,0.5333,0.4669,0.5996,0.6,0.4653,2,5,True,True,False,Chiefly because the generated description does not corroborate the assigned terms.,1.1
5e31922e757f41ea90690ba641cf4a46,DSC_0231.JPG,0.5495,0.5353,0.6338,0.4,0.288,3,5,True,True,False,"Chiefly because the image is soft or poorly exposed, limiting what can be assigned.",1.1
5fa88dd0dc1b4c3d8562cebe98198a1b,DSC_02311.JPG,0.5495,0.5353,0.6338,0.4,0.288,3,5,True,True,False,"Chiefly because the image is soft or poorly exposed, limiting what can be assigned.",1.1
149a6653ce834aee8d0aaed609e7a0bb,DSC_0232.JPG,0.567,0.5429,0.5873,0.6,0.3691,2,5,True,True,True,Chiefly because the generated description does not corroborate the assigned terms.,1.1
4208711e249c4eb9b751e593a3873cd0,DSC_0233.JPG,0.5548,0.5164,0.5903,0.6,0.367,2,5,True,True,True,Chiefly because the generated description does not corroborate the assigned terms.,1.1
82561399a008447f87df899be5ccdcc0,DSC_0234.JPG,0.6235,0.5997,0.5819,0.8,0.3953,1,5,True,True,True,Chiefly because the generated description does not corroborate the assigned terms.,1.1
891a5db0faff44338be3b2bd39433a69,DSC_0235.JPG,0.4424,0.374,0.5582,0.4,0.432,3,5,True,True,False,"Chiefly because the image is soft or poorly exposed, limiting what can be assigned.",1.1
b0942d5de55a4e4296901016438dfda0,DSC_0236.JPG,0.5931,0.5554,0.644,0.6,0.0,2,5,True,True,True,"Chiefly because the image is soft or poorly exposed, limiting what can be assigned.",1.1
9815d52175204ff78a3eac54a91b2779,DSC_0237.JPG,0.5521,0.5307,0.6479,0.4,0.3711,3,5,True,True,True,"Chiefly because the image is soft or poorly exposed, limiting what can be assigned.",1.1
94c4973e3e574e17b4972dfe5a368ef1,DSC_0238.JPG,0.4473,0.4488,0.5511,0.2,0.3158,4,5,True,True,False,"Chiefly because the image is soft or poorly exposed, limiting what can be assigned.",1.1
93bd5e2b7d524acebedd9e1bc8ba69f8,DSC_02381.JPG,0.4473,0.4488,0.5511,0.2,0.3158,4,5,True,True,False,"Chiefly because the image is soft or poorly exposed, limiting what can be assigned.",1.1
51709d0b549940239f79cddbbfb393b5,DSC_0239.JPG,0.4713,0.4398,0.5468,0.4,0.3971,3,5,True,True,False,"Chiefly because the image is soft or poorly exposed, limiting what can be assigned.",1.1
a97c8b0b759e45abb37cb7437c61dc9d,DSC_02391.JPG,0.4713,0.4398,0.5468,0.4,0.3971,3,5,True,True,False,"Chiefly because the image is soft or poorly exposed, limiting what can be assigned.",1.1
5dfafc201dfb4e889f78e4b8791b04fa,DSC_0240.JPG,0.4496,0.3223,0.5669,0.6,0.4082,2,5,True,True,False,Chiefly because the generated description does not corroborate the assigned terms.,1.1
d9f2a58d8f8b4c4dbcf49caa5dff9c22,DSC_0242.JPG,0.4355,0.4164,0.5637,0.2,0.415,4,5,True,True,False,"Chiefly because the image is soft or poorly exposed, limiting what can be assigned.",1.1
508c858e822e4db7b3b2bf252fc508f5,DSC_0247.JPG,0.5563,0.4281,0.635,0.8,0.0,1,5,True,True,True,"Chiefly because the generated description does not corroborate the assigned terms, and the image is soft or poorly exposed, limiting what can be assigned.",1.1
a8601a517bea44658c16a47721c46c27,DSC_02471.JPG,0.5563,0.4281,0.635,0.8,0.0,1,5,True,True,True,"Chiefly because the generated description does not corroborate the assigned terms, and the image is soft or poorly exposed, limiting what can be assigned.",1.1
c418e39313364be694842866fc92f33e,DSC_0249.JPG,0.5437,0.557,0.5862,0.4,0.1874,3,5,True,True,False,"Chiefly because the image is soft or poorly exposed, limiting what can be assigned.",1.1
901f76f9fee945caab4294d1bd374a70,DSC_0255.JPG.jpg,0.5074,0.4814,0.5907,0.4,0.1047,3,5,True,True,False,"Chiefly because the image is soft or poorly exposed, limiting what can be assigned.",1.1
997714dd907449738f305f5597332a2a,DSC_0281.JPG,0.499,0.4326,0.6363,0.4,0.0,3,5,True,True,False,"Chiefly because the image is soft or poorly exposed, limiting what can be assigned.",1.1
1b38352a71ce4414bcf6b99b6d4f3a4f,DSC_0282 TJOM.JPG,0.5604,0.5761,0.6068,0.4,0.3243,3,5,True,True,True,"Chiefly because the image is soft or poorly exposed, limiting what can be assigned.",1.1
d927234ad7eb4b23ab556e51ceafb490,DSC_0294.JPG,0.503,0.4674,0.598,0.4,0.3893,3,5,True,True,False,"Chiefly because the image is soft or poorly exposed, limiting what can be assigned.",1.1
b1ea2928876f4858bbe85c3745fab9a3,DSC_0463.JPG,0.5547,0.5024,0.61,0.6,0.1506,2,5,True,True,True,"Chiefly because the image is soft or poorly exposed, limiting what can be assigned.",1.1
4a6316fe0027477484ca4c650c92d480,DSC_0539.JPG,0.4821,0.4309,0.5903,0.4,0.0,3,5,True,True,False,"Chiefly because the image is soft or poorly exposed, limiting what can be assigned.",1.1
61bee1542abb4b208d8450f67cfa8355,DSC_0582.JPG,0.5265,0.5267,0.5804,0.4,0.4703,3,5,True,True,False,"Chiefly because the image is soft or poorly exposed, limiting what can be assigned.",1.1
e12f13b48ed540c3b16d1895c5d97de4,DSC_0591.JPG,0.5571,0.5112,0.6042,0.6,0.209,2,5,True,True,True,"Chiefly because the image is soft or poorly exposed, limiting what can be assigned.",1.1
8ae8c99458e54e0aa745bc5003e7c7dd,DSC_0641.JPG,0.6298,0.6672,0.5035,0.8,0.4907,1,5,True,True,True,"Chiefly because the generated description does not corroborate the assigned terms, and the matching scores separated the leading terms only narrowly.",1.1
7c49bb2beceb40fa9a21fb63ae364515,DSC_0728.JPG,0.6009,0.6167,0.5788,0.6,0.3614,2,5,True,True,True,Chiefly because the matching scores separated the leading terms only narrowly.,1.1
9e0691a0fba94a69b17f7cab14b90d41,DSC_0735.JPG,0.4998,0.4495,0.6145,0.4,0.2116,3,5,True,True,False,"Chiefly because the image is soft or poorly exposed, limiting what can be assigned.",1.1
467b16579622462cb93dd20ecbc170ec,IMG_1633.JPG,0.4253,0.3969,0.4767,0.4,0.3526,3,5,True,True,False,"Chiefly because the image is soft or poorly exposed, limiting what can be assigned.",1.1
